order_item_id,order_id,product_id,quantity,revenue,discount,cost
ITEM0000001,ORD000001,PROD00242,1,3411.54,199.46,2347.15
ITEM0000002,ORD000001,PROD00465,1,12266.62,961.38,9921.0
ITEM0000003,ORD000001,PROD00137,1,13732.59,1724.41,13602.16
ITEM0000004,ORD000002,PROD00189,1,1234.14,92.86,862.55
ITEM0000005,ORD000003,PROD00011,3,130869.33,12599.67,126252.72
ITEM0000006,ORD000004,PROD00209,2,3281.28,8.72,2138.5
ITEM0000007,ORD000004,PROD00350,1,9692.31,186.69,7409.25
ITEM0000008,ORD000004,PROD00471,2,19321.07,1658.93,15735.0
ITEM0000009,ORD000005,PROD00141,1,7298.16,671.84,7013.6
ITEM0000010,ORD000005,PROD00418,1,9400.72,757.28,7618.5
ITEM0000011,ORD000005,PROD00271,1,3732.31,143.69,2519.4
ITEM0000012,ORD000006,PROD00170,1,2360.87,114.13,1608.75
ITEM0000013,ORD000007,PROD00489,1,17710.29,519.71,13672.5
ITEM0000014,ORD000008,PROD00428,1,9180.35,735.65,7437.0
ITEM0000015,ORD000009,PROD00433,1,9532.63,338.37,7403.25
ITEM0000016,ORD000009,PROD00223,1,4576.2,383.8,3224.0
ITEM0000017,ORD000010,PROD00443,1,20540.55,648.45,15891.75
ITEM0000018,ORD000010,PROD00035,1,50391.39,6707.61,50247.12
ITEM0000019,ORD000010,PROD00332,1,8490.3,279.7,6577.5
ITEM0000020,ORD000010,PROD00229,1,4084.09,104.91,2722.85
ITEM0000021,ORD000011,PROD00422,1,23502.7,673.3,18132.0
ITEM0000022,ORD000012,PROD00490,2,30125.42,160.58,22714.5
ITEM0000023,ORD000012,PROD00350,1,9419.5,459.5,7409.25
ITEM0000024,ORD000013,PROD00146,1,10593.51,565.49,9819.92
ITEM0000025,ORD000014,PROD00439,1,2654.37,294.63,2211.75
ITEM0000026,ORD000015,PROD00358,2,35210.31,1045.69,27192.0
ITEM0000027,ORD000016,PROD00161,1,58124.06,7781.94,57997.28
ITEM0000028,ORD000016,PROD00366,2,40733.08,3988.92,33541.5
ITEM0000029,ORD000016,PROD00180,1,3305.62,57.38,2185.95
ITEM0000030,ORD000017,PROD00441,1,15989.7,827.3,12612.75
ITEM0000031,ORD000018,PROD00213,2,6508.84,203.16,4362.8
ITEM0000032,ORD000019,PROD00175,1,1439.86,89.14,993.85
ITEM0000033,ORD000019,PROD00266,3,3283.71,235.29,2287.35
ITEM0000034,ORD000019,PROD00287,2,3779.54,314.46,2661.1
ITEM0000035,ORD000020,PROD00143,2,32338.1,5281.9,33105.6
ITEM0000036,ORD000020,PROD00038,1,31444.42,2978.58,30292.24
ITEM0000037,ORD000021,PROD00132,1,17819.44,2132.56,17557.76
ITEM0000038,ORD000022,PROD00124,1,30626.53,2899.47,29502.88
ITEM0000039,ORD000023,PROD00448,1,5175.62,549.38,4293.75
ITEM0000040,ORD000023,PROD00471,2,19573.26,1406.74,15735.0
ITEM0000041,ORD000024,PROD00095,3,177193.75,19768.25,173326.56
ITEM0000042,ORD000024,PROD00124,3,92135.97,8442.03,88508.64
ITEM0000043,ORD000024,PROD00255,2,3384.68,209.32,2336.1
ITEM0000044,ORD000025,PROD00324,1,2725.14,53.86,1806.35
ITEM0000045,ORD000026,PROD00373,1,13079.74,1181.26,10695.75
ITEM0000046,ORD000027,PROD00293,3,1692.78,8.22,1105.65
ITEM0000047,ORD000028,PROD00278,1,3005.84,236.16,2107.3
ITEM0000048,ORD000029,PROD00332,3,25101.39,1208.61,19732.5
ITEM0000049,ORD000030,PROD00069,1,27303.23,4.77,24031.04
ITEM0000050,ORD000030,PROD00056,1,31296.48,3571.52,30683.84
ITEM0000051,ORD000031,PROD00432,3,17848.79,835.21,14013.0
ITEM0000052,ORD000032,PROD00324,1,2616.0,163.0,1806.35
ITEM0000053,ORD000033,PROD00116,1,61643.52,8412.48,61649.28
ITEM0000054,ORD000033,PROD00085,1,45312.49,5369.51,44600.16
ITEM0000055,ORD000034,PROD00259,1,3649.53,207.47,2507.05
ITEM0000056,ORD000034,PROD00139,1,45490.61,3622.39,43219.44
ITEM0000057,ORD000035,PROD00091,1,26995.94,1485.06,25063.28
ITEM0000058,ORD000036,PROD00416,1,1184.28,54.72,929.25
ITEM0000059,ORD000036,PROD00175,1,1480.66,48.34,993.85
ITEM0000060,ORD000037,PROD00258,1,3310.75,287.25,2338.7
ITEM0000061,ORD000038,PROD00100,1,72837.4,1475.6,65395.44
ITEM0000062,ORD000038,PROD00158,1,69153.32,1983.68,62600.56
ITEM0000063,ORD000039,PROD00030,1,14394.27,2089.73,14505.92
ITEM0000064,ORD000040,PROD00488,1,13522.32,13.68,10152.0
ITEM0000065,ORD000040,PROD00475,2,40950.85,3363.15,33235.5
ITEM0000066,ORD000040,PROD00191,3,4354.1,166.9,2938.65
ITEM0000067,ORD000040,PROD00227,1,3431.7,72.3,2277.6
ITEM0000068,ORD000041,PROD00222,1,3067.48,167.52,2102.75
ITEM0000069,ORD000041,PROD00264,1,1887.64,62.36,1267.5
ITEM0000070,ORD000042,PROD00103,1,58128.02,6096.98,56518.0
ITEM0000071,ORD000043,PROD00431,2,15758.08,337.92,12072.0
ITEM0000072,ORD000044,PROD00100,1,71893.0,2420.0,65395.44
ITEM0000073,ORD000044,PROD00070,1,42662.69,978.31,38404.08
ITEM0000074,ORD000044,PROD00253,2,8012.72,473.28,5515.9
ITEM0000075,ORD000045,PROD00072,2,72514.85,10081.15,72684.48
ITEM0000076,ORD000045,PROD00459,1,9214.24,165.76,7035.0
ITEM0000077,ORD000045,PROD00403,1,3035.21,186.79,2416.5
ITEM0000078,ORD000046,PROD00423,1,21963.47,1650.53,17710.5
ITEM0000079,ORD000047,PROD00073,1,69721.48,2727.52,63755.12
ITEM0000080,ORD000048,PROD00102,1,25644.87,3935.13,26030.4
ITEM0000081,ORD000049,PROD00108,1,70257.42,4094.58,65429.76
ITEM0000082,ORD000050,PROD00250,2,8535.99,188.01,5670.6
ITEM0000083,ORD000050,PROD00457,1,5887.91,60.09,4461.0
ITEM0000084,ORD000050,PROD00281,1,3635.77,219.23,2505.75
ITEM0000085,ORD000050,PROD00321,1,1802.5,115.5,1246.7
ITEM0000086,ORD000051,PROD00338,1,5030.65,8.35,3779.25
ITEM0000087,ORD000052,PROD00183,1,3728.16,265.84,2596.1
ITEM0000088,ORD000052,PROD00158,1,67213.98,3923.02,62600.56
ITEM0000089,ORD000053,PROD00343,1,21392.53,637.47,16522.5
ITEM0000090,ORD000054,PROD00102,3,75851.07,12888.93,78091.2
ITEM0000091,ORD000054,PROD00332,1,8305.79,464.21,6577.5
ITEM0000092,ORD000055,PROD00285,1,1421.45,97.55,987.35
ITEM0000093,ORD000056,PROD00240,2,2738.39,155.61,1881.1
ITEM0000094,ORD000056,PROD00468,2,20102.57,1461.43,16173.0
ITEM0000095,ORD000057,PROD00305,1,2589.62,126.38,1765.4
ITEM0000096,ORD000057,PROD00262,1,2345.97,196.03,1652.3
ITEM0000097,ORD000058,PROD00016,1,67806.53,4283.47,63439.2
ITEM0000098,ORD000058,PROD00066,1,63388.45,10039.55,64616.64
ITEM0000099,ORD000059,PROD00207,1,3540.64,64.36,2343.25
ITEM0000100,ORD000060,PROD00425,1,21991.19,1600.81,17694.0
ITEM0000101,ORD000061,PROD00316,1,4290.61,266.39,2962.05
ITEM0000102,ORD000062,PROD00196,1,1569.08,41.92,1047.15
ITEM0000103,ORD000062,PROD00087,1,20273.43,1295.57,18980.72
ITEM0000104,ORD000063,PROD00213,1,3193.91,162.09,2181.4
ITEM0000105,ORD000064,PROD00285,1,1484.25,34.75,987.35
ITEM0000106,ORD000064,PROD00289,1,478.23,31.77,331.5
ITEM0000107,ORD000064,PROD00179,1,3032.1,48.9,2002.65
ITEM0000108,ORD000064,PROD00165,1,19922.26,1662.74,18994.8
ITEM0000109,ORD000065,PROD00009,1,40094.01,4977.99,39663.36
ITEM0000110,ORD000066,PROD00114,1,30139.62,1875.38,28173.2
ITEM0000111,ORD000066,PROD00350,1,9676.59,202.41,7409.25
ITEM0000112,ORD000066,PROD00381,1,24053.41,455.59,18381.75
ITEM0000113,ORD000066,PROD00086,2,141800.5,4487.5,128733.44
ITEM0000114,ORD000067,PROD00034,1,24765.19,1544.81,23152.8
ITEM0000115,ORD000068,PROD00155,1,50768.09,3208.91,47499.76
ITEM0000116,ORD000068,PROD00281,3,11543.81,21.19,7517.25
ITEM0000117,ORD000069,PROD00159,1,66807.62,8769.38,66507.76
ITEM0000118,ORD000069,PROD00156,1,15288.8,1432.2,14714.48
ITEM0000119,ORD000069,PROD00474,1,22159.74,1577.26,17802.75
ITEM0000120,ORD000070,PROD00047,3,31448.28,4257.72,31421.28
ITEM0000121,ORD000070,PROD00248,1,4432.12,229.88,3030.3
ITEM0000122,ORD000071,PROD00150,2,138725.9,18146.1,138047.36
ITEM0000123,ORD000072,PROD00008,1,56210.58,7138.42,55747.12
ITEM0000124,ORD000073,PROD00428,1,9426.39,489.61,7437.0
ITEM0000125,ORD000073,PROD00154,1,29074.56,4893.44,29891.84
ITEM0000126,ORD000074,PROD00382,1,1162.2,113.8,957.0
ITEM0000127,ORD000075,PROD00338,1,4818.93,220.07,3779.25
ITEM0000128,ORD000076,PROD00410,2,45797.37,3660.63,37093.5
ITEM0000129,ORD000077,PROD00258,1,3469.89,128.11,2338.7
ITEM0000130,ORD000078,PROD00261,1,3253.25,56.75,2151.5
ITEM0000131,ORD000079,PROD00123,1,25155.48,3728.52,25417.92
ITEM0000132,ORD000080,PROD00411,1,21782.55,593.45,16782.0
ITEM0000133,ORD000080,PROD00312,1,635.05,41.95,440.05
ITEM0000134,ORD000080,PROD00488,1,13196.06,339.94,10152.0
ITEM0000135,ORD000081,PROD00420,1,1585.53,58.47,1233.0
ITEM0000136,ORD000082,PROD00267,1,3533.74,60.26,2336.1
ITEM0000137,ORD000083,PROD00001,2,113054.2,10923.8,109100.64
ITEM0000138,ORD000084,PROD00236,1,4163.54,328.46,2919.8
ITEM0000139,ORD000085,PROD00096,1,71788.58,3834.42,66548.24
ITEM0000140,ORD000085,PROD00091,3,82396.02,3046.98,75189.84
ITEM0000141,ORD000086,PROD00283,1,816.78,34.22,553.15
ITEM0000142,ORD000086,PROD00404,2,44622.85,315.15,33703.5
ITEM0000143,ORD000087,PROD00063,1,15602.51,536.49,14202.32
ITEM0000144,ORD000087,PROD00161,1,64610.73,1295.27,57997.28
ITEM0000145,ORD000088,PROD00052,1,71245.86,3519.14,65793.2
ITEM0000146,ORD000088,PROD00418,1,9379.47,778.53,7618.5
ITEM0000147,ORD000089,PROD00099,1,44144.31,76.69,38914.48
ITEM0000148,ORD000090,PROD00416,2,2454.54,23.46,1858.5
ITEM0000149,ORD000090,PROD00182,1,2311.27,181.73,1620.45
ITEM0000150,ORD000091,PROD00307,1,1360.6,89.4,942.5
ITEM0000151,ORD000091,PROD00152,1,52157.87,8280.13,53185.44
ITEM0000152,ORD000092,PROD00173,1,2399.7,136.3,1648.4
ITEM0000153,ORD000092,PROD00062,1,15923.03,1554.97,15380.64
ITEM0000154,ORD000093,PROD00257,1,3746.09,208.91,2570.75
ITEM0000155,ORD000094,PROD00313,2,7375.77,370.23,5034.9
ITEM0000156,ORD000095,PROD00465,1,12194.35,1033.65,9921.0
ITEM0000157,ORD000096,PROD00052,1,73826.0,939.0,65793.2
ITEM0000158,ORD000097,PROD00391,1,13884.6,849.4,11050.5
ITEM0000159,ORD000098,PROD00022,1,44375.84,7317.16,45489.84
ITEM0000160,ORD000099,PROD00254,1,709.63,20.37,474.5
ITEM0000161,ORD000099,PROD00186,1,4675.8,174.2,3152.5
ITEM0000162,ORD000100,PROD00471,2,20599.61,380.39,15735.0
ITEM0000163,ORD000100,PROD00459,1,8464.2,915.8,7035.0
ITEM0000164,ORD000101,PROD00199,1,3992.02,283.98,2779.4
ITEM0000165,ORD000102,PROD00087,1,20172.55,1396.45,18980.72
ITEM0000166,ORD000102,PROD00057,2,14308.46,137.54,12712.48
ITEM0000167,ORD000103,PROD00364,1,16019.83,377.17,12297.75
ITEM0000168,ORD000104,PROD00031,1,61870.9,5937.1,59671.04
ITEM0000169,ORD000104,PROD00094,1,55570.3,7245.7,55278.08
ITEM0000170,ORD000105,PROD00114,1,28832.31,3182.69,28173.2
ITEM0000171,ORD000105,PROD00059,1,32695.12,2968.88,31384.32
ITEM0000172,ORD000105,PROD00405,1,6121.46,461.54,4937.25
ITEM0000173,ORD000106,PROD00361,1,16188.19,979.81,12876.0
ITEM0000174,ORD000106,PROD00199,1,4088.69,187.31,2779.4
ITEM0000175,ORD000107,PROD00034,1,26116.81,193.19,23152.8
ITEM0000176,ORD000108,PROD00403,1,3188.74,33.26,2416.5
ITEM0000177,ORD000109,PROD00383,1,19978.24,847.76,15619.5
ITEM0000178,ORD000110,PROD00256,2,9720.24,203.76,6450.6
ITEM0000179,ORD000111,PROD00289,1,486.91,23.09,331.5
ITEM0000180,ORD000111,PROD00167,1,619.5,43.5,430.95
ITEM0000181,ORD000112,PROD00425,2,47020.12,163.88,35388.0
ITEM0000182,ORD000112,PROD00466,2,6627.07,492.93,5340.0
ITEM0000183,ORD000113,PROD00113,1,36582.17,3265.83,35066.24
ITEM0000184,ORD000113,PROD00351,2,46425.94,2814.06,36930.0
ITEM0000185,ORD000114,PROD00041,1,20613.39,2284.61,20150.24
ITEM0000186,ORD000115,PROD00227,2,6907.57,100.43,4555.2
ITEM0000187,ORD000116,PROD00233,1,3482.91,177.09,2379.0
ITEM0000188,ORD000116,PROD00208,2,7096.6,489.4,4930.9
ITEM0000189,ORD000117,PROD00254,1,672.74,57.26,474.5
ITEM0000190,ORD000118,PROD00193,1,2689.55,131.45,1833.65
ITEM0000191,ORD000118,PROD00456,1,14953.84,1599.16,12414.75
ITEM0000192,ORD000119,PROD00491,1,3928.54,322.46,3188.25
ITEM0000193,ORD000119,PROD00199,1,4013.03,262.97,2779.4
ITEM0000194,ORD000120,PROD00306,1,4121.98,91.02,2738.45
ITEM0000195,ORD000121,PROD00403,1,3012.42,209.58,2416.5
ITEM0000196,ORD000121,PROD00346,1,18632.94,715.06,14511.0
ITEM0000197,ORD000122,PROD00152,1,59867.72,570.28,53185.44
ITEM0000198,ORD000123,PROD00045,1,37725.02,1613.98,34618.32
ITEM0000199,ORD000123,PROD00368,3,51513.77,1814.23,39996.0
ITEM0000200,ORD000123,PROD00481,1,4198.15,336.85,3401.25
ITEM0000201,ORD000123,PROD00076,2,130000.59,13.41,114412.32
ITEM0000202,ORD000124,PROD00308,1,4762.51,69.49,3140.8
ITEM0000203,ORD000124,PROD00200,1,2043.08,148.92,1424.8
ITEM0000204,ORD000124,PROD00450,1,18542.25,282.75,14118.75
ITEM0000205,ORD000125,PROD00102,1,29051.88,528.12,26030.4
ITEM0000206,ORD000125,PROD00393,1,6451.47,652.53,5328.0
ITEM0000207,ORD000125,PROD00045,1,35724.02,3614.98,34618.32
ITEM0000208,ORD000126,PROD00077,1,47818.84,5770.16,47158.32
ITEM0000209,ORD000127,PROD00139,1,43630.73,5482.27,43219.44
ITEM0000210,ORD000127,PROD00470,1,6517.76,561.24,5309.25
ITEM0000211,ORD000128,PROD00442,2,46201.73,2628.27,36622.5
ITEM0000212,ORD000128,PROD00016,1,66553.56,5536.44,63439.2
ITEM0000213,ORD000129,PROD00432,2,11855.98,600.02,9342.0
ITEM0000214,ORD000129,PROD00326,1,4169.97,51.03,2743.65
ITEM0000215,ORD000129,PROD00239,2,6655.88,24.12,4342.0
ITEM0000216,ORD000130,PROD00076,1,58934.94,6072.06,57206.16
ITEM0000217,ORD000130,PROD00117,1,23301.92,2653.08,22840.4
ITEM0000218,ORD000130,PROD00048,1,8693.33,106.67,7744.0
ITEM0000219,ORD000131,PROD00291,1,4205.68,311.32,2936.05
ITEM0000220,ORD000132,PROD00396,1,12846.51,1125.49,10479.0
ITEM0000221,ORD000133,PROD00232,1,3012.39,225.61,2104.7
ITEM0000222,ORD000133,PROD00145,2,124386.26,8299.74,116763.68
ITEM0000223,ORD000134,PROD00074,1,64464.94,8260.06,63998.0
ITEM0000224,ORD000135,PROD00383,1,20155.55,670.45,15619.5
ITEM0000225,ORD000135,PROD00096,1,74856.09,766.91,66548.24
ITEM0000226,ORD000136,PROD00284,1,3544.89,13.11,2312.7
ITEM0000227,ORD000137,PROD00270,1,1021.92,40.08,690.3
ITEM0000228,ORD000137,PROD00096,1,72651.06,2971.94,66548.24
ITEM0000229,ORD000138,PROD00023,1,55767.38,4918.62,53403.68
ITEM0000230,ORD000139,PROD00229,1,3966.1,222.9,2722.85
ITEM0000231,ORD000140,PROD00432,2,11563.18,892.82,9342.0
ITEM0000232,ORD000141,PROD00398,1,12255.69,169.31,9318.75
ITEM0000233,ORD000142,PROD00365,2,30246.4,797.6,23283.0
ITEM0000234,ORD000142,PROD00461,3,42050.66,945.34,32247.0
ITEM0000235,ORD000143,PROD00143,2,35614.07,2005.93,33105.6
ITEM0000236,ORD000144,PROD00181,1,1381.73,111.27,970.45
ITEM0000237,ORD000144,PROD00363,1,17840.04,1128.96,14226.75
ITEM0000238,ORD000144,PROD00237,1,1945.51,77.49,1314.95
ITEM0000239,ORD000145,PROD00420,2,3029.73,258.27,2466.0
ITEM0000240,ORD000145,PROD00125,2,17340.94,439.06,15646.4
ITEM0000241,ORD000146,PROD00385,1,19709.18,1694.82,16053.0
ITEM0000242,ORD000146,PROD00024,1,64709.43,2990.57,59576.0
ITEM0000243,ORD000147,PROD00359,2,5811.19,448.81,4695.0
ITEM0000244,ORD000147,PROD00183,1,3759.58,234.42,2596.1
ITEM0000245,ORD000148,PROD00207,1,3400.08,204.92,2343.25
ITEM0000246,ORD000149,PROD00303,1,2609.82,46.18,1726.4
ITEM0000247,ORD000149,PROD00079,1,23602.46,3770.54,24088.24
ITEM0000248,ORD000149,PROD00256,1,4767.08,194.92,3225.3
ITEM0000249,ORD000150,PROD00110,1,38075.88,1355.12,34699.28
ITEM0000250,ORD000150,PROD00061,1,25411.07,1047.93,23283.92
ITEM0000251,ORD000150,PROD00083,1,41725.12,6343.88,42300.72
ITEM0000252,ORD000151,PROD00375,2,30678.24,2443.76,24841.5
ITEM0000253,ORD000152,PROD00159,1,67380.03,8196.97,66507.76
ITEM0000254,ORD000153,PROD00198,1,2059.32,178.68,1454.7
ITEM0000255,ORD000154,PROD00194,3,9445.59,106.41,6208.8
ITEM0000256,ORD000155,PROD00404,1,21258.45,1210.55,16851.75
ITEM0000257,ORD000156,PROD00213,3,9935.08,132.92,6544.2
ITEM0000258,ORD000156,PROD00443,1,20634.72,554.28,15891.75
ITEM0000259,ORD000157,PROD00307,1,1448.71,1.29,942.5
ITEM0000260,ORD000157,PROD00106,1,6080.23,804.77,6058.8
ITEM0000261,ORD000158,PROD00340,1,9070.88,641.12,7284.0
ITEM0000262,ORD000158,PROD00390,1,19929.16,1940.84,16402.5
ITEM0000263,ORD000158,PROD00019,1,61403.01,10689.99,63441.84
ITEM0000264,ORD000158,PROD00461,1,14041.94,290.06,10749.0
ITEM0000265,ORD000159,PROD00416,1,1167.35,71.65,929.25
ITEM0000266,ORD000160,PROD00159,3,199579.82,27151.18,199523.28
ITEM0000267,ORD000161,PROD00015,2,121172.8,15345.2,120135.84
ITEM0000268,ORD000162,PROD00010,1,52179.78,6375.22,51528.4
ITEM0000269,ORD000162,PROD00158,1,67122.05,4014.95,62600.56
ITEM0000270,ORD000163,PROD00373,1,13762.42,498.58,10695.75
ITEM0000271,ORD000164,PROD00364,2,32246.6,547.4,24595.5
ITEM0000272,ORD000164,PROD00191,1,1446.76,60.24,979.55
ITEM0000273,ORD000164,PROD00294,1,2466.71,196.29,1730.95
ITEM0000274,ORD000165,PROD00202,1,1054.83,15.17,695.5
ITEM0000275,ORD000165,PROD00173,1,2449.23,86.77,1648.4
ITEM0000276,ORD000166,PROD00404,1,22307.44,161.56,16851.75
ITEM0000277,ORD000167,PROD00038,1,30424.27,3998.73,30292.24
ITEM0000278,ORD000167,PROD00300,3,4790.98,9.02,3120.0
ITEM0000279,ORD000168,PROD00403,2,6320.28,123.72,4833.0
ITEM0000280,ORD000168,PROD00252,1,1985.93,2.07,1292.2
ITEM0000281,ORD000169,PROD00017,1,11164.92,388.08,10166.64
ITEM0000282,ORD000169,PROD00049,1,9385.47,454.53,8659.2
ITEM0000283,ORD000170,PROD00212,3,6558.09,272.91,4440.15
ITEM0000284,ORD000171,PROD00007,1,18295.79,2724.21,18497.6
ITEM0000285,ORD000172,PROD00398,2,22804.06,2045.94,18637.5
ITEM0000286,ORD000173,PROD00410,1,22365.6,2363.4,18546.75
ITEM0000287,ORD000173,PROD00338,1,4582.6,456.4,3779.25
ITEM0000288,ORD000174,PROD00314,1,834.97,32.03,563.55
ITEM0000289,ORD000174,PROD00481,1,4329.98,205.02,3401.25
ITEM0000290,ORD000175,PROD00411,1,21942.64,433.36,16782.0
ITEM0000291,ORD000176,PROD00187,1,3042.28,144.72,2071.55
ITEM0000292,ORD000176,PROD00261,1,3268.1,41.9,2151.5
ITEM0000293,ORD000177,PROD00341,2,13919.34,960.66,11160.0
ITEM0000294,ORD000178,PROD00394,1,18842.59,13.41,14142.0
ITEM0000295,ORD000178,PROD00449,1,9739.74,338.26,7558.5
ITEM0000296,ORD000179,PROD00256,1,4641.11,320.89,3225.3
ITEM0000297,ORD000180,PROD00218,1,3255.0,138.0,2205.45
ITEM0000298,ORD000180,PROD00261,1,3080.29,229.71,2151.5
ITEM0000299,ORD000181,PROD00176,1,4314.68,70.32,2850.25
ITEM0000300,ORD000181,PROD00345,1,18390.53,723.47,14335.5
ITEM0000301,ORD000182,PROD00151,1,54386.42,6348.58,53446.8
ITEM0000302,ORD000182,PROD00425,1,21573.95,2018.05,17694.0
ITEM0000303,ORD000183,PROD00103,1,59477.54,4747.46,56518.0
ITEM0000304,ORD000183,PROD00077,1,47142.86,6446.14,47158.32
ITEM0000305,ORD000183,PROD00251,2,8537.65,426.35,5826.6
ITEM0000306,ORD000184,PROD00228,1,2801.95,89.05,1879.15
ITEM0000307,ORD000184,PROD00336,1,5131.12,317.88,4086.75
ITEM0000308,ORD000185,PROD00432,2,12158.78,297.22,9342.0
ITEM0000309,ORD000185,PROD00322,2,8610.26,673.74,6034.6
ITEM0000310,ORD000186,PROD00130,1,59696.77,2242.23,54506.32
ITEM0000311,ORD000186,PROD00013,1,43600.76,4316.24,42166.96
ITEM0000312,ORD000187,PROD00269,1,2417.27,182.73,1690.0
ITEM0000313,ORD000187,PROD00313,1,3792.84,80.16,2517.45
ITEM0000314,ORD000188,PROD00144,1,54412.96,8952.04,55761.2
ITEM0000315,ORD000189,PROD00273,1,752.44,33.56,510.9
ITEM0000316,ORD000189,PROD00111,2,87801.87,8372.13,84633.12
ITEM0000317,ORD000190,PROD00195,3,2871.16,125.84,1948.05
ITEM0000318,ORD000190,PROD00156,1,16027.0,694.0,14714.48
ITEM0000319,ORD000191,PROD00412,1,12222.41,445.59,9501.0
ITEM0000320,ORD000191,PROD00449,1,9688.66,389.34,7558.5
ITEM0000321,ORD000192,PROD00161,2,114422.71,17389.29,115994.56
ITEM0000322,ORD000192,PROD00053,1,71612.55,6014.45,68311.76
ITEM0000323,ORD000192,PROD00024,2,126220.78,9179.22,119152.0
ITEM0000324,ORD000193,PROD00240,1,1397.57,49.43,940.55
ITEM0000325,ORD000194,PROD00443,1,20726.21,462.79,15891.75
ITEM0000326,ORD000194,PROD00222,2,6399.35,70.65,4205.5
ITEM0000327,ORD000194,PROD00382,1,1171.08,104.92,957.0
ITEM0000328,ORD000195,PROD00076,1,55695.46,9311.54,57206.16
ITEM0000329,ORD000195,PROD00401,1,2106.31,187.69,1720.5
ITEM0000330,ORD000196,PROD00251,1,4193.65,288.35,2913.3
ITEM0000331,ORD000196,PROD00224,1,2915.84,219.16,2037.75
ITEM0000332,ORD000197,PROD00304,1,2504.28,118.72,1704.95
ITEM0000333,ORD000197,PROD00452,1,1822.37,99.63,1441.5
ITEM0000334,ORD000198,PROD00135,2,129575.39,9316.61,122224.96
ITEM0000335,ORD000198,PROD00129,1,47775.6,2013.4,43814.32
ITEM0000336,ORD000198,PROD00111,2,88555.51,7618.49,84633.12
ITEM0000337,ORD000199,PROD00343,1,20617.16,1412.84,16522.5
ITEM0000338,ORD000200,PROD00372,1,7603.29,423.71,6020.25
ITEM0000339,ORD000201,PROD00326,2,8076.12,365.88,5487.3
ITEM0000340,ORD000201,PROD00434,2,23849.38,2478.62,19746.0
ITEM0000341,ORD000202,PROD00442,1,24146.95,268.05,18311.25
ITEM0000342,ORD000203,PROD00302,3,3708.51,308.49,2611.05
ITEM0000343,ORD000203,PROD00267,1,3382.26,211.74,2336.1
ITEM0000344,ORD000204,PROD00229,2,8039.51,338.49,5445.7
ITEM0000345,ORD000204,PROD00005,3,128108.21,10146.79,121664.4
ITEM0000346,ORD000204,PROD00172,1,582.9,2.1,380.25
ITEM0000347,ORD000205,PROD00454,2,48519.32,1332.68,37389.0
ITEM0000348,ORD000205,PROD00016,1,61648.29,10441.71,63439.2
ITEM0000349,ORD000206,PROD00226,1,1189.18,50.82,806.0
ITEM0000350,ORD000206,PROD00272,1,1126.04,0.96,732.55
ITEM0000351,ORD000207,PROD00222,2,6128.42,341.58,4205.5
ITEM0000352,ORD000207,PROD00477,1,8005.2,5.8,6008.25
ITEM0000353,ORD000208,PROD00264,1,1948.46,1.54,1267.5
ITEM0000354,ORD000209,PROD00126,1,28681.21,3832.79,28612.32
ITEM0000355,ORD000210,PROD00220,1,952.71,41.29,646.1
ITEM0000356,ORD000211,PROD00137,2,28359.77,2554.23,27204.32
ITEM0000357,ORD000212,PROD00111,3,143532.32,728.68,126949.68
ITEM0000358,ORD000212,PROD00013,1,45245.08,2671.92,42166.96
ITEM0000359,ORD000212,PROD00103,1,57353.77,6871.23,56518.0
ITEM0000360,ORD000212,PROD00096,1,70821.03,4801.97,66548.24
ITEM0000361,ORD000213,PROD00106,2,12429.55,1340.45,12117.6
ITEM0000362,ORD000214,PROD00206,1,2180.27,3.73,1419.6
ITEM0000363,ORD000214,PROD00196,1,1496.1,114.9,1047.15
ITEM0000364,ORD000215,PROD00136,3,225852.23,998.77,199628.88
ITEM0000365,ORD000215,PROD00002,1,26520.84,2590.16,25617.68
ITEM0000366,ORD000216,PROD00412,1,12081.58,586.42,9501.0
ITEM0000367,ORD000217,PROD00312,1,671.94,5.06,440.05
ITEM0000368,ORD000218,PROD00103,1,55098.27,9126.73,56518.0
ITEM0000369,ORD000219,PROD00478,1,6111.01,536.99,4986.0
ITEM0000370,ORD000220,PROD00017,1,9975.93,1577.07,10166.64
ITEM0000371,ORD000221,PROD00363,2,36576.35,1361.65,28453.5
ITEM0000372,ORD000221,PROD00230,1,2419.26,97.74,1636.05
ITEM0000373,ORD000221,PROD00112,1,17408.88,551.12,15804.8
ITEM0000374,ORD000222,PROD00169,1,1434.93,63.07,973.7
ITEM0000375,ORD000222,PROD00327,1,2522.12,185.88,1760.2
ITEM0000376,ORD000222,PROD00349,1,12914.28,659.72,10180.5
ITEM0000377,ORD000223,PROD00224,2,5842.66,427.34,4075.5
ITEM0000378,ORD000224,PROD00095,1,59286.99,6367.01,57775.52
ITEM0000379,ORD000224,PROD00446,1,20097.91,1686.09,16338.0
ITEM0000380,ORD000225,PROD00303,1,2456.94,199.06,1726.4
ITEM0000381,ORD000225,PROD00022,1,48411.36,3281.64,45489.84
ITEM0000382,ORD000226,PROD00135,1,68369.79,1076.21,61112.48
ITEM0000383,ORD000226,PROD00380,1,8607.16,12.84,6465.0
ITEM0000384,ORD000226,PROD00257,1,3861.92,93.08,2570.75
ITEM0000385,ORD000227,PROD00433,1,9840.94,30.06,7403.25
ITEM0000386,ORD000228,PROD00149,1,23157.63,1215.37,21448.24
ITEM0000387,ORD000228,PROD00022,1,45096.92,6596.08,45489.84
ITEM0000388,ORD000229,PROD00358,1,16434.56,1693.44,13596.0
ITEM0000389,ORD000230,PROD00260,1,532.23,5.77,349.7
ITEM0000390,ORD000231,PROD00394,1,17919.51,936.49,14142.0
ITEM0000391,ORD000231,PROD00429,1,4108.22,158.78,3200.25
ITEM0000392,ORD000232,PROD00065,1,57379.78,1306.22,51643.68
ITEM0000393,ORD000232,PROD00112,1,16379.18,1580.82,15804.8
ITEM0000394,ORD000233,PROD00009,1,40267.13,4804.87,39663.36
ITEM0000395,ORD000234,PROD00281,1,3642.82,212.18,2505.75
ITEM0000396,ORD000234,PROD00427,1,21915.12,2157.88,18054.75
ITEM0000397,ORD000235,PROD00068,1,37635.52,5045.48,37559.28
ITEM0000398,ORD000235,PROD00102,1,27412.18,2167.82,26030.4
ITEM0000399,ORD000235,PROD00348,1,4299.58,162.42,3346.5
ITEM0000400,ORD000236,PROD00221,1,522.68,35.32,362.7
ITEM0000401,ORD000236,PROD00229,1,4147.47,41.53,2722.85
ITEM0000402,ORD000236,PROD00135,1,61364.48,8081.52,61112.48
ITEM0000403,ORD000237,PROD00102,2,50801.46,8358.54,52060.8
ITEM0000404,ORD000238,PROD00142,2,48621.67,5136.33,47307.04
ITEM0000405,ORD000238,PROD00053,1,73679.84,3947.16,68311.76
ITEM0000406,ORD000238,PROD00255,3,5245.92,145.08,3504.15
ITEM0000407,ORD000239,PROD00455,2,35007.55,3562.45,28927.5
ITEM0000408,ORD000240,PROD00490,1,13674.0,1469.0,11357.25
ITEM0000409,ORD000240,PROD00340,1,9032.79,679.21,7284.0
ITEM0000410,ORD000240,PROD00110,2,73957.43,4904.57,69398.56
ITEM0000411,ORD000240,PROD00105,1,60058.21,5512.79,57702.48
ITEM0000412,ORD000241,PROD00298,1,2119.2,88.8,1435.2
ITEM0000413,ORD000242,PROD00046,1,47294.9,2460.1,43784.4
ITEM0000414,ORD000243,PROD00368,1,16739.53,1036.47,13332.0
ITEM0000415,ORD000244,PROD00350,1,9811.26,67.74,7409.25
ITEM0000416,ORD000244,PROD00495,1,2636.46,9.54,1984.5
ITEM0000417,ORD000245,PROD00280,1,2933.2,20.8,1920.1
ITEM0000418,ORD000245,PROD00180,1,3150.44,212.56,2185.95
ITEM0000419,ORD000245,PROD00331,1,22720.88,1443.12,18123.0
ITEM0000420,ORD000245,PROD00348,1,4297.16,164.84,3346.5
ITEM0000421,ORD000246,PROD00017,1,11223.98,329.02,10166.64
ITEM0000422,ORD000247,PROD00222,1,3082.97,152.03,2102.75
ITEM0000423,ORD000248,PROD00279,1,4711.06,174.94,3175.9
ITEM0000424,ORD000249,PROD00273,1,767.31,18.69,510.9
ITEM0000425,ORD000249,PROD00315,3,11357.08,423.92,7657.65
ITEM0000426,ORD000250,PROD00207,1,3526.28,78.72,2343.25
ITEM0000427,ORD000250,PROD00128,2,138926.11,2873.89,124784.0
ITEM0000428,ORD000251,PROD00096,1,67196.43,8426.57,66548.24
ITEM0000429,ORD000252,PROD00418,1,9878.84,279.16,7618.5
ITEM0000430,ORD000253,PROD00392,1,1671.95,87.05,1319.25
ITEM0000431,ORD000254,PROD00168,1,1412.11,82.89,971.75
ITEM0000432,ORD000254,PROD00266,1,1095.6,77.4,762.45
ITEM0000433,ORD000255,PROD00270,1,1036.01,25.99,690.3
ITEM0000434,ORD000255,PROD00229,2,8120.61,257.39,5445.7
ITEM0000435,ORD000256,PROD00172,2,1139.09,30.91,760.5
ITEM0000436,ORD000256,PROD00128,1,67593.02,3306.98,62392.0
ITEM0000437,ORD000256,PROD00048,1,7988.13,811.87,7744.0
ITEM0000438,ORD000257,PROD00389,1,16809.29,988.71,13348.5
ITEM0000439,ORD000258,PROD00199,1,3935.29,340.71,2779.4
ITEM0000440,ORD000258,PROD00200,1,2023.88,168.12,1424.8
ITEM0000441,ORD000259,PROD00296,1,4208.9,277.1,2915.9
ITEM0000442,ORD000259,PROD00401,1,2091.89,202.11,1720.5
ITEM0000443,ORD000259,PROD00405,1,6330.4,252.6,4937.25
ITEM0000444,ORD000259,PROD00075,1,42773.15,1225.85,38719.12
ITEM0000445,ORD000260,PROD00286,1,742.73,63.27,523.9
ITEM0000446,ORD000260,PROD00397,1,5331.48,34.52,4024.5
ITEM0000447,ORD000261,PROD00494,1,7851.14,196.86,6036.0
ITEM0000448,ORD000261,PROD00168,2,2801.7,188.3,1943.5
ITEM0000449,ORD000262,PROD00346,1,18575.25,772.75,14511.0
ITEM0000450,ORD000262,PROD00398,2,22573.6,2276.4,18637.5
ITEM0000451,ORD000263,PROD00288,1,4625.81,353.19,3236.35
ITEM0000452,ORD000263,PROD00347,1,4507.42,418.58,3694.5
ITEM0000453,ORD000264,PROD00218,1,3137.67,255.33,2205.45
ITEM0000454,ORD000264,PROD00134,1,31808.17,5403.83,32746.56
ITEM0000455,ORD000265,PROD00055,1,63451.4,4422.6,59729.12
ITEM0000456,ORD000266,PROD00032,1,62194.16,829.84,55461.12
ITEM0000457,ORD000267,PROD00052,2,146450.7,3079.3,131586.4
ITEM0000458,ORD000268,PROD00271,1,3583.27,292.73,2519.4
ITEM0000459,ORD000269,PROD00121,1,16341.8,2395.2,16488.56
ITEM0000460,ORD000269,PROD00115,1,55811.83,4953.17,53473.2
ITEM0000461,ORD000270,PROD00364,2,31233.68,1560.32,24595.5
ITEM0000462,ORD000270,PROD00289,1,481.02,28.98,331.5
ITEM0000463,ORD000270,PROD00257,1,3684.73,270.27,2570.75
ITEM0000464,ORD000271,PROD00066,1,72372.97,1055.03,64616.64
ITEM0000465,ORD000271,PROD00107,1,41386.54,6626.46,42251.44
ITEM0000466,ORD000272,PROD00422,1,24083.74,92.26,18132.0
ITEM0000467,ORD000273,PROD00236,2,8424.47,559.53,5839.6
ITEM0000468,ORD000273,PROD00461,2,27000.4,1663.6,21498.0
ITEM0000469,ORD000274,PROD00434,1,13139.06,24.94,9873.0
ITEM0000470,ORD000275,PROD00411,1,20354.18,2021.82,16782.0
ITEM0000471,ORD000275,PROD00149,1,23664.69,708.31,21448.24
ITEM0000472,ORD000276,PROD00375,1,15954.4,606.6,12420.75
ITEM0000473,ORD000276,PROD00460,1,18970.54,848.46,14864.25
ITEM0000474,ORD000277,PROD00056,1,33364.31,1503.69,30683.84
ITEM0000475,ORD000277,PROD00206,2,4297.7,70.3,2839.2
ITEM0000476,ORD000277,PROD00282,1,2614.54,60.46,1738.75
ITEM0000477,ORD000278,PROD00126,1,31138.64,1375.36,28612.32
ITEM0000478,ORD000278,PROD00043,1,52829.25,1462.75,47776.96
ITEM0000479,ORD000278,PROD00313,1,3764.13,108.87,2517.45
ITEM0000480,ORD000279,PROD00464,1,6571.56,242.44,5110.5
ITEM0000481,ORD000280,PROD00167,1,655.06,7.94,430.95
ITEM0000482,ORD000281,PROD00208,1,3649.45,143.55,2465.45
ITEM0000483,ORD000282,PROD00004,3,34244.06,5367.94,34858.56
ITEM0000484,ORD000282,PROD00456,2,30068.51,3037.49,24829.5
ITEM0000485,ORD000283,PROD00002,1,24932.41,4178.59,25617.68
ITEM0000486,ORD000284,PROD00047,2,21665.82,2138.18,20947.52
ITEM0000487,ORD000284,PROD00435,2,16015.96,1724.04,13305.0
ITEM0000488,ORD000284,PROD00197,1,2764.08,187.92,1918.8
ITEM0000489,ORD000284,PROD00233,1,3592.76,67.24,2379.0
ITEM0000490,ORD000285,PROD00140,1,5773.6,714.4,5709.44
ITEM0000491,ORD000286,PROD00170,1,2387.41,87.59,1608.75
ITEM0000492,ORD000286,PROD00243,1,2843.56,33.44,1870.05
ITEM0000493,ORD000286,PROD00419,1,3004.51,167.49,2379.0
ITEM0000494,ORD000287,PROD00212,1,2134.16,142.84,1480.05
ITEM0000495,ORD000288,PROD00013,1,45727.76,2189.24,42166.96
ITEM0000496,ORD000288,PROD00074,2,131215.27,14234.73,127996.0
ITEM0000497,ORD000289,PROD00399,1,9080.41,586.59,7250.25
ITEM0000498,ORD000289,PROD00162,1,6173.03,384.97,5771.04
ITEM0000499,ORD000290,PROD00392,1,1703.47,55.53,1319.25
ITEM0000500,ORD000291,PROD00359,2,6258.19,1.81,4695.0
ITEM0000501,ORD000292,PROD00120,1,66535.84,7063.16,64767.12
ITEM0000502,ORD000292,PROD00231,1,1128.26,75.74,782.6
ITEM0000503,ORD000292,PROD00476,1,20837.21,2229.79,17300.25
ITEM0000504,ORD000293,PROD00361,1,16099.47,1068.53,12876.0
ITEM0000505,ORD000294,PROD00472,1,1375.57,82.43,1093.5
ITEM0000506,ORD000294,PROD00467,1,16478.2,774.8,12939.75
ITEM0000507,ORD000295,PROD00233,1,3550.21,109.79,2379.0
ITEM0000508,ORD000295,PROD00194,1,3159.96,24.04,2069.6
ITEM0000509,ORD000296,PROD00123,1,25844.92,3039.08,25417.92
ITEM0000510,ORD000297,PROD00043,1,48028.78,6263.22,47776.96
ITEM0000511,ORD000297,PROD00397,1,4981.0,385.0,4024.5
ITEM0000512,ORD000298,PROD00148,1,42758.25,3610.75,40804.72
ITEM0000513,ORD000298,PROD00330,1,1386.81,29.19,920.4
ITEM0000514,ORD000299,PROD00152,2,105099.63,15776.37,106370.88
ITEM0000515,ORD000300,PROD00477,1,7479.11,531.89,6008.25
ITEM0000516,ORD000300,PROD00431,2,14501.74,1594.26,12072.0
ITEM0000517,ORD000300,PROD00189,2,2652.58,1.42,1725.1
ITEM0000518,ORD000301,PROD00451,1,15565.46,691.54,12192.75
ITEM0000519,ORD000302,PROD00339,1,15818.65,41.35,11895.0
ITEM0000520,ORD000302,PROD00420,1,1490.73,153.27,1233.0
ITEM0000521,ORD000303,PROD00063,1,14898.24,1240.76,14202.32
ITEM0000522,ORD000304,PROD00454,1,23839.21,1086.79,18694.5
ITEM0000523,ORD000304,PROD00481,1,4240.52,294.48,3401.25
ITEM0000524,ORD000305,PROD00035,1,49627.39,7471.61,50247.12
ITEM0000525,ORD000305,PROD00335,3,45220.03,2377.97,35698.5
ITEM0000526,ORD000305,PROD00240,1,1427.54,19.46,940.55
ITEM0000527,ORD000306,PROD00354,2,20120.18,1871.82,16494.0
ITEM0000528,ORD000306,PROD00269,1,2582.4,17.6,1690.0
ITEM0000529,ORD000306,PROD00237,1,1947.88,75.12,1314.95
ITEM0000530,ORD000306,PROD00239,1,3204.66,135.34,2171.0
ITEM0000531,ORD000307,PROD00332,1,8125.19,644.81,6577.5
ITEM0000532,ORD000308,PROD00231,1,1111.36,92.64,782.6
ITEM0000533,ORD000308,PROD00104,1,14099.14,1641.86,13852.08
ITEM0000534,ORD000309,PROD00077,1,46633.25,6955.75,47158.32
ITEM0000535,ORD000310,PROD00123,2,51448.18,6319.82,50835.84
ITEM0000536,ORD000311,PROD00375,1,16271.67,289.33,12420.75
ITEM0000537,ORD000311,PROD00272,1,1082.28,44.72,732.55
ITEM0000538,ORD000311,PROD00401,1,2186.88,107.12,1720.5
ITEM0000539,ORD000312,PROD00243,1,2750.18,126.82,1870.05
ITEM0000540,ORD000312,PROD00097,1,13615.7,1080.3,12932.48
ITEM0000541,ORD000312,PROD00186,1,4652.28,197.72,3152.5
ITEM0000542,ORD000313,PROD00192,2,1614.56,83.44,1103.7
ITEM0000543,ORD000314,PROD00158,1,67158.55,3978.45,62600.56
ITEM0000544,ORD000314,PROD00111,1,43829.46,4257.54,42316.56
ITEM0000545,ORD000315,PROD00432,1,6103.35,124.65,4671.0
ITEM0000546,ORD000316,PROD00064,2,149089.97,2546.03,133439.68
ITEM0000547,ORD000316,PROD00077,1,50211.05,3377.95,47158.32
ITEM0000548,ORD000316,PROD00196,1,1586.62,24.38,1047.15
ITEM0000549,ORD000317,PROD00126,1,29798.38,2715.62,28612.32
ITEM0000550,ORD000317,PROD00392,1,1646.18,112.82,1319.25
ITEM0000551,ORD000318,PROD00192,1,791.74,57.26,551.85
ITEM0000552,ORD000318,PROD00119,1,50456.16,5820.84,49523.76
ITEM0000553,ORD000319,PROD00490,1,14416.05,726.95,11357.25
ITEM0000554,ORD000320,PROD00438,1,3397.73,68.27,2599.5
ITEM0000555,ORD000321,PROD00410,1,23297.17,1431.83,18546.75
ITEM0000556,ORD000322,PROD00464,1,6647.54,166.46,5110.5
ITEM0000557,ORD000322,PROD00478,1,6192.17,455.83,4986.0
ITEM0000558,ORD000323,PROD00332,1,8484.4,285.6,6577.5
ITEM0000559,ORD000324,PROD00041,1,22643.27,254.73,20150.24
ITEM0000560,ORD000324,PROD00235,1,2401.69,59.31,1599.65
ITEM0000561,ORD000325,PROD00474,1,23573.9,163.1,17802.75
ITEM0000562,ORD000326,PROD00461,1,13444.99,887.01,10749.0
ITEM0000563,ORD000326,PROD00236,1,4228.56,263.44,2919.8
ITEM0000564,ORD000327,PROD00330,3,4184.64,63.36,2761.2
ITEM0000565,ORD000327,PROD00181,1,1469.46,23.54,970.45
ITEM0000566,ORD000328,PROD00003,2,85349.21,7478.79,81688.64
ITEM0000567,ORD000329,PROD00397,2,10041.7,690.3,8049.0
ITEM0000568,ORD000330,PROD00035,1,49749.44,7349.56,50247.12
ITEM0000569,ORD000330,PROD00009,1,41062.81,4009.19,39663.36
ITEM0000570,ORD000331,PROD00077,1,45890.48,7698.52,47158.32
ITEM0000571,ORD000332,PROD00450,1,18042.52,782.48,14118.75
ITEM0000572,ORD000333,PROD00391,2,27740.52,1727.48,22101.0
ITEM0000573,ORD000333,PROD00434,1,11885.6,1278.4,9873.0
ITEM0000574,ORD000334,PROD00040,1,54137.01,2773.99,50081.68
ITEM0000575,ORD000335,PROD00203,1,3080.38,230.62,2152.15
ITEM0000576,ORD000335,PROD00028,2,105287.66,4724.34,96810.56
ITEM0000577,ORD000336,PROD00427,1,23294.64,778.36,18054.75
ITEM0000578,ORD000336,PROD00482,1,18183.33,300.67,13863.0
ITEM0000579,ORD000337,PROD00364,1,15234.13,1162.87,12297.75
ITEM0000580,ORD000337,PROD00129,1,44832.92,4956.08,43814.32
ITEM0000581,ORD000337,PROD00407,1,3783.5,1.5,2838.75
ITEM0000582,ORD000338,PROD00152,1,56948.42,3489.58,53185.44
ITEM0000583,ORD000339,PROD00427,1,23953.63,119.37,18054.75
ITEM0000584,ORD000339,PROD00475,1,21232.79,924.21,16617.75
ITEM0000585,ORD000339,PROD00133,1,15146.29,589.71,13847.68
ITEM0000586,ORD000340,PROD00296,1,4345.61,140.39,2915.9
ITEM0000587,ORD000340,PROD00397,1,5325.99,40.01,4024.5
ITEM0000588,ORD000341,PROD00468,1,10099.38,682.62,8086.5
ITEM0000589,ORD000341,PROD00088,1,68566.84,4369.16,64183.68
ITEM0000590,ORD000342,PROD00130,1,61140.97,798.03,54506.32
ITEM0000591,ORD000343,PROD00112,1,15991.17,1968.83,15804.8
ITEM0000592,ORD000343,PROD00346,1,18345.99,1002.01,14511.0
ITEM0000593,ORD000343,PROD00101,3,207127.76,20383.24,200209.68
ITEM0000594,ORD000343,PROD00223,2,9659.11,260.89,6448.0
ITEM0000595,ORD000344,PROD00225,1,3903.86,120.14,2615.6
ITEM0000596,ORD000344,PROD00332,1,8620.53,149.47,6577.5
ITEM0000597,ORD000344,PROD00314,1,844.17,22.83,563.55
ITEM0000598,ORD000345,PROD00417,2,18337.6,1260.4,14698.5
ITEM0000599,ORD000345,PROD00300,1,1563.76,36.24,1040.0
ITEM0000600,ORD000346,PROD00149,1,23581.86,791.14,21448.24
ITEM0000601,ORD000346,PROD00057,1,6830.99,392.01,6356.24
ITEM0000602,ORD000346,PROD00146,1,9650.39,1508.61,9819.92
ITEM0000603,ORD000346,PROD00004,1,12054.29,1149.71,11619.52
ITEM0000604,ORD000347,PROD00464,1,6703.42,110.58,5110.5
ITEM0000605,ORD000348,PROD00078,1,53967.78,8446.22,54924.32
ITEM0000606,ORD000349,PROD00263,1,2821.93,94.07,1895.4
ITEM0000607,ORD000349,PROD00492,1,22249.59,1279.41,17646.75
ITEM0000608,ORD000350,PROD00064,1,71432.86,4385.14,66719.84
ITEM0000609,ORD000351,PROD00468,1,9750.6,1031.4,8086.5
ITEM0000610,ORD000352,PROD00098,1,20556.7,2486.3,20277.84
ITEM0000611,ORD000353,PROD00032,1,54679.6,8344.4,55461.12
ITEM0000612,ORD000354,PROD00393,1,6418.72,685.28,5328.0
ITEM0000613,ORD000355,PROD00373,1,13004.02,1256.98,10695.75
ITEM0000614,ORD000356,PROD00245,1,3485.89,232.11,2416.7
ITEM0000615,ORD000356,PROD00427,1,23737.33,335.67,18054.75
ITEM0000616,ORD000356,PROD00042,1,33834.26,4844.74,34037.52
ITEM0000617,ORD000356,PROD00323,1,4795.87,99.13,3181.75
ITEM0000618,ORD000357,PROD00243,1,2699.14,177.86,1870.05
ITEM0000619,ORD000357,PROD00198,1,2106.99,131.01,1454.7
ITEM0000620,ORD000358,PROD00385,1,19892.71,1511.29,16053.0
ITEM0000621,ORD000358,PROD00275,2,8080.6,485.4,5567.9
ITEM0000622,ORD000359,PROD00449,2,19174.82,981.18,15117.0
ITEM0000623,ORD000359,PROD00459,1,9342.75,37.25,7035.0
ITEM0000624,ORD000360,PROD00027,1,36402.2,5194.8,36605.36
ITEM0000625,ORD000361,PROD00010,1,51494.18,7060.82,51528.4
ITEM0000626,ORD000361,PROD00353,1,6994.42,660.58,5741.25
ITEM0000627,ORD000362,PROD00177,1,2913.64,104.36,1961.7
ITEM0000628,ORD000363,PROD00273,1,772.96,13.04,510.9
ITEM0000629,ORD000364,PROD00489,1,17170.96,1059.04,13672.5
ITEM0000630,ORD000364,PROD00386,1,4606.05,86.95,3519.75
ITEM0000631,ORD000364,PROD00364,1,16227.46,169.54,12297.75
ITEM0000632,ORD000365,PROD00465,1,12340.91,887.09,9921.0
ITEM0000633,ORD000365,PROD00196,1,1503.49,107.51,1047.15
ITEM0000634,ORD000365,PROD00332,1,8395.98,374.02,6577.5
ITEM0000635,ORD000366,PROD00141,1,7692.35,277.65,7013.6
ITEM0000636,ORD000366,PROD00093,2,26764.11,1967.89,25284.16
ITEM0000637,ORD000367,PROD00297,1,3679.47,258.53,2559.7
ITEM0000638,ORD000368,PROD00042,1,37231.75,1447.25,34037.52
ITEM0000639,ORD000368,PROD00334,1,17276.73,1340.27,13962.75
ITEM0000640,ORD000369,PROD00002,1,29084.23,26.77,25617.68
ITEM0000641,ORD000369,PROD00254,1,676.34,53.66,474.5
ITEM0000642,ORD000370,PROD00314,2,1706.56,27.44,1127.1
ITEM0000643,ORD000370,PROD00406,1,8297.15,325.85,6467.25
ITEM0000644,ORD000371,PROD00122,1,15103.1,774.9,13972.64
ITEM0000645,ORD000371,PROD00280,1,2936.76,17.24,1920.1
ITEM0000646,ORD000371,PROD00479,1,14356.98,379.02,11052.0
ITEM0000647,ORD000372,PROD00461,1,13849.52,482.48,10749.0
ITEM0000648,ORD000372,PROD00190,1,4301.68,312.32,2999.1
ITEM0000649,ORD000373,PROD00180,1,3206.46,156.54,2185.95
ITEM0000650,ORD000374,PROD00361,2,34247.04,88.96,25752.0
ITEM0000651,ORD000374,PROD00474,1,23004.42,732.58,17802.75
ITEM0000652,ORD000375,PROD00118,1,69637.61,3922.39,64732.8
ITEM0000653,ORD000376,PROD00129,1,43195.17,6593.83,43814.32
ITEM0000654,ORD000376,PROD00034,2,51509.72,1110.28,46305.6
ITEM0000655,ORD000376,PROD00252,1,1921.23,66.77,1292.2
ITEM0000656,ORD000377,PROD00445,3,11448.74,1262.26,9533.25
ITEM0000657,ORD000377,PROD00492,1,21279.99,2249.01,17646.75
ITEM0000658,ORD000378,PROD00072,1,38563.98,2734.02,36342.24
ITEM0000659,ORD000379,PROD00372,1,7268.82,758.18,6020.25
ITEM0000660,ORD000379,PROD00292,1,2173.13,79.87,1464.45
ITEM0000661,ORD000379,PROD00385,1,19800.57,1603.43,16053.0
ITEM0000662,ORD000380,PROD00226,2,2396.05,83.95,1612.0
ITEM0000663,ORD000380,PROD00384,1,1337.88,70.12,1056.0
ITEM0000664,ORD000380,PROD00163,2,92483.93,986.07,82253.6
ITEM0000665,ORD000381,PROD00460,1,19497.98,321.02,14864.25
ITEM0000666,ORD000381,PROD00009,1,39552.41,5519.59,39663.36
ITEM0000667,ORD000381,PROD00274,1,1321.68,36.32,882.7
ITEM0000668,ORD000382,PROD00014,2,63815.7,5540.3,61033.28
ITEM0000669,ORD000382,PROD00121,1,18684.41,52.59,16488.56
ITEM0000670,ORD000383,PROD00048,1,7588.64,1211.36,7744.0
ITEM0000671,ORD000384,PROD00130,1,61128.43,810.57,54506.32
ITEM0000672,ORD000385,PROD00218,1,3248.33,144.67,2205.45
ITEM0000673,ORD000385,PROD00325,1,4433.76,236.24,3035.5
ITEM0000674,ORD000386,PROD00245,2,6927.95,508.05,4833.4
ITEM0000675,ORD000387,PROD00330,1,1359.86,56.14,920.4
ITEM0000676,ORD000388,PROD00023,1,60082.08,603.92,53403.68
ITEM0000677,ORD000389,PROD00034,1,25156.45,1153.55,23152.8
ITEM0000678,ORD000390,PROD00234,1,3537.91,38.09,2324.4
ITEM0000679,ORD000391,PROD00349,1,12763.91,810.09,10180.5
ITEM0000680,ORD000391,PROD00066,1,65112.05,8315.95,64616.64
ITEM0000681,ORD000392,PROD00194,1,3002.95,181.05,2069.6
ITEM0000682,ORD000392,PROD00407,2,7115.87,454.13,5677.5
ITEM0000683,ORD000393,PROD00284,2,6836.42,279.58,4625.4
ITEM0000684,ORD000393,PROD00464,1,6515.58,298.42,5110.5
ITEM0000685,ORD000393,PROD00435,1,8813.62,56.38,6652.5
ITEM0000686,ORD000394,PROD00311,1,2135.86,95.14,1450.15
ITEM0000687,ORD000395,PROD00022,1,49949.72,1743.28,45489.84
ITEM0000688,ORD000395,PROD00143,1,18480.14,329.86,16552.8
ITEM0000689,ORD000396,PROD00414,2,30184.2,2081.8,24199.5
ITEM0000690,ORD000397,PROD00276,2,6280.58,15.42,4092.4
ITEM0000691,ORD000397,PROD00285,3,4346.01,210.99,2962.05
ITEM0000692,ORD000398,PROD00321,1,1901.59,16.41,1246.7
ITEM0000693,ORD000399,PROD00099,1,39131.84,5089.16,38914.48
ITEM0000694,ORD000399,PROD00465,1,12797.71,430.29,9921.0
ITEM0000695,ORD000400,PROD00424,1,15890.56,1320.44,12908.25
ITEM0000696,ORD000400,PROD00157,1,42941.98,3094.02,40511.68
ITEM0000697,ORD000401,PROD00117,1,22655.7,3299.3,22840.4
ITEM0000698,ORD000402,PROD00240,3,4315.06,25.94,2821.65
ITEM0000699,ORD000403,PROD00029,1,66443.75,3641.25,61674.8
ITEM0000700,ORD000404,PROD00345,1,17323.08,1790.92,14335.5
ITEM0000701,ORD000404,PROD00164,2,57028.22,4129.78,53819.04
ITEM0000702,ORD000405,PROD00234,1,3299.16,276.84,2324.4
ITEM0000703,ORD000406,PROD00330,1,1333.31,82.69,920.4
ITEM0000704,ORD000407,PROD00380,1,8499.46,120.54,6465.0
ITEM0000705,ORD000407,PROD00020,1,68026.01,10966.99,69513.84
ITEM0000706,ORD000408,PROD00064,1,74616.47,1201.53,66719.84
ITEM0000707,ORD000408,PROD00401,1,2140.61,153.39,1720.5
ITEM0000708,ORD000408,PROD00089,1,19524.14,45.86,17221.6
ITEM0000709,ORD000409,PROD00160,1,7235.28,472.72,6783.04
ITEM0000710,ORD000410,PROD00492,1,21718.23,1810.77,17646.75
ITEM0000711,ORD000411,PROD00133,1,15542.06,193.94,13847.68
ITEM0000712,ORD000411,PROD00289,2,940.06,79.94,663.0
ITEM0000713,ORD000411,PROD00281,1,3711.22,143.78,2505.75
ITEM0000714,ORD000412,PROD00355,1,7594.16,229.84,5868.0
ITEM0000715,ORD000413,PROD00431,1,7707.45,340.55,6036.0
ITEM0000716,ORD000414,PROD00457,2,11087.89,808.11,8922.0
ITEM0000717,ORD000414,PROD00132,1,18039.34,1912.66,17557.76
ITEM0000718,ORD000414,PROD00308,1,4523.49,308.51,3140.8
ITEM0000719,ORD000415,PROD00320,1,1778.47,143.53,1249.3
ITEM0000720,ORD000415,PROD00305,1,2659.26,56.74,1765.4
ITEM0000721,ORD000415,PROD00450,2,37044.42,605.58,28237.5
ITEM0000722,ORD000416,PROD00476,2,45249.85,884.15,34600.5
ITEM0000723,ORD000417,PROD00070,1,41910.93,1730.07,38404.08
ITEM0000724,ORD000417,PROD00127,1,70007.69,4219.31,65319.76
ITEM0000725,ORD000418,PROD00189,1,1231.72,95.28,862.55
ITEM0000726,ORD000419,PROD00139,1,42903.58,6209.42,43219.44
ITEM0000727,ORD000420,PROD00015,1,60251.77,8007.23,60067.92
ITEM0000728,ORD000420,PROD00417,1,9426.69,372.31,7349.25
ITEM0000729,ORD000421,PROD00064,2,145771.45,5864.55,133439.68
ITEM0000730,ORD000421,PROD00038,1,33836.73,586.27,30292.24
ITEM0000731,ORD000422,PROD00195,1,966.87,32.13,649.35
ITEM0000732,ORD000422,PROD00006,1,28566.13,227.87,25338.72
ITEM0000733,ORD000422,PROD00251,1,4169.64,312.36,2913.3
ITEM0000734,ORD000422,PROD00053,1,66241.79,11385.21,68311.76
ITEM0000735,ORD000423,PROD00335,3,46434.97,1163.03,35698.5
ITEM0000736,ORD000424,PROD00070,1,42831.28,809.72,38404.08
ITEM0000737,ORD000424,PROD00162,1,5610.38,947.62,5771.04
ITEM0000738,ORD000424,PROD00397,1,4955.8,410.2,4024.5
ITEM0000739,ORD000425,PROD00212,1,2179.74,97.26,1480.05
ITEM0000740,ORD000425,PROD00406,2,16677.83,568.17,12934.5
ITEM0000741,ORD000426,PROD00275,1,4036.36,246.64,2783.95
ITEM0000742,ORD000426,PROD00079,1,27126.53,246.47,24088.24
ITEM0000743,ORD000426,PROD00206,1,2035.22,148.78,1419.6
ITEM0000744,ORD000427,PROD00094,1,60980.01,1835.99,55278.08
ITEM0000745,ORD000427,PROD00410,1,23262.17,1466.83,18546.75
ITEM0000746,ORD000428,PROD00378,1,8418.81,808.19,6920.25
ITEM0000747,ORD000428,PROD00478,1,6303.72,344.28,4986.0
ITEM0000748,ORD000429,PROD00447,1,5682.53,50.47,4299.75
ITEM0000749,ORD000429,PROD00255,1,1668.8,128.2,1168.05
ITEM0000750,ORD000429,PROD00367,2,23471.94,2064.06,19152.0
ITEM0000751,ORD000430,PROD00184,1,798.54,47.46,549.9
ITEM0000752,ORD000430,PROD00093,1,13326.43,1039.57,12642.08
ITEM0000753,ORD000431,PROD00407,1,3678.15,106.85,2838.75
ITEM0000754,ORD000431,PROD00301,1,4507.57,162.43,3035.5
ITEM0000755,ORD000431,PROD00126,1,29919.03,2594.97,28612.32
ITEM0000756,ORD000431,PROD00018,1,17934.32,372.68,16110.16
ITEM0000757,ORD000432,PROD00235,2,4606.08,315.92,3199.3
ITEM0000758,ORD000432,PROD00187,1,3035.63,151.37,2071.55
ITEM0000759,ORD000433,PROD00444,1,10719.75,423.25,8357.25
ITEM0000760,ORD000433,PROD00149,1,23862.21,510.79,21448.24
ITEM0000761,ORD000434,PROD00441,2,32442.59,1191.41,25225.5
ITEM0000762,ORD000434,PROD00185,1,948.79,34.21,638.95
ITEM0000763,ORD000434,PROD00130,1,57905.47,4033.53,54506.32
ITEM0000764,ORD000435,PROD00073,1,67355.1,5093.9,63755.12
ITEM0000765,ORD000435,PROD00432,1,6138.74,89.26,4671.0
ITEM0000766,ORD000435,PROD00324,3,8096.51,240.49,5419.05
ITEM0000767,ORD000436,PROD00104,1,15606.95,134.05,13852.08
ITEM0000768,ORD000436,PROD00064,1,75150.22,667.78,66719.84
ITEM0000769,ORD000436,PROD00352,2,3977.71,322.29,3225.0
ITEM0000770,ORD000437,PROD00325,1,4471.56,198.44,3035.5
ITEM0000771,ORD000437,PROD00306,2,7793.83,632.17,5476.9
ITEM0000772,ORD000438,PROD00219,1,2312.99,169.01,1613.3
ITEM0000773,ORD000439,PROD00173,2,4947.72,124.28,3296.8
ITEM0000774,ORD000440,PROD00432,1,5682.52,545.48,4671.0
ITEM0000775,ORD000440,PROD00234,1,3368.55,207.45,2324.4
ITEM0000776,ORD000441,PROD00373,1,14056.03,204.97,10695.75
ITEM0000777,ORD000441,PROD00442,1,23123.24,1291.76,18311.25
ITEM0000778,ORD000442,PROD00083,1,41111.08,6957.92,42300.72
ITEM0000779,ORD000443,PROD00053,1,68128.93,9498.07,68311.76
ITEM0000780,ORD000443,PROD00237,1,1898.96,124.04,1314.95
ITEM0000781,ORD000444,PROD00173,1,2515.85,20.15,1648.4
ITEM0000782,ORD000445,PROD00494,1,7293.32,754.68,6036.0
ITEM0000783,ORD000445,PROD00009,1,39631.88,5440.12,39663.36
ITEM0000784,ORD000446,PROD00150,1,71521.92,6914.08,69023.68
ITEM0000785,ORD000446,PROD00348,1,4039.76,422.24,3346.5
ITEM0000786,ORD000447,PROD00252,1,1955.19,32.81,1292.2
ITEM0000787,ORD000447,PROD00247,1,1507.67,89.33,1038.05
ITEM0000788,ORD000447,PROD00407,1,3500.36,284.64,2838.75
ITEM0000789,ORD000448,PROD00404,1,20304.36,2164.64,16851.75
ITEM0000790,ORD000448,PROD00069,1,24155.0,3153.0,24031.04
ITEM0000791,ORD000448,PROD00367,1,12666.1,101.9,9576.0
ITEM0000792,ORD000449,PROD00001,1,54953.96,7035.04,54550.32
ITEM0000793,ORD000450,PROD00489,3,51835.59,2854.41,41017.5
ITEM0000794,ORD000451,PROD00111,2,95188.94,985.06,84633.12
ITEM0000795,ORD000452,PROD00183,1,3812.58,181.42,2596.1
ITEM0000796,ORD000452,PROD00093,1,13167.63,1198.37,12642.08
ITEM0000797,ORD000453,PROD00027,1,36347.69,5249.31,36605.36
ITEM0000798,ORD000453,PROD00244,1,2344.91,171.09,1635.4
ITEM0000799,ORD000454,PROD00099,2,84791.68,3650.32,77828.96
ITEM0000800,ORD000455,PROD00351,1,22373.55,2246.45,18465.0
ITEM0000801,ORD000455,PROD00354,1,10293.46,702.54,8247.0
ITEM0000802,ORD000456,PROD00367,1,11992.35,775.65,9576.0
ITEM0000803,ORD000457,PROD00245,1,3671.41,46.59,2416.7
ITEM0000804,ORD000458,PROD00178,1,1473.44,127.56,1040.65
ITEM0000805,ORD000458,PROD00093,1,13137.2,1228.8,12642.08
ITEM0000806,ORD000459,PROD00416,1,1142.39,96.61,929.25
ITEM0000807,ORD000460,PROD00236,1,4268.82,223.18,2919.8
ITEM0000808,ORD000460,PROD00185,1,967.54,15.46,638.95
ITEM0000809,ORD000461,PROD00443,1,19907.05,1281.95,15891.75
ITEM0000810,ORD000462,PROD00144,1,61264.12,2100.88,55761.2
ITEM0000811,ORD000463,PROD00253,1,4005.17,237.83,2757.95
ITEM0000812,ORD000463,PROD00333,1,11368.06,400.94,8826.75
ITEM0000813,ORD000464,PROD00295,1,1629.39,39.61,1084.85
ITEM0000814,ORD000464,PROD00386,2,8975.14,410.86,7039.5
ITEM0000815,ORD000464,PROD00050,2,37092.1,2309.9,34673.76
ITEM0000816,ORD000464,PROD00156,1,15022.59,1698.41,14714.48
ITEM0000817,ORD000465,PROD00054,1,48672.17,928.83,43648.88
ITEM0000818,ORD000466,PROD00334,1,17191.99,1425.01,13962.75
ITEM0000819,ORD000467,PROD00465,1,13087.72,140.28,9921.0
ITEM0000820,ORD000468,PROD00310,2,5766.83,425.17,4024.8
ITEM0000821,ORD000469,PROD00386,2,8964.44,421.56,7039.5
ITEM0000822,ORD000470,PROD00345,2,36624.47,1603.53,28671.0
ITEM0000823,ORD000471,PROD00273,1,781.26,4.74,510.9
ITEM0000824,ORD000471,PROD00162,1,6504.29,53.71,5771.04
ITEM0000825,ORD000471,PROD00229,1,3874.91,314.09,2722.85
ITEM0000826,ORD000472,PROD00259,1,3784.13,72.87,2507.05
ITEM0000827,ORD000473,PROD00233,1,3638.78,21.22,2379.0
ITEM0000828,ORD000474,PROD00221,1,542.09,15.91,362.7
ITEM0000829,ORD000475,PROD00127,3,208032.83,14648.17,195959.28
ITEM0000830,ORD000476,PROD00322,1,4497.55,144.45,3017.3
ITEM0000831,ORD000477,PROD00403,1,3082.77,139.23,2416.5
ITEM0000832,ORD000477,PROD00297,1,3752.29,185.71,2559.7
ITEM0000833,ORD000478,PROD00343,1,20995.42,1034.58,16522.5
ITEM0000834,ORD000478,PROD00486,1,7054.96,250.04,5478.75
ITEM0000835,ORD000479,PROD00095,3,192403.34,4558.66,173326.56
ITEM0000836,ORD000480,PROD00338,1,4748.7,290.3,3779.25
ITEM0000837,ORD000481,PROD00157,1,40680.22,5355.78,40511.68
ITEM0000838,ORD000482,PROD00438,1,3163.65,302.35,2599.5
ITEM0000839,ORD000483,PROD00311,1,2194.32,36.68,1450.15
ITEM0000840,ORD000483,PROD00024,1,58458.53,9241.47,59576.0
ITEM0000841,ORD000484,PROD00208,1,3636.55,156.45,2465.45
ITEM0000842,ORD000484,PROD00174,1,4498.78,364.22,3160.95
ITEM0000843,ORD000484,PROD00335,1,14453.89,1412.11,11899.5
ITEM0000844,ORD000484,PROD00097,1,12802.17,1893.83,12932.48
ITEM0000845,ORD000485,PROD00378,2,17667.51,786.49,13840.5
ITEM0000846,ORD000485,PROD00256,1,4853.89,108.11,3225.3
ITEM0000847,ORD000486,PROD00447,3,15850.71,1348.29,12899.25
ITEM0000848,ORD000486,PROD00228,1,2872.65,18.35,1879.15
ITEM0000849,ORD000486,PROD00017,2,21413.94,1692.06,20333.28
ITEM0000850,ORD000487,PROD00225,1,3758.12,265.88,2615.6
ITEM0000851,ORD000487,PROD00043,2,104701.66,3882.34,95553.92
ITEM0000852,ORD000487,PROD00339,2,30265.85,1454.15,23790.0
ITEM0000853,ORD000488,PROD00363,1,18397.94,571.06,14226.75
ITEM0000854,ORD000489,PROD00224,1,3003.7,131.3,2037.75
ITEM0000855,ORD000490,PROD00141,1,7365.19,604.81,7013.6
ITEM0000856,ORD000491,PROD00376,1,14989.54,739.46,11796.75
ITEM0000857,ORD000491,PROD00310,1,2920.44,175.56,2012.4
ITEM0000858,ORD000492,PROD00105,1,59903.29,5667.71,57702.48
ITEM0000859,ORD000493,PROD00063,1,16104.39,34.61,14202.32
ITEM0000860,ORD000493,PROD00161,1,64690.79,1215.21,57997.28
ITEM0000861,ORD000493,PROD00289,2,1008.69,11.31,663.0
ITEM0000862,ORD000494,PROD00133,2,29814.5,1657.5,27695.36
ITEM0000863,ORD000495,PROD00137,1,14379.66,1077.34,13602.16
ITEM0000864,ORD000495,PROD00057,1,6799.82,423.18,6356.24
ITEM0000865,ORD000496,PROD00296,1,4450.57,35.43,2915.9
ITEM0000866,ORD000497,PROD00206,1,2067.4,116.6,1419.6
ITEM0000867,ORD000497,PROD00252,1,1858.45,129.55,1292.2
ITEM0000868,ORD000497,PROD00472,2,2677.93,238.07,2187.0
ITEM0000869,ORD000498,PROD00202,1,1039.8,30.2,695.5
ITEM0000870,ORD000499,PROD00072,1,39256.65,2041.35,36342.24
ITEM0000871,ORD000499,PROD00301,1,4600.87,69.13,3035.5
ITEM0000872,ORD000500,PROD00266,1,1160.39,12.61,762.45
ITEM0000873,ORD000501,PROD00154,1,33245.79,722.21,29891.84
ITEM0000874,ORD000502,PROD00355,1,7127.34,696.66,5868.0
ITEM0000875,ORD000503,PROD00119,1,49649.35,6627.65,49523.76
ITEM0000876,ORD000503,PROD00331,1,24014.9,149.1,18123.0
ITEM0000877,ORD000504,PROD00104,1,15160.74,580.26,13852.08
ITEM0000878,ORD000505,PROD00046,1,48337.59,1417.41,43784.4
ITEM0000879,ORD000506,PROD00460,1,19596.95,222.05,14864.25
ITEM0000880,ORD000506,PROD00041,2,43990.41,1805.59,40300.48
ITEM0000881,ORD000507,PROD00176,1,4254.67,130.33,2850.25
ITEM0000882,ORD000507,PROD00268,1,2514.4,73.6,1682.2
ITEM0000883,ORD000508,PROD00211,1,1060.15,85.85,744.9
ITEM0000884,ORD000509,PROD00038,1,31470.18,2952.82,30292.24
ITEM0000885,ORD000509,PROD00480,1,3988.64,277.36,3199.5
ITEM0000886,ORD000510,PROD00179,1,2928.77,152.23,2002.65
ITEM0000887,ORD000510,PROD00204,3,14259.04,287.96,9455.55
ITEM0000888,ORD000510,PROD00490,3,41758.86,3670.14,34071.75
ITEM0000889,ORD000511,PROD00276,1,3031.15,116.85,2046.2
ITEM0000890,ORD000511,PROD00224,1,3099.67,35.33,2037.75
ITEM0000891,ORD000511,PROD00341,2,14304.03,575.97,11160.0
ITEM0000892,ORD000512,PROD00057,1,6230.42,992.58,6356.24
ITEM0000893,ORD000513,PROD00157,1,43129.48,2906.52,40511.68
ITEM0000894,ORD000514,PROD00480,1,4207.39,58.61,3199.5
ITEM0000895,ORD000515,PROD00235,1,2366.22,94.78,1599.65
ITEM0000896,ORD000516,PROD00417,1,9157.19,641.81,7349.25
ITEM0000897,ORD000516,PROD00450,2,34452.78,3197.22,28237.5
ITEM0000898,ORD000517,PROD00161,1,59222.17,6683.83,57997.28
ITEM0000899,ORD000517,PROD00439,1,2946.34,2.66,2211.75
ITEM0000900,ORD000518,PROD00064,2,143326.41,8309.59,133439.68
ITEM0000901,ORD000518,PROD00398,1,12373.48,51.52,9318.75
ITEM0000902,ORD000519,PROD00424,1,15513.61,1697.39,12908.25
ITEM0000903,ORD000520,PROD00201,1,3714.36,65.64,2457.0
ITEM0000904,ORD000520,PROD00173,1,2413.94,122.06,1648.4
ITEM0000905,ORD000521,PROD00097,1,13851.14,844.86,12932.48
ITEM0000906,ORD000522,PROD00008,1,58649.94,4699.06,55747.12
ITEM0000907,ORD000522,PROD00121,1,16333.62,2403.38,16488.56
ITEM0000908,ORD000523,PROD00458,1,12554.35,1217.65,10329.0
ITEM0000909,ORD000523,PROD00082,1,67290.94,1970.06,60949.68
ITEM0000910,ORD000524,PROD00390,3,61671.77,3938.23,49207.5
ITEM0000911,ORD000525,PROD00438,1,3140.11,325.89,2599.5
ITEM0000912,ORD000526,PROD00139,1,43309.8,5803.2,43219.44
ITEM0000913,ORD000526,PROD00003,1,40097.3,6316.7,40844.32
ITEM0000914,ORD000527,PROD00121,1,16762.3,1974.7,16488.56
ITEM0000915,ORD000528,PROD00244,1,2444.63,71.37,1635.4
ITEM0000916,ORD000528,PROD00323,1,4739.21,155.79,3181.75
ITEM0000917,ORD000528,PROD00330,1,1365.72,50.28,920.4
ITEM0000918,ORD000528,PROD00113,1,38501.68,1346.32,35066.24
ITEM0000919,ORD000529,PROD00481,1,4122.71,412.29,3401.25
ITEM0000920,ORD000530,PROD00298,1,2071.65,136.35,1435.2
ITEM0000921,ORD000531,PROD00363,1,18705.64,263.36,14226.75
ITEM0000922,ORD000532,PROD00453,1,18517.89,1729.11,15185.25
ITEM0000923,ORD000533,PROD00317,2,7260.44,327.56,4932.2
ITEM0000924,ORD000534,PROD00416,1,1151.67,87.33,929.25
ITEM0000925,ORD000534,PROD00229,2,8331.17,46.83,5445.7
ITEM0000926,ORD000534,PROD00243,1,2677.94,199.06,1870.05
ITEM0000927,ORD000535,PROD00308,1,4450.7,381.3,3140.8
ITEM0000928,ORD000536,PROD00162,1,5652.91,905.09,5771.04
ITEM0000929,ORD000537,PROD00046,2,96719.15,2790.85,87568.8
ITEM0000930,ORD000537,PROD00216,1,2341.75,167.25,1630.85
ITEM0000931,ORD000538,PROD00307,1,1417.97,32.03,942.5
ITEM0000932,ORD000538,PROD00046,1,46815.42,2939.58,43784.4
ITEM0000933,ORD000538,PROD00024,2,127432.47,7967.53,119152.0
ITEM0000934,ORD000539,PROD00414,1,15183.99,949.01,12099.75
ITEM0000935,ORD000540,PROD00004,1,12286.21,917.79,11619.52
ITEM0000936,ORD000541,PROD00368,1,16955.08,820.92,13332.0
ITEM0000937,ORD000541,PROD00257,1,3756.55,198.45,2570.75
ITEM0000938,ORD000541,PROD00123,2,49795.28,7972.72,50835.84
ITEM0000939,ORD000542,PROD00309,2,4694.18,71.82,3097.9
ITEM0000940,ORD000543,PROD00023,2,109254.19,12117.81,106807.36
ITEM0000941,ORD000544,PROD00441,3,45749.84,4701.16,37838.25
ITEM0000942,ORD000544,PROD00218,2,6631.99,154.01,4410.9
ITEM0000943,ORD000544,PROD00331,1,23165.57,998.43,18123.0
ITEM0000944,ORD000545,PROD00335,1,15407.0,459.0,11899.5
ITEM0000945,ORD000546,PROD00147,1,48339.96,5209.04,47123.12
ITEM0000946,ORD000546,PROD00420,3,4601.48,330.52,3699.0
ITEM0000947,ORD000547,PROD00172,1,550.61,34.39,380.25
ITEM0000948,ORD000547,PROD00152,1,56217.56,4220.44,53185.44
ITEM0000949,ORD000548,PROD00419,1,2922.17,249.83,2379.0
ITEM0000950,ORD000548,PROD00264,2,3744.09,155.91,2535.0
ITEM0000951,ORD000549,PROD00185,2,1901.77,64.23,1277.9
ITEM0000952,ORD000550,PROD00472,1,1322.65,135.35,1093.5
ITEM0000953,ORD000551,PROD00292,1,2203.97,49.03,1464.45
ITEM0000954,ORD000551,PROD00432,1,6141.01,86.99,4671.0
ITEM0000955,ORD000552,PROD00167,1,648.91,14.09,430.95
ITEM0000956,ORD000553,PROD00102,1,27820.73,1759.27,26030.4
ITEM0000957,ORD000553,PROD00233,1,3639.48,20.52,2379.0
ITEM0000958,ORD000553,PROD00329,1,3256.1,115.9,2191.8
ITEM0000959,ORD000553,PROD00067,1,41882.35,1194.65,37907.76
ITEM0000960,ORD000554,PROD00080,1,71944.1,6591.9,69111.68
ITEM0000961,ORD000555,PROD00388,1,6607.02,716.98,5493.0
ITEM0000962,ORD000555,PROD00077,1,52360.51,1228.49,47158.32
ITEM0000963,ORD000556,PROD00342,2,3290.28,103.72,2545.5
ITEM0000964,ORD000557,PROD00413,1,14733.77,1018.23,11814.0
ITEM0000965,ORD000558,PROD00240,1,1422.41,24.59,940.55
ITEM0000966,ORD000559,PROD00352,1,2139.19,10.81,1612.5
ITEM0000967,ORD000560,PROD00221,3,1623.47,50.53,1088.1
ITEM0000968,ORD000561,PROD00420,1,1484.9,159.1,1233.0
ITEM0000969,ORD000562,PROD00450,1,18154.87,670.13,14118.75
ITEM0000970,ORD000563,PROD00172,1,565.01,19.99,380.25
ITEM0000971,ORD000564,PROD00385,1,19449.59,1954.41,16053.0
ITEM0000972,ORD000564,PROD00436,1,18195.75,853.25,14286.75
ITEM0000973,ORD000564,PROD00075,2,81558.64,6439.36,77438.24
ITEM0000974,ORD000565,PROD00472,1,1353.37,104.63,1093.5
ITEM0000975,ORD000566,PROD00139,1,47695.33,1417.67,43219.44
ITEM0000976,ORD000567,PROD00214,1,4657.81,17.19,3038.75
ITEM0000977,ORD000568,PROD00198,1,2170.25,67.75,1454.7
ITEM0000978,ORD000568,PROD00045,1,38342.9,996.1,34618.32
ITEM0000979,ORD000568,PROD00280,2,5725.51,182.49,3840.2
ITEM0000980,ORD000569,PROD00483,3,57929.73,6201.27,48098.25
ITEM0000981,ORD000570,PROD00456,1,16146.11,406.89,12414.75
ITEM0000982,ORD000571,PROD00185,3,2802.36,146.64,1916.85
ITEM0000983,ORD000571,PROD00043,1,47776.94,6515.06,47776.96
ITEM0000984,ORD000571,PROD00267,1,3507.83,86.17,2336.1
ITEM0000985,ORD000572,PROD00336,1,5393.69,55.31,4086.75
ITEM0000986,ORD000573,PROD00098,1,21588.43,1454.57,20277.84
ITEM0000987,ORD000574,PROD00253,3,12115.49,613.51,8273.85
ITEM0000988,ORD000575,PROD00047,1,11620.36,281.64,10473.76
ITEM0000989,ORD000575,PROD00398,2,24780.91,69.09,18637.5
ITEM0000990,ORD000576,PROD00016,1,70432.4,1657.6,63439.2
ITEM0000991,ORD000577,PROD00125,2,16726.59,1053.41,15646.4
ITEM0000992,ORD000578,PROD00304,1,2606.31,16.69,1704.95
ITEM0000993,ORD000579,PROD00469,1,5615.81,107.19,4292.25
ITEM0000994,ORD000580,PROD00460,2,38667.33,970.67,29728.5
ITEM0000995,ORD000581,PROD00463,1,6524.04,482.96,5255.25
ITEM0000996,ORD000582,PROD00328,3,8799.39,560.61,6084.0
ITEM0000997,ORD000583,PROD00421,1,2586.01,267.99,2140.5
ITEM0000998,ORD000584,PROD00402,1,8838.25,745.75,7188.0
ITEM0000999,ORD000584,PROD00443,1,19254.14,1934.86,15891.75
ITEM0001000,ORD000585,PROD00060,1,44952.6,4661.4,43660.32
ITEM0001001,ORD000585,PROD00059,2,63946.08,7381.92,62768.64
ITEM0001002,ORD000586,PROD00464,1,6640.57,173.43,5110.5
ITEM0001003,ORD000587,PROD00267,1,3343.98,250.02,2336.1
ITEM0001004,ORD000588,PROD00329,1,3146.11,225.89,2191.8
ITEM0001005,ORD000589,PROD00192,1,800.76,48.24,551.85
ITEM0001006,ORD000589,PROD00441,1,15643.35,1173.65,12612.75
ITEM0001007,ORD000590,PROD00096,1,71262.8,4360.2,66548.24
ITEM0001008,ORD000591,PROD00046,1,46496.15,3258.85,43784.4
ITEM0001009,ORD000591,PROD00113,1,35511.26,4336.74,35066.24
ITEM0001010,ORD000592,PROD00456,1,16384.96,168.04,12414.75
ITEM0001011,ORD000592,PROD00198,1,2166.22,71.78,1454.7
ITEM0001012,ORD000592,PROD00253,1,4204.66,38.34,2757.95
ITEM0001013,ORD000593,PROD00275,1,4078.17,204.83,2783.95
ITEM0001014,ORD000593,PROD00211,1,1137.21,8.79,744.9
ITEM0001015,ORD000593,PROD00378,1,8860.71,366.29,6920.25
ITEM0001016,ORD000594,PROD00088,1,66209.93,6726.07,64183.68
ITEM0001017,ORD000595,PROD00107,1,47846.23,166.77,42251.44
ITEM0001018,ORD000596,PROD00312,1,634.79,42.21,440.05
ITEM0001019,ORD000597,PROD00002,1,27714.06,1396.94,25617.68
ITEM0001020,ORD000597,PROD00271,1,3747.98,128.02,2519.4
ITEM0001021,ORD000598,PROD00129,1,45233.52,4555.48,43814.32
ITEM0001022,ORD000599,PROD00013,1,45094.42,2822.58,42166.96
ITEM0001023,ORD000600,PROD00119,1,56211.34,65.66,49523.76
ITEM0001024,ORD000600,PROD00165,1,21055.89,529.11,18994.8
ITEM0001025,ORD000600,PROD00168,1,1418.31,76.69,971.75
ITEM0001026,ORD000601,PROD00096,1,74286.69,1336.31,66548.24
ITEM0001027,ORD000602,PROD00056,1,33857.12,1010.88,30683.84
ITEM0001028,ORD000602,PROD00047,1,10303.46,1598.54,10473.76
ITEM0001029,ORD000602,PROD00385,2,40521.35,2286.65,32106.0
ITEM0001030,ORD000602,PROD00081,1,48648.91,4970.09,47184.72
ITEM0001031,ORD000603,PROD00162,1,5894.58,663.42,5771.04
ITEM0001032,ORD000604,PROD00411,1,21344.72,1031.28,16782.0
ITEM0001033,ORD000604,PROD00040,1,54593.16,2317.84,50081.68
ITEM0001034,ORD000605,PROD00468,1,9755.41,1026.59,8086.5
ITEM0001035,ORD000605,PROD00262,1,2523.79,18.21,1652.3
ITEM0001036,ORD000606,PROD00230,1,2511.92,5.08,1636.05
ITEM0001037,ORD000606,PROD00378,1,8725.95,501.05,6920.25
ITEM0001038,ORD000607,PROD00062,1,15081.99,2396.01,15380.64
ITEM0001039,ORD000608,PROD00358,1,17399.04,728.96,13596.0
ITEM0001040,ORD000608,PROD00209,1,1526.28,118.72,1069.25
ITEM0001041,ORD000608,PROD00256,1,4827.7,134.3,3225.3
ITEM0001042,ORD000609,PROD00020,1,77872.59,1120.41,69513.84
ITEM0001043,ORD000609,PROD00291,1,4397.35,119.65,2936.05
ITEM0001044,ORD000610,PROD00067,1,41748.27,1328.73,37907.76
ITEM0001045,ORD000610,PROD00453,1,18821.67,1425.33,15185.25
ITEM0001046,ORD000611,PROD00226,1,1226.51,13.49,806.0
ITEM0001047,ORD000612,PROD00326,1,4159.34,61.66,2743.65
ITEM0001048,ORD000612,PROD00302,1,1278.58,60.42,870.35
ITEM0001049,ORD000613,PROD00090,3,30134.23,5052.77,30964.56
ITEM0001050,ORD000614,PROD00372,1,7311.19,715.81,6020.25
ITEM0001051,ORD000614,PROD00174,1,4799.43,63.57,3160.95
ITEM0001052,ORD000615,PROD00295,1,1580.08,88.92,1084.85
ITEM0001053,ORD000616,PROD00147,1,52462.1,1086.9,47123.12
ITEM0001054,ORD000616,PROD00274,1,1294.39,63.61,882.7
ITEM0001055,ORD000617,PROD00178,1,1523.79,77.21,1040.65
ITEM0001056,ORD000617,PROD00068,1,39141.53,3539.47,37559.28
ITEM0001057,ORD000618,PROD00243,1,2651.3,225.7,1870.05
ITEM0001058,ORD000618,PROD00128,1,68404.24,2495.76,62392.0
ITEM0001059,ORD000619,PROD00029,2,131528.28,8641.72,123349.6
ITEM0001060,ORD000620,PROD00354,2,21789.97,202.03,16494.0
ITEM0001061,ORD000621,PROD00091,3,80116.45,5326.55,75189.84
ITEM0001062,ORD000622,PROD00094,1,59382.13,3433.87,55278.08
ITEM0001063,ORD000622,PROD00455,1,18752.85,532.15,14463.75
ITEM0001064,ORD000623,PROD00483,1,19514.5,1862.5,16032.75
ITEM0001065,ORD000623,PROD00157,2,90911.16,1160.84,81023.36
ITEM0001066,ORD000624,PROD00151,3,173118.9,9086.1,160340.4
ITEM0001067,ORD000625,PROD00284,1,3472.81,85.19,2312.7
ITEM0001068,ORD000626,PROD00057,1,7048.11,174.89,6356.24
ITEM0001069,ORD000626,PROD00461,1,12929.32,1402.68,10749.0
ITEM0001070,ORD000627,PROD00462,1,7484.83,222.17,5780.25
ITEM0001071,ORD000627,PROD00129,1,43228.49,6560.51,43814.32
ITEM0001072,ORD000628,PROD00166,1,3461.08,270.92,2425.8
ITEM0001073,ORD000629,PROD00292,1,2209.77,43.23,1464.45
ITEM0001074,ORD000629,PROD00416,1,1181.42,57.58,929.25
ITEM0001075,ORD000630,PROD00039,1,31437.93,1074.07,28610.56
ITEM0001076,ORD000631,PROD00460,1,17920.62,1898.38,14864.25
ITEM0001077,ORD000631,PROD00121,2,34339.08,3134.92,32977.12
ITEM0001078,ORD000632,PROD00371,1,8317.38,350.62,6501.0
ITEM0001079,ORD000632,PROD00258,1,3324.51,273.49,2338.7
ITEM0001080,ORD000632,PROD00047,1,10946.73,955.27,10473.76
ITEM0001081,ORD000633,PROD00106,1,5933.92,951.08,6058.8
ITEM0001082,ORD000633,PROD00382,1,1274.31,1.69,957.0
ITEM0001083,ORD000633,PROD00025,1,26334.64,3305.36,26083.2
ITEM0001084,ORD000633,PROD00419,1,2941.91,230.09,2379.0
ITEM0001085,ORD000634,PROD00384,2,2645.03,170.97,2112.0
ITEM0001086,ORD000634,PROD00229,2,8279.45,98.55,5445.7
ITEM0001087,ORD000635,PROD00490,1,15087.01,55.99,11357.25
ITEM0001088,ORD000636,PROD00225,1,4021.11,2.89,2615.6
ITEM0001089,ORD000636,PROD00043,1,52950.8,1341.2,47776.96
ITEM0001090,ORD000637,PROD00023,1,60206.25,479.75,53403.68
ITEM0001091,ORD000637,PROD00001,2,115040.47,8937.53,109100.64
ITEM0001092,ORD000637,PROD00466,1,3271.16,288.84,2670.0
ITEM0001093,ORD000638,PROD00493,1,12250.57,1249.43,10125.0
ITEM0001094,ORD000638,PROD00117,1,24432.31,1522.69,22840.4
ITEM0001095,ORD000638,PROD00328,1,2933.42,186.58,2028.0
ITEM0001096,ORD000639,PROD00317,1,3678.44,115.56,2466.1
ITEM0001097,ORD000640,PROD00449,1,9139.3,938.7,7558.5
ITEM0001098,ORD000640,PROD00134,1,35616.07,1595.93,32746.56
ITEM0001099,ORD000641,PROD00329,1,3144.81,227.19,2191.8
ITEM0001100,ORD000642,PROD00035,1,55645.91,1453.09,50247.12
ITEM0001101,ORD000642,PROD00368,1,16277.38,1498.62,13332.0
ITEM0001102,ORD000642,PROD00182,1,2351.66,141.34,1620.45
ITEM0001103,ORD000643,PROD00358,1,16504.84,1623.16,13596.0
ITEM0001104,ORD000644,PROD00304,1,2557.03,65.97,1704.95
ITEM0001105,ORD000644,PROD00118,1,68382.53,5177.47,64732.8
ITEM0001106,ORD000645,PROD00200,1,2109.75,82.25,1424.8
ITEM0001107,ORD000645,PROD00228,1,2867.94,23.06,1879.15
ITEM0001108,ORD000646,PROD00275,1,4281.48,1.52,2783.95
ITEM0001109,ORD000647,PROD00175,1,1422.02,106.98,993.85
ITEM0001110,ORD000647,PROD00414,1,14894.79,1238.21,12099.75
ITEM0001111,ORD000647,PROD00223,1,4714.39,245.61,3224.0
ITEM0001112,ORD000648,PROD00215,1,3579.21,204.79,2459.6
ITEM0001113,ORD000648,PROD00109,2,83234.82,5211.18,77832.48
ITEM0001114,ORD000649,PROD00045,1,37622.07,1716.93,34618.32
ITEM0001115,ORD000649,PROD00030,1,14843.96,1640.04,14505.92
ITEM0001116,ORD000650,PROD00270,1,989.39,72.61,690.3
ITEM0001117,ORD000650,PROD00012,1,31432.02,1446.98,28933.52
ITEM0001118,ORD000650,PROD00449,1,9087.67,990.33,7558.5
ITEM0001119,ORD000651,PROD00173,1,2479.92,56.08,1648.4
ITEM0001120,ORD000652,PROD00170,1,2297.89,177.11,1608.75
ITEM0001121,ORD000652,PROD00020,2,136029.04,21956.96,139027.68
ITEM0001122,ORD000652,PROD00422,1,23395.73,780.27,18132.0
ITEM0001123,ORD000653,PROD00416,1,1148.96,90.04,929.25
ITEM0001124,ORD000654,PROD00088,1,63989.28,8946.72,64183.68
ITEM0001125,ORD000654,PROD00483,1,20756.13,620.87,16032.75
ITEM0001126,ORD000655,PROD00338,1,4875.42,163.58,3779.25
ITEM0001127,ORD000656,PROD00465,1,12865.88,362.12,9921.0
ITEM0001128,ORD000657,PROD00108,1,71510.32,2841.68,65429.76
ITEM0001129,ORD000657,PROD00403,2,5831.69,612.31,4833.0
ITEM0001130,ORD000657,PROD00320,1,1913.89,8.11,1249.3
ITEM0001131,ORD000658,PROD00020,1,78295.69,697.31,69513.84
ITEM0001132,ORD000659,PROD00482,1,18218.75,265.25,13863.0
ITEM0001133,ORD000660,PROD00429,1,4121.62,145.38,3200.25
ITEM0001134,ORD000661,PROD00193,1,2745.69,75.31,1833.65
ITEM0001135,ORD000662,PROD00223,1,4852.42,107.58,3224.0
ITEM0001136,ORD000662,PROD00383,1,20532.9,293.1,15619.5
ITEM0001137,ORD000663,PROD00040,1,51799.1,5111.9,50081.68
ITEM0001138,ORD000664,PROD00334,1,17966.66,650.34,13962.75
ITEM0001139,ORD000665,PROD00260,1,496.92,41.08,349.7
ITEM0001140,ORD000665,PROD00022,1,51033.69,659.31,45489.84
ITEM0001141,ORD000665,PROD00147,2,100919.65,6178.35,94246.24
ITEM0001142,ORD000666,PROD00119,1,49395.43,6881.57,49523.76
ITEM0001143,ORD000667,PROD00215,1,3522.14,261.86,2459.6
ITEM0001144,ORD000668,PROD00471,1,10256.58,233.42,7867.5
ITEM0001145,ORD000669,PROD00466,1,3353.39,206.61,2670.0
ITEM0001146,ORD000670,PROD00256,2,9302.26,621.74,6450.6
ITEM0001147,ORD000671,PROD00194,1,3099.73,84.27,2069.6
ITEM0001148,ORD000671,PROD00160,2,14934.96,481.04,13566.08
ITEM0001149,ORD000671,PROD00183,2,7665.75,322.25,5192.2
ITEM0001150,ORD000672,PROD00184,1,838.7,7.3,549.9
ITEM0001151,ORD000672,PROD00396,1,13438.52,533.48,10479.0
ITEM0001152,ORD000672,PROD00379,1,3960.14,128.86,3066.75
ITEM0001153,ORD000673,PROD00385,1,20869.99,534.01,16053.0
ITEM0001154,ORD000673,PROD00070,1,37888.39,5752.61,38404.08
ITEM0001155,ORD000674,PROD00336,1,5042.12,406.88,4086.75
ITEM0001156,ORD000674,PROD00267,1,3587.43,6.57,2336.1
ITEM0001157,ORD000675,PROD00008,1,60674.65,2674.35,55747.12
ITEM0001158,ORD000676,PROD00157,1,43018.48,3017.52,40511.68
ITEM0001159,ORD000676,PROD00418,1,9206.95,951.05,7618.5
ITEM0001160,ORD000677,PROD00377,1,1354.48,101.52,1092.0
ITEM0001161,ORD000677,PROD00131,2,137528.15,13077.85,132533.28
ITEM0001162,ORD000677,PROD00339,1,15583.62,276.38,11895.0
ITEM0001163,ORD000678,PROD00471,1,10314.05,175.95,7867.5
ITEM0001164,ORD000679,PROD00260,1,518.46,19.54,349.7
ITEM0001165,ORD000680,PROD00136,1,66922.82,8694.18,66542.96
ITEM0001166,ORD000681,PROD00302,3,3920.54,96.46,2611.05
ITEM0001167,ORD000682,PROD00171,1,1087.8,65.2,749.45
ITEM0001168,ORD000682,PROD00320,1,1873.79,48.21,1249.3
ITEM0001169,ORD000682,PROD00299,2,7500.05,415.95,5145.4
ITEM0001170,ORD000683,PROD00074,1,66352.34,6372.66,63998.0
ITEM0001171,ORD000684,PROD00447,1,5230.76,502.24,4299.75
ITEM0001172,ORD000685,PROD00170,1,2473.15,1.85,1608.75
ITEM0001173,ORD000685,PROD00131,1,68662.15,6640.85,66266.64
ITEM0001174,ORD000686,PROD00064,2,144783.69,6852.31,133439.68
ITEM0001175,ORD000687,PROD00386,1,4463.0,230.0,3519.75
ITEM0001176,ORD000688,PROD00066,1,72796.93,631.07,64616.64
ITEM0001177,ORD000688,PROD00465,1,12346.97,881.03,9921.0
ITEM0001178,ORD000688,PROD00258,1,3338.86,259.14,2338.7
ITEM0001179,ORD000689,PROD00436,1,18576.22,472.78,14286.75
ITEM0001180,ORD000689,PROD00217,1,2172.79,39.21,1437.8
ITEM0001181,ORD000690,PROD00411,1,21513.76,862.24,16782.0
ITEM0001182,ORD000690,PROD00351,1,23434.72,1185.28,18465.0
ITEM0001183,ORD000691,PROD00368,1,16590.98,1185.02,13332.0
ITEM0001184,ORD000691,PROD00258,1,3561.88,36.12,2338.7
ITEM0001185,ORD000692,PROD00174,2,8979.45,746.55,6321.9
ITEM0001186,ORD000693,PROD00479,1,14207.61,528.39,11052.0
ITEM0001187,ORD000693,PROD00261,1,3126.61,183.39,2151.5
ITEM0001188,ORD000694,PROD00213,3,9349.96,718.04,6544.2
ITEM0001189,ORD000694,PROD00287,3,5863.1,277.9,3991.65
ITEM0001190,ORD000695,PROD00328,1,2899.7,220.3,2028.0
ITEM0001191,ORD000695,PROD00008,1,56739.14,6609.86,55747.12
ITEM0001192,ORD000696,PROD00172,1,572.79,12.21,380.25
ITEM0001193,ORD000696,PROD00213,1,3335.96,20.04,2181.4
ITEM0001194,ORD000696,PROD00097,1,13825.42,870.58,12932.48
ITEM0001195,ORD000697,PROD00329,1,3128.26,243.74,2191.8
ITEM0001196,ORD000698,PROD00450,1,17783.14,1041.86,14118.75
ITEM0001197,ORD000698,PROD00199,1,4080.65,195.35,2779.4
ITEM0001198,ORD000699,PROD00102,1,25454.86,4125.14,26030.4
ITEM0001199,ORD000699,PROD00044,1,59870.57,1491.43,53998.56
ITEM0001200,ORD000700,PROD00449,2,19786.74,369.26,15117.0
ITEM0001201,ORD000701,PROD00129,1,42759.11,7029.89,43814.32
ITEM0001202,ORD000701,PROD00069,1,26154.64,1153.36,24031.04
ITEM0001203,ORD000702,PROD00200,3,6179.79,396.21,4274.4
ITEM0001204,ORD000702,PROD00105,1,57451.72,8119.28,57702.48
ITEM0001205,ORD000703,PROD00009,2,85238.08,4905.92,79326.72
ITEM0001206,ORD000704,PROD00089,1,19016.47,553.53,17221.6
ITEM0001207,ORD000704,PROD00099,1,42854.01,1366.99,38914.48
ITEM0001208,ORD000705,PROD00375,1,15291.85,1269.15,12420.75
ITEM0001209,ORD000706,PROD00451,3,48598.67,172.33,36578.25
ITEM0001210,ORD000706,PROD00005,2,89966.94,2203.06,81109.6
ITEM0001211,ORD000706,PROD00430,1,19088.59,425.41,14635.5
ITEM0001212,ORD000707,PROD00156,1,15765.55,955.45,14714.48
ITEM0001213,ORD000707,PROD00443,1,20500.62,688.38,15891.75
ITEM0001214,ORD000708,PROD00042,1,35691.91,2987.09,34037.52
ITEM0001215,ORD000709,PROD00002,1,27236.54,1874.46,25617.68
ITEM0001216,ORD000710,PROD00342,3,4754.32,336.68,3818.25
ITEM0001217,ORD000710,PROD00212,1,2240.59,36.41,1480.05
ITEM0001218,ORD000711,PROD00049,2,18196.57,1483.43,17318.4
ITEM0001219,ORD000711,PROD00336,1,5185.04,263.96,4086.75
ITEM0001220,ORD000712,PROD00218,1,3216.31,176.69,2205.45
ITEM0001221,ORD000712,PROD00198,2,4367.24,108.76,2909.4
ITEM0001222,ORD000712,PROD00202,1,1063.7,6.3,695.5
ITEM0001223,ORD000713,PROD00264,1,1948.41,1.59,1267.5
ITEM0001224,ORD000714,PROD00089,1,18753.7,816.3,17221.6
ITEM0001225,ORD000714,PROD00342,3,4667.12,423.88,3818.25
ITEM0001226,ORD000715,PROD00342,1,1584.97,112.03,1272.75
ITEM0001227,ORD000716,PROD00230,3,7351.64,199.36,4908.15
ITEM0001228,ORD000717,PROD00417,2,18062.16,1535.84,14698.5
ITEM0001229,ORD000718,PROD00032,1,62390.05,633.95,55461.12
ITEM0001230,ORD000719,PROD00435,1,8389.41,480.59,6652.5
ITEM0001231,ORD000719,PROD00438,1,3342.77,123.23,2599.5
ITEM0001232,ORD000719,PROD00319,1,503.63,25.37,343.85
ITEM0001233,ORD000720,PROD00465,1,12794.11,433.89,9921.0
ITEM0001234,ORD000721,PROD00295,1,1615.6,53.4,1084.85
ITEM0001235,ORD000722,PROD00071,2,109397.41,2802.59,98736.0
ITEM0001236,ORD000722,PROD00261,1,3059.32,250.68,2151.5
ITEM0001237,ORD000723,PROD00337,1,15499.68,1587.32,12815.25
ITEM0001238,ORD000724,PROD00289,1,475.08,34.92,331.5
ITEM0001239,ORD000725,PROD00417,1,8957.88,841.12,7349.25
ITEM0001240,ORD000726,PROD00040,2,98139.2,15682.8,100163.36
ITEM0001241,ORD000726,PROD00370,1,23902.9,1092.1,18746.25
ITEM0001242,ORD000727,PROD00363,2,34710.18,3227.82,28453.5
ITEM0001243,ORD000728,PROD00228,1,2672.19,218.81,1879.15
ITEM0001244,ORD000728,PROD00264,1,1848.42,101.58,1267.5
ITEM0001245,ORD000729,PROD00388,1,7312.82,11.18,5493.0
ITEM0001246,ORD000729,PROD00097,1,12976.13,1719.87,12932.48
ITEM0001247,ORD000730,PROD00055,1,61038.87,6835.13,59729.12
ITEM0001248,ORD000730,PROD00288,1,4698.0,281.0,3236.35
ITEM0001249,ORD000731,PROD00001,1,61718.72,270.28,54550.32
ITEM0001250,ORD000732,PROD00282,2,5307.12,42.88,3477.5
ITEM0001251,ORD000733,PROD00219,1,2387.34,94.66,1613.3
ITEM0001252,ORD000734,PROD00332,1,8090.9,679.1,6577.5
ITEM0001253,ORD000734,PROD00228,1,2662.74,228.26,1879.15
ITEM0001254,ORD000735,PROD00052,1,66953.71,7811.29,65793.2
ITEM0001255,ORD000736,PROD00430,2,36729.43,2298.57,29271.0
ITEM0001256,ORD000736,PROD00442,1,24332.07,82.93,18311.25
ITEM0001257,ORD000737,PROD00039,1,32484.51,27.49,28610.56
ITEM0001258,ORD000737,PROD00201,2,6958.49,601.51,4914.0
ITEM0001259,ORD000737,PROD00129,1,46609.67,3179.33,43814.32
ITEM0001260,ORD000738,PROD00368,1,16433.82,1342.18,13332.0
ITEM0001261,ORD000739,PROD00436,1,18644.5,404.5,14286.75
ITEM0001262,ORD000740,PROD00430,1,18982.98,531.02,14635.5
ITEM0001263,ORD000740,PROD00452,1,1824.29,97.71,1441.5
ITEM0001264,ORD000740,PROD00215,1,3774.11,9.89,2459.6
ITEM0001265,ORD000741,PROD00400,1,6388.01,78.99,4850.25
ITEM0001266,ORD000742,PROD00021,1,17414.83,1659.17,16785.12
ITEM0001267,ORD000742,PROD00014,1,30053.84,4624.16,30516.64
ITEM0001268,ORD000743,PROD00132,1,17205.58,2746.42,17557.76
ITEM0001269,ORD000744,PROD00125,1,8126.63,763.37,7823.2
ITEM0001270,ORD000744,PROD00433,2,18485.96,1256.04,14806.5
ITEM0001271,ORD000745,PROD00295,1,1592.19,76.81,1084.85
ITEM0001272,ORD000745,PROD00272,1,1079.79,47.21,732.55
ITEM0001273,ORD000746,PROD00065,2,107837.33,9534.67,103287.36
ITEM0001274,ORD000747,PROD00035,1,49365.02,7733.98,50247.12
ITEM0001275,ORD000747,PROD00054,1,48140.36,1460.64,43648.88
ITEM0001276,ORD000748,PROD00151,1,55474.63,5260.37,53446.8
ITEM0001277,ORD000749,PROD00320,1,1831.34,90.66,1249.3
ITEM0001278,ORD000750,PROD00286,1,777.13,28.87,523.9
ITEM0001279,ORD000751,PROD00324,2,5183.82,374.18,3612.7
ITEM0001280,ORD000751,PROD00199,1,3955.16,320.84,2779.4
ITEM0001281,ORD000752,PROD00009,1,40935.11,4136.89,39663.36
ITEM0001282,ORD000752,PROD00332,3,24862.65,1447.35,19732.5
ITEM0001283,ORD000753,PROD00100,1,73199.2,1113.8,65395.44
ITEM0001284,ORD000754,PROD00341,1,6976.13,463.87,5580.0
ITEM0001285,ORD000755,PROD00386,1,4614.7,78.3,3519.75
ITEM0001286,ORD000755,PROD00196,1,1595.22,15.78,1047.15
ITEM0001287,ORD000756,PROD00114,1,27850.86,4164.14,28173.2
ITEM0001288,ORD000757,PROD00225,2,7786.61,261.39,5231.2
ITEM0001289,ORD000758,PROD00401,2,4282.95,305.05,3441.0
ITEM0001290,ORD000759,PROD00031,2,124820.98,10795.02,119342.08
ITEM0001291,ORD000760,PROD00018,1,16592.79,1714.21,16110.16
ITEM0001292,ORD000761,PROD00214,1,4511.22,163.78,3038.75
ITEM0001293,ORD000762,PROD00137,1,14362.3,1094.7,13602.16
ITEM0001294,ORD000763,PROD00033,1,51343.25,3319.75,48103.44
ITEM0001295,ORD000764,PROD00187,1,2997.03,189.97,2071.55
ITEM0001296,ORD000765,PROD00228,1,2666.07,224.93,1879.15
ITEM0001297,ORD000766,PROD00075,1,39245.12,4753.88,38719.12
ITEM0001298,ORD000766,PROD00439,1,2669.39,279.61,2211.75
ITEM0001299,ORD000767,PROD00188,2,9168.87,595.13,6346.6
ITEM0001300,ORD000768,PROD00458,1,13452.18,319.82,10329.0
ITEM0001301,ORD000769,PROD00377,1,1311.39,144.61,1092.0
ITEM0001302,ORD000770,PROD00005,3,126961.03,11293.97,121664.4
ITEM0001303,ORD000771,PROD00115,1,57815.37,2949.63,53473.2
ITEM0001304,ORD000772,PROD00027,1,36938.84,4658.16,36605.36
ITEM0001305,ORD000772,PROD00128,2,133784.99,8015.01,124784.0
ITEM0001306,ORD000772,PROD00472,1,1333.47,124.53,1093.5
ITEM0001307,ORD000773,PROD00454,1,24230.82,695.18,18694.5
ITEM0001308,ORD000774,PROD00370,1,23669.1,1325.9,18746.25
ITEM0001309,ORD000775,PROD00004,2,25605.74,802.26,23239.04
ITEM0001310,ORD000776,PROD00238,1,3394.83,30.17,2226.25
ITEM0001311,ORD000777,PROD00476,1,21609.31,1457.69,17300.25
ITEM0001312,ORD000777,PROD00353,1,7300.81,354.19,5741.25
ITEM0001313,ORD000778,PROD00488,2,26488.33,583.67,20304.0
ITEM0001314,ORD000779,PROD00143,1,16672.93,2137.07,16552.8
ITEM0001315,ORD000780,PROD00293,1,561.43,5.57,368.55
ITEM0001316,ORD000780,PROD00445,1,4161.22,75.78,3177.75
ITEM0001317,ORD000781,PROD00494,1,7273.36,774.64,6036.0
ITEM0001318,ORD000782,PROD00095,1,59944.41,5709.59,57775.52
ITEM0001319,ORD000782,PROD00179,2,6115.27,46.73,4005.3
ITEM0001320,ORD000783,PROD00432,1,6125.74,102.26,4671.0
ITEM0001321,ORD000784,PROD00044,1,61328.86,33.14,53998.56
ITEM0001322,ORD000785,PROD00464,1,6711.34,102.66,5110.5
ITEM0001323,ORD000785,PROD00469,1,5536.21,186.79,4292.25
ITEM0001324,ORD000786,PROD00297,1,3638.33,299.67,2559.7
ITEM0001325,ORD000786,PROD00417,1,9700.75,98.25,7349.25
ITEM0001326,ORD000787,PROD00072,1,40382.68,915.32,36342.24
ITEM0001327,ORD000788,PROD00436,1,17320.83,1728.17,14286.75
ITEM0001328,ORD000789,PROD00225,1,3803.41,220.59,2615.6
ITEM0001329,ORD000790,PROD00011,1,45229.79,2593.21,42084.24
ITEM0001330,ORD000790,PROD00296,1,4299.14,186.86,2915.9
ITEM0001331,ORD000791,PROD00110,1,37085.1,2345.9,34699.28
ITEM0001332,ORD000791,PROD00202,1,997.07,72.93,695.5
ITEM0001333,ORD000792,PROD00202,3,3170.9,39.1,2086.5
ITEM0001334,ORD000793,PROD00160,1,7111.9,596.1,6783.04
ITEM0001335,ORD000794,PROD00293,1,547.35,19.65,368.55
ITEM0001336,ORD000794,PROD00042,3,111613.78,4423.22,102112.56
ITEM0001337,ORD000795,PROD00118,2,145772.46,1347.54,129465.6
ITEM0001338,ORD000796,PROD00221,1,524.44,33.56,362.7
ITEM0001339,ORD000797,PROD00038,1,34409.26,13.74,30292.24
ITEM0001340,ORD000798,PROD00078,2,118237.17,6590.83,109848.64
ITEM0001341,ORD000798,PROD00084,1,78597.33,1246.67,70262.72
ITEM0001342,ORD000799,PROD00196,1,1511.23,99.77,1047.15
ITEM0001343,ORD000800,PROD00444,2,21625.9,660.1,16714.5
ITEM0001344,ORD000800,PROD00200,1,2080.27,111.73,1424.8
ITEM0001345,ORD000801,PROD00425,1,21447.45,2144.55,17694.0
ITEM0001346,ORD000801,PROD00325,1,4337.04,332.96,3035.5
ITEM0001347,ORD000802,PROD00214,1,4491.14,183.86,3038.75
ITEM0001348,ORD000803,PROD00435,2,16127.12,1612.88,13305.0
ITEM0001349,ORD000804,PROD00141,1,7717.2,252.8,7013.6
ITEM0001350,ORD000805,PROD00434,2,25114.5,1213.5,19746.0
ITEM0001351,ORD000806,PROD00388,1,7049.45,274.55,5493.0
ITEM0001352,ORD000806,PROD00088,1,65701.95,7234.05,64183.68
ITEM0001353,ORD000807,PROD00431,1,7690.26,357.74,6036.0
ITEM0001354,ORD000808,PROD00102,1,27363.2,2216.8,26030.4
ITEM0001355,ORD000809,PROD00131,1,74557.64,745.36,66266.64
ITEM0001356,ORD000810,PROD00150,1,76344.43,2091.57,69023.68
ITEM0001357,ORD000810,PROD00386,1,4325.54,367.46,3519.75
ITEM0001358,ORD000811,PROD00403,1,3058.0,164.0,2416.5
ITEM0001359,ORD000811,PROD00335,2,29574.02,2157.98,23799.0
ITEM0001360,ORD000812,PROD00002,1,26459.23,2651.77,25617.68
ITEM0001361,ORD000812,PROD00062,1,14948.43,2529.57,15380.64
ITEM0001362,ORD000812,PROD00418,2,18773.52,1542.48,15237.0
ITEM0001363,ORD000813,PROD00384,2,2798.16,17.84,2112.0
ITEM0001364,ORD000814,PROD00385,1,21305.91,98.09,16053.0
ITEM0001365,ORD000815,PROD00404,3,63624.43,3782.57,50555.25
ITEM0001366,ORD000816,PROD00430,1,18260.5,1253.5,14635.5
ITEM0001367,ORD000817,PROD00080,2,143827.48,13244.52,138223.36
ITEM0001368,ORD000818,PROD00268,1,2535.28,52.72,1682.2
ITEM0001369,ORD000819,PROD00303,1,2588.15,67.85,1726.4
ITEM0001370,ORD000819,PROD00333,1,10622.0,1147.0,8826.75
ITEM0001371,ORD000820,PROD00339,1,14932.9,927.1,11895.0
ITEM0001372,ORD000821,PROD00239,1,3312.0,28.0,2171.0
ITEM0001373,ORD000822,PROD00294,1,2541.99,121.01,1730.95
ITEM0001374,ORD000823,PROD00438,1,3455.75,10.25,2599.5
ITEM0001375,ORD000824,PROD00353,1,6929.25,725.75,5741.25
ITEM0001376,ORD000825,PROD00246,1,807.37,40.63,551.2
ITEM0001377,ORD000825,PROD00151,1,52120.09,8614.91,53446.8
ITEM0001378,ORD000826,PROD00393,1,6477.68,626.32,5328.0
ITEM0001379,ORD000827,PROD00279,1,4715.44,170.56,3175.9
ITEM0001380,ORD000828,PROD00405,1,6197.48,385.52,4937.25
ITEM0001381,ORD000828,PROD00274,1,1324.74,33.26,882.7
ITEM0001382,ORD000829,PROD00071,1,50137.54,5962.46,49368.0
ITEM0001383,ORD000829,PROD00203,1,3194.15,116.85,2152.15
ITEM0001384,ORD000830,PROD00485,1,2016.98,144.02,1620.75
ITEM0001385,ORD000830,PROD00287,1,2014.85,32.15,1330.55
ITEM0001386,ORD000830,PROD00479,1,14633.59,102.41,11052.0
ITEM0001387,ORD000831,PROD00128,1,65715.6,5184.4,62392.0
ITEM0001388,ORD000832,PROD00118,1,71130.16,2429.84,64732.8
ITEM0001389,ORD000833,PROD00307,1,1369.01,80.99,942.5
ITEM0001390,ORD000833,PROD00188,2,9731.38,32.62,6346.6
ITEM0001391,ORD000834,PROD00413,2,30589.5,914.5,23628.0
ITEM0001392,ORD000834,PROD00287,2,4063.54,30.46,2661.1
ITEM0001393,ORD000834,PROD00429,1,3921.51,345.49,3200.25
ITEM0001394,ORD000834,PROD00240,1,1363.68,83.32,940.55
ITEM0001395,ORD000835,PROD00345,2,36509.54,1718.46,28671.0
ITEM0001396,ORD000836,PROD00021,1,17880.89,1193.11,16785.12
ITEM0001397,ORD000837,PROD00441,1,15226.43,1590.57,12612.75
ITEM0001398,ORD000837,PROD00173,1,2457.9,78.1,1648.4
ITEM0001399,ORD000838,PROD00129,1,46277.82,3511.18,43814.32
ITEM0001400,ORD000839,PROD00298,1,2198.96,9.04,1435.2
ITEM0001401,ORD000840,PROD00346,1,17638.3,1709.7,14511.0
ITEM0001402,ORD000841,PROD00243,1,2839.82,37.18,1870.05
ITEM0001403,ORD000841,PROD00439,1,2747.08,201.92,2211.75
ITEM0001404,ORD000842,PROD00347,1,4456.61,469.39,3694.5
ITEM0001405,ORD000843,PROD00093,1,13833.21,532.79,12642.08
ITEM0001406,ORD000844,PROD00226,3,3447.04,272.96,2418.0
ITEM0001407,ORD000845,PROD00198,1,2139.67,98.33,1454.7
ITEM0001408,ORD000845,PROD00168,1,1379.13,115.87,971.75
ITEM0001409,ORD000845,PROD00415,2,10145.5,632.5,8083.5
ITEM0001410,ORD000845,PROD00245,1,3465.33,252.67,2416.7
ITEM0001411,ORD000846,PROD00188,1,4781.14,100.86,3173.3
ITEM0001412,ORD000846,PROD00467,3,48744.04,3014.96,38819.25
ITEM0001413,ORD000847,PROD00052,1,70865.91,3899.09,65793.2
ITEM0001414,ORD000848,PROD00239,1,3127.63,212.37,2171.0
ITEM0001415,ORD000848,PROD00366,1,20350.3,2010.7,16770.75
ITEM0001416,ORD000848,PROD00117,1,23893.09,2061.91,22840.4
ITEM0001417,ORD000849,PROD00421,1,2676.41,177.59,2140.5
ITEM0001418,ORD000849,PROD00064,1,69592.17,6225.83,66719.84
ITEM0001419,ORD000850,PROD00003,1,41302.18,5111.82,40844.32
ITEM0001420,ORD000851,PROD00123,1,24573.7,4310.3,25417.92
ITEM0001421,ORD000852,PROD00228,3,8335.61,337.39,5637.45
ITEM0001422,ORD000852,PROD00394,1,17867.84,988.16,14142.0
ITEM0001423,ORD000853,PROD00384,1,1277.91,130.09,1056.0
ITEM0001424,ORD000853,PROD00406,1,8399.99,223.01,6467.25
ITEM0001425,ORD000853,PROD00157,1,42683.96,3352.04,40511.68
ITEM0001426,ORD000854,PROD00059,1,32229.15,3434.85,31384.32
ITEM0001427,ORD000855,PROD00324,2,5117.01,440.99,3612.7
ITEM0001428,ORD000855,PROD00422,1,21904.31,2271.69,18132.0
ITEM0001429,ORD000856,PROD00482,3,54102.37,1349.63,41589.0
ITEM0001430,ORD000856,PROD00342,1,1542.61,154.39,1272.75
ITEM0001431,ORD000857,PROD00382,1,1193.37,82.63,957.0
ITEM0001432,ORD000857,PROD00357,1,16116.96,1394.04,13133.25
ITEM0001433,ORD000858,PROD00100,1,74290.46,22.54,65395.44
ITEM0001434,ORD000859,PROD00011,1,40914.88,6908.12,42084.24
ITEM0001435,ORD000860,PROD00151,1,52532.31,8202.69,53446.8
ITEM0001436,ORD000861,PROD00076,1,55259.26,9747.74,57206.16
ITEM0001437,ORD000862,PROD00362,1,7402.41,332.59,5801.25
ITEM0001438,ORD000862,PROD00377,1,1408.56,47.44,1092.0
ITEM0001439,ORD000862,PROD00353,1,7045.08,609.92,5741.25
ITEM0001440,ORD000862,PROD00240,1,1331.29,115.71,940.55
ITEM0001441,ORD000863,PROD00353,1,7263.28,391.72,5741.25
ITEM0001442,ORD000864,PROD00204,2,9567.7,130.3,6303.7
ITEM0001443,ORD000864,PROD00070,2,86828.41,453.59,76808.16
ITEM0001444,ORD000865,PROD00328,3,9186.18,173.82,6084.0
ITEM0001445,ORD000866,PROD00454,1,24089.82,836.18,18694.5
ITEM0001446,ORD000867,PROD00081,3,159775.96,1081.04,141554.16
ITEM0001447,ORD000868,PROD00164,1,28969.38,1609.62,26909.52
ITEM0001448,ORD000868,PROD00364,1,16094.01,302.99,12297.75
ITEM0001449,ORD000869,PROD00446,3,63872.2,1479.8,49014.0
ITEM0001450,ORD000870,PROD00418,2,19438.43,877.57,15237.0
ITEM0001451,ORD000871,PROD00003,1,41993.59,4420.41,40844.32
ITEM0001452,ORD000871,PROD00167,1,629.73,33.27,430.95
ITEM0001453,ORD000872,PROD00143,1,16831.35,1978.65,16552.8
ITEM0001454,ORD000872,PROD00114,2,59222.19,4807.81,56346.4
ITEM0001455,ORD000873,PROD00188,1,4855.53,26.47,3173.3
ITEM0001456,ORD000874,PROD00115,1,58727.14,2037.86,53473.2
ITEM0001457,ORD000875,PROD00287,1,1988.55,58.45,1330.55
ITEM0001458,ORD000876,PROD00016,1,61353.24,10736.76,63439.2
ITEM0001459,ORD000877,PROD00494,3,22640.08,1503.92,18108.0
ITEM0001460,ORD000878,PROD00149,1,21549.0,2824.0,21448.24
ITEM0001461,ORD000879,PROD00280,1,2913.04,40.96,1920.1
ITEM0001462,ORD000879,PROD00302,2,2557.74,120.26,1740.7
ITEM0001463,ORD000880,PROD00013,1,46572.31,1344.69,42166.96
ITEM0001464,ORD000880,PROD00018,1,18134.25,172.75,16110.16
ITEM0001465,ORD000881,PROD00356,1,18591.35,1762.65,15265.5
ITEM0001466,ORD000881,PROD00488,1,12348.22,1187.78,10152.0
ITEM0001467,ORD000882,PROD00233,1,3435.94,224.06,2379.0
ITEM0001468,ORD000882,PROD00411,1,20433.49,1942.51,16782.0
ITEM0001469,ORD000883,PROD00217,1,2192.18,19.82,1437.8
ITEM0001470,ORD000884,PROD00350,1,9732.1,146.9,7409.25
ITEM0001471,ORD000884,PROD00193,1,2614.29,206.71,1833.65
ITEM0001472,ORD000885,PROD00434,1,12819.48,344.52,9873.0
ITEM0001473,ORD000886,PROD00049,1,9060.63,779.37,8659.2
ITEM0001474,ORD000886,PROD00002,1,26565.86,2545.14,25617.68
ITEM0001475,ORD000887,PROD00397,1,4893.94,472.06,4024.5
ITEM0001476,ORD000887,PROD00431,1,7849.81,198.19,6036.0
ITEM0001477,ORD000888,PROD00373,2,26213.15,2308.85,21391.5
ITEM0001478,ORD000888,PROD00420,2,3118.56,169.44,2466.0
ITEM0001479,ORD000888,PROD00376,1,14272.57,1456.43,11796.75
ITEM0001480,ORD000889,PROD00166,1,3555.02,176.98,2425.8
ITEM0001481,ORD000889,PROD00264,2,3797.13,102.87,2535.0
ITEM0001482,ORD000890,PROD00138,1,35888.67,5169.33,36131.04
ITEM0001483,ORD000890,PROD00009,1,44846.65,225.35,39663.36
ITEM0001484,ORD000890,PROD00099,2,86952.12,1489.88,77828.96
ITEM0001485,ORD000890,PROD00111,1,47739.15,347.85,42316.56
ITEM0001486,ORD000891,PROD00266,1,1097.74,75.26,762.45
ITEM0001487,ORD000891,PROD00369,1,7762.84,526.16,6216.75
ITEM0001488,ORD000891,PROD00422,3,66886.09,5641.91,54396.0
ITEM0001489,ORD000891,PROD00337,3,50762.67,498.33,38445.75
ITEM0001490,ORD000892,PROD00492,1,23150.74,378.26,17646.75
ITEM0001491,ORD000893,PROD00425,1,22982.67,609.33,17694.0
ITEM0001492,ORD000894,PROD00178,1,1490.35,110.65,1040.65
ITEM0001493,ORD000895,PROD00319,1,505.3,23.7,343.85
ITEM0001494,ORD000896,PROD00307,2,2809.8,90.2,1885.0
ITEM0001495,ORD000896,PROD00039,2,63574.27,1449.73,57221.12
ITEM0001496,ORD000897,PROD00222,1,2984.32,250.68,2102.75
ITEM0001497,ORD000898,PROD00201,1,3519.75,260.25,2457.0
ITEM0001498,ORD000898,PROD00182,1,2473.74,19.26,1620.45
ITEM0001499,ORD000899,PROD00156,1,15026.96,1694.04,14714.48
ITEM0001500,ORD000899,PROD00121,1,16912.26,1824.74,16488.56
ITEM0001501,ORD000899,PROD00475,1,21377.72,779.28,16617.75
ITEM0001502,ORD000900,PROD00450,1,17329.72,1495.28,14118.75
ITEM0001503,ORD000901,PROD00076,3,168887.83,26133.17,171618.48
ITEM0001504,ORD000902,PROD00049,1,9694.26,145.74,8659.2
ITEM0001505,ORD000902,PROD00470,1,6465.67,613.33,5309.25
ITEM0001506,ORD000903,PROD00129,1,46025.06,3763.94,43814.32
ITEM0001507,ORD000903,PROD00165,1,20539.49,1045.51,18994.8
ITEM0001508,ORD000903,PROD00279,1,4660.62,225.38,3175.9
ITEM0001509,ORD000904,PROD00139,1,48076.04,1036.96,43219.44
ITEM0001510,ORD000904,PROD00325,1,4477.61,192.39,3035.5
ITEM0001511,ORD000904,PROD00418,1,9603.65,554.35,7618.5
ITEM0001512,ORD000904,PROD00474,1,22337.68,1399.32,17802.75
ITEM0001513,ORD000905,PROD00101,1,65424.2,10412.8,66736.56
ITEM0001514,ORD000905,PROD00092,1,23295.74,507.26,20946.64
ITEM0001515,ORD000906,PROD00276,1,3104.18,43.82,2046.2
ITEM0001516,ORD000906,PROD00121,1,16191.27,2545.73,16488.56
ITEM0001517,ORD000907,PROD00386,3,12720.02,1358.98,10559.25
ITEM0001518,ORD000908,PROD00399,1,8792.05,874.95,7250.25
ITEM0001519,ORD000908,PROD00487,1,10104.17,904.83,8256.75
ITEM0001520,ORD000909,PROD00255,1,1793.16,3.84,1168.05
ITEM0001521,ORD000909,PROD00042,1,36960.49,1718.51,34037.52
ITEM0001522,ORD000910,PROD00389,1,17321.98,476.02,13348.5
ITEM0001523,ORD000911,PROD00451,1,15124.67,1132.33,12192.75
ITEM0001524,ORD000911,PROD00430,1,19454.19,59.81,14635.5
ITEM0001525,ORD000912,PROD00424,2,31845.81,2576.19,25816.5
ITEM0001526,ORD000912,PROD00271,3,10831.02,796.98,7558.2
ITEM0001527,ORD000912,PROD00221,1,518.34,39.66,362.7
ITEM0001528,ORD000913,PROD00247,1,1501.03,95.97,1038.05
ITEM0001529,ORD000913,PROD00331,1,23928.18,235.82,18123.0
ITEM0001530,ORD000914,PROD00261,1,3113.6,196.4,2151.5
ITEM0001531,ORD000915,PROD00329,1,3245.54,126.46,2191.8
ITEM0001532,ORD000916,PROD00097,2,25281.14,4110.86,25864.96
ITEM0001533,ORD000916,PROD00444,1,10781.41,361.59,8357.25
ITEM0001534,ORD000917,PROD00066,1,68175.4,5252.6,64616.64
ITEM0001535,ORD000917,PROD00185,1,947.14,35.86,638.95
ITEM0001536,ORD000917,PROD00454,1,23814.55,1111.45,18694.5
ITEM0001537,ORD000918,PROD00270,2,2092.28,31.72,1380.6
ITEM0001538,ORD000919,PROD00018,1,16848.18,1458.82,16110.16
ITEM0001539,ORD000919,PROD00117,1,24412.35,1542.65,22840.4
ITEM0001540,ORD000919,PROD00365,1,14762.69,759.31,11641.5
ITEM0001541,ORD000920,PROD00389,1,16975.52,822.48,13348.5
ITEM0001542,ORD000920,PROD00384,2,2639.76,176.24,2112.0
ITEM0001543,ORD000920,PROD00408,2,38809.87,3246.13,31542.0
ITEM0001544,ORD000921,PROD00229,1,3893.94,295.06,2722.85
ITEM0001545,ORD000921,PROD00386,1,4246.14,446.86,3519.75
ITEM0001546,ORD000922,PROD00124,1,33251.57,274.43,29502.88
ITEM0001547,ORD000922,PROD00067,3,111131.35,18099.65,113723.28
ITEM0001548,ORD000923,PROD00361,1,16151.56,1016.44,12876.0
ITEM0001549,ORD000924,PROD00269,1,2491.88,108.12,1690.0
ITEM0001550,ORD000924,PROD00341,1,7055.52,384.48,5580.0
ITEM0001551,ORD000925,PROD00448,2,11077.22,372.78,8587.5
ITEM0001552,ORD000925,PROD00116,1,61856.63,8199.37,61649.28
ITEM0001553,ORD000926,PROD00059,1,31660.77,4003.23,31384.32
ITEM0001554,ORD000926,PROD00365,1,14042.98,1479.02,11641.5
ITEM0001555,ORD000927,PROD00236,1,4286.82,205.18,2919.8
ITEM0001556,ORD000927,PROD00110,1,35440.48,3990.52,34699.28
ITEM0001557,ORD000928,PROD00150,1,71114.6,7321.4,69023.68
ITEM0001558,ORD000928,PROD00393,1,6773.83,330.17,5328.0
ITEM0001559,ORD000928,PROD00492,1,22402.69,1126.31,17646.75
ITEM0001560,ORD000929,PROD00011,1,42671.75,5151.25,42084.24
ITEM0001561,ORD000930,PROD00092,1,22316.92,1486.08,20946.64
ITEM0001562,ORD000930,PROD00259,1,3800.78,56.22,2507.05
ITEM0001563,ORD000930,PROD00419,1,3017.07,154.93,2379.0
ITEM0001564,ORD000931,PROD00290,1,1550.72,57.28,1045.2
ITEM0001565,ORD000932,PROD00340,1,9019.37,692.63,7284.0
ITEM0001566,ORD000932,PROD00262,1,2470.21,71.79,1652.3
ITEM0001567,ORD000933,PROD00090,1,10601.06,1127.94,10321.52
ITEM0001568,ORD000933,PROD00248,2,8786.42,537.58,6060.6
ITEM0001569,ORD000933,PROD00440,1,20519.21,841.79,16020.75
ITEM0001570,ORD000934,PROD00102,1,25169.14,4410.86,26030.4
ITEM0001571,ORD000934,PROD00437,1,21802.59,274.41,16557.75
ITEM0001572,ORD000935,PROD00112,2,34811.84,1108.16,31609.6
ITEM0001573,ORD000935,PROD00443,2,40989.92,1388.08,31783.5
ITEM0001574,ORD000936,PROD00248,1,4568.5,93.5,3030.3
ITEM0001575,ORD000936,PROD00255,1,1679.0,118.0,1168.05
ITEM0001576,ORD000937,PROD00166,1,3729.29,2.71,2425.8
ITEM0001577,ORD000937,PROD00025,1,27015.58,2624.42,26083.2
ITEM0001578,ORD000937,PROD00106,1,6619.83,265.17,6058.8
ITEM0001579,ORD000938,PROD00322,2,9261.83,22.17,6034.6
ITEM0001580,ORD000938,PROD00094,1,62011.9,804.1,55278.08
ITEM0001581,ORD000939,PROD00202,1,1034.71,35.29,695.5
ITEM0001582,ORD000939,PROD00455,1,17679.48,1605.52,14463.75
ITEM0001583,ORD000940,PROD00047,1,10561.78,1340.22,10473.76
ITEM0001584,ORD000941,PROD00257,1,3641.9,313.1,2570.75
ITEM0001585,ORD000941,PROD00337,1,16824.48,262.52,12815.25
ITEM0001586,ORD000941,PROD00415,1,5180.52,208.48,4041.75
ITEM0001587,ORD000942,PROD00453,1,18756.97,1490.03,15185.25
ITEM0001588,ORD000942,PROD00186,1,4769.73,80.27,3152.5
ITEM0001589,ORD000942,PROD00167,1,637.83,25.17,430.95
ITEM0001590,ORD000942,PROD00273,1,780.11,5.89,510.9
ITEM0001591,ORD000943,PROD00335,1,14578.17,1287.83,11899.5
ITEM0001592,ORD000944,PROD00348,3,13289.65,96.35,10039.5
ITEM0001593,ORD000945,PROD00404,1,20994.45,1474.55,16851.75
ITEM0001594,ORD000946,PROD00091,2,49130.91,7831.09,50126.56
ITEM0001595,ORD000947,PROD00445,1,4102.11,134.89,3177.75
ITEM0001596,ORD000947,PROD00391,1,13501.0,1233.0,11050.5
ITEM0001597,ORD000948,PROD00032,1,61652.35,1371.65,55461.12
ITEM0001598,ORD000948,PROD00334,2,34283.05,2950.95,27925.5
ITEM0001599,ORD000948,PROD00202,1,1011.89,58.11,695.5
ITEM0001600,ORD000949,PROD00495,3,7372.57,565.43,5953.5
ITEM0001601,ORD000950,PROD00056,1,31447.26,3420.74,30683.84
ITEM0001602,ORD000950,PROD00047,1,10309.52,1592.48,10473.76
ITEM0001603,ORD000951,PROD00324,1,2572.02,206.98,1806.35
ITEM0001604,ORD000951,PROD00344,1,13982.12,937.88,11190.0
ITEM0001605,ORD000951,PROD00127,1,65299.57,8927.43,65319.76
ITEM0001606,ORD000951,PROD00310,1,2910.41,185.59,2012.4
ITEM0001607,ORD000952,PROD00185,1,936.39,46.61,638.95
ITEM0001608,ORD000953,PROD00356,1,19122.27,1231.73,15265.5
ITEM0001609,ORD000954,PROD00361,1,15756.63,1411.37,12876.0
ITEM0001610,ORD000954,PROD00282,1,2664.38,10.62,1738.75
ITEM0001611,ORD000955,PROD00109,3,124886.07,7782.93,116748.72
ITEM0001612,ORD000956,PROD00081,1,50123.91,3495.09,47184.72
ITEM0001613,ORD000957,PROD00247,1,1579.7,17.3,1038.05
ITEM0001614,ORD000958,PROD00321,1,1908.31,9.69,1246.7
ITEM0001615,ORD000959,PROD00224,1,2995.06,139.94,2037.75
ITEM0001616,ORD000959,PROD00342,1,1659.65,37.35,1272.75
ITEM0001617,ORD000959,PROD00465,1,12060.09,1167.91,9921.0
ITEM0001618,ORD000960,PROD00446,1,21771.49,12.51,16338.0
ITEM0001619,ORD000960,PROD00460,1,18297.34,1521.66,14864.25
ITEM0001620,ORD000961,PROD00409,1,2110.23,30.77,1605.75
ITEM0001621,ORD000961,PROD00121,2,34510.81,2963.19,32977.12
ITEM0001622,ORD000962,PROD00412,1,12148.69,519.31,9501.0
ITEM0001623,ORD000962,PROD00464,1,6707.26,106.74,5110.5
ITEM0001624,ORD000963,PROD00212,1,2211.43,65.57,1480.05
ITEM0001625,ORD000964,PROD00053,1,66391.6,11235.4,68311.76
ITEM0001626,ORD000964,PROD00389,3,48325.9,5068.1,40045.5
ITEM0001627,ORD000965,PROD00246,1,797.8,50.2,551.2
ITEM0001628,ORD000966,PROD00347,1,4920.1,5.9,3694.5
ITEM0001629,ORD000966,PROD00174,1,4820.64,42.36,3160.95
ITEM0001630,ORD000966,PROD00278,1,3075.56,166.44,2107.3
ITEM0001631,ORD000967,PROD00412,1,12116.64,551.36,9501.0
ITEM0001632,ORD000967,PROD00495,1,2527.85,118.15,1984.5
ITEM0001633,ORD000967,PROD00134,2,66275.99,8148.01,65493.12
ITEM0001634,ORD000968,PROD00152,1,58241.95,2196.05,53185.44
ITEM0001635,ORD000968,PROD00199,1,4173.26,102.74,2779.4
ITEM0001636,ORD000969,PROD00102,3,81057.46,7682.54,78091.2
ITEM0001637,ORD000970,PROD00221,2,1100.8,15.2,725.4
ITEM0001638,ORD000971,PROD00112,1,15572.93,2387.07,15804.8
ITEM0001639,ORD000971,PROD00249,1,2408.15,56.85,1602.25
ITEM0001640,ORD000971,PROD00149,1,23191.64,1181.36,21448.24
ITEM0001641,ORD000972,PROD00002,1,25829.25,3281.75,25617.68
ITEM0001642,ORD000972,PROD00130,1,57496.11,4442.89,54506.32
ITEM0001643,ORD000973,PROD00139,2,91053.36,7172.64,86438.88
ITEM0001644,ORD000973,PROD00182,1,2299.5,193.5,1620.45
ITEM0001645,ORD000974,PROD00298,1,2109.67,98.33,1435.2
ITEM0001646,ORD000975,PROD00200,1,2156.05,35.95,1424.8
ITEM0001647,ORD000976,PROD00413,1,14574.53,1177.47,11814.0
ITEM0001648,ORD000977,PROD00232,1,3030.82,207.18,2104.7
ITEM0001649,ORD000977,PROD00060,1,47729.92,1884.08,43660.32
ITEM0001650,ORD000978,PROD00034,1,24082.25,2227.75,23152.8
ITEM0001651,ORD000978,PROD00471,1,9987.64,502.36,7867.5
ITEM0001652,ORD000978,PROD00223,1,4768.2,191.8,3224.0
ITEM0001653,ORD000979,PROD00260,1,518.87,19.13,349.7
ITEM0001654,ORD000979,PROD00141,1,6995.88,974.12,7013.6
ITEM0001655,ORD000980,PROD00388,1,7080.76,243.24,5493.0
ITEM0001656,ORD000980,PROD00289,1,474.48,35.52,331.5
ITEM0001657,ORD000980,PROD00427,1,21729.71,2343.29,18054.75
ITEM0001658,ORD000981,PROD00399,1,9609.25,57.75,7250.25
ITEM0001659,ORD000982,PROD00225,1,3920.31,103.69,2615.6
ITEM0001660,ORD000983,PROD00293,1,553.26,13.74,368.55
ITEM0001661,ORD000984,PROD00446,1,19647.7,2136.3,16338.0
ITEM0001662,ORD000985,PROD00397,3,15443.75,654.25,12073.5
ITEM0001663,ORD000986,PROD00189,1,1276.86,50.14,862.55
ITEM0001664,ORD000987,PROD00293,3,1679.71,21.29,1105.65
ITEM0001665,ORD000987,PROD00203,1,3124.54,186.46,2152.15
ITEM0001666,ORD000988,PROD00251,1,4313.23,168.77,2913.3
ITEM0001667,ORD000988,PROD00392,1,1661.9,97.1,1319.25
ITEM0001668,ORD000988,PROD00323,1,4586.9,308.1,3181.75
ITEM0001669,ORD000989,PROD00025,2,55228.3,4051.7,52166.4
ITEM0001670,ORD000989,PROD00302,1,1251.92,87.08,870.35
ITEM0001671,ORD000990,PROD00014,1,29498.31,5179.69,30516.64
ITEM0001672,ORD000990,PROD00292,1,2194.26,58.74,1464.45
ITEM0001673,ORD000990,PROD00256,1,4957.58,4.42,3225.3
ITEM0001674,ORD000991,PROD00187,1,3073.88,113.12,2071.55
ITEM0001675,ORD000992,PROD00396,1,13013.15,958.85,10479.0
ITEM0001676,ORD000993,PROD00354,1,10604.88,391.12,8247.0
ITEM0001677,ORD000993,PROD00487,1,10834.69,174.31,8256.75
ITEM0001678,ORD000994,PROD00344,1,14395.97,524.03,11190.0
ITEM0001679,ORD000995,PROD00300,1,1501.36,98.64,1040.0
ITEM0001680,ORD000996,PROD00162,1,5693.06,864.94,5771.04
ITEM0001681,ORD000996,PROD00284,1,3316.78,241.22,2312.7
ITEM0001682,ORD000997,PROD00156,1,15894.99,826.01,14714.48
ITEM0001683,ORD000998,PROD00187,1,3087.09,99.91,2071.55
ITEM0001684,ORD000999,PROD00446,1,20975.91,808.09,16338.0
ITEM0001685,ORD001000,PROD00043,2,101926.51,6657.49,95553.92
ITEM0001686,ORD001000,PROD00409,1,2102.1,38.9,1605.75
ITEM0001687,ORD001000,PROD00098,1,21194.73,1848.27,20277.84
ITEM0001688,ORD001001,PROD00424,2,32757.68,1664.32,25816.5
ITEM0001689,ORD001002,PROD00450,1,18281.36,543.64,14118.75
ITEM0001690,ORD001002,PROD00417,3,27711.07,1685.93,22047.75
ITEM0001691,ORD001002,PROD00286,1,791.64,14.36,523.9
ITEM0001692,ORD001002,PROD00395,1,5059.87,125.13,3888.75
ITEM0001693,ORD001003,PROD00425,3,68143.28,2632.72,53082.0
ITEM0001694,ORD001004,PROD00105,3,184171.02,12541.98,173107.44
ITEM0001695,ORD001005,PROD00083,1,45223.32,2845.68,42300.72
ITEM0001696,ORD001006,PROD00247,1,1477.67,119.33,1038.05
ITEM0001697,ORD001007,PROD00149,1,24362.01,10.99,21448.24
ITEM0001698,ORD001008,PROD00247,1,1551.8,45.2,1038.05
ITEM0001699,ORD001008,PROD00461,1,14275.96,56.04,10749.0
ITEM0001700,ORD001009,PROD00315,1,3906.68,20.32,2552.55
ITEM0001701,ORD001009,PROD00378,1,8385.55,841.45,6920.25
ITEM0001702,ORD001010,PROD00249,1,2315.9,149.1,1602.25
ITEM0001703,ORD001011,PROD00079,2,54611.19,134.81,48176.48
ITEM0001704,ORD001011,PROD00148,1,43796.57,2572.43,40804.72
ITEM0001705,ORD001012,PROD00297,1,3818.61,119.39,2559.7
ITEM0001706,ORD001012,PROD00126,1,31934.2,579.8,28612.32
ITEM0001707,ORD001013,PROD00188,3,14541.33,104.67,9519.9
ITEM0001708,ORD001013,PROD00323,1,4888.48,6.52,3181.75
ITEM0001709,ORD001013,PROD00196,1,1525.48,85.52,1047.15
ITEM0001710,ORD001014,PROD00172,1,583.41,1.59,380.25
ITEM0001711,ORD001015,PROD00012,1,28480.6,4398.4,28933.52
ITEM0001712,ORD001016,PROD00311,1,2119.66,111.34,1450.15
ITEM0001713,ORD001017,PROD00423,2,42881.54,4346.46,35421.0
ITEM0001714,ORD001017,PROD00260,1,509.79,28.21,349.7
ITEM0001715,ORD001018,PROD00446,1,20993.63,790.37,16338.0
ITEM0001716,ORD001019,PROD00269,1,2586.56,13.44,1690.0
ITEM0001717,ORD001019,PROD00374,1,9998.19,305.81,7728.0
ITEM0001718,ORD001019,PROD00114,1,31131.49,883.51,28173.2
ITEM0001719,ORD001020,PROD00425,1,21935.02,1656.98,17694.0
ITEM0001720,ORD001020,PROD00364,1,16339.25,57.75,12297.75
ITEM0001721,ORD001021,PROD00465,2,25004.17,1451.83,19842.0
ITEM0001722,ORD001022,PROD00445,1,4060.27,176.73,3177.75
ITEM0001723,ORD001022,PROD00390,1,20028.18,1841.82,16402.5
ITEM0001724,ORD001022,PROD00279,1,4882.0,4.0,3175.9
ITEM0001725,ORD001023,PROD00297,1,3796.92,141.08,2559.7
ITEM0001726,ORD001024,PROD00060,1,46590.38,3023.62,43660.32
ITEM0001727,ORD001024,PROD00455,1,18203.21,1081.79,14463.75
ITEM0001728,ORD001025,PROD00151,1,59745.79,989.21,53446.8
ITEM0001729,ORD001026,PROD00130,1,53321.92,8617.08,54506.32
ITEM0001730,ORD001027,PROD00080,2,151911.34,5160.66,138223.36
ITEM0001731,ORD001028,PROD00203,1,3268.14,42.86,2152.15
ITEM0001732,ORD001028,PROD00089,1,16968.03,2601.97,17221.6
ITEM0001733,ORD001029,PROD00483,1,20599.18,777.82,16032.75
ITEM0001734,ORD001029,PROD00159,1,68425.11,7151.89,66507.76
ITEM0001735,ORD001030,PROD00463,1,6944.25,62.75,5255.25
ITEM0001736,ORD001030,PROD00119,1,52089.69,4187.31,49523.76
ITEM0001737,ORD001031,PROD00481,2,8995.19,74.81,6802.5
ITEM0001738,ORD001032,PROD00171,1,1082.34,70.66,749.45
ITEM0001739,ORD001032,PROD00019,1,67441.48,4651.52,63441.84
ITEM0001740,ORD001032,PROD00435,1,8563.98,306.02,6652.5
ITEM0001741,ORD001033,PROD00379,1,3685.81,403.19,3066.75
ITEM0001742,ORD001033,PROD00306,1,3990.6,222.4,2738.45
ITEM0001743,ORD001034,PROD00478,1,6618.39,29.61,4986.0
ITEM0001744,ORD001034,PROD00374,1,9804.15,499.85,7728.0
ITEM0001745,ORD001034,PROD00419,1,3165.36,6.64,2379.0
ITEM0001746,ORD001035,PROD00305,1,2645.33,70.67,1765.4
ITEM0001747,ORD001036,PROD00214,2,9139.57,210.43,6077.5
ITEM0001748,ORD001036,PROD00002,1,27753.0,1358.0,25617.68
ITEM0001749,ORD001036,PROD00361,1,15858.25,1309.75,12876.0
ITEM0001750,ORD001037,PROD00098,1,22507.52,535.48,20277.84
ITEM0001751,ORD001037,PROD00181,1,1446.97,46.03,970.45
ITEM0001752,ORD001038,PROD00079,2,53039.39,1706.61,48176.48
ITEM0001753,ORD001039,PROD00038,2,62901.43,5944.57,60584.48
ITEM0001754,ORD001040,PROD00186,2,9436.73,263.27,6305.0
ITEM0001755,ORD001040,PROD00396,1,12710.87,1261.13,10479.0
ITEM0001756,ORD001040,PROD00073,1,71777.84,671.16,63755.12
ITEM0001757,ORD001041,PROD00357,1,16686.56,824.44,13133.25
ITEM0001758,ORD001041,PROD00007,1,20426.77,593.23,18497.6
ITEM0001759,ORD001042,PROD00109,1,43524.36,698.64,38916.24
ITEM0001760,ORD001042,PROD00251,1,4427.7,54.3,2913.3
ITEM0001761,ORD001043,PROD00065,1,50623.51,8062.49,51643.68
ITEM0001762,ORD001044,PROD00467,1,16375.34,877.66,12939.75
ITEM0001763,ORD001045,PROD00276,1,3032.71,115.29,2046.2
ITEM0001764,ORD001045,PROD00229,1,3959.11,229.89,2722.85
ITEM0001765,ORD001046,PROD00404,1,21531.86,937.14,16851.75
ITEM0001766,ORD001047,PROD00385,1,20323.88,1080.12,16053.0
ITEM0001767,ORD001047,PROD00453,1,19025.02,1221.98,15185.25
ITEM0001768,ORD001048,PROD00333,1,11522.75,246.25,8826.75
ITEM0001769,ORD001048,PROD00217,1,2178.13,33.87,1437.8
ITEM0001770,ORD001048,PROD00460,1,18031.44,1787.56,14864.25
ITEM0001771,ORD001048,PROD00225,1,3957.56,66.44,2615.6
ITEM0001772,ORD001049,PROD00155,2,98973.66,8980.34,94999.52
ITEM0001773,ORD001049,PROD00022,1,50224.31,1468.69,45489.84
ITEM0001774,ORD001050,PROD00050,1,18524.81,1176.19,17336.88
ITEM0001775,ORD001050,PROD00263,1,2725.22,190.78,1895.4
ITEM0001776,ORD001051,PROD00447,1,5445.93,287.07,4299.75
ITEM0001777,ORD001052,PROD00489,1,17726.79,503.21,13672.5
ITEM0001778,ORD001052,PROD00100,2,128693.15,19932.85,130790.88
ITEM0001779,ORD001052,PROD00037,1,41954.05,3728.95,40201.04
ITEM0001780,ORD001053,PROD00441,1,15465.81,1351.19,12612.75
ITEM0001781,ORD001054,PROD00216,2,4923.39,94.61,3261.7
ITEM0001782,ORD001055,PROD00211,2,2172.26,119.74,1489.8
ITEM0001783,ORD001056,PROD00328,1,3083.91,36.09,2028.0
ITEM0001784,ORD001057,PROD00357,2,31891.88,3130.12,26266.5
ITEM0001785,ORD001057,PROD00075,3,130030.92,1966.08,116157.36
ITEM0001786,ORD001058,PROD00065,1,54026.04,4659.96,51643.68
ITEM0001787,ORD001059,PROD00456,1,15024.78,1528.22,12414.75
ITEM0001788,ORD001060,PROD00033,1,46473.13,8189.87,48103.44
ITEM0001789,ORD001061,PROD00272,1,1042.9,84.1,732.55
ITEM0001790,ORD001062,PROD00391,1,13363.75,1370.25,11050.5
ITEM0001791,ORD001063,PROD00489,1,16433.18,1796.82,13672.5
ITEM0001792,ORD001064,PROD00387,1,12196.43,242.57,9329.25
ITEM0001793,ORD001064,PROD00102,1,25614.83,3965.17,26030.4
ITEM0001794,ORD001065,PROD00341,1,7081.11,358.89,5580.0
ITEM0001795,ORD001065,PROD00201,1,3482.15,297.85,2457.0
ITEM0001796,ORD001065,PROD00091,2,52754.46,4207.54,50126.56
ITEM0001797,ORD001065,PROD00204,1,4722.4,126.6,3151.85
ITEM0001798,ORD001066,PROD00316,1,4495.67,61.33,2962.05
ITEM0001799,ORD001066,PROD00088,1,71653.74,1282.26,64183.68
ITEM0001800,ORD001067,PROD00089,1,18238.71,1331.29,17221.6
ITEM0001801,ORD001068,PROD00058,2,143702.61,5571.39,131361.12
ITEM0001802,ORD001068,PROD00152,1,52770.62,7667.38,53185.44
ITEM0001803,ORD001068,PROD00304,1,2461.24,161.76,1704.95
ITEM0001804,ORD001068,PROD00344,1,14569.79,350.21,11190.0
ITEM0001805,ORD001069,PROD00308,1,4620.91,211.09,3140.8
ITEM0001806,ORD001070,PROD00089,3,52074.12,6635.88,51664.8
ITEM0001807,ORD001070,PROD00378,1,8847.69,379.31,6920.25
ITEM0001808,ORD001071,PROD00185,1,932.02,50.98,638.95
ITEM0001809,ORD001071,PROD00327,1,2509.1,198.9,1760.2
ITEM0001810,ORD001072,PROD00448,1,5296.95,428.05,4293.75
ITEM0001811,ORD001073,PROD00060,1,48907.08,706.92,43660.32
ITEM0001812,ORD001073,PROD00228,2,5414.91,367.09,3758.3
ITEM0001813,ORD001074,PROD00145,1,58320.29,8022.71,58381.84
ITEM0001814,ORD001074,PROD00099,1,41430.99,2790.01,38914.48
ITEM0001815,ORD001074,PROD00108,1,74146.94,205.06,65429.76
ITEM0001816,ORD001075,PROD00347,1,4472.18,453.82,3694.5
ITEM0001817,ORD001076,PROD00086,3,192789.04,26642.96,193100.16
ITEM0001818,ORD001077,PROD00381,1,23562.15,946.85,18381.75
ITEM0001819,ORD001077,PROD00142,2,51929.83,1828.17,47307.04
ITEM0001820,ORD001078,PROD00489,1,18037.85,192.15,13672.5
ITEM0001821,ORD001079,PROD00407,1,3665.23,119.77,2838.75
ITEM0001822,ORD001080,PROD00310,1,2954.16,141.84,2012.4
ITEM0001823,ORD001081,PROD00003,2,82286.19,10541.81,81688.64
ITEM0001824,ORD001082,PROD00327,2,4983.7,432.3,3520.4
ITEM0001825,ORD001082,PROD00184,1,821.02,24.98,549.9
ITEM0001826,ORD001082,PROD00081,1,50142.89,3476.11,47184.72
ITEM0001827,ORD001083,PROD00077,1,47107.79,6481.21,47158.32
ITEM0001828,ORD001084,PROD00028,1,48879.78,6126.22,48405.28
ITEM0001829,ORD001084,PROD00204,1,4734.62,114.38,3151.85
ITEM0001830,ORD001085,PROD00228,1,2737.36,153.64,1879.15
ITEM0001831,ORD001086,PROD00099,1,39489.21,4731.79,38914.48
ITEM0001832,ORD001087,PROD00356,1,19645.93,708.07,15265.5
ITEM0001833,ORD001087,PROD00406,1,8517.78,105.22,6467.25
ITEM0001834,ORD001088,PROD00466,1,3305.74,254.26,2670.0
ITEM0001835,ORD001088,PROD00433,1,9151.7,719.3,7403.25
ITEM0001836,ORD001088,PROD00474,2,47005.75,468.25,35605.5
ITEM0001837,ORD001088,PROD00269,3,7602.04,197.96,5070.0
ITEM0001838,ORD001089,PROD00135,1,66396.32,3049.68,61112.48
ITEM0001839,ORD001090,PROD00495,1,2588.63,57.37,1984.5
ITEM0001840,ORD001091,PROD00241,1,1319.18,9.82,863.85
ITEM0001841,ORD001091,PROD00459,2,18758.98,1.02,14070.0
ITEM0001842,ORD001091,PROD00431,1,7567.44,480.56,6036.0
ITEM0001843,ORD001091,PROD00454,1,22573.16,2352.84,18694.5
ITEM0001844,ORD001092,PROD00099,1,38299.05,5921.95,38914.48
ITEM0001845,ORD001093,PROD00453,1,20188.43,58.57,15185.25
ITEM0001846,ORD001093,PROD00465,1,12367.85,860.15,9921.0
ITEM0001847,ORD001094,PROD00273,1,780.31,5.69,510.9
ITEM0001848,ORD001095,PROD00084,2,136577.72,23110.28,140525.44
ITEM0001849,ORD001095,PROD00016,1,67973.51,4116.49,63439.2
ITEM0001850,ORD001096,PROD00292,1,2099.42,153.58,1464.45
ITEM0001851,ORD001096,PROD00033,2,94387.61,14938.39,96206.88
ITEM0001852,ORD001097,PROD00364,2,31358.65,1435.35,24595.5
ITEM0001853,ORD001098,PROD00216,2,4935.39,82.61,3261.7
ITEM0001854,ORD001099,PROD00432,1,6151.95,76.05,4671.0
ITEM0001855,ORD001100,PROD00203,2,6545.45,76.55,4304.3
ITEM0001856,ORD001101,PROD00330,1,1303.54,112.46,920.4
ITEM0001857,ORD001102,PROD00472,1,1425.29,32.71,1093.5
ITEM0001858,ORD001102,PROD00262,2,4701.11,382.89,3304.6
ITEM0001859,ORD001102,PROD00134,2,73332.24,1091.76,65493.12
ITEM0001860,ORD001103,PROD00217,1,2200.56,11.44,1437.8
ITEM0001861,ORD001103,PROD00201,1,3693.32,86.68,2457.0
ITEM0001862,ORD001104,PROD00485,1,1973.82,187.18,1620.75
ITEM0001863,ORD001105,PROD00331,1,23931.72,232.28,18123.0
ITEM0001864,ORD001105,PROD00421,2,5436.41,271.59,4281.0
ITEM0001865,ORD001106,PROD00346,1,17910.77,1437.23,14511.0
ITEM0001866,ORD001106,PROD00149,1,22059.75,2313.25,21448.24
ITEM0001867,ORD001107,PROD00435,1,8303.23,566.77,6652.5
ITEM0001868,ORD001108,PROD00232,1,3224.14,13.86,2104.7
ITEM0001869,ORD001109,PROD00141,1,7584.2,385.8,7013.6
ITEM0001870,ORD001109,PROD00055,2,130081.0,5667.0,119458.24
ITEM0001871,ORD001110,PROD00137,1,14596.54,860.46,13602.16
ITEM0001872,ORD001111,PROD00222,1,3226.09,8.91,2102.75
ITEM0001873,ORD001111,PROD00389,1,16904.61,893.39,13348.5
ITEM0001874,ORD001112,PROD00040,2,101829.93,11992.07,100163.36
ITEM0001875,ORD001112,PROD00341,1,7202.09,237.91,5580.0
ITEM0001876,ORD001113,PROD00010,1,51988.34,6566.66,51528.4
ITEM0001877,ORD001114,PROD00230,1,2368.45,148.55,1636.05
ITEM0001878,ORD001114,PROD00138,1,37580.43,3477.57,36131.04
ITEM0001879,ORD001115,PROD00307,2,2864.47,35.53,1885.0
ITEM0001880,ORD001115,PROD00180,1,3291.19,71.81,2185.95
ITEM0001881,ORD001115,PROD00248,1,4516.33,145.67,3030.3
ITEM0001882,ORD001116,PROD00311,2,4359.19,102.81,2900.3
ITEM0001883,ORD001116,PROD00326,1,4006.42,214.58,2743.65
ITEM0001884,ORD001117,PROD00370,2,46809.35,3180.65,37492.5
ITEM0001885,ORD001117,PROD00371,2,16675.1,660.9,13002.0
ITEM0001886,ORD001118,PROD00014,3,88477.37,15556.63,91549.92
ITEM0001887,ORD001118,PROD00262,1,2531.03,10.97,1652.3
ITEM0001888,ORD001119,PROD00492,1,23251.95,277.05,17646.75
ITEM0001889,ORD001120,PROD00077,2,104602.66,2575.34,94316.64
ITEM0001890,ORD001120,PROD00399,1,9588.4,78.6,7250.25
ITEM0001891,ORD001121,PROD00423,1,23108.21,505.79,17710.5
ITEM0001892,ORD001121,PROD00354,2,19918.43,2073.57,16494.0
ITEM0001893,ORD001122,PROD00359,1,2827.98,302.02,2347.5
ITEM0001894,ORD001123,PROD00363,1,18695.9,273.1,14226.75
ITEM0001895,ORD001124,PROD00093,2,28295.71,436.29,25284.16
ITEM0001896,ORD001125,PROD00095,1,56826.33,8827.67,57775.52
ITEM0001897,ORD001125,PROD00018,1,17292.02,1014.98,16110.16
ITEM0001898,ORD001125,PROD00225,1,4002.91,21.09,2615.6
ITEM0001899,ORD001126,PROD00169,3,4445.13,48.87,2921.1
ITEM0001900,ORD001127,PROD00414,2,30411.74,1854.26,24199.5
ITEM0001901,ORD001127,PROD00465,1,12105.75,1122.25,9921.0
ITEM0001902,ORD001127,PROD00002,1,26963.93,2147.07,25617.68
ITEM0001903,ORD001128,PROD00152,1,58526.45,1911.55,53185.44
ITEM0001904,ORD001128,PROD00344,1,14242.88,677.12,11190.0
ITEM0001905,ORD001128,PROD00402,1,8892.36,691.64,7188.0
ITEM0001906,ORD001129,PROD00066,1,72286.17,1141.83,64616.64
ITEM0001907,ORD001129,PROD00299,1,3756.41,201.59,2572.7
ITEM0001908,ORD001129,PROD00077,1,51921.23,1667.77,47158.32
ITEM0001909,ORD001129,PROD00044,1,56986.05,4375.95,53998.56
ITEM0001910,ORD001130,PROD00445,3,12356.47,354.53,9533.25
ITEM0001911,ORD001130,PROD00134,1,32879.43,4332.57,32746.56
ITEM0001912,ORD001130,PROD00208,1,3570.97,222.03,2465.45
ITEM0001913,ORD001131,PROD00093,1,13999.39,366.61,12642.08
ITEM0001914,ORD001132,PROD00454,1,22918.63,2007.37,18694.5
ITEM0001915,ORD001133,PROD00156,1,14629.79,2091.21,14714.48
ITEM0001916,ORD001133,PROD00107,1,47927.03,85.97,42251.44
ITEM0001917,ORD001134,PROD00106,1,6709.99,175.01,6058.8
ITEM0001918,ORD001135,PROD00284,1,3542.61,15.39,2312.7
ITEM0001919,ORD001135,PROD00096,1,64330.44,11292.56,66548.24
ITEM0001920,ORD001135,PROD00072,1,38532.85,2765.15,36342.24
ITEM0001921,ORD001136,PROD00432,1,5783.09,444.91,4671.0
ITEM0001922,ORD001136,PROD00279,1,4578.48,307.52,3175.9
ITEM0001923,ORD001137,PROD00143,1,16720.88,2089.12,16552.8
ITEM0001924,ORD001137,PROD00333,1,11623.89,145.11,8826.75
ITEM0001925,ORD001138,PROD00295,1,1646.43,22.57,1084.85
ITEM0001926,ORD001139,PROD00452,1,1746.37,175.63,1441.5
ITEM0001927,ORD001139,PROD00008,2,120580.21,6117.79,111494.24
ITEM0001928,ORD001140,PROD00283,1,805.58,45.42,553.15
ITEM0001929,ORD001141,PROD00290,1,1578.11,29.89,1045.2
ITEM0001930,ORD001142,PROD00467,1,16403.89,849.11,12939.75
ITEM0001931,ORD001143,PROD00264,1,1894.76,55.24,1267.5
ITEM0001932,ORD001144,PROD00052,2,144262.25,5267.75,131586.4
ITEM0001933,ORD001144,PROD00165,1,20140.16,1444.84,18994.8
ITEM0001934,ORD001144,PROD00453,1,19414.92,832.08,15185.25
ITEM0001935,ORD001144,PROD00436,1,18109.09,939.91,14286.75
ITEM0001936,ORD001145,PROD00047,1,10140.06,1761.94,10473.76
ITEM0001937,ORD001145,PROD00052,1,66948.75,7816.25,65793.2
ITEM0001938,ORD001146,PROD00381,1,23307.88,1201.12,18381.75
ITEM0001939,ORD001146,PROD00113,1,34821.03,5026.97,35066.24
ITEM0001940,ORD001146,PROD00014,1,34381.13,296.87,30516.64
ITEM0001941,ORD001147,PROD00397,1,5058.94,307.06,4024.5
ITEM0001942,ORD001147,PROD00486,1,7284.92,20.08,5478.75
ITEM0001943,ORD001148,PROD00459,1,8456.1,923.9,7035.0
ITEM0001944,ORD001149,PROD00201,1,3698.26,81.74,2457.0
ITEM0001945,ORD001150,PROD00139,2,94633.37,3592.63,86438.88
ITEM0001946,ORD001151,PROD00484,2,5072.25,309.75,4036.5
ITEM0001947,ORD001151,PROD00169,1,1457.82,40.18,973.7
ITEM0001948,ORD001152,PROD00320,1,1902.11,19.89,1249.3
ITEM0001949,ORD001153,PROD00373,1,13478.45,782.55,10695.75
ITEM0001950,ORD001153,PROD00018,1,16644.71,1662.29,16110.16
ITEM0001951,ORD001153,PROD00319,2,1031.44,26.56,687.7
ITEM0001952,ORD001154,PROD00051,1,9957.82,1362.18,9961.6
ITEM0001953,ORD001154,PROD00292,3,6534.92,224.08,4393.35
ITEM0001954,ORD001155,PROD00165,3,60416.11,4338.89,56984.4
ITEM0001955,ORD001155,PROD00223,3,14050.26,829.74,9672.0
ITEM0001956,ORD001155,PROD00168,1,1485.5,9.5,971.75
ITEM0001957,ORD001156,PROD00162,1,5646.56,911.44,5771.04
ITEM0001958,ORD001157,PROD00473,1,9214.96,469.04,7263.0
ITEM0001959,ORD001157,PROD00354,3,32956.27,31.73,24741.0
ITEM0001960,ORD001157,PROD00341,1,7403.91,36.09,5580.0
ITEM0001961,ORD001158,PROD00377,1,1450.84,5.16,1092.0
ITEM0001962,ORD001158,PROD00306,3,12566.65,72.35,8215.35
ITEM0001963,ORD001159,PROD00179,1,3068.14,12.86,2002.65
ITEM0001964,ORD001159,PROD00378,1,9209.37,17.63,6920.25
ITEM0001965,ORD001160,PROD00184,1,828.58,17.42,549.9
ITEM0001966,ORD001161,PROD00012,1,30845.38,2033.62,28933.52
ITEM0001967,ORD001162,PROD00406,1,7991.97,631.03,6467.25
ITEM0001968,ORD001163,PROD00010,3,161130.56,14534.44,154585.2
ITEM0001969,ORD001163,PROD00145,1,57787.96,8555.04,58381.84
ITEM0001970,ORD001164,PROD00043,3,149918.95,12957.05,143330.88
ITEM0001971,ORD001165,PROD00260,1,499.59,38.41,349.7
ITEM0001972,ORD001165,PROD00058,1,70337.27,4299.73,65680.56
ITEM0001973,ORD001166,PROD00061,1,24071.09,2387.91,23283.92
ITEM0001974,ORD001166,PROD00189,1,1315.44,11.56,862.55
ITEM0001975,ORD001167,PROD00398,1,12336.59,88.41,9318.75
ITEM0001976,ORD001168,PROD00439,1,2736.16,212.84,2211.75
ITEM0001977,ORD001169,PROD00321,1,1770.33,147.67,1246.7
ITEM0001978,ORD001170,PROD00299,1,3939.66,18.34,2572.7
ITEM0001979,ORD001170,PROD00235,1,2271.32,189.68,1599.65
ITEM0001980,ORD001171,PROD00195,1,976.39,22.61,649.35
ITEM0001981,ORD001172,PROD00129,1,42757.74,7031.26,43814.32
ITEM0001982,ORD001172,PROD00350,1,9696.02,182.98,7409.25
ITEM0001983,ORD001173,PROD00443,1,20919.91,269.09,15891.75
ITEM0001984,ORD001174,PROD00478,1,6175.83,472.17,4986.0
ITEM0001985,ORD001174,PROD00365,1,14811.78,710.22,11641.5
ITEM0001986,ORD001175,PROD00469,3,15607.5,1561.5,12876.75
ITEM0001987,ORD001175,PROD00428,1,9612.82,303.18,7437.0
ITEM0001988,ORD001175,PROD00154,2,62082.3,5853.7,59783.68
ITEM0001989,ORD001176,PROD00131,2,145305.55,5300.45,132533.28
ITEM0001990,ORD001177,PROD00287,2,3929.21,164.79,2661.1
ITEM0001991,ORD001177,PROD00380,1,8064.85,555.15,6465.0
ITEM0001992,ORD001178,PROD00345,2,36629.83,1598.17,28671.0
ITEM0001993,ORD001179,PROD00272,1,1104.62,22.38,732.55
ITEM0001994,ORD001180,PROD00233,1,3622.87,37.13,2379.0
ITEM0001995,ORD001181,PROD00222,1,2989.04,245.96,2102.75
ITEM0001996,ORD001182,PROD00308,2,9537.45,126.55,6281.6
ITEM0001997,ORD001182,PROD00098,2,45213.73,872.27,40555.68
ITEM0001998,ORD001183,PROD00223,1,4624.52,335.48,3224.0
ITEM0001999,ORD001183,PROD00443,2,40127.95,2250.05,31783.5
ITEM0002000,ORD001184,PROD00060,1,44757.27,4856.73,43660.32
ITEM0002001,ORD001184,PROD00014,1,33572.34,1105.66,30516.64
ITEM0002002,ORD001184,PROD00322,2,8844.89,439.11,6034.6
ITEM0002003,ORD001185,PROD00156,1,14298.2,2422.8,14714.48
ITEM0002004,ORD001185,PROD00439,2,5311.53,586.47,4423.5
ITEM0002005,ORD001185,PROD00143,1,17807.13,1002.87,16552.8
ITEM0002006,ORD001185,PROD00402,1,8771.8,812.2,7188.0
ITEM0002007,ORD001186,PROD00010,1,55393.25,3161.75,51528.4
ITEM0002008,ORD001187,PROD00426,1,18973.49,1410.51,15288.0
ITEM0002009,ORD001188,PROD00190,1,4381.48,232.52,2999.1
ITEM0002010,ORD001189,PROD00282,1,2523.16,151.84,1738.75
ITEM0002011,ORD001189,PROD00138,1,38653.79,2404.21,36131.04
ITEM0002012,ORD001189,PROD00183,2,7506.91,481.09,5192.2
ITEM0002013,ORD001189,PROD00173,1,2486.9,49.1,1648.4
ITEM0002014,ORD001190,PROD00464,3,20388.06,53.94,15331.5
ITEM0002015,ORD001191,PROD00352,1,2048.86,101.14,1612.5
ITEM0002016,ORD001192,PROD00397,1,5157.22,208.78,4024.5
ITEM0002017,ORD001193,PROD00485,1,2035.43,125.57,1620.75
ITEM0002018,ORD001194,PROD00219,1,2400.64,81.36,1613.3
ITEM0002019,ORD001194,PROD00419,1,2978.47,193.53,2379.0
ITEM0002020,ORD001194,PROD00207,1,3421.51,183.49,2343.25
ITEM0002021,ORD001195,PROD00277,1,2042.85,134.15,1415.05
ITEM0002022,ORD001195,PROD00089,3,51629.78,7080.22,51664.8
ITEM0002023,ORD001196,PROD00309,1,2363.44,19.56,1548.95
ITEM0002024,ORD001196,PROD00426,1,19409.24,974.76,15288.0
ITEM0002025,ORD001197,PROD00143,1,16006.13,2803.87,16552.8
ITEM0002026,ORD001197,PROD00252,1,1977.72,10.28,1292.2
ITEM0002027,ORD001198,PROD00171,1,1075.85,77.15,749.45
ITEM0002028,ORD001199,PROD00019,1,65535.01,6557.99,63441.84
ITEM0002029,ORD001200,PROD00320,1,1913.78,8.22,1249.3
ITEM0002030,ORD001200,PROD00261,1,3304.4,5.6,2151.5
ITEM0002031,ORD001201,PROD00423,1,23570.59,43.41,17710.5
ITEM0002032,ORD001202,PROD00426,2,40052.15,715.85,30576.0
ITEM0002033,ORD001202,PROD00222,1,3073.63,161.37,2102.75
ITEM0002034,ORD001202,PROD00294,1,2662.19,0.81,1730.95
ITEM0002035,ORD001203,PROD00314,1,818.85,48.15,563.55
ITEM0002036,ORD001203,PROD00061,1,25266.25,1192.75,23283.92
ITEM0002037,ORD001204,PROD00278,1,3122.14,119.86,2107.3
ITEM0002038,ORD001205,PROD00303,1,2448.35,207.65,1726.4
ITEM0002039,ORD001206,PROD00289,2,958.85,61.15,663.0
ITEM0002040,ORD001207,PROD00349,1,12787.16,786.84,10180.5
ITEM0002041,ORD001208,PROD00286,1,774.94,31.06,523.9
ITEM0002042,ORD001208,PROD00346,2,36080.4,2615.6,29022.0
ITEM0002043,ORD001209,PROD00154,1,31552.65,2415.35,29891.84
ITEM0002044,ORD001210,PROD00028,1,54925.73,80.27,48405.28
ITEM0002045,ORD001211,PROD00351,1,22169.22,2450.78,18465.0
ITEM0002046,ORD001212,PROD00024,2,128240.72,7159.28,119152.0
ITEM0002047,ORD001212,PROD00486,1,6981.01,323.99,5478.75
ITEM0002048,ORD001213,PROD00157,1,41181.83,4854.17,40511.68
ITEM0002049,ORD001214,PROD00368,1,16518.53,1257.47,13332.0
ITEM0002050,ORD001215,PROD00270,1,1039.2,22.8,690.3
ITEM0002051,ORD001216,PROD00227,1,3369.41,134.59,2277.6
ITEM0002052,ORD001216,PROD00085,1,46589.12,4092.88,44600.16
ITEM0002053,ORD001217,PROD00195,1,930.51,68.49,649.35
ITEM0002054,ORD001218,PROD00161,1,58498.02,7407.98,57997.28
ITEM0002055,ORD001219,PROD00264,1,1947.15,2.85,1267.5
ITEM0002056,ORD001220,PROD00413,1,15643.21,108.79,11814.0
ITEM0002057,ORD001221,PROD00128,3,206956.07,5743.93,187176.0
ITEM0002058,ORD001221,PROD00234,1,3424.63,151.37,2324.4
ITEM0002059,ORD001221,PROD00029,1,63563.69,6521.31,61674.8
ITEM0002060,ORD001222,PROD00108,1,64285.04,10066.96,65429.76
ITEM0002061,ORD001223,PROD00262,1,2461.54,80.46,1652.3
ITEM0002062,ORD001224,PROD00245,1,3505.08,212.92,2416.7
ITEM0002063,ORD001224,PROD00030,3,44311.06,5140.94,43517.76
ITEM0002064,ORD001224,PROD00356,1,19966.14,387.86,15265.5
ITEM0002065,ORD001224,PROD00024,2,126239.96,9160.04,119152.0
ITEM0002066,ORD001225,PROD00004,1,12998.7,205.3,11619.52
ITEM0002067,ORD001226,PROD00110,2,73171.23,5690.77,69398.56
ITEM0002068,ORD001226,PROD00233,1,3647.03,12.97,2379.0
ITEM0002069,ORD001226,PROD00121,2,32556.93,4917.07,32977.12
ITEM0002070,ORD001227,PROD00212,1,2131.47,145.53,1480.05
ITEM0002071,ORD001227,PROD00081,1,46759.73,6859.27,47184.72
ITEM0002072,ORD001228,PROD00008,3,178190.11,11856.89,167241.36
ITEM0002073,ORD001229,PROD00304,1,2538.46,84.54,1704.95
ITEM0002074,ORD001230,PROD00128,1,70459.43,440.57,62392.0
ITEM0002075,ORD001230,PROD00175,1,1471.39,57.61,993.85
ITEM0002076,ORD001231,PROD00490,1,15063.36,79.64,11357.25
ITEM0002077,ORD001232,PROD00058,2,135587.51,13686.49,131361.12
ITEM0002078,ORD001232,PROD00293,2,1046.72,87.28,737.1
ITEM0002079,ORD001233,PROD00247,1,1497.29,99.71,1038.05
ITEM0002080,ORD001234,PROD00249,1,2455.2,9.8,1602.25
ITEM0002081,ORD001234,PROD00311,1,2068.09,162.91,1450.15
ITEM0002082,ORD001235,PROD00180,1,3289.45,73.55,2185.95
ITEM0002083,ORD001236,PROD00199,1,4185.88,90.12,2779.4
ITEM0002084,ORD001237,PROD00390,1,20005.07,1864.93,16402.5
ITEM0002085,ORD001238,PROD00056,1,31929.9,2938.1,30683.84
ITEM0002086,ORD001238,PROD00407,2,7496.47,73.53,5677.5
ITEM0002087,ORD001239,PROD00291,1,4397.64,119.36,2936.05
ITEM0002088,ORD001239,PROD00256,2,9890.62,33.38,6450.6
ITEM0002089,ORD001239,PROD00344,1,14186.08,733.92,11190.0
ITEM0002090,ORD001240,PROD00135,1,68493.81,952.19,61112.48
ITEM0002091,ORD001240,PROD00139,1,41867.27,7245.73,43219.44
ITEM0002092,ORD001241,PROD00384,1,1319.41,88.59,1056.0
ITEM0002093,ORD001241,PROD00208,1,3774.62,18.38,2465.45
ITEM0002094,ORD001242,PROD00117,1,23962.44,1992.56,22840.4
ITEM0002095,ORD001243,PROD00130,1,52704.34,9234.66,54506.32
ITEM0002096,ORD001243,PROD00450,1,18555.84,269.16,14118.75
ITEM0002097,ORD001244,PROD00151,2,104581.26,16888.74,106893.6
ITEM0002098,ORD001244,PROD00077,1,50517.13,3071.87,47158.32
ITEM0002099,ORD001245,PROD00274,2,2668.21,47.79,1765.4
ITEM0002100,ORD001245,PROD00040,1,52878.22,4032.78,50081.68
ITEM0002101,ORD001246,PROD00201,1,3748.32,31.68,2457.0
ITEM0002102,ORD001247,PROD00166,1,3494.19,237.81,2425.8
ITEM0002103,ORD001248,PROD00179,1,3053.67,27.33,2002.65
ITEM0002104,ORD001249,PROD00468,1,10588.98,193.02,8086.5
ITEM0002105,ORD001249,PROD00243,1,2792.36,84.64,1870.05
ITEM0002106,ORD001250,PROD00247,1,1541.62,55.38,1038.05
ITEM0002107,ORD001251,PROD00409,1,1978.34,162.66,1605.75
ITEM0002108,ORD001251,PROD00424,1,15723.74,1487.26,12908.25
ITEM0002109,ORD001252,PROD00057,1,6732.77,490.23,6356.24
ITEM0002110,ORD001253,PROD00101,1,66409.48,9427.52,66736.56
ITEM0002111,ORD001254,PROD00348,1,4385.89,76.11,3346.5
ITEM0002112,ORD001255,PROD00414,1,15382.29,750.71,12099.75
ITEM0002113,ORD001256,PROD00441,1,16664.63,152.37,12612.75
ITEM0002114,ORD001257,PROD00032,1,59101.31,3922.69,55461.12
ITEM0002115,ORD001258,PROD00184,2,1686.79,5.21,1099.8
ITEM0002116,ORD001258,PROD00252,1,1923.84,64.16,1292.2
ITEM0002117,ORD001259,PROD00368,1,17373.4,402.6,13332.0
ITEM0002118,ORD001259,PROD00124,1,31831.0,1695.0,29502.88
ITEM0002119,ORD001260,PROD00201,2,7104.42,455.58,4914.0
ITEM0002120,ORD001260,PROD00225,1,3890.93,133.07,2615.6
ITEM0002121,ORD001261,PROD00278,2,6004.86,479.14,4214.6
ITEM0002122,ORD001262,PROD00400,1,5909.72,557.28,4850.25
ITEM0002123,ORD001262,PROD00185,1,968.22,14.78,638.95
ITEM0002124,ORD001263,PROD00448,1,5698.66,26.34,4293.75
ITEM0002125,ORD001264,PROD00138,1,36126.38,4931.62,36131.04
ITEM0002126,ORD001264,PROD00010,1,56760.54,1794.46,51528.4
ITEM0002127,ORD001264,PROD00314,3,2465.86,135.14,1690.65
ITEM0002128,ORD001265,PROD00469,2,10424.98,1021.02,8584.5
ITEM0002129,ORD001265,PROD00103,1,54762.33,9462.67,56518.0
ITEM0002130,ORD001265,PROD00326,1,4073.43,147.57,2743.65
ITEM0002131,ORD001266,PROD00437,1,20291.06,1785.94,16557.75
ITEM0002132,ORD001267,PROD00221,1,544.02,13.98,362.7
ITEM0002133,ORD001267,PROD00032,1,59109.37,3914.63,55461.12
ITEM0002134,ORD001267,PROD00116,1,63654.07,6401.93,61649.28
ITEM0002135,ORD001268,PROD00142,2,48248.54,5509.46,47307.04
ITEM0002136,ORD001268,PROD00290,1,1527.75,80.25,1045.2
ITEM0002137,ORD001269,PROD00326,2,8229.34,212.66,5487.3
ITEM0002138,ORD001270,PROD00065,1,54022.51,4663.49,51643.68
ITEM0002139,ORD001271,PROD00059,1,30613.71,5050.29,31384.32
ITEM0002140,ORD001271,PROD00097,1,12665.46,2030.54,12932.48
ITEM0002141,ORD001272,PROD00280,3,8212.91,649.09,5760.3
ITEM0002142,ORD001272,PROD00475,1,21088.6,1068.4,16617.75
ITEM0002143,ORD001273,PROD00093,1,13541.09,824.91,12642.08
ITEM0002144,ORD001273,PROD00249,1,2366.13,98.87,1602.25
ITEM0002145,ORD001274,PROD00095,1,58824.66,6829.34,57775.52
ITEM0002146,ORD001275,PROD00460,1,19166.01,652.99,14864.25
ITEM0002147,ORD001275,PROD00029,1,69237.45,847.55,61674.8
ITEM0002148,ORD001276,PROD00007,1,20363.34,656.66,18497.6
ITEM0002149,ORD001276,PROD00369,2,15340.99,1237.01,12433.5
ITEM0002150,ORD001277,PROD00013,1,42010.86,5906.14,42166.96
ITEM0002151,ORD001277,PROD00184,1,844.51,1.49,549.9
ITEM0002152,ORD001278,PROD00474,3,65977.16,5233.84,53408.25
ITEM0002153,ORD001278,PROD00022,1,49124.73,2568.27,45489.84
ITEM0002154,ORD001279,PROD00243,1,2698.79,178.21,1870.05
ITEM0002155,ORD001279,PROD00209,1,1527.44,117.56,1069.25
ITEM0002156,ORD001279,PROD00359,1,2989.75,140.25,2347.5
ITEM0002157,ORD001279,PROD00320,1,1793.25,128.75,1249.3
ITEM0002158,ORD001280,PROD00092,2,43301.96,4304.04,41893.28
ITEM0002159,ORD001281,PROD00416,1,1228.97,10.03,929.25
ITEM0002160,ORD001282,PROD00106,2,12498.37,1271.63,12117.6
ITEM0002161,ORD001282,PROD00313,1,3776.04,96.96,2517.45
ITEM0002162,ORD001283,PROD00200,1,2039.5,152.5,1424.8
ITEM0002163,ORD001284,PROD00355,1,7309.35,514.65,5868.0
ITEM0002164,ORD001285,PROD00406,1,7967.11,655.89,6467.25
ITEM0002165,ORD001285,PROD00144,1,56197.02,7167.98,55761.2
ITEM0002166,ORD001285,PROD00191,1,1387.38,119.62,979.55
ITEM0002167,ORD001285,PROD00488,2,26039.27,1032.73,20304.0
ITEM0002168,ORD001286,PROD00230,1,2420.56,96.44,1636.05
ITEM0002169,ORD001286,PROD00317,1,3724.72,69.28,2466.1
ITEM0002170,ORD001287,PROD00144,2,122154.87,4575.13,111522.4
ITEM0002171,ORD001287,PROD00080,1,72432.03,6103.97,69111.68
ITEM0002172,ORD001287,PROD00415,1,5260.03,128.97,4041.75
ITEM0002173,ORD001288,PROD00014,1,30965.51,3712.49,30516.64
ITEM0002174,ORD001289,PROD00126,1,29849.79,2664.21,28612.32
ITEM0002175,ORD001290,PROD00021,2,34415.31,3732.69,33570.24
ITEM0002176,ORD001291,PROD00376,1,14231.03,1497.97,11796.75
ITEM0002177,ORD001291,PROD00260,1,516.33,21.67,349.7
ITEM0002178,ORD001292,PROD00030,1,14107.59,2376.41,14505.92
ITEM0002179,ORD001292,PROD00432,1,5678.11,549.89,4671.0
ITEM0002180,ORD001292,PROD00285,1,1463.05,55.95,987.35
ITEM0002181,ORD001292,PROD00397,1,4938.25,427.75,4024.5
ITEM0002182,ORD001293,PROD00324,1,2698.53,80.47,1806.35
ITEM0002183,ORD001294,PROD00289,1,477.52,32.48,331.5
ITEM0002184,ORD001294,PROD00260,2,1040.36,35.64,699.4
ITEM0002185,ORD001294,PROD00339,1,15129.81,730.19,11895.0
ITEM0002186,ORD001295,PROD00035,1,48984.37,8114.63,50247.12
ITEM0002187,ORD001295,PROD00451,1,16234.61,22.39,12192.75
ITEM0002188,ORD001296,PROD00349,1,12343.0,1231.0,10180.5
ITEM0002189,ORD001296,PROD00465,1,13165.89,62.11,9921.0
ITEM0002190,ORD001296,PROD00269,1,2566.01,33.99,1690.0
ITEM0002191,ORD001297,PROD00476,1,21276.44,1790.56,17300.25
ITEM0002192,ORD001297,PROD00012,1,29935.76,2943.24,28933.52
ITEM0002193,ORD001298,PROD00403,1,3027.23,194.77,2416.5
ITEM0002194,ORD001299,PROD00109,1,39414.54,4808.46,38916.24
ITEM0002195,ORD001300,PROD00133,3,43306.4,3901.6,41543.04
ITEM0002196,ORD001300,PROD00132,1,17498.13,2453.87,17557.76
ITEM0002197,ORD001300,PROD00466,2,6481.06,638.94,5340.0
ITEM0002198,ORD001300,PROD00272,1,1109.65,17.35,732.55
ITEM0002199,ORD001301,PROD00235,1,2434.32,26.68,1599.65
ITEM0002200,ORD001301,PROD00469,1,5665.79,57.21,4292.25
ITEM0002201,ORD001302,PROD00361,1,16657.0,511.0,12876.0
ITEM0002202,ORD001302,PROD00217,1,2098.75,113.25,1437.8
ITEM0002203,ORD001302,PROD00383,2,39667.14,1984.86,31239.0
ITEM0002204,ORD001303,PROD00372,1,7351.24,675.76,6020.25
ITEM0002205,ORD001304,PROD00398,1,11380.11,1044.89,9318.75
ITEM0002206,ORD001304,PROD00172,1,579.07,5.93,380.25
ITEM0002207,ORD001305,PROD00148,1,40898.48,5470.52,40804.72
ITEM0002208,ORD001305,PROD00459,1,8873.0,507.0,7035.0
ITEM0002209,ORD001306,PROD00366,1,20530.64,1830.36,16770.75
ITEM0002210,ORD001307,PROD00199,3,12550.81,277.19,8338.2
ITEM0002211,ORD001308,PROD00101,2,140371.7,11302.3,133473.12
ITEM0002212,ORD001309,PROD00181,1,1419.35,73.65,970.45
ITEM0002213,ORD001310,PROD00472,2,2764.12,151.88,2187.0
ITEM0002214,ORD001311,PROD00171,1,1125.85,27.15,749.45
ITEM0002215,ORD001312,PROD00249,1,2402.56,62.44,1602.25
ITEM0002216,ORD001313,PROD00340,1,9456.51,255.49,7284.0
ITEM0002217,ORD001313,PROD00438,1,3319.77,146.23,2599.5
ITEM0002218,ORD001314,PROD00238,1,3228.1,196.9,2226.25
ITEM0002219,ORD001314,PROD00083,1,46112.77,1956.23,42300.72
ITEM0002220,ORD001315,PROD00054,1,48383.49,1217.51,43648.88
ITEM0002221,ORD001316,PROD00276,1,2945.65,202.35,2046.2
ITEM0002222,ORD001316,PROD00270,2,2010.76,113.24,1380.6
ITEM0002223,ORD001316,PROD00112,1,16908.59,1051.41,15804.8
ITEM0002224,ORD001316,PROD00122,1,14337.28,1540.72,13972.64
ITEM0002225,ORD001317,PROD00289,2,939.79,80.21,663.0
ITEM0002226,ORD001317,PROD00212,1,2211.35,65.65,1480.05
ITEM0002227,ORD001318,PROD00468,1,10253.02,528.98,8086.5
ITEM0002228,ORD001319,PROD00083,1,43548.86,4520.14,42300.72
ITEM0002229,ORD001319,PROD00211,1,1109.44,36.56,744.9
ITEM0002230,ORD001319,PROD00075,1,43489.83,509.17,38719.12
ITEM0002231,ORD001320,PROD00326,2,8046.6,395.4,5487.3
ITEM0002232,ORD001321,PROD00465,2,26439.19,16.81,19842.0
ITEM0002233,ORD001322,PROD00304,2,5116.36,129.64,3409.9
ITEM0002234,ORD001323,PROD00050,2,34353.35,5048.65,34673.76
ITEM0002235,ORD001323,PROD00243,1,2707.79,169.21,1870.05
ITEM0002236,ORD001323,PROD00454,1,24182.92,743.08,18694.5
ITEM0002237,ORD001323,PROD00266,1,1108.17,64.83,762.45
ITEM0002238,ORD001324,PROD00421,1,2757.0,97.0,2140.5
ITEM0002239,ORD001325,PROD00352,2,4215.07,84.93,3225.0
ITEM0002240,ORD001326,PROD00204,1,4693.88,155.12,3151.85
ITEM0002241,ORD001326,PROD00192,2,1691.77,6.23,1103.7
ITEM0002242,ORD001326,PROD00421,1,2675.0,179.0,2140.5
ITEM0002243,ORD001327,PROD00417,1,9589.89,209.11,7349.25
ITEM0002244,ORD001328,PROD00487,1,10712.05,296.95,8256.75
ITEM0002245,ORD001329,PROD00126,1,29708.16,2805.84,28612.32
ITEM0002246,ORD001330,PROD00345,2,37995.3,232.7,28671.0
ITEM0002247,ORD001330,PROD00352,1,2108.62,41.38,1612.5
ITEM0002248,ORD001331,PROD00042,3,115778.11,258.89,102112.56
ITEM0002249,ORD001332,PROD00368,3,48240.93,5087.07,39996.0
ITEM0002250,ORD001332,PROD00430,1,18541.16,972.84,14635.5
ITEM0002251,ORD001333,PROD00289,1,507.58,2.42,331.5
ITEM0002252,ORD001333,PROD00478,1,6200.52,447.48,4986.0
ITEM0002253,ORD001334,PROD00378,1,8380.96,846.04,6920.25
ITEM0002254,ORD001335,PROD00473,2,17956.97,1411.03,14526.0
ITEM0002255,ORD001336,PROD00309,1,2248.62,134.38,1548.95
ITEM0002256,ORD001336,PROD00492,1,21706.59,1822.41,17646.75
ITEM0002257,ORD001337,PROD00360,1,16816.51,804.49,13215.75
ITEM0002258,ORD001337,PROD00159,1,65159.47,10417.53,66507.76
ITEM0002259,ORD001338,PROD00028,3,142788.95,22229.05,145215.84
ITEM0002260,ORD001338,PROD00152,2,118528.37,2347.63,106370.88
ITEM0002261,ORD001339,PROD00247,2,3005.24,188.76,2076.1
ITEM0002262,ORD001339,PROD00077,1,48271.66,5317.34,47158.32
ITEM0002263,ORD001339,PROD00403,1,3040.63,181.37,2416.5
ITEM0002264,ORD001340,PROD00446,1,21713.87,70.13,16338.0
ITEM0002265,ORD001341,PROD00315,1,3747.95,179.05,2552.55
ITEM0002266,ORD001341,PROD00261,1,3141.57,168.43,2151.5
ITEM0002267,ORD001342,PROD00260,1,511.98,26.02,349.7
ITEM0002268,ORD001343,PROD00146,1,11039.42,119.58,9819.92
ITEM0002269,ORD001344,PROD00046,1,43421.54,6333.46,43784.4
ITEM0002270,ORD001345,PROD00457,1,5376.24,571.76,4461.0
ITEM0002271,ORD001346,PROD00471,1,9578.24,911.76,7867.5
ITEM0002272,ORD001346,PROD00136,1,69785.65,5831.35,66542.96
ITEM0002273,ORD001346,PROD00141,1,6949.86,1020.14,7013.6
ITEM0002274,ORD001347,PROD00313,1,3583.93,289.07,2517.45
ITEM0002275,ORD001347,PROD00333,1,10847.0,922.0,8826.75
ITEM0002276,ORD001347,PROD00150,2,136708.86,20163.14,138047.36
ITEM0002277,ORD001348,PROD00373,1,13515.08,745.92,10695.75
ITEM0002278,ORD001348,PROD00427,1,23830.45,242.55,18054.75
ITEM0002279,ORD001349,PROD00338,1,4909.99,129.01,3779.25
ITEM0002280,ORD001349,PROD00262,1,2343.79,198.21,1652.3
ITEM0002281,ORD001350,PROD00027,1,39288.85,2308.15,36605.36
ITEM0002282,ORD001351,PROD00370,1,23989.75,1005.25,18746.25
ITEM0002283,ORD001352,PROD00092,1,21458.03,2344.97,20946.64
ITEM0002284,ORD001352,PROD00478,1,5991.08,656.92,4986.0
ITEM0002285,ORD001353,PROD00311,1,2185.43,45.57,1450.15
ITEM0002286,ORD001354,PROD00435,1,8478.9,391.1,6652.5
ITEM0002287,ORD001355,PROD00359,3,9210.83,179.17,7042.5
ITEM0002288,ORD001356,PROD00290,1,1541.21,66.79,1045.2
ITEM0002289,ORD001356,PROD00413,1,15330.31,421.69,11814.0
ITEM0002290,ORD001357,PROD00260,1,496.12,41.88,349.7
ITEM0002291,ORD001357,PROD00469,2,11270.18,175.82,8584.5
ITEM0002292,ORD001358,PROD00052,2,147182.53,2347.47,131586.4
ITEM0002293,ORD001358,PROD00215,1,3609.24,174.76,2459.6
ITEM0002294,ORD001358,PROD00412,1,11491.75,1176.25,9501.0
ITEM0002295,ORD001359,PROD00491,1,4110.08,140.92,3188.25
ITEM0002296,ORD001359,PROD00051,1,9687.91,1632.09,9961.6
ITEM0002297,ORD001360,PROD00037,1,41289.58,4393.42,40201.04
ITEM0002298,ORD001360,PROD00407,2,7320.59,249.41,5677.5
ITEM0002299,ORD001361,PROD00049,2,18559.83,1120.17,17318.4
ITEM0002300,ORD001362,PROD00403,1,3061.31,160.69,2416.5
ITEM0002301,ORD001363,PROD00455,2,35984.56,2585.44,28927.5
ITEM0002302,ORD001363,PROD00419,1,2893.53,278.47,2379.0
ITEM0002303,ORD001364,PROD00483,1,20280.92,1096.08,16032.75
ITEM0002304,ORD001365,PROD00049,1,8511.1,1328.9,8659.2
ITEM0002305,ORD001365,PROD00315,2,7329.55,524.45,5105.1
ITEM0002306,ORD001365,PROD00359,1,2942.8,187.2,2347.5
ITEM0002307,ORD001366,PROD00086,2,125325.9,20962.1,128733.44
ITEM0002308,ORD001366,PROD00363,1,17370.78,1598.22,14226.75
ITEM0002309,ORD001367,PROD00347,1,4769.72,156.28,3694.5
ITEM0002310,ORD001368,PROD00134,1,34203.08,3008.92,32746.56
ITEM0002311,ORD001368,PROD00389,1,16629.86,1168.14,13348.5
ITEM0002312,ORD001369,PROD00159,1,72730.44,2846.56,66507.76
ITEM0002313,ORD001369,PROD00441,1,15456.15,1360.85,12612.75
ITEM0002314,ORD001370,PROD00139,1,44114.29,4998.71,43219.44
ITEM0002315,ORD001371,PROD00325,1,4463.45,206.55,3035.5
ITEM0002316,ORD001371,PROD00135,1,63459.41,5986.59,61112.48
ITEM0002317,ORD001372,PROD00482,1,17828.28,655.72,13863.0
ITEM0002318,ORD001372,PROD00341,2,14539.96,340.04,11160.0
ITEM0002319,ORD001373,PROD00031,1,66691.12,1116.88,59671.04
ITEM0002320,ORD001374,PROD00405,1,6456.94,126.06,4937.25
ITEM0002321,ORD001375,PROD00245,1,3686.65,31.35,2416.7
ITEM0002322,ORD001376,PROD00318,2,4953.57,306.43,3419.0
ITEM0002323,ORD001376,PROD00209,1,1540.22,104.78,1069.25
ITEM0002324,ORD001377,PROD00121,1,18734.16,2.84,16488.56
ITEM0002325,ORD001377,PROD00140,1,5851.48,636.52,5709.44
ITEM0002326,ORD001377,PROD00001,1,58469.67,3519.33,54550.32
ITEM0002327,ORD001378,PROD00186,1,4775.28,74.72,3152.5
ITEM0002328,ORD001378,PROD00382,1,1193.97,82.03,957.0
ITEM0002329,ORD001379,PROD00002,1,26428.53,2682.47,25617.68
ITEM0002330,ORD001379,PROD00222,1,3027.5,207.5,2102.75
ITEM0002331,ORD001380,PROD00457,2,10991.0,905.0,8922.0
ITEM0002332,ORD001381,PROD00443,2,38828.02,3549.98,31783.5
ITEM0002333,ORD001381,PROD00215,3,11048.3,303.7,7378.8
ITEM0002334,ORD001382,PROD00165,2,41251.06,1918.94,37989.6
ITEM0002335,ORD001382,PROD00105,1,65570.31,0.69,57702.48
ITEM0002336,ORD001382,PROD00398,1,11768.73,656.27,9318.75
ITEM0002337,ORD001383,PROD00032,2,118904.26,7143.74,110922.24
ITEM0002338,ORD001383,PROD00479,1,14653.23,82.77,11052.0
ITEM0002339,ORD001383,PROD00295,1,1556.55,112.45,1084.85
ITEM0002340,ORD001384,PROD00222,2,6232.09,237.91,4205.5
ITEM0002341,ORD001385,PROD00337,2,31987.6,2186.4,25630.5
ITEM0002342,ORD001386,PROD00054,1,42318.92,7282.08,43648.88
ITEM0002343,ORD001387,PROD00345,1,18232.49,881.51,14335.5
ITEM0002344,ORD001388,PROD00310,2,6083.52,108.48,4024.8
ITEM0002345,ORD001388,PROD00442,1,22581.53,1833.47,18311.25
ITEM0002346,ORD001389,PROD00277,2,4300.66,53.34,2830.1
ITEM0002347,ORD001389,PROD00261,1,3189.44,120.56,2151.5
ITEM0002348,ORD001390,PROD00352,3,5856.22,593.78,4837.5
ITEM0002349,ORD001390,PROD00221,1,526.93,31.07,362.7
ITEM0002350,ORD001390,PROD00091,1,25151.53,3329.47,25063.28
ITEM0002351,ORD001390,PROD00229,1,3950.05,238.95,2722.85
ITEM0002352,ORD001391,PROD00303,3,7957.83,10.17,5179.2
ITEM0002353,ORD001392,PROD00197,1,2916.25,35.75,1918.8
ITEM0002354,ORD001393,PROD00392,1,1588.89,170.11,1319.25
ITEM0002355,ORD001394,PROD00486,1,6697.03,607.97,5478.75
ITEM0002356,ORD001395,PROD00329,1,3258.66,113.34,2191.8
ITEM0002357,ORD001395,PROD00123,1,26423.52,2460.48,25417.92
ITEM0002358,ORD001396,PROD00339,1,14422.58,1437.42,11895.0
ITEM0002359,ORD001397,PROD00408,1,19173.36,1854.64,15771.0
ITEM0002360,ORD001398,PROD00039,1,30652.93,1859.07,28610.56
ITEM0002361,ORD001399,PROD00305,1,2622.09,93.91,1765.4
ITEM0002362,ORD001400,PROD00350,2,19629.75,128.25,14818.5
ITEM0002363,ORD001401,PROD00254,2,1343.24,116.76,949.0
ITEM0002364,ORD001401,PROD00287,1,1887.0,160.0,1330.55
ITEM0002365,ORD001401,PROD00290,1,1519.79,88.21,1045.2
ITEM0002366,ORD001402,PROD00320,3,5324.46,441.54,3747.9
ITEM0002367,ORD001402,PROD00257,1,3821.24,133.76,2570.75
ITEM0002368,ORD001402,PROD00433,2,19598.64,143.36,14806.5
ITEM0002369,ORD001403,PROD00459,1,8562.92,817.08,7035.0
ITEM0002370,ORD001404,PROD00078,2,119616.94,5211.06,109848.64
ITEM0002371,ORD001405,PROD00286,3,2351.79,66.21,1571.7
ITEM0002372,ORD001406,PROD00348,1,4245.8,216.2,3346.5
ITEM0002373,ORD001406,PROD00006,1,24583.01,4210.99,25338.72
ITEM0002374,ORD001406,PROD00131,1,69834.17,5468.83,66266.64
ITEM0002375,ORD001406,PROD00320,1,1920.96,1.04,1249.3
ITEM0002376,ORD001407,PROD00403,1,3088.73,133.27,2416.5
ITEM0002377,ORD001408,PROD00396,1,13538.71,433.29,10479.0
ITEM0002378,ORD001409,PROD00492,1,21257.83,2271.17,17646.75
ITEM0002379,ORD001409,PROD00052,1,69089.72,5675.28,65793.2
ITEM0002380,ORD001409,PROD00313,1,3564.58,308.42,2517.45
ITEM0002381,ORD001410,PROD00441,1,16460.06,356.94,12612.75
ITEM0002382,ORD001410,PROD00415,2,9877.97,900.03,8083.5
ITEM0002383,ORD001411,PROD00390,1,21154.03,715.97,16402.5
ITEM0002384,ORD001411,PROD00243,1,2720.72,156.28,1870.05
ITEM0002385,ORD001412,PROD00185,1,962.25,20.75,638.95
ITEM0002386,ORD001413,PROD00124,1,33504.96,21.04,29502.88
ITEM0002387,ORD001414,PROD00309,1,2254.85,128.15,1548.95
ITEM0002388,ORD001414,PROD00142,1,22951.71,3927.29,23653.52
ITEM0002389,ORD001415,PROD00413,1,14279.04,1472.96,11814.0
ITEM0002390,ORD001415,PROD00128,1,70751.91,148.09,62392.0
ITEM0002391,ORD001416,PROD00164,1,29112.23,1466.77,26909.52
ITEM0002392,ORD001416,PROD00460,1,18397.25,1421.75,14864.25
ITEM0002393,ORD001417,PROD00379,1,3946.12,142.88,3066.75
ITEM0002394,ORD001418,PROD00483,1,20327.75,1049.25,16032.75
ITEM0002395,ORD001418,PROD00224,2,6082.51,187.49,4075.5
ITEM0002396,ORD001418,PROD00085,1,45288.49,5393.51,44600.16
ITEM0002397,ORD001419,PROD00023,3,173733.77,8324.23,160211.04
ITEM0002398,ORD001420,PROD00440,1,20251.53,1109.47,16020.75
ITEM0002399,ORD001420,PROD00348,1,4134.19,327.81,3346.5
ITEM0002400,ORD001421,PROD00384,1,1347.77,60.23,1056.0
ITEM0002401,ORD001421,PROD00232,1,3074.8,163.2,2104.7
ITEM0002402,ORD001422,PROD00195,1,969.65,29.35,649.35
ITEM0002403,ORD001422,PROD00010,1,51296.35,7258.65,51528.4
ITEM0002404,ORD001423,PROD00341,1,7135.88,304.12,5580.0
ITEM0002405,ORD001424,PROD00102,1,27586.74,1993.26,26030.4
ITEM0002406,ORD001424,PROD00436,1,17571.87,1477.13,14286.75
ITEM0002407,ORD001424,PROD00070,2,77240.5,10041.5,76808.16
ITEM0002408,ORD001425,PROD00245,1,3605.05,112.95,2416.7
ITEM0002409,ORD001425,PROD00474,1,22528.02,1208.98,17802.75
ITEM0002410,ORD001426,PROD00226,3,3545.06,174.94,2418.0
ITEM0002411,ORD001427,PROD00435,1,8421.29,448.71,6652.5
ITEM0002412,ORD001428,PROD00409,1,2108.88,32.12,1605.75
ITEM0002413,ORD001429,PROD00200,2,4268.23,115.77,2849.6
ITEM0002414,ORD001430,PROD00250,1,4226.28,135.72,2835.3
ITEM0002415,ORD001431,PROD00475,1,21782.48,374.52,16617.75
ITEM0002416,ORD001431,PROD00197,1,2724.18,227.82,1918.8
ITEM0002417,ORD001432,PROD00347,3,13908.93,869.07,11083.5
ITEM0002418,ORD001432,PROD00138,1,38676.78,2381.22,36131.04
ITEM0002419,ORD001432,PROD00410,1,24588.34,140.66,18546.75
ITEM0002420,ORD001433,PROD00469,1,5383.84,339.16,4292.25
ITEM0002421,ORD001433,PROD00374,1,9680.39,623.61,7728.0
ITEM0002422,ORD001434,PROD00435,1,8409.91,460.09,6652.5
ITEM0002423,ORD001435,PROD00265,3,13874.69,432.31,9299.55
ITEM0002424,ORD001436,PROD00254,1,723.82,6.18,474.5
ITEM0002425,ORD001437,PROD00185,1,956.81,26.19,638.95
ITEM0002426,ORD001438,PROD00321,1,1859.18,58.82,1246.7
ITEM0002427,ORD001438,PROD00018,1,17922.08,384.92,16110.16
ITEM0002428,ORD001439,PROD00346,1,19344.77,3.23,14511.0
ITEM0002429,ORD001440,PROD00480,1,4252.75,13.25,3199.5
ITEM0002430,ORD001441,PROD00145,1,57246.51,9096.49,58381.84
ITEM0002431,ORD001441,PROD00306,1,4078.1,134.9,2738.45
ITEM0002432,ORD001442,PROD00333,1,11432.17,336.83,8826.75
ITEM0002433,ORD001442,PROD00171,1,1127.91,25.09,749.45
ITEM0002434,ORD001442,PROD00286,2,1549.07,62.93,1047.8
ITEM0002435,ORD001443,PROD00364,3,44991.67,4199.33,36893.25
ITEM0002436,ORD001443,PROD00254,1,697.35,32.65,474.5
ITEM0002437,ORD001444,PROD00039,2,64489.29,534.71,57221.12
ITEM0002438,ORD001444,PROD00351,1,23358.28,1261.72,18465.0
ITEM0002439,ORD001445,PROD00292,3,6580.86,178.14,4393.35
ITEM0002440,ORD001446,PROD00061,1,24251.77,2207.23,23283.92
ITEM0002441,ORD001447,PROD00242,1,3563.01,47.99,2347.15
ITEM0002442,ORD001448,PROD00063,1,14464.37,1674.63,14202.32
ITEM0002443,ORD001448,PROD00082,1,69184.43,76.57,60949.68
ITEM0002444,ORD001448,PROD00494,1,7495.88,552.12,6036.0
ITEM0002445,ORD001448,PROD00198,1,2225.08,12.92,1454.7
ITEM0002446,ORD001449,PROD00091,1,27880.52,600.48,25063.28
ITEM0002447,ORD001449,PROD00361,2,32530.33,1805.67,25752.0
ITEM0002448,ORD001450,PROD00416,1,1211.91,27.09,929.25
ITEM0002449,ORD001450,PROD00086,2,143734.94,2553.06,128733.44
ITEM0002450,ORD001451,PROD00046,1,49682.73,72.27,43784.4
ITEM0002451,ORD001451,PROD00284,1,3530.43,27.57,2312.7
ITEM0002452,ORD001451,PROD00455,1,17407.46,1877.54,14463.75
ITEM0002453,ORD001452,PROD00388,1,7158.84,165.16,5493.0
ITEM0002454,ORD001453,PROD00010,1,52736.06,5818.94,51528.4
ITEM0002455,ORD001454,PROD00455,1,17651.07,1633.93,14463.75
ITEM0002456,ORD001455,PROD00199,1,3980.0,296.0,2779.4
ITEM0002457,ORD001455,PROD00316,1,4410.09,146.91,2962.05
ITEM0002458,ORD001456,PROD00019,1,68151.73,3941.27,63441.84
ITEM0002459,ORD001456,PROD00324,1,2651.96,127.04,1806.35
ITEM0002460,ORD001457,PROD00354,1,10022.84,973.16,8247.0
ITEM0002461,ORD001458,PROD00489,1,17989.28,240.72,13672.5
ITEM0002462,ORD001458,PROD00206,3,6533.3,18.7,4258.8
ITEM0002463,ORD001458,PROD00364,2,30904.44,1889.56,24595.5
ITEM0002464,ORD001459,PROD00341,1,6897.46,542.54,5580.0
ITEM0002465,ORD001460,PROD00303,1,2612.86,43.14,1726.4
ITEM0002466,ORD001461,PROD00151,1,53059.82,7675.18,53446.8
ITEM0002467,ORD001461,PROD00001,1,56114.62,5874.38,54550.32
ITEM0002468,ORD001461,PROD00245,1,3617.63,100.37,2416.7
ITEM0002469,ORD001461,PROD00159,1,75011.45,565.55,66507.76
ITEM0002470,ORD001462,PROD00247,1,1568.73,28.27,1038.05
ITEM0002471,ORD001463,PROD00006,1,26407.18,2386.82,25338.72
ITEM0002472,ORD001464,PROD00023,1,57863.37,2822.63,53403.68
ITEM0002473,ORD001465,PROD00003,2,92580.27,247.73,81688.64
ITEM0002474,ORD001465,PROD00495,1,2442.64,203.36,1984.5
ITEM0002475,ORD001466,PROD00367,1,11554.28,1213.72,9576.0
ITEM0002476,ORD001466,PROD00346,1,17910.66,1437.34,14511.0
ITEM0002477,ORD001467,PROD00469,1,5642.62,80.38,4292.25
ITEM0002478,ORD001468,PROD00308,1,4471.99,360.01,3140.8
ITEM0002479,ORD001469,PROD00437,1,22005.59,71.41,16557.75
ITEM0002480,ORD001469,PROD00250,3,12960.39,125.61,8505.9
ITEM0002481,ORD001470,PROD00243,1,2692.32,184.68,1870.05
ITEM0002482,ORD001471,PROD00339,1,14849.13,1010.87,11895.0
ITEM0002483,ORD001472,PROD00310,1,2878.1,217.9,2012.4
ITEM0002484,ORD001472,PROD00346,2,36536.38,2159.62,29022.0
ITEM0002485,ORD001472,PROD00221,1,535.72,22.28,362.7
ITEM0002486,ORD001472,PROD00178,3,4799.1,3.9,3121.95
ITEM0002487,ORD001473,PROD00249,1,2459.11,5.89,1602.25
ITEM0002488,ORD001474,PROD00250,1,4331.16,30.84,2835.3
ITEM0002489,ORD001474,PROD00193,1,2788.81,32.19,1833.65
ITEM0002490,ORD001475,PROD00465,2,23975.32,2480.68,19842.0
ITEM0002491,ORD001475,PROD00299,1,3937.6,20.4,2572.7
ITEM0002492,ORD001476,PROD00493,1,13304.05,195.95,10125.0
ITEM0002493,ORD001477,PROD00180,1,3310.32,52.68,2185.95
ITEM0002494,ORD001478,PROD00353,1,7173.36,481.64,5741.25
ITEM0002495,ORD001478,PROD00072,1,36445.54,4852.46,36342.24
ITEM0002496,ORD001478,PROD00304,1,2513.73,109.27,1704.95
ITEM0002497,ORD001478,PROD00131,1,71650.03,3652.97,66266.64
ITEM0002498,ORD001479,PROD00153,1,31497.69,729.31,28359.76
ITEM0002499,ORD001480,PROD00031,1,67678.28,129.72,59671.04
ITEM0002500,ORD001481,PROD00339,1,15561.5,298.5,11895.0
ITEM0002501,ORD001482,PROD00280,1,2817.88,136.12,1920.1
ITEM0002502,ORD001483,PROD00017,1,11124.4,428.6,10166.64
ITEM0002503,ORD001484,PROD00138,1,40358.3,699.7,36131.04
ITEM0002504,ORD001484,PROD00284,1,3499.89,58.11,2312.7
ITEM0002505,ORD001485,PROD00463,1,6364.35,642.65,5255.25
ITEM0002506,ORD001485,PROD00053,1,66541.65,11085.35,68311.76
ITEM0002507,ORD001486,PROD00223,3,14717.37,162.63,9672.0
ITEM0002508,ORD001487,PROD00143,1,16150.92,2659.08,16552.8
ITEM0002509,ORD001487,PROD00370,1,24345.85,649.15,18746.25
ITEM0002510,ORD001488,PROD00285,2,3023.91,14.09,1974.7
ITEM0002511,ORD001488,PROD00134,1,33590.69,3621.31,32746.56
ITEM0002512,ORD001489,PROD00298,1,2052.06,155.94,1435.2
ITEM0002513,ORD001489,PROD00290,2,3067.05,148.95,2090.4
ITEM0002514,ORD001489,PROD00080,1,73447.7,5088.3,69111.68
ITEM0002515,ORD001490,PROD00129,1,44739.02,5049.98,43814.32
ITEM0002516,ORD001491,PROD00096,2,131530.54,19715.46,133096.48
ITEM0002517,ORD001491,PROD00481,1,4349.33,185.67,3401.25
ITEM0002518,ORD001492,PROD00441,2,30971.35,2662.65,25225.5
ITEM0002519,ORD001493,PROD00415,3,16097.96,69.04,12125.25
ITEM0002520,ORD001493,PROD00310,2,6095.52,96.48,4024.8
ITEM0002521,ORD001493,PROD00395,3,14794.38,760.62,11666.25
ITEM0002522,ORD001494,PROD00117,1,25882.74,72.26,22840.4
ITEM0002523,ORD001494,PROD00288,1,4725.13,253.87,3236.35
ITEM0002524,ORD001494,PROD00462,1,7397.3,309.7,5780.25
ITEM0002525,ORD001495,PROD00063,1,16108.25,30.75,14202.32
ITEM0002526,ORD001495,PROD00377,1,1441.21,14.79,1092.0
ITEM0002527,ORD001496,PROD00467,1,15637.76,1615.24,12939.75
ITEM0002528,ORD001496,PROD00389,1,16285.77,1512.23,13348.5
ITEM0002529,ORD001497,PROD00127,1,68984.82,5242.18,65319.76
ITEM0002530,ORD001497,PROD00262,1,2479.94,62.06,1652.3
ITEM0002531,ORD001497,PROD00233,1,3457.43,202.57,2379.0
ITEM0002532,ORD001498,PROD00218,1,3267.64,125.36,2205.45
ITEM0002533,ORD001498,PROD00312,1,656.57,20.43,440.05
ITEM0002534,ORD001498,PROD00162,1,6335.11,222.89,5771.04
ITEM0002535,ORD001499,PROD00251,1,4413.64,68.36,2913.3
ITEM0002536,ORD001500,PROD00168,1,1456.59,38.41,971.75
ITEM0002537,ORD001500,PROD00210,2,8134.31,71.69,5333.9
ITEM0002538,ORD001501,PROD00011,2,89947.76,5698.24,84168.48
ITEM0002539,ORD001502,PROD00228,1,2730.22,160.78,1879.15
ITEM0002540,ORD001503,PROD00415,1,5074.81,314.19,4041.75
ITEM0002541,ORD001503,PROD00370,1,24976.42,18.58,18746.25
ITEM0002542,ORD001504,PROD00124,1,29860.5,3665.5,29502.88
ITEM0002543,ORD001505,PROD00039,1,31230.41,1281.59,28610.56
ITEM0002544,ORD001506,PROD00367,1,12209.48,558.52,9576.0
ITEM0002545,ORD001507,PROD00147,1,46345.49,7203.51,47123.12
ITEM0002546,ORD001507,PROD00237,1,1989.83,33.17,1314.95
ITEM0002547,ORD001508,PROD00376,1,15538.61,190.39,11796.75
ITEM0002548,ORD001509,PROD00446,1,19817.53,1966.47,16338.0
ITEM0002549,ORD001510,PROD00263,1,2777.79,138.21,1895.4
ITEM0002550,ORD001511,PROD00008,1,57199.81,6149.19,55747.12
ITEM0002551,ORD001512,PROD00064,1,68222.22,7595.78,66719.84
ITEM0002552,ORD001513,PROD00192,1,813.74,35.26,551.85
ITEM0002553,ORD001513,PROD00462,3,21063.14,2057.86,17340.75
ITEM0002554,ORD001514,PROD00318,1,2430.15,199.85,1709.5
ITEM0002555,ORD001515,PROD00095,1,57955.26,7698.74,57775.52
ITEM0002556,ORD001516,PROD00018,2,33620.21,2993.79,32220.32
ITEM0002557,ORD001516,PROD00475,1,20365.92,1791.08,16617.75
ITEM0002558,ORD001517,PROD00048,1,8549.22,250.78,7744.0
ITEM0002559,ORD001518,PROD00267,1,3592.06,1.94,2336.1
ITEM0002560,ORD001518,PROD00382,1,1176.95,99.05,957.0
ITEM0002561,ORD001518,PROD00004,1,11645.04,1558.96,11619.52
ITEM0002562,ORD001519,PROD00147,1,51500.17,2048.83,47123.12
ITEM0002563,ORD001520,PROD00285,2,2988.55,49.45,1974.7
ITEM0002564,ORD001521,PROD00083,1,43053.55,5015.45,42300.72
ITEM0002565,ORD001521,PROD00326,1,4032.48,188.52,2743.65
ITEM0002566,ORD001522,PROD00187,1,3123.5,63.5,2071.55
ITEM0002567,ORD001522,PROD00353,2,15174.7,135.3,11482.5
ITEM0002568,ORD001523,PROD00126,1,32159.58,354.42,28612.32
ITEM0002569,ORD001524,PROD00080,1,71493.11,7042.89,69111.68
ITEM0002570,ORD001524,PROD00262,1,2509.49,32.51,1652.3
ITEM0002571,ORD001525,PROD00002,1,28027.28,1083.72,25617.68
ITEM0002572,ORD001525,PROD00174,1,4675.96,187.04,3160.95
ITEM0002573,ORD001526,PROD00313,1,3686.56,186.44,2517.45
ITEM0002574,ORD001527,PROD00398,1,11232.1,1192.9,9318.75
ITEM0002575,ORD001527,PROD00285,1,1464.55,54.45,987.35
ITEM0002576,ORD001527,PROD00458,3,40917.69,398.31,30987.0
ITEM0002577,ORD001528,PROD00424,1,16195.45,1015.55,12908.25
ITEM0002578,ORD001529,PROD00022,1,46789.87,4903.13,45489.84
ITEM0002579,ORD001530,PROD00175,1,1420.21,108.79,993.85
ITEM0002580,ORD001531,PROD00419,1,2996.73,175.27,2379.0
ITEM0002581,ORD001531,PROD00356,1,19181.6,1172.4,15265.5
ITEM0002582,ORD001532,PROD00040,2,104237.74,9584.26,100163.36
ITEM0002583,ORD001533,PROD00020,3,229814.67,7164.33,208541.52
ITEM0002584,ORD001534,PROD00169,1,1472.35,25.65,973.7
ITEM0002585,ORD001535,PROD00036,2,23851.7,3266.3,23863.84
ITEM0002586,ORD001535,PROD00246,1,817.33,30.67,551.2
ITEM0002587,ORD001536,PROD00313,2,7320.54,425.46,5034.9
ITEM0002588,ORD001537,PROD00441,1,15517.71,1299.29,12612.75
ITEM0002589,ORD001537,PROD00299,1,3736.97,221.03,2572.7
ITEM0002590,ORD001537,PROD00026,1,41711.09,1631.91,38141.84
ITEM0002591,ORD001538,PROD00125,1,7901.43,988.57,7823.2
ITEM0002592,ORD001538,PROD00346,2,37084.37,1611.63,29022.0
ITEM0002593,ORD001539,PROD00176,1,4134.36,250.64,2850.25
ITEM0002594,ORD001539,PROD00247,2,3101.45,92.55,2076.1
ITEM0002595,ORD001540,PROD00120,1,62857.68,10741.32,64767.12
ITEM0002596,ORD001540,PROD00212,2,4367.08,186.92,2960.1
ITEM0002597,ORD001541,PROD00463,1,6475.46,531.54,5255.25
ITEM0002598,ORD001542,PROD00137,1,15034.06,422.94,13602.16
ITEM0002599,ORD001543,PROD00062,2,34048.59,907.41,30761.28
ITEM0002600,ORD001543,PROD00246,1,782.9,65.1,551.2
ITEM0002601,ORD001544,PROD00371,1,8043.24,624.76,6501.0
ITEM0002602,ORD001544,PROD00002,1,28404.26,706.74,25617.68
ITEM0002603,ORD001544,PROD00493,1,13199.23,300.77,10125.0
ITEM0002604,ORD001545,PROD00156,1,16327.81,393.19,14714.48
ITEM0002605,ORD001545,PROD00110,1,34569.24,4861.76,34699.28
ITEM0002606,ORD001545,PROD00252,2,3812.98,163.02,2584.4
ITEM0002607,ORD001545,PROD00131,1,71699.51,3603.49,66266.64
ITEM0002608,ORD001546,PROD00315,2,7563.39,290.61,5105.1
ITEM0002609,ORD001547,PROD00258,1,3538.53,59.47,2338.7
ITEM0002610,ORD001547,PROD00106,1,6752.91,132.09,6058.8
ITEM0002611,ORD001548,PROD00302,1,1300.55,38.45,870.35
ITEM0002612,ORD001549,PROD00187,1,3090.62,96.38,2071.55
ITEM0002613,ORD001549,PROD00164,1,28032.18,2546.82,26909.52
ITEM0002614,ORD001549,PROD00244,3,7134.08,413.92,4906.2
ITEM0002615,ORD001550,PROD00202,2,2082.24,57.76,1391.0
ITEM0002616,ORD001550,PROD00031,1,65670.21,2137.79,59671.04
ITEM0002617,ORD001551,PROD00027,1,41418.04,178.96,36605.36
ITEM0002618,ORD001551,PROD00293,1,549.78,17.22,368.55
ITEM0002619,ORD001551,PROD00208,1,3526.4,266.6,2465.45
ITEM0002620,ORD001552,PROD00041,1,22826.4,71.6,20150.24
ITEM0002621,ORD001552,PROD00226,1,1210.91,29.09,806.0
ITEM0002622,ORD001553,PROD00047,1,11521.87,380.13,10473.76
ITEM0002623,ORD001553,PROD00262,1,2359.77,182.23,1652.3
ITEM0002624,ORD001554,PROD00235,2,4779.48,142.52,3199.3
ITEM0002625,ORD001554,PROD00171,1,1151.46,1.54,749.45
ITEM0002626,ORD001555,PROD00011,1,46133.89,1689.11,42084.24
ITEM0002627,ORD001556,PROD00361,1,16420.79,747.21,12876.0
ITEM0002628,ORD001557,PROD00417,1,9342.12,456.88,7349.25
ITEM0002629,ORD001557,PROD00351,1,23251.19,1368.81,18465.0
ITEM0002630,ORD001558,PROD00115,2,111933.21,9596.79,106946.4
ITEM0002631,ORD001559,PROD00062,2,30342.67,4613.33,30761.28
ITEM0002632,ORD001560,PROD00336,2,10671.01,226.99,8173.5
ITEM0002633,ORD001560,PROD00381,1,22924.34,1584.66,18381.75
ITEM0002634,ORD001561,PROD00084,1,77481.05,2362.95,70262.72
ITEM0002635,ORD001562,PROD00311,1,2066.85,164.15,1450.15
ITEM0002636,ORD001562,PROD00313,1,3766.84,106.16,2517.45
ITEM0002637,ORD001563,PROD00068,1,38579.56,4101.44,37559.28
ITEM0002638,ORD001563,PROD00481,2,8753.95,316.05,6802.5
ITEM0002639,ORD001563,PROD00128,2,121057.36,20742.64,124784.0
ITEM0002640,ORD001564,PROD00495,1,2570.64,75.36,1984.5
ITEM0002641,ORD001565,PROD00250,1,4159.6,202.4,2835.3
ITEM0002642,ORD001565,PROD00311,1,2195.0,36.0,1450.15
ITEM0002643,ORD001566,PROD00197,1,2852.42,99.58,1918.8
ITEM0002644,ORD001566,PROD00246,1,795.12,52.88,551.2
ITEM0002645,ORD001566,PROD00112,1,17641.38,318.62,15804.8
ITEM0002646,ORD001566,PROD00240,1,1350.05,96.95,940.55
ITEM0002647,ORD001567,PROD00276,1,2925.52,222.48,2046.2
ITEM0002648,ORD001568,PROD00271,1,3615.39,260.61,2519.4
ITEM0002649,ORD001569,PROD00346,1,18826.5,521.5,14511.0
ITEM0002650,ORD001569,PROD00199,1,4130.13,145.87,2779.4
ITEM0002651,ORD001570,PROD00266,1,1087.33,85.67,762.45
ITEM0002652,ORD001570,PROD00393,3,20679.0,633.0,15984.0
ITEM0002653,ORD001570,PROD00246,1,831.76,16.24,551.2
ITEM0002654,ORD001570,PROD00218,1,3190.54,202.46,2205.45
ITEM0002655,ORD001571,PROD00405,1,6275.93,307.07,4937.25
ITEM0002656,ORD001572,PROD00140,1,6341.47,146.53,5709.44
ITEM0002657,ORD001573,PROD00236,2,8866.77,117.23,5839.6
ITEM0002658,ORD001574,PROD00447,1,5198.93,534.07,4299.75
ITEM0002659,ORD001574,PROD00315,1,3924.71,2.29,2552.55
ITEM0002660,ORD001574,PROD00126,1,31692.99,821.01,28612.32
ITEM0002661,ORD001575,PROD00268,1,2564.16,23.84,1682.2
ITEM0002662,ORD001575,PROD00487,2,20785.37,1232.63,16513.5
ITEM0002663,ORD001575,PROD00307,1,1387.95,62.05,942.5
ITEM0002664,ORD001576,PROD00016,1,65864.46,6225.54,63439.2
ITEM0002665,ORD001577,PROD00089,3,55242.97,3467.03,51664.8
ITEM0002666,ORD001578,PROD00355,1,7190.33,633.67,5868.0
ITEM0002667,ORD001578,PROD00396,2,27686.94,257.06,20958.0
ITEM0002668,ORD001578,PROD00156,3,44311.18,5851.82,44143.44
ITEM0002669,ORD001579,PROD00226,1,1155.6,84.4,806.0
ITEM0002670,ORD001580,PROD00392,1,1619.84,139.16,1319.25
ITEM0002671,ORD001580,PROD00288,1,4974.88,4.12,3236.35
ITEM0002672,ORD001581,PROD00351,1,23873.62,746.38,18465.0
ITEM0002673,ORD001581,PROD00420,1,1577.85,66.15,1233.0
ITEM0002674,ORD001581,PROD00315,1,3667.8,259.2,2552.55
ITEM0002675,ORD001582,PROD00202,1,987.5,82.5,695.5
ITEM0002676,ORD001583,PROD00173,1,2403.57,132.43,1648.4
ITEM0002677,ORD001583,PROD00148,1,46032.38,336.62,40804.72
ITEM0002678,ORD001583,PROD00053,1,77261.33,365.67,68311.76
ITEM0002679,ORD001584,PROD00460,1,18812.83,1006.17,14864.25
ITEM0002680,ORD001585,PROD00084,1,69562.18,10281.82,70262.72
ITEM0002681,ORD001585,PROD00422,1,23477.71,698.29,18132.0
ITEM0002682,ORD001585,PROD00010,1,53946.99,4608.01,51528.4
ITEM0002683,ORD001586,PROD00308,2,9518.54,145.46,6281.6
ITEM0002684,ORD001586,PROD00087,1,20546.19,1022.81,18980.72
ITEM0002685,ORD001587,PROD00476,1,22014.75,1052.25,17300.25
ITEM0002686,ORD001588,PROD00217,1,2039.28,172.72,1437.8
ITEM0002687,ORD001589,PROD00489,1,16680.41,1549.59,13672.5
ITEM0002688,ORD001589,PROD00432,2,12174.25,281.75,9342.0
ITEM0002689,ORD001590,PROD00464,1,6438.27,375.73,5110.5
ITEM0002690,ORD001590,PROD00080,1,74760.59,3775.41,69111.68
ITEM0002691,ORD001591,PROD00343,2,40164.07,3895.93,33045.0
ITEM0002692,ORD001592,PROD00375,1,16432.13,128.87,12420.75
ITEM0002693,ORD001592,PROD00213,1,3185.16,170.84,2181.4
ITEM0002694,ORD001592,PROD00145,2,112956.54,19729.46,116763.68
ITEM0002695,ORD001592,PROD00034,2,47344.59,5275.41,46305.6
ITEM0002696,ORD001593,PROD00325,1,4336.3,333.7,3035.5
ITEM0002697,ORD001593,PROD00220,1,959.85,34.15,646.1
ITEM0002698,ORD001594,PROD00390,1,20257.25,1612.75,16402.5
ITEM0002699,ORD001594,PROD00389,1,16595.89,1202.11,13348.5
ITEM0002700,ORD001595,PROD00484,1,2524.79,166.21,2018.25
ITEM0002701,ORD001595,PROD00421,1,2708.41,145.59,2140.5
ITEM0002702,ORD001596,PROD00109,2,84968.09,3477.91,77832.48
ITEM0002703,ORD001596,PROD00174,1,4618.06,244.94,3160.95
ITEM0002704,ORD001596,PROD00449,3,28934.61,1299.39,22675.5
ITEM0002705,ORD001597,PROD00332,1,8161.74,608.26,6577.5
ITEM0002706,ORD001598,PROD00146,1,10601.45,557.55,9819.92
ITEM0002707,ORD001598,PROD00365,1,14374.97,1147.03,11641.5
ITEM0002708,ORD001599,PROD00046,1,44267.75,5487.25,43784.4
ITEM0002709,ORD001600,PROD00343,1,21268.27,761.73,16522.5
ITEM0002710,ORD001600,PROD00134,2,65840.95,8583.05,65493.12
ITEM0002711,ORD001601,PROD00316,1,4321.97,235.03,2962.05
ITEM0002712,ORD001601,PROD00012,1,29800.36,3078.64,28933.52
ITEM0002713,ORD001602,PROD00328,1,3060.5,59.5,2028.0
ITEM0002714,ORD001602,PROD00226,1,1228.21,11.79,806.0
ITEM0002715,ORD001603,PROD00401,1,2089.37,204.63,1720.5
ITEM0002716,ORD001604,PROD00345,1,17996.87,1117.13,14335.5
ITEM0002717,ORD001605,PROD00295,2,3082.75,255.25,2169.7
ITEM0002718,ORD001605,PROD00182,1,2444.55,48.45,1620.45
ITEM0002719,ORD001605,PROD00479,2,28463.26,1008.74,22104.0
ITEM0002720,ORD001606,PROD00325,1,4433.72,236.28,3035.5
ITEM0002721,ORD001607,PROD00073,2,130088.92,14809.08,127510.24
ITEM0002722,ORD001607,PROD00013,1,45274.2,2642.8,42166.96
ITEM0002723,ORD001608,PROD00455,1,18568.62,716.38,14463.75
ITEM0002724,ORD001608,PROD00259,1,3630.75,226.25,2507.05
ITEM0002725,ORD001608,PROD00155,1,48378.7,5598.3,47499.76
ITEM0002726,ORD001609,PROD00298,1,2195.35,12.65,1435.2
ITEM0002727,ORD001609,PROD00396,1,13481.44,490.56,10479.0
ITEM0002728,ORD001610,PROD00281,1,3570.92,284.08,2505.75
ITEM0002729,ORD001611,PROD00434,1,12529.1,634.9,9873.0
ITEM0002730,ORD001612,PROD00266,1,1092.87,80.13,762.45
ITEM0002731,ORD001612,PROD00102,1,27084.39,2495.61,26030.4
ITEM0002732,ORD001613,PROD00268,1,2423.72,164.28,1682.2
ITEM0002733,ORD001613,PROD00150,1,78227.45,208.55,69023.68
ITEM0002734,ORD001614,PROD00343,1,20385.6,1644.4,16522.5
ITEM0002735,ORD001615,PROD00230,1,2409.42,107.58,1636.05
ITEM0002736,ORD001616,PROD00028,1,47822.07,7183.93,48405.28
ITEM0002737,ORD001616,PROD00407,1,3771.92,13.08,2838.75
ITEM0002738,ORD001617,PROD00130,2,106946.16,16931.84,109012.64
ITEM0002739,ORD001617,PROD00205,2,8411.73,716.27,5933.2
ITEM0002740,ORD001617,PROD00407,1,3777.1,7.9,2838.75
ITEM0002741,ORD001618,PROD00254,1,720.2,9.8,474.5
ITEM0002742,ORD001619,PROD00007,1,19016.42,2003.58,18497.6
ITEM0002743,ORD001619,PROD00350,1,9799.27,79.73,7409.25
ITEM0002744,ORD001620,PROD00035,1,55421.5,1677.5,50247.12
ITEM0002745,ORD001620,PROD00093,1,12405.51,1960.49,12642.08
ITEM0002746,ORD001621,PROD00317,2,7045.79,542.21,4932.2
ITEM0002747,ORD001621,PROD00413,1,14746.04,1005.96,11814.0
ITEM0002748,ORD001621,PROD00323,3,14197.33,487.67,9545.25
ITEM0002749,ORD001621,PROD00130,1,57447.65,4491.35,54506.32
ITEM0002750,ORD001622,PROD00094,1,58855.77,3960.23,55278.08
ITEM0002751,ORD001623,PROD00055,2,120234.51,15513.49,119458.24
ITEM0002752,ORD001623,PROD00489,1,17042.46,1187.54,13672.5
ITEM0002753,ORD001623,PROD00351,1,23669.04,950.96,18465.0
ITEM0002754,ORD001624,PROD00082,3,178644.67,29138.33,182849.04
ITEM0002755,ORD001625,PROD00197,1,2902.22,49.78,1918.8
ITEM0002756,ORD001625,PROD00449,1,9697.26,380.74,7558.5
ITEM0002757,ORD001625,PROD00194,2,6292.42,75.58,4139.2
ITEM0002758,ORD001625,PROD00365,2,30314.03,729.97,23283.0
ITEM0002759,ORD001626,PROD00196,2,3157.01,64.99,2094.3
ITEM0002760,ORD001627,PROD00032,1,53954.3,9069.7,55461.12
ITEM0002761,ORD001628,PROD00085,1,49785.85,896.15,44600.16
ITEM0002762,ORD001628,PROD00038,1,33591.99,831.01,30292.24
ITEM0002763,ORD001628,PROD00131,1,69612.55,5690.45,66266.64
ITEM0002764,ORD001629,PROD00369,1,7745.82,543.18,6216.75
ITEM0002765,ORD001629,PROD00024,1,60237.6,7462.4,59576.0
ITEM0002766,ORD001630,PROD00220,1,951.11,42.89,646.1
ITEM0002767,ORD001631,PROD00454,2,48730.73,1121.27,37389.0
ITEM0002768,ORD001631,PROD00116,1,60906.5,9149.5,61649.28
ITEM0002769,ORD001632,PROD00394,2,34026.92,3685.08,28284.0
ITEM0002770,ORD001632,PROD00251,2,8949.13,14.87,5826.6
ITEM0002771,ORD001633,PROD00112,2,33317.15,2602.85,31609.6
ITEM0002772,ORD001633,PROD00381,1,22753.59,1755.41,18381.75
ITEM0002773,ORD001634,PROD00003,1,40569.95,5844.05,40844.32
ITEM0002774,ORD001635,PROD00419,1,2922.2,249.8,2379.0
ITEM0002775,ORD001635,PROD00279,2,9770.32,1.68,6351.8
ITEM0002776,ORD001636,PROD00135,1,62061.44,7384.56,61112.48
ITEM0002777,ORD001636,PROD00229,1,3919.25,269.75,2722.85
ITEM0002778,ORD001636,PROD00178,1,1589.55,11.45,1040.65
ITEM0002779,ORD001637,PROD00242,2,7140.5,81.5,4694.3
ITEM0002780,ORD001638,PROD00260,1,517.57,20.43,349.7
ITEM0002781,ORD001639,PROD00128,1,61255.31,9644.69,62392.0
ITEM0002782,ORD001639,PROD00444,1,10308.74,834.26,8357.25
ITEM0002783,ORD001639,PROD00015,1,58703.78,9555.22,60067.92
ITEM0002784,ORD001640,PROD00456,1,15842.48,710.52,12414.75
ITEM0002785,ORD001640,PROD00354,1,10878.0,118.0,8247.0
ITEM0002786,ORD001641,PROD00451,1,14661.26,1595.74,12192.75
ITEM0002787,ORD001641,PROD00119,1,49702.36,6574.64,49523.76
ITEM0002788,ORD001642,PROD00055,1,62615.13,5258.87,59729.12
ITEM0002789,ORD001643,PROD00447,1,5494.75,238.25,4299.75
ITEM0002790,ORD001644,PROD00171,1,1114.42,38.58,749.45
ITEM0002791,ORD001645,PROD00232,1,3135.7,102.3,2104.7
ITEM0002792,ORD001645,PROD00392,1,1645.58,113.42,1319.25
ITEM0002793,ORD001646,PROD00149,1,22154.29,2218.71,21448.24
ITEM0002794,ORD001646,PROD00243,1,2750.58,126.42,1870.05
ITEM0002795,ORD001646,PROD00454,1,23341.21,1584.79,18694.5
ITEM0002796,ORD001646,PROD00121,1,18214.99,522.01,16488.56
ITEM0002797,ORD001647,PROD00299,2,7510.65,405.35,5145.4
ITEM0002798,ORD001648,PROD00425,1,22676.56,915.44,17694.0
ITEM0002799,ORD001648,PROD00294,2,5311.51,14.49,3461.9
ITEM0002800,ORD001649,PROD00246,1,830.02,17.98,551.2
ITEM0002801,ORD001649,PROD00379,1,3728.41,360.59,3066.75
ITEM0002802,ORD001649,PROD00425,1,22066.82,1525.18,17694.0
ITEM0002803,ORD001650,PROD00180,1,3156.48,206.52,2185.95
ITEM0002804,ORD001651,PROD00378,1,8943.77,283.23,6920.25
ITEM0002805,ORD001651,PROD00114,2,62580.23,1449.77,56346.4
ITEM0002806,ORD001651,PROD00073,1,67900.32,4548.68,63755.12
ITEM0002807,ORD001651,PROD00115,1,57470.95,3294.05,53473.2
ITEM0002808,ORD001652,PROD00351,2,48106.97,1133.03,36930.0
ITEM0002809,ORD001652,PROD00323,1,4592.07,302.93,3181.75
ITEM0002810,ORD001653,PROD00418,1,9170.34,987.66,7618.5
ITEM0002811,ORD001654,PROD00392,1,1702.55,56.45,1319.25
ITEM0002812,ORD001655,PROD00014,3,95050.33,8983.67,91549.92
ITEM0002813,ORD001656,PROD00135,2,134624.56,4267.44,122224.96
ITEM0002814,ORD001656,PROD00477,1,7662.43,348.57,6008.25
ITEM0002815,ORD001656,PROD00103,1,54627.39,9597.61,56518.0
ITEM0002816,ORD001656,PROD00141,1,7440.48,529.52,7013.6
ITEM0002817,ORD001657,PROD00250,1,4117.28,244.72,2835.3
ITEM0002818,ORD001657,PROD00075,1,41197.99,2801.01,38719.12
ITEM0002819,ORD001658,PROD00149,1,22116.42,2256.58,21448.24
ITEM0002820,ORD001659,PROD00072,1,36779.78,4518.22,36342.24
ITEM0002821,ORD001659,PROD00201,1,3772.69,7.31,2457.0
ITEM0002822,ORD001660,PROD00054,1,45433.39,4167.61,43648.88
ITEM0002823,ORD001660,PROD00216,1,2397.3,111.7,1630.85
ITEM0002824,ORD001661,PROD00225,2,7904.27,143.73,5231.2
ITEM0002825,ORD001661,PROD00245,2,7324.61,111.39,4833.4
ITEM0002826,ORD001662,PROD00467,1,15557.37,1695.63,12939.75
ITEM0002827,ORD001663,PROD00227,3,9887.77,624.23,6832.8
ITEM0002828,ORD001664,PROD00094,1,59038.23,3777.77,55278.08
ITEM0002829,ORD001664,PROD00436,1,18065.99,983.01,14286.75
ITEM0002830,ORD001664,PROD00394,1,17418.15,1437.85,14142.0
ITEM0002831,ORD001665,PROD00237,1,1962.87,60.13,1314.95
ITEM0002832,ORD001666,PROD00329,1,3203.08,168.92,2191.8
ITEM0002833,ORD001666,PROD00233,1,3476.82,183.18,2379.0
ITEM0002834,ORD001667,PROD00364,3,46806.73,2384.27,36893.25
ITEM0002835,ORD001667,PROD00270,1,1016.57,45.43,690.3
ITEM0002836,ORD001668,PROD00061,1,24729.74,1729.26,23283.92
ITEM0002837,ORD001669,PROD00147,1,46531.22,7017.78,47123.12
ITEM0002838,ORD001669,PROD00277,1,2132.39,44.61,1415.05
ITEM0002839,ORD001669,PROD00091,1,24951.74,3529.26,25063.28
ITEM0002840,ORD001670,PROD00340,2,17856.63,1567.37,14568.0
ITEM0002841,ORD001670,PROD00097,1,13622.01,1073.99,12932.48
ITEM0002842,ORD001671,PROD00051,1,10337.37,982.63,9961.6
ITEM0002843,ORD001671,PROD00053,1,70010.36,7616.64,68311.76
ITEM0002844,ORD001672,PROD00329,2,6404.45,339.55,4383.6
ITEM0002845,ORD001672,PROD00339,2,30113.56,1606.44,23790.0
ITEM0002846,ORD001672,PROD00349,1,12297.16,1276.84,10180.5
ITEM0002847,ORD001673,PROD00005,1,45154.07,930.93,40554.8
ITEM0002848,ORD001674,PROD00358,1,17544.84,583.16,13596.0
ITEM0002849,ORD001675,PROD00003,1,43274.84,3139.16,40844.32
ITEM0002850,ORD001675,PROD00427,1,22701.03,1371.97,18054.75
ITEM0002851,ORD001675,PROD00303,2,5306.05,5.95,3452.8
ITEM0002852,ORD001676,PROD00305,1,2592.98,123.02,1765.4
ITEM0002853,ORD001676,PROD00376,1,15096.13,632.87,11796.75
ITEM0002854,ORD001677,PROD00285,1,1500.22,18.78,987.35
ITEM0002855,ORD001677,PROD00384,1,1342.59,65.41,1056.0
ITEM0002856,ORD001678,PROD00285,1,1503.26,15.74,987.35
ITEM0002857,ORD001679,PROD00164,1,26034.85,4544.15,26909.52
ITEM0002858,ORD001680,PROD00279,1,4546.39,339.61,3175.9
ITEM0002859,ORD001681,PROD00358,1,16446.19,1681.81,13596.0
ITEM0002860,ORD001681,PROD00127,1,72514.85,1712.15,65319.76
ITEM0002861,ORD001681,PROD00001,3,161830.34,24136.66,163650.96
ITEM0002862,ORD001682,PROD00434,1,11968.25,1195.75,9873.0
ITEM0002863,ORD001682,PROD00322,3,13914.77,11.23,9051.9
ITEM0002864,ORD001683,PROD00293,1,527.4,39.6,368.55
ITEM0002865,ORD001683,PROD00378,1,8877.79,349.21,6920.25
ITEM0002866,ORD001683,PROD00088,1,71105.29,1830.71,64183.68
ITEM0002867,ORD001683,PROD00482,1,18356.29,127.71,13863.0
ITEM0002868,ORD001684,PROD00031,1,59888.72,7919.28,59671.04
ITEM0002869,ORD001684,PROD00229,2,8073.48,304.52,5445.7
ITEM0002870,ORD001685,PROD00305,2,5026.92,405.08,3530.8
ITEM0002871,ORD001685,PROD00158,1,66773.82,4363.18,62600.56
ITEM0002872,ORD001686,PROD00086,1,67005.98,6138.02,64366.72
ITEM0002873,ORD001686,PROD00361,1,16074.75,1093.25,12876.0
ITEM0002874,ORD001686,PROD00452,1,1798.06,123.94,1441.5
ITEM0002875,ORD001687,PROD00313,1,3641.71,231.29,2517.45
ITEM0002876,ORD001687,PROD00073,2,137085.32,7812.68,127510.24
ITEM0002877,ORD001688,PROD00457,1,5816.51,131.49,4461.0
ITEM0002878,ORD001689,PROD00050,2,38919.46,482.54,34673.76
ITEM0002879,ORD001690,PROD00250,1,4355.53,6.47,2835.3
ITEM0002880,ORD001691,PROD00300,1,1502.98,97.02,1040.0
ITEM0002881,ORD001692,PROD00153,1,30642.66,1584.34,28359.76
ITEM0002882,ORD001692,PROD00034,1,23736.56,2573.44,23152.8
ITEM0002883,ORD001692,PROD00220,1,946.62,47.38,646.1
ITEM0002884,ORD001693,PROD00141,2,13735.17,2204.83,14027.2
ITEM0002885,ORD001693,PROD00169,1,1489.49,8.51,973.7
ITEM0002886,ORD001694,PROD00263,1,2845.82,70.18,1895.4
ITEM0002887,ORD001694,PROD00144,1,60794.44,2570.56,55761.2
ITEM0002888,ORD001694,PROD00173,1,2365.24,170.76,1648.4
ITEM0002889,ORD001695,PROD00204,1,4639.5,209.5,3151.85
ITEM0002890,ORD001696,PROD00425,1,23538.91,53.09,17694.0
ITEM0002891,ORD001696,PROD00029,1,69867.77,217.23,61674.8
ITEM0002892,ORD001696,PROD00286,1,773.91,32.09,523.9
ITEM0002893,ORD001697,PROD00229,1,3884.83,304.17,2722.85
ITEM0002894,ORD001697,PROD00165,1,20471.72,1113.28,18994.8
ITEM0002895,ORD001697,PROD00352,2,4000.08,299.92,3225.0
ITEM0002896,ORD001698,PROD00353,1,7028.86,626.14,5741.25
ITEM0002897,ORD001698,PROD00281,1,3854.56,0.44,2505.75
ITEM0002898,ORD001699,PROD00195,1,942.76,56.24,649.35
ITEM0002899,ORD001699,PROD00439,1,2758.64,190.36,2211.75
ITEM0002900,ORD001700,PROD00070,1,39895.6,3745.4,38404.08
ITEM0002901,ORD001700,PROD00467,1,15706.66,1546.34,12939.75
ITEM0002902,ORD001701,PROD00026,1,41005.47,2337.53,38141.84
ITEM0002903,ORD001702,PROD00273,1,757.2,28.8,510.9
ITEM0002904,ORD001702,PROD00246,1,787.09,60.91,551.2
ITEM0002905,ORD001703,PROD00068,1,42491.4,189.6,37559.28
ITEM0002906,ORD001703,PROD00343,1,20138.38,1891.62,16522.5
ITEM0002907,ORD001704,PROD00128,1,66005.73,4894.27,62392.0
ITEM0002908,ORD001705,PROD00456,1,15430.78,1122.22,12414.75
ITEM0002909,ORD001705,PROD00397,1,5357.73,8.27,4024.5
ITEM0002910,ORD001706,PROD00128,1,62634.95,8265.05,62392.0
ITEM0002911,ORD001707,PROD00477,1,7626.33,384.67,6008.25
ITEM0002912,ORD001708,PROD00072,1,37844.77,3453.23,36342.24
ITEM0002913,ORD001708,PROD00170,2,4602.79,347.21,3217.5
ITEM0002914,ORD001709,PROD00137,1,15067.94,389.06,13602.16
ITEM0002915,ORD001709,PROD00257,1,3678.22,276.78,2570.75
ITEM0002916,ORD001710,PROD00090,1,11269.47,459.53,10321.52
ITEM0002917,ORD001711,PROD00228,1,2810.26,80.74,1879.15
ITEM0002918,ORD001712,PROD00148,1,40677.72,5691.28,40804.72
ITEM0002919,ORD001712,PROD00234,1,3486.92,89.08,2324.4
ITEM0002920,ORD001713,PROD00247,1,1480.8,116.2,1038.05
ITEM0002921,ORD001713,PROD00021,1,16634.2,2439.8,16785.12
ITEM0002922,ORD001714,PROD00274,1,1262.97,95.03,882.7
ITEM0002923,ORD001714,PROD00331,1,23322.47,841.53,18123.0
ITEM0002924,ORD001715,PROD00341,1,6781.93,658.07,5580.0
ITEM0002925,ORD001716,PROD00236,2,8344.04,639.96,5839.6
ITEM0002926,ORD001717,PROD00366,1,21373.79,987.21,16770.75
ITEM0002927,ORD001718,PROD00027,2,76386.6,6807.4,73210.72
ITEM0002928,ORD001719,PROD00080,3,227714.49,7893.51,207335.04
ITEM0002929,ORD001719,PROD00225,1,3776.23,247.77,2615.6
ITEM0002930,ORD001719,PROD00051,1,9624.01,1695.99,9961.6
ITEM0002931,ORD001720,PROD00357,1,16491.33,1019.67,13133.25
ITEM0002932,ORD001720,PROD00486,1,6999.72,305.28,5478.75
ITEM0002933,ORD001721,PROD00341,2,14309.95,570.05,11160.0
ITEM0002934,ORD001721,PROD00247,3,4669.73,121.27,3114.15
ITEM0002935,ORD001722,PROD00213,1,3312.35,43.65,2181.4
ITEM0002936,ORD001723,PROD00019,1,62797.97,9295.03,63441.84
ITEM0002937,ORD001723,PROD00328,1,3103.83,16.17,2028.0
ITEM0002938,ORD001724,PROD00154,1,29348.28,4619.72,29891.84
ITEM0002939,ORD001725,PROD00319,1,496.73,32.27,343.85
ITEM0002940,ORD001726,PROD00446,2,40777.98,2790.02,32676.0
ITEM0002941,ORD001727,PROD00124,1,32471.42,1054.58,29502.88
ITEM0002942,ORD001728,PROD00471,1,9717.33,772.67,7867.5
ITEM0002943,ORD001728,PROD00158,1,60583.27,10553.73,62600.56
ITEM0002944,ORD001729,PROD00355,3,23046.86,425.14,17604.0
ITEM0002945,ORD001729,PROD00265,1,4449.78,319.22,3099.85
ITEM0002946,ORD001729,PROD00029,1,69016.65,1068.35,61674.8
ITEM0002947,ORD001730,PROD00395,1,5131.76,53.24,3888.75
ITEM0002948,ORD001731,PROD00103,1,57473.34,6751.66,56518.0
ITEM0002949,ORD001732,PROD00067,1,42597.12,479.88,37907.76
ITEM0002950,ORD001733,PROD00199,1,4174.49,101.51,2779.4
ITEM0002951,ORD001734,PROD00333,3,32176.77,3130.23,26480.25
ITEM0002952,ORD001735,PROD00204,1,4601.38,247.62,3151.85
ITEM0002953,ORD001735,PROD00143,1,17265.84,1544.16,16552.8
ITEM0002954,ORD001735,PROD00038,2,68456.37,389.63,60584.48
ITEM0002955,ORD001736,PROD00449,1,9394.7,683.3,7558.5
ITEM0002956,ORD001737,PROD00244,1,2476.15,39.85,1635.4
ITEM0002957,ORD001738,PROD00382,1,1236.19,39.81,957.0
ITEM0002958,ORD001739,PROD00421,1,2783.84,70.16,2140.5
ITEM0002959,ORD001740,PROD00019,1,64260.72,7832.28,63441.84
ITEM0002960,ORD001740,PROD00457,1,5464.27,483.73,4461.0
ITEM0002961,ORD001741,PROD00116,1,66214.43,3841.57,61649.28
ITEM0002962,ORD001741,PROD00314,1,825.08,41.92,563.55
ITEM0002963,ORD001741,PROD00009,1,39354.78,5717.22,39663.36
ITEM0002964,ORD001742,PROD00386,1,4429.06,263.94,3519.75
ITEM0002965,ORD001743,PROD00188,1,4683.16,198.84,3173.3
ITEM0002966,ORD001743,PROD00487,1,10939.31,69.69,8256.75
ITEM0002967,ORD001743,PROD00184,1,808.33,37.67,549.9
ITEM0002968,ORD001744,PROD00272,1,1076.46,50.54,732.55
ITEM0002969,ORD001744,PROD00405,1,6355.73,227.27,4937.25
ITEM0002970,ORD001745,PROD00465,1,12402.91,825.09,9921.0
ITEM0002971,ORD001745,PROD00269,1,2573.84,26.16,1690.0
ITEM0002972,ORD001746,PROD00156,1,14502.59,2218.41,14714.48
ITEM0002973,ORD001747,PROD00171,1,1075.63,77.37,749.45
ITEM0002974,ORD001748,PROD00325,3,13966.39,43.61,9106.5
ITEM0002975,ORD001749,PROD00255,2,3378.73,215.27,2336.1
ITEM0002976,ORD001750,PROD00022,1,51552.32,140.68,45489.84
ITEM0002977,ORD001751,PROD00424,2,32806.46,1615.54,25816.5
ITEM0002978,ORD001751,PROD00220,2,1870.47,117.53,1292.2
ITEM0002979,ORD001752,PROD00391,1,14600.05,133.95,11050.5
ITEM0002980,ORD001752,PROD00344,1,13847.64,1072.36,11190.0
ITEM0002981,ORD001753,PROD00056,1,31971.66,2896.34,30683.84
ITEM0002982,ORD001753,PROD00069,1,23555.14,3752.86,24031.04
ITEM0002983,ORD001753,PROD00418,1,9884.17,273.83,7618.5
ITEM0002984,ORD001753,PROD00074,1,71289.39,1435.61,63998.0
ITEM0002985,ORD001754,PROD00378,1,9069.39,157.61,6920.25
ITEM0002986,ORD001755,PROD00029,1,69070.42,1014.58,61674.8
ITEM0002987,ORD001756,PROD00338,1,4905.59,133.41,3779.25
ITEM0002988,ORD001757,PROD00291,1,4180.2,336.8,2936.05
ITEM0002989,ORD001758,PROD00060,1,46556.46,3057.54,43660.32
ITEM0002990,ORD001758,PROD00326,1,3919.02,301.98,2743.65
ITEM0002991,ORD001758,PROD00482,1,17976.07,507.93,13863.0
ITEM0002992,ORD001759,PROD00386,2,8571.11,814.89,7039.5
ITEM0002993,ORD001759,PROD00495,1,2398.88,247.12,1984.5
ITEM0002994,ORD001759,PROD00460,1,19682.02,136.98,14864.25
ITEM0002995,ORD001760,PROD00021,1,18370.22,703.78,16785.12
ITEM0002996,ORD001760,PROD00306,2,8172.06,253.94,5476.9
ITEM0002997,ORD001761,PROD00172,2,1154.66,15.34,760.5
ITEM0002998,ORD001761,PROD00217,1,2080.01,131.99,1437.8
ITEM0002999,ORD001761,PROD00241,2,2615.94,42.06,1727.7
ITEM0003000,ORD001762,PROD00343,1,20993.06,1036.94,16522.5
ITEM0003001,ORD001763,PROD00094,1,60985.75,1830.25,55278.08
ITEM0003002,ORD001764,PROD00082,1,58959.01,10301.99,60949.68
ITEM0003003,ORD001765,PROD00403,1,2919.52,302.48,2416.5
ITEM0003004,ORD001765,PROD00043,1,48413.23,5878.77,47776.96
ITEM0003005,ORD001766,PROD00249,1,2350.45,114.55,1602.25
ITEM0003006,ORD001766,PROD00349,1,12326.05,1247.95,10180.5
ITEM0003007,ORD001767,PROD00143,1,18325.35,484.65,16552.8
ITEM0003008,ORD001768,PROD00129,2,93784.49,5793.51,87628.64
ITEM0003009,ORD001769,PROD00113,1,34438.3,5409.7,35066.24
ITEM0003010,ORD001769,PROD00295,1,1622.47,46.53,1084.85
ITEM0003011,ORD001770,PROD00355,1,7464.82,359.18,5868.0
ITEM0003012,ORD001770,PROD00097,1,12661.02,2034.98,12932.48
ITEM0003013,ORD001770,PROD00101,2,139096.81,12577.19,133473.12
ITEM0003014,ORD001771,PROD00367,1,11563.63,1204.37,9576.0
ITEM0003015,ORD001771,PROD00268,1,2458.78,129.22,1682.2
ITEM0003016,ORD001771,PROD00229,1,3918.68,270.32,2722.85
ITEM0003017,ORD001772,PROD00328,1,3035.07,84.93,2028.0
ITEM0003018,ORD001773,PROD00095,1,56700.82,8953.18,57775.52
ITEM0003019,ORD001774,PROD00008,1,63306.44,42.56,55747.12
ITEM0003020,ORD001775,PROD00417,2,18826.2,771.8,14698.5
ITEM0003021,ORD001775,PROD00156,1,15551.25,1169.75,14714.48
ITEM0003022,ORD001775,PROD00258,1,3497.23,100.77,2338.7
ITEM0003023,ORD001776,PROD00188,3,14199.8,446.2,9519.9
ITEM0003024,ORD001777,PROD00070,1,42728.47,912.53,38404.08
ITEM0003025,ORD001778,PROD00089,2,35162.47,3977.53,34443.2
ITEM0003026,ORD001778,PROD00171,1,1079.05,73.95,749.45
ITEM0003027,ORD001779,PROD00382,1,1162.16,113.84,957.0
ITEM0003028,ORD001780,PROD00156,3,49088.25,1074.75,44143.44
ITEM0003029,ORD001781,PROD00014,1,31715.09,2962.91,30516.64
ITEM0003030,ORD001781,PROD00403,1,3206.1,15.9,2416.5
ITEM0003031,ORD001782,PROD00103,1,61656.29,2568.71,56518.0
ITEM0003032,ORD001783,PROD00367,1,12359.21,408.79,9576.0
ITEM0003033,ORD001783,PROD00080,2,139813.64,17258.36,138223.36
ITEM0003034,ORD001784,PROD00153,2,57729.95,6724.05,56719.52
ITEM0003035,ORD001785,PROD00245,1,3453.39,264.61,2416.7
ITEM0003036,ORD001785,PROD00037,1,44380.59,1302.41,40201.04
ITEM0003037,ORD001786,PROD00274,1,1354.72,3.28,882.7
ITEM0003038,ORD001786,PROD00127,2,132038.93,16415.07,130639.52
ITEM0003039,ORD001787,PROD00084,2,150062.37,9625.63,140525.44
ITEM0003040,ORD001787,PROD00187,1,3115.17,71.83,2071.55
ITEM0003041,ORD001787,PROD00378,1,9170.03,56.97,6920.25
ITEM0003042,ORD001788,PROD00084,1,68628.29,11215.71,70262.72
ITEM0003043,ORD001788,PROD00260,1,517.91,20.09,349.7
ITEM0003044,ORD001789,PROD00021,1,16976.35,2097.65,16785.12
ITEM0003045,ORD001790,PROD00269,1,2522.64,77.36,1690.0
ITEM0003046,ORD001791,PROD00379,1,3963.31,125.69,3066.75
ITEM0003047,ORD001792,PROD00036,2,24441.88,2676.12,23863.84
ITEM0003048,ORD001793,PROD00353,1,7012.02,642.98,5741.25
ITEM0003049,ORD001794,PROD00292,1,2124.5,128.5,1464.45
ITEM0003050,ORD001794,PROD00308,1,4810.12,21.88,3140.8
ITEM0003051,ORD001795,PROD00344,2,27795.79,2044.21,22380.0
ITEM0003052,ORD001796,PROD00112,1,15998.93,1961.07,15804.8
ITEM0003053,ORD001797,PROD00008,1,59121.67,4227.33,55747.12
ITEM0003054,ORD001798,PROD00268,1,2573.1,14.9,1682.2
ITEM0003055,ORD001798,PROD00117,1,23748.28,2206.72,22840.4
ITEM0003056,ORD001799,PROD00027,1,36739.9,4857.1,36605.36
ITEM0003057,ORD001799,PROD00351,1,24337.22,282.78,18465.0
ITEM0003058,ORD001799,PROD00080,3,231290.55,4317.45,207335.04
ITEM0003059,ORD001800,PROD00242,1,3393.93,217.07,2347.15
ITEM0003060,ORD001800,PROD00434,1,12817.46,346.54,9873.0
ITEM0003061,ORD001800,PROD00050,1,19390.6,310.4,17336.88
ITEM0003062,ORD001801,PROD00489,1,16503.53,1726.47,13672.5
ITEM0003063,ORD001801,PROD00358,1,17907.77,220.23,13596.0
ITEM0003064,ORD001801,PROD00448,1,5440.59,284.41,4293.75
ITEM0003065,ORD001802,PROD00075,1,43788.85,210.15,38719.12
ITEM0003066,ORD001803,PROD00091,1,28395.55,85.45,25063.28
ITEM0003067,ORD001804,PROD00220,1,933.11,60.89,646.1
ITEM0003068,ORD001804,PROD00346,1,18893.73,454.27,14511.0
ITEM0003069,ORD001804,PROD00304,1,2481.96,141.04,1704.95
ITEM0003070,ORD001805,PROD00122,1,13802.47,2075.53,13972.64
ITEM0003071,ORD001805,PROD00401,3,6232.4,649.6,5161.5
ITEM0003072,ORD001806,PROD00313,1,3837.6,35.4,2517.45
ITEM0003073,ORD001807,PROD00057,1,6506.01,716.99,6356.24
ITEM0003074,ORD001807,PROD00406,2,16137.28,1108.72,12934.5
ITEM0003075,ORD001808,PROD00040,1,49539.07,7371.93,50081.68
ITEM0003076,ORD001808,PROD00172,1,577.98,7.02,380.25
ITEM0003077,ORD001809,PROD00421,1,2732.31,121.69,2140.5
ITEM0003078,ORD001809,PROD00023,1,56323.86,4362.14,53403.68
ITEM0003079,ORD001810,PROD00431,2,15212.8,883.2,12072.0
ITEM0003080,ORD001810,PROD00224,2,6251.18,18.82,4075.5
ITEM0003081,ORD001811,PROD00070,2,85338.93,1943.07,76808.16
ITEM0003082,ORD001811,PROD00358,1,18093.14,34.86,13596.0
ITEM0003083,ORD001812,PROD00340,1,9219.02,492.98,7284.0
ITEM0003084,ORD001812,PROD00198,1,2237.45,0.55,1454.7
ITEM0003085,ORD001813,PROD00313,1,3676.85,196.15,2517.45
ITEM0003086,ORD001814,PROD00381,1,23637.79,871.21,18381.75
ITEM0003087,ORD001814,PROD00391,1,14653.31,80.69,11050.5
ITEM0003088,ORD001815,PROD00425,1,22075.19,1516.81,17694.0
ITEM0003089,ORD001816,PROD00302,2,2608.29,69.71,1740.7
ITEM0003090,ORD001817,PROD00030,2,30187.55,2780.45,29011.84
ITEM0003091,ORD001818,PROD00045,1,37740.65,1598.35,34618.32
ITEM0003092,ORD001818,PROD00436,1,17858.85,1190.15,14286.75
ITEM0003093,ORD001818,PROD00494,1,7902.71,145.29,6036.0
ITEM0003094,ORD001819,PROD00111,1,44273.95,3813.05,42316.56
ITEM0003095,ORD001819,PROD00388,1,6734.93,589.07,5493.0
ITEM0003096,ORD001819,PROD00211,1,1092.53,53.47,744.9
ITEM0003097,ORD001820,PROD00208,1,3643.34,149.66,2465.45
ITEM0003098,ORD001821,PROD00331,1,23343.01,820.99,18123.0
ITEM0003099,ORD001821,PROD00014,2,62294.41,7061.59,61033.28
ITEM0003100,ORD001822,PROD00096,1,67775.13,7847.87,66548.24
ITEM0003101,ORD001823,PROD00457,2,11525.29,370.71,8922.0
ITEM0003102,ORD001823,PROD00221,1,532.38,25.62,362.7
ITEM0003103,ORD001824,PROD00214,1,4656.98,18.02,3038.75
ITEM0003104,ORD001825,PROD00313,3,11209.81,409.19,7552.35
ITEM0003105,ORD001826,PROD00380,2,16704.71,535.29,12930.0
ITEM0003106,ORD001827,PROD00313,1,3831.5,41.5,2517.45
ITEM0003107,ORD001828,PROD00048,3,23363.37,3036.63,23232.0
ITEM0003108,ORD001829,PROD00342,1,1649.64,47.36,1272.75
ITEM0003109,ORD001830,PROD00448,1,5469.79,255.21,4293.75
ITEM0003110,ORD001830,PROD00054,1,44654.63,4946.37,43648.88
ITEM0003111,ORD001831,PROD00276,1,3007.23,140.77,2046.2
ITEM0003112,ORD001832,PROD00218,1,3242.29,150.71,2205.45
ITEM0003113,ORD001833,PROD00437,1,20322.52,1754.48,16557.75
ITEM0003114,ORD001834,PROD00358,1,17043.12,1084.88,13596.0
ITEM0003115,ORD001834,PROD00253,1,4242.65,0.35,2757.95
ITEM0003116,ORD001835,PROD00014,1,31870.26,2807.74,30516.64
ITEM0003117,ORD001836,PROD00411,2,42501.97,2250.03,33564.0
ITEM0003118,ORD001837,PROD00005,1,41836.99,4248.01,40554.8
ITEM0003119,ORD001838,PROD00413,1,15572.79,179.21,11814.0
ITEM0003120,ORD001839,PROD00134,1,32211.85,5000.15,32746.56
ITEM0003121,ORD001840,PROD00344,1,13596.68,1323.32,11190.0
ITEM0003122,ORD001841,PROD00354,1,10483.32,512.68,8247.0
ITEM0003123,ORD001842,PROD00175,1,1449.71,79.29,993.85
ITEM0003124,ORD001843,PROD00382,2,2418.47,133.53,1914.0
ITEM0003125,ORD001844,PROD00300,2,3018.93,181.07,2080.0
ITEM0003126,ORD001844,PROD00073,1,68286.15,4162.85,63755.12
ITEM0003127,ORD001845,PROD00295,2,3111.07,226.93,2169.7
ITEM0003128,ORD001846,PROD00449,1,10014.11,63.89,7558.5
ITEM0003129,ORD001847,PROD00211,1,1087.42,58.58,744.9
ITEM0003130,ORD001848,PROD00343,1,21058.11,971.89,16522.5
ITEM0003131,ORD001849,PROD00433,1,9438.3,432.7,7403.25
ITEM0003132,ORD001849,PROD00032,1,56045.74,6978.26,55461.12
ITEM0003133,ORD001850,PROD00271,1,3796.95,79.05,2519.4
ITEM0003134,ORD001850,PROD00367,1,12747.52,20.48,9576.0
ITEM0003135,ORD001851,PROD00276,1,2934.7,213.3,2046.2
ITEM0003136,ORD001851,PROD00480,1,3956.95,309.05,3199.5
ITEM0003137,ORD001851,PROD00408,1,20360.69,667.31,15771.0
ITEM0003138,ORD001852,PROD00252,1,1857.49,130.51,1292.2
ITEM0003139,ORD001852,PROD00207,2,6974.15,235.85,4686.5
ITEM0003140,ORD001853,PROD00259,1,3702.09,154.91,2507.05
ITEM0003141,ORD001853,PROD00454,1,24152.21,773.79,18694.5
ITEM0003142,ORD001854,PROD00387,1,11421.51,1017.49,9329.25
ITEM0003143,ORD001854,PROD00296,1,4256.81,229.19,2915.9
ITEM0003144,ORD001855,PROD00173,1,2357.21,178.79,1648.4
ITEM0003145,ORD001855,PROD00010,1,56854.22,1700.78,51528.4
ITEM0003146,ORD001856,PROD00309,1,2283.26,99.74,1548.95
ITEM0003147,ORD001857,PROD00071,1,52696.75,3403.25,49368.0
ITEM0003148,ORD001858,PROD00457,1,5902.36,45.64,4461.0
ITEM0003149,ORD001859,PROD00457,1,5358.83,589.17,4461.0
ITEM0003150,ORD001860,PROD00255,1,1793.71,3.29,1168.05
ITEM0003151,ORD001860,PROD00265,1,4572.28,196.72,3099.85
ITEM0003152,ORD001861,PROD00477,2,15909.14,112.86,12016.5
ITEM0003153,ORD001861,PROD00142,1,26278.38,600.62,23653.52
ITEM0003154,ORD001862,PROD00261,1,3161.69,148.31,2151.5
ITEM0003155,ORD001862,PROD00107,1,43327.38,4685.62,42251.44
ITEM0003156,ORD001862,PROD00103,1,57399.66,6825.34,56518.0
ITEM0003157,ORD001863,PROD00114,1,31376.89,638.11,28173.2
ITEM0003158,ORD001864,PROD00333,1,11703.68,65.32,8826.75
ITEM0003159,ORD001865,PROD00001,1,60221.29,1767.71,54550.32
ITEM0003160,ORD001865,PROD00018,1,16977.47,1329.53,16110.16
ITEM0003161,ORD001866,PROD00366,1,21483.42,877.58,16770.75
ITEM0003162,ORD001866,PROD00031,1,65598.03,2209.97,59671.04
ITEM0003163,ORD001867,PROD00144,1,59978.57,3386.43,55761.2
ITEM0003164,ORD001868,PROD00316,1,4298.61,258.39,2962.05
ITEM0003165,ORD001868,PROD00162,1,6057.98,500.02,5771.04
ITEM0003166,ORD001869,PROD00136,1,69427.63,6189.37,66542.96
ITEM0003167,ORD001869,PROD00335,1,15029.08,836.92,11899.5
ITEM0003168,ORD001869,PROD00124,1,30100.36,3425.64,29502.88
ITEM0003169,ORD001870,PROD00035,2,107500.03,6697.97,100494.24
ITEM0003170,ORD001870,PROD00134,1,33473.87,3738.13,32746.56
ITEM0003171,ORD001871,PROD00031,1,60399.2,7408.8,59671.04
ITEM0003172,ORD001872,PROD00464,2,13178.21,449.79,10221.0
ITEM0003173,ORD001873,PROD00267,3,10373.26,408.74,7008.3
ITEM0003174,ORD001873,PROD00128,1,67406.57,3493.43,62392.0
ITEM0003175,ORD001873,PROD00321,1,1883.57,34.43,1246.7
ITEM0003176,ORD001873,PROD00414,2,30745.95,1520.05,24199.5
ITEM0003177,ORD001874,PROD00140,1,6481.67,6.33,5709.44
ITEM0003178,ORD001875,PROD00409,1,2048.61,92.39,1605.75
ITEM0003179,ORD001875,PROD00417,1,9240.39,558.61,7349.25
ITEM0003180,ORD001876,PROD00233,1,3560.14,99.86,2379.0
ITEM0003181,ORD001876,PROD00190,2,9217.76,10.24,5998.2
ITEM0003182,ORD001877,PROD00127,1,67321.94,6905.06,65319.76
ITEM0003183,ORD001877,PROD00310,1,2997.1,98.9,2012.4
ITEM0003184,ORD001878,PROD00439,1,2873.2,75.8,2211.75
ITEM0003185,ORD001878,PROD00297,1,3665.3,272.7,2559.7
ITEM0003186,ORD001878,PROD00135,1,60317.47,9128.53,61112.48
ITEM0003187,ORD001878,PROD00225,1,3827.52,196.48,2615.6
ITEM0003188,ORD001879,PROD00484,1,2564.93,126.07,2018.25
ITEM0003189,ORD001879,PROD00288,1,4630.95,348.05,3236.35
ITEM0003190,ORD001880,PROD00262,1,2358.02,183.98,1652.3
ITEM0003191,ORD001881,PROD00394,1,17627.65,1228.35,14142.0
ITEM0003192,ORD001881,PROD00354,1,10702.94,293.06,8247.0
ITEM0003193,ORD001881,PROD00266,1,1095.77,77.23,762.45
ITEM0003194,ORD001882,PROD00282,1,2488.21,186.79,1738.75
ITEM0003195,ORD001882,PROD00163,1,44770.03,1964.97,41126.8
ITEM0003196,ORD001883,PROD00392,1,1684.36,74.64,1319.25
ITEM0003197,ORD001883,PROD00004,1,11812.42,1391.58,11619.52
ITEM0003198,ORD001884,PROD00319,1,509.9,19.1,343.85
ITEM0003199,ORD001884,PROD00024,1,58589.41,9110.59,59576.0
ITEM0003200,ORD001885,PROD00225,1,3988.13,35.87,2615.6
ITEM0003201,ORD001885,PROD00413,1,15033.55,718.45,11814.0
ITEM0003202,ORD001886,PROD00063,1,15981.7,157.3,14202.32
ITEM0003203,ORD001886,PROD00430,1,18776.2,737.8,14635.5
ITEM0003204,ORD001886,PROD00453,1,20073.27,173.73,15185.25
ITEM0003205,ORD001887,PROD00011,1,46277.12,1545.88,42084.24
ITEM0003206,ORD001887,PROD00358,1,16875.65,1252.35,13596.0
ITEM0003207,ORD001888,PROD00062,1,16663.4,814.6,15380.64
ITEM0003208,ORD001889,PROD00371,1,8033.25,634.75,6501.0
ITEM0003209,ORD001890,PROD00039,1,30247.01,2264.99,28610.56
ITEM0003210,ORD001890,PROD00258,3,10249.99,544.01,7016.1
ITEM0003211,ORD001890,PROD00071,1,51942.69,4157.31,49368.0
ITEM0003212,ORD001891,PROD00022,1,45163.38,6529.62,45489.84
ITEM0003213,ORD001891,PROD00352,1,2092.45,57.55,1612.5
ITEM0003214,ORD001891,PROD00234,1,3473.21,102.79,2324.4
ITEM0003215,ORD001892,PROD00089,1,18644.0,926.0,17221.6
ITEM0003216,ORD001893,PROD00402,1,9303.85,280.15,7188.0
ITEM0003217,ORD001894,PROD00138,3,114336.28,8837.72,108393.12
ITEM0003218,ORD001894,PROD00066,2,130200.01,16655.99,129233.28
ITEM0003219,ORD001895,PROD00440,2,40340.8,2381.2,32041.5
ITEM0003220,ORD001895,PROD00093,2,27295.77,1436.23,25284.16
ITEM0003221,ORD001896,PROD00422,1,23034.52,1141.48,18132.0
ITEM0003222,ORD001896,PROD00014,1,31206.03,3471.97,30516.64
ITEM0003223,ORD001897,PROD00462,1,7280.39,426.61,5780.25
ITEM0003224,ORD001897,PROD00443,1,19303.8,1885.2,15891.75
ITEM0003225,ORD001897,PROD00153,1,30668.53,1558.47,28359.76
ITEM0003226,ORD001898,PROD00356,2,37665.69,3042.31,30531.0
ITEM0003227,ORD001899,PROD00083,2,86070.8,10067.2,84601.44
ITEM0003228,ORD001899,PROD00173,1,2379.93,156.07,1648.4
ITEM0003229,ORD001900,PROD00184,2,1588.73,103.27,1099.8
ITEM0003230,ORD001901,PROD00413,1,15184.34,567.66,11814.0
ITEM0003231,ORD001902,PROD00096,1,72608.44,3014.56,66548.24
ITEM0003232,ORD001902,PROD00022,2,98272.25,5113.75,90979.68
ITEM0003233,ORD001903,PROD00448,1,5332.0,393.0,4293.75
ITEM0003234,ORD001903,PROD00242,3,10633.28,199.72,7041.45
ITEM0003235,ORD001903,PROD00316,1,4471.23,85.77,2962.05
ITEM0003236,ORD001904,PROD00369,1,7562.59,726.41,6216.75
ITEM0003237,ORD001904,PROD00159,1,70999.24,4577.76,66507.76
ITEM0003238,ORD001904,PROD00460,3,54988.26,4468.74,44592.75
ITEM0003239,ORD001905,PROD00072,1,36214.1,5083.9,36342.24
ITEM0003240,ORD001905,PROD00325,1,4567.35,102.65,3035.5
ITEM0003241,ORD001906,PROD00443,1,21027.18,161.82,15891.75
ITEM0003242,ORD001907,PROD00329,1,3201.86,170.14,2191.8
ITEM0003243,ORD001908,PROD00031,1,65702.08,2105.92,59671.04
ITEM0003244,ORD001908,PROD00295,1,1552.19,116.81,1084.85
ITEM0003245,ORD001909,PROD00371,1,8012.09,655.91,6501.0
ITEM0003246,ORD001909,PROD00304,3,7314.82,554.18,5114.85
ITEM0003247,ORD001909,PROD00315,2,7788.12,65.88,5105.1
ITEM0003248,ORD001909,PROD00259,2,7232.03,481.97,5014.1
ITEM0003249,ORD001910,PROD00482,1,17696.93,787.07,13863.0
ITEM0003250,ORD001910,PROD00153,1,27452.82,4774.18,28359.76
ITEM0003251,ORD001911,PROD00487,1,10208.21,800.79,8256.75
ITEM0003252,ORD001911,PROD00122,2,31726.79,29.21,27945.28
ITEM0003253,ORD001912,PROD00267,1,3392.52,201.48,2336.1
ITEM0003254,ORD001912,PROD00009,1,39527.41,5544.59,39663.36
ITEM0003255,ORD001913,PROD00469,1,5573.06,149.94,4292.25
ITEM0003256,ORD001914,PROD00137,1,13993.16,1463.84,13602.16
ITEM0003257,ORD001914,PROD00295,1,1585.78,83.22,1084.85
ITEM0003258,ORD001915,PROD00056,1,29683.87,5184.13,30683.84
ITEM0003259,ORD001915,PROD00306,2,7887.19,538.81,5476.9
ITEM0003260,ORD001916,PROD00034,1,25058.98,1251.02,23152.8
ITEM0003261,ORD001916,PROD00251,1,4435.81,46.19,2913.3
ITEM0003262,ORD001917,PROD00278,1,3138.8,103.2,2107.3
ITEM0003263,ORD001917,PROD00325,2,8600.22,739.78,6071.0
ITEM0003264,ORD001918,PROD00007,1,17923.29,3096.71,18497.6
ITEM0003265,ORD001918,PROD00055,1,57794.42,10079.58,59729.12
ITEM0003266,ORD001918,PROD00388,1,6866.93,457.07,5493.0
ITEM0003267,ORD001918,PROD00043,1,49336.78,4955.22,47776.96
ITEM0003268,ORD001919,PROD00459,1,9324.83,55.17,7035.0
ITEM0003269,ORD001919,PROD00312,2,1309.15,44.85,880.1
ITEM0003270,ORD001919,PROD00253,2,8233.72,252.28,5515.9
ITEM0003271,ORD001920,PROD00184,1,793.81,52.19,549.9
ITEM0003272,ORD001920,PROD00113,3,106184.62,13359.38,105198.72
ITEM0003273,ORD001921,PROD00380,1,7787.11,832.89,6465.0
ITEM0003274,ORD001921,PROD00440,2,40417.15,2304.85,32041.5
ITEM0003275,ORD001922,PROD00136,1,69363.08,6253.92,66542.96
ITEM0003276,ORD001923,PROD00350,1,9155.64,723.36,7409.25
ITEM0003277,ORD001924,PROD00458,1,12680.11,1091.89,10329.0
ITEM0003278,ORD001925,PROD00290,1,1582.4,25.6,1045.2
ITEM0003279,ORD001926,PROD00038,1,30218.28,4204.72,30292.24
ITEM0003280,ORD001927,PROD00185,1,905.75,77.25,638.95
ITEM0003281,ORD001928,PROD00272,2,2246.27,7.73,1465.1
ITEM0003282,ORD001929,PROD00008,1,55814.57,7534.43,55747.12
ITEM0003283,ORD001930,PROD00397,2,10152.65,579.35,8049.0
ITEM0003284,ORD001931,PROD00367,3,38131.3,172.7,28728.0
ITEM0003285,ORD001931,PROD00420,1,1608.76,35.24,1233.0
ITEM0003286,ORD001932,PROD00283,1,812.41,38.59,553.15
ITEM0003287,ORD001932,PROD00405,1,6241.1,341.9,4937.25
ITEM0003288,ORD001933,PROD00486,1,6717.84,587.16,5478.75
ITEM0003289,ORD001934,PROD00335,1,15431.59,434.41,11899.5
ITEM0003290,ORD001935,PROD00364,1,16274.08,122.92,12297.75
ITEM0003291,ORD001935,PROD00433,2,19737.35,4.65,14806.5
ITEM0003292,ORD001936,PROD00337,1,15769.66,1317.34,12815.25
ITEM0003293,ORD001936,PROD00056,1,31300.91,3567.09,30683.84
ITEM0003294,ORD001937,PROD00299,1,3905.62,52.38,2572.7
ITEM0003295,ORD001937,PROD00146,1,10742.2,416.8,9819.92
ITEM0003296,ORD001938,PROD00041,1,22550.65,347.35,20150.24
ITEM0003297,ORD001939,PROD00289,1,472.81,37.19,331.5
ITEM0003298,ORD001939,PROD00278,1,3192.53,49.47,2107.3
ITEM0003299,ORD001939,PROD00229,1,4077.3,111.7,2722.85
ITEM0003300,ORD001940,PROD00057,1,6300.98,922.02,6356.24
ITEM0003301,ORD001941,PROD00020,1,70112.72,8880.28,69513.84
ITEM0003302,ORD001942,PROD00068,1,37445.29,5235.71,37559.28
ITEM0003303,ORD001943,PROD00470,2,14072.56,85.44,10618.5
ITEM0003304,ORD001943,PROD00360,1,17330.79,290.21,13215.75
ITEM0003305,ORD001944,PROD00233,1,3372.55,287.45,2379.0
ITEM0003306,ORD001944,PROD00297,1,3815.07,122.93,2559.7
ITEM0003307,ORD001944,PROD00423,1,23033.72,580.28,17710.5
ITEM0003308,ORD001945,PROD00199,1,4175.62,100.38,2779.4
ITEM0003309,ORD001945,PROD00259,1,3735.71,121.29,2507.05
ITEM0003310,ORD001946,PROD00136,1,74984.28,632.72,66542.96
ITEM0003311,ORD001946,PROD00340,3,27642.96,1493.04,21852.0
ITEM0003312,ORD001947,PROD00176,1,4382.4,2.6,2850.25
ITEM0003313,ORD001947,PROD00374,1,9355.95,948.05,7728.0
ITEM0003314,ORD001948,PROD00279,1,4826.43,59.57,3175.9
ITEM0003315,ORD001949,PROD00257,1,3864.29,90.71,2570.75
ITEM0003316,ORD001949,PROD00252,2,3672.73,303.27,2584.4
ITEM0003317,ORD001950,PROD00380,1,7870.72,749.28,6465.0
ITEM0003318,ORD001951,PROD00174,1,4741.63,121.37,3160.95
ITEM0003319,ORD001951,PROD00173,1,2338.26,197.74,1648.4
ITEM0003320,ORD001952,PROD00163,1,43342.64,3392.36,41126.8
ITEM0003321,ORD001952,PROD00072,1,39405.61,1892.39,36342.24
ITEM0003322,ORD001953,PROD00088,1,72282.63,653.37,64183.68
ITEM0003323,ORD001954,PROD00476,3,66543.97,2657.03,51900.75
ITEM0003324,ORD001954,PROD00235,1,2332.29,128.71,1599.65
ITEM0003325,ORD001955,PROD00172,2,1121.73,48.27,760.5
ITEM0003326,ORD001956,PROD00491,1,4092.49,158.51,3188.25
ITEM0003327,ORD001956,PROD00391,1,14644.91,89.09,11050.5
ITEM0003328,ORD001956,PROD00443,1,19388.23,1800.77,15891.75
ITEM0003329,ORD001956,PROD00195,1,997.78,1.22,649.35
ITEM0003330,ORD001957,PROD00095,1,63208.38,2445.62,57775.52
ITEM0003331,ORD001958,PROD00494,1,7513.78,534.22,6036.0
ITEM0003332,ORD001958,PROD00435,1,8214.52,655.48,6652.5
ITEM0003333,ORD001959,PROD00065,1,53726.77,4959.23,51643.68
ITEM0003334,ORD001959,PROD00219,1,2296.34,185.66,1613.3
ITEM0003335,ORD001959,PROD00028,1,50189.9,4816.1,48405.28
ITEM0003336,ORD001960,PROD00207,1,3516.83,88.17,2343.25
ITEM0003337,ORD001960,PROD00344,1,14401.29,518.71,11190.0
ITEM0003338,ORD001960,PROD00303,2,5018.36,293.64,3452.8
ITEM0003339,ORD001960,PROD00224,1,2979.97,155.03,2037.75
ITEM0003340,ORD001961,PROD00098,1,21622.82,1420.18,20277.84
ITEM0003341,ORD001962,PROD00316,2,8750.09,363.91,5924.1
ITEM0003342,ORD001963,PROD00066,1,63687.49,9740.51,64616.64
ITEM0003343,ORD001963,PROD00024,1,62789.2,4910.8,59576.0
ITEM0003344,ORD001963,PROD00049,2,19655.75,24.25,17318.4
ITEM0003345,ORD001964,PROD00372,1,7506.09,520.91,6020.25
ITEM0003346,ORD001965,PROD00119,1,52847.35,3429.65,49523.76
ITEM0003347,ORD001966,PROD00442,1,22792.69,1622.31,18311.25
ITEM0003348,ORD001967,PROD00250,1,4322.91,39.09,2835.3
ITEM0003349,ORD001967,PROD00021,3,50294.5,6927.5,50355.36
ITEM0003350,ORD001968,PROD00190,1,4446.55,167.45,2999.1
ITEM0003351,ORD001968,PROD00253,1,4222.62,20.38,2757.95
ITEM0003352,ORD001969,PROD00206,1,2113.7,70.3,1419.6
ITEM0003353,ORD001970,PROD00174,1,4582.38,280.62,3160.95
ITEM0003354,ORD001970,PROD00409,1,2060.43,80.57,1605.75
ITEM0003355,ORD001971,PROD00237,1,1942.59,80.41,1314.95
ITEM0003356,ORD001972,PROD00356,1,20220.73,133.27,15265.5
ITEM0003357,ORD001973,PROD00324,1,2765.56,13.44,1806.35
ITEM0003358,ORD001973,PROD00158,1,62330.6,8806.4,62600.56
ITEM0003359,ORD001974,PROD00480,1,3913.73,352.27,3199.5
ITEM0003360,ORD001974,PROD00119,1,52666.0,3611.0,49523.76
ITEM0003361,ORD001975,PROD00235,1,2357.83,103.17,1599.65
ITEM0003362,ORD001975,PROD00060,1,45698.84,3915.16,43660.32
ITEM0003363,ORD001976,PROD00422,1,23166.36,1009.64,18132.0
ITEM0003364,ORD001976,PROD00229,3,11822.17,744.83,8168.55
ITEM0003365,ORD001976,PROD00238,1,3390.63,34.37,2226.25
ITEM0003366,ORD001977,PROD00328,1,2912.95,207.05,2028.0
ITEM0003367,ORD001977,PROD00053,2,152819.13,2434.87,136623.52
ITEM0003368,ORD001978,PROD00406,1,8081.59,541.41,6467.25
ITEM0003369,ORD001979,PROD00234,1,3567.45,8.55,2324.4
ITEM0003370,ORD001980,PROD00329,2,6403.61,340.39,4383.6
ITEM0003371,ORD001980,PROD00029,1,59901.19,10183.81,61674.8
ITEM0003372,ORD001981,PROD00398,2,24590.74,259.26,18637.5
ITEM0003373,ORD001982,PROD00327,1,2630.58,77.42,1760.2
ITEM0003374,ORD001982,PROD00094,1,61617.68,1198.32,55278.08
ITEM0003375,ORD001982,PROD00295,1,1620.13,48.87,1084.85
ITEM0003376,ORD001983,PROD00256,1,4820.99,141.01,3225.3
ITEM0003377,ORD001983,PROD00241,1,1230.86,98.14,863.85
ITEM0003378,ORD001983,PROD00148,1,40022.0,6347.0,40804.72
ITEM0003379,ORD001984,PROD00080,1,76722.65,1813.35,69111.68
ITEM0003380,ORD001984,PROD00259,1,3841.17,15.83,2507.05
ITEM0003381,ORD001984,PROD00382,1,1222.61,53.39,957.0
ITEM0003382,ORD001985,PROD00175,1,1412.31,116.69,993.85
ITEM0003383,ORD001985,PROD00081,2,105519.18,1718.82,94369.44
ITEM0003384,ORD001986,PROD00232,3,9372.75,341.25,6314.1
ITEM0003385,ORD001987,PROD00061,1,25099.78,1359.22,23283.92
ITEM0003386,ORD001988,PROD00031,1,60400.43,7407.57,59671.04
ITEM0003387,ORD001988,PROD00192,1,788.31,60.69,551.85
ITEM0003388,ORD001988,PROD00376,1,14740.64,988.36,11796.75
ITEM0003389,ORD001989,PROD00267,1,3557.6,36.4,2336.1
ITEM0003390,ORD001989,PROD00130,1,56546.84,5392.16,54506.32
ITEM0003391,ORD001989,PROD00140,1,6387.29,100.71,5709.44
ITEM0003392,ORD001990,PROD00088,1,67556.88,5379.12,64183.68
ITEM0003393,ORD001990,PROD00017,1,11037.49,515.51,10166.64
ITEM0003394,ORD001990,PROD00276,2,6088.52,207.48,4092.4
ITEM0003395,ORD001991,PROD00357,3,50083.66,2449.34,39399.75
ITEM0003396,ORD001992,PROD00456,1,15994.63,558.37,12414.75
ITEM0003397,ORD001992,PROD00296,1,4401.89,84.11,2915.9
ITEM0003398,ORD001993,PROD00092,1,23636.34,166.66,20946.64
ITEM0003399,ORD001993,PROD00017,1,11416.67,136.33,10166.64
ITEM0003400,ORD001994,PROD00074,1,62369.17,10355.83,63998.0
ITEM0003401,ORD001994,PROD00288,2,9231.04,726.96,6472.7
ITEM0003402,ORD001994,PROD00239,1,3143.91,196.09,2171.0
ITEM0003403,ORD001994,PROD00130,1,59216.25,2722.75,54506.32
ITEM0003404,ORD001995,PROD00454,1,23751.56,1174.44,18694.5
ITEM0003405,ORD001996,PROD00391,2,29298.99,169.01,22101.0
ITEM0003406,ORD001997,PROD00089,2,38257.04,882.96,34443.2
ITEM0003407,ORD001997,PROD00352,1,2102.16,47.84,1612.5
ITEM0003408,ORD001998,PROD00172,1,571.59,13.41,380.25
ITEM0003409,ORD001999,PROD00096,1,69381.16,6241.84,66548.24
ITEM0003410,ORD002000,PROD00433,1,8948.08,922.92,7403.25
ITEM0003411,ORD002001,PROD00167,1,656.12,6.88,430.95
ITEM0003412,ORD002002,PROD00029,1,60750.29,9334.71,61674.8
ITEM0003413,ORD002003,PROD00425,1,22856.24,735.76,17694.0
ITEM0003414,ORD002003,PROD00382,1,1266.7,9.3,957.0
ITEM0003415,ORD002004,PROD00333,1,11671.85,97.15,8826.75
ITEM0003416,ORD002004,PROD00188,1,4586.12,295.88,3173.3
ITEM0003417,ORD002005,PROD00317,1,3654.87,139.13,2466.1
ITEM0003418,ORD002006,PROD00399,2,18874.5,459.5,14500.5
ITEM0003419,ORD002006,PROD00424,1,16889.42,321.58,12908.25
ITEM0003420,ORD002007,PROD00414,1,15658.52,474.48,12099.75
ITEM0003421,ORD002008,PROD00300,1,1548.21,51.79,1040.0
ITEM0003422,ORD002008,PROD00304,1,2469.39,153.61,1704.95
ITEM0003423,ORD002009,PROD00037,1,45155.8,527.2,40201.04
ITEM0003424,ORD002010,PROD00365,1,14817.14,704.86,11641.5
ITEM0003425,ORD002011,PROD00484,1,2655.82,35.18,2018.25
ITEM0003426,ORD002011,PROD00072,2,80836.31,1759.69,72684.48
ITEM0003427,ORD002012,PROD00170,1,2380.28,94.72,1608.75
ITEM0003428,ORD002013,PROD00249,1,2332.9,132.1,1602.25
ITEM0003429,ORD002014,PROD00442,1,24380.67,34.33,18311.25
ITEM0003430,ORD002014,PROD00449,1,9860.02,217.98,7558.5
ITEM0003431,ORD002014,PROD00121,3,53827.93,2383.07,49465.68
ITEM0003432,ORD002015,PROD00262,2,5038.29,45.71,3304.6
ITEM0003433,ORD002015,PROD00112,2,32814.88,3105.12,31609.6
ITEM0003434,ORD002015,PROD00201,2,7309.22,250.78,4914.0
ITEM0003435,ORD002016,PROD00247,1,1554.09,42.91,1038.05
ITEM0003436,ORD002016,PROD00302,1,1333.7,5.3,870.35
ITEM0003437,ORD002017,PROD00104,1,13818.52,1922.48,13852.08
ITEM0003438,ORD002017,PROD00355,1,7140.4,683.6,5868.0
ITEM0003439,ORD002018,PROD00232,1,3201.21,36.79,2104.7
ITEM0003440,ORD002018,PROD00411,1,20575.9,1800.1,16782.0
ITEM0003441,ORD002019,PROD00117,1,25394.84,560.16,22840.4
ITEM0003442,ORD002019,PROD00297,1,3709.98,228.02,2559.7
ITEM0003443,ORD002020,PROD00081,1,50268.45,3350.55,47184.72
ITEM0003444,ORD002021,PROD00482,1,16871.91,1612.09,13863.0
ITEM0003445,ORD002021,PROD00203,1,3273.57,37.43,2152.15
ITEM0003446,ORD002022,PROD00044,3,161194.63,22891.37,161995.68
ITEM0003447,ORD002022,PROD00401,1,2269.96,24.04,1720.5
ITEM0003448,ORD002023,PROD00014,1,32045.07,2632.93,30516.64
ITEM0003449,ORD002024,PROD00135,1,67280.79,2165.21,61112.48
ITEM0003450,ORD002025,PROD00399,1,8865.55,801.45,7250.25
ITEM0003451,ORD002026,PROD00251,1,4234.77,247.23,2913.3
ITEM0003452,ORD002026,PROD00120,1,68251.58,5347.42,64767.12
ITEM0003453,ORD002027,PROD00122,1,15758.48,119.52,13972.64
ITEM0003454,ORD002028,PROD00291,2,8850.72,183.28,5872.1
ITEM0003455,ORD002028,PROD00478,1,6179.57,468.43,4986.0
ITEM0003456,ORD002029,PROD00217,1,2181.3,30.7,1437.8
ITEM0003457,ORD002029,PROD00003,3,121838.62,17403.38,122532.96
ITEM0003458,ORD002030,PROD00218,2,6783.47,2.53,4410.9
ITEM0003459,ORD002030,PROD00219,1,2414.29,67.71,1613.3
ITEM0003460,ORD002031,PROD00203,1,3056.82,254.18,2152.15
ITEM0003461,ORD002031,PROD00381,1,22841.9,1667.1,18381.75
ITEM0003462,ORD002032,PROD00002,1,28266.89,844.11,25617.68
ITEM0003463,ORD002033,PROD00205,2,8499.72,628.28,5933.2
ITEM0003464,ORD002033,PROD00169,1,1385.68,112.32,973.7
ITEM0003465,ORD002034,PROD00464,1,6556.28,257.72,5110.5
ITEM0003466,ORD002034,PROD00404,2,41027.88,3910.12,33703.5
ITEM0003467,ORD002035,PROD00039,3,91989.73,5546.27,85831.68
ITEM0003468,ORD002035,PROD00483,2,40251.6,2502.4,32065.5
ITEM0003469,ORD002036,PROD00141,1,7022.0,948.0,7013.6
ITEM0003470,ORD002036,PROD00157,1,45316.86,719.14,40511.68
ITEM0003471,ORD002036,PROD00293,1,546.57,20.43,368.55
ITEM0003472,ORD002037,PROD00080,1,77315.7,1220.3,69111.68
ITEM0003473,ORD002038,PROD00241,1,1253.7,75.3,863.85
ITEM0003474,ORD002039,PROD00349,1,12261.31,1312.69,10180.5
ITEM0003475,ORD002040,PROD00099,1,39361.68,4859.32,38914.48
ITEM0003476,ORD002040,PROD00263,2,5563.1,268.9,3790.8
ITEM0003477,ORD002041,PROD00168,1,1415.87,79.13,971.75
ITEM0003478,ORD002042,PROD00168,1,1470.39,24.61,971.75
ITEM0003479,ORD002042,PROD00008,1,62388.11,960.89,55747.12
ITEM0003480,ORD002043,PROD00495,1,2473.96,172.04,1984.5
ITEM0003481,ORD002044,PROD00034,3,71761.83,7168.17,69458.4
ITEM0003482,ORD002044,PROD00357,3,47456.95,5076.05,39399.75
ITEM0003483,ORD002044,PROD00226,2,2404.47,75.53,1612.0
ITEM0003484,ORD002045,PROD00322,1,4508.86,133.14,3017.3
ITEM0003485,ORD002046,PROD00325,2,9098.17,241.83,6071.0
ITEM0003486,ORD002046,PROD00260,1,503.53,34.47,349.7
ITEM0003487,ORD002046,PROD00484,1,2431.61,259.39,2018.25
ITEM0003488,ORD002047,PROD00069,1,24666.08,2641.92,24031.04
ITEM0003489,ORD002048,PROD00022,1,47721.26,3971.74,45489.84
ITEM0003490,ORD002049,PROD00294,1,2641.7,21.3,1730.95
ITEM0003491,ORD002049,PROD00489,1,17055.25,1174.75,13672.5
ITEM0003492,ORD002050,PROD00306,1,4177.01,35.99,2738.45
ITEM0003493,ORD002051,PROD00103,1,59241.51,4983.49,56518.0
ITEM0003494,ORD002052,PROD00149,1,22797.01,1575.99,21448.24
ITEM0003495,ORD002052,PROD00435,1,8860.38,9.62,6652.5
ITEM0003496,ORD002053,PROD00386,1,4367.15,325.85,3519.75
ITEM0003497,ORD002054,PROD00133,1,14750.29,985.71,13847.68
ITEM0003498,ORD002055,PROD00090,1,10798.92,930.08,10321.52
ITEM0003499,ORD002055,PROD00056,1,33285.46,1582.54,30683.84
ITEM0003500,ORD002056,PROD00072,1,35190.3,6107.7,36342.24
ITEM0003501,ORD002056,PROD00305,2,5313.43,118.57,3530.8
ITEM0003502,ORD002057,PROD00388,3,20555.11,1416.89,16479.0
ITEM0003503,ORD002058,PROD00161,1,56652.75,9253.25,57997.28
ITEM0003504,ORD002059,PROD00455,1,19059.33,225.67,14463.75
ITEM0003505,ORD002060,PROD00232,1,3237.69,0.31,2104.7
ITEM0003506,ORD002060,PROD00172,1,580.19,4.81,380.25
ITEM0003507,ORD002061,PROD00463,1,6584.47,422.53,5255.25
ITEM0003508,ORD002061,PROD00477,1,7333.75,677.25,6008.25
ITEM0003509,ORD002061,PROD00140,1,6214.2,273.8,5709.44
ITEM0003510,ORD002062,PROD00151,1,57493.72,3241.28,53446.8
ITEM0003511,ORD002062,PROD00046,1,49293.71,461.29,43784.4
ITEM0003512,ORD002063,PROD00112,1,16218.8,1741.2,15804.8
ITEM0003513,ORD002064,PROD00482,1,17338.61,1145.39,13863.0
ITEM0003514,ORD002064,PROD00108,1,68644.64,5707.36,65429.76
ITEM0003515,ORD002065,PROD00275,1,4071.39,211.61,2783.95
ITEM0003516,ORD002065,PROD00359,1,2940.17,189.83,2347.5
ITEM0003517,ORD002065,PROD00350,2,18837.01,920.99,14818.5
ITEM0003518,ORD002066,PROD00411,1,22058.8,317.2,16782.0
ITEM0003519,ORD002066,PROD00337,1,15894.93,1192.07,12815.25
ITEM0003520,ORD002067,PROD00208,1,3763.58,29.42,2465.45
ITEM0003521,ORD002067,PROD00091,1,27985.97,495.03,25063.28
ITEM0003522,ORD002068,PROD00176,1,4263.24,121.76,2850.25
ITEM0003523,ORD002068,PROD00306,1,4122.22,90.78,2738.45
ITEM0003524,ORD002069,PROD00316,1,4273.21,283.79,2962.05
ITEM0003525,ORD002070,PROD00311,1,2148.59,82.41,1450.15
ITEM0003526,ORD002071,PROD00063,1,15644.24,494.76,14202.32
ITEM0003527,ORD002072,PROD00160,1,7570.74,137.26,6783.04
ITEM0003528,ORD002072,PROD00460,1,19677.83,141.17,14864.25
ITEM0003529,ORD002073,PROD00297,2,7783.36,92.64,5119.4
ITEM0003530,ORD002073,PROD00206,2,4175.72,192.28,2839.2
ITEM0003531,ORD002073,PROD00237,3,5828.85,240.15,3944.85
ITEM0003532,ORD002074,PROD00382,1,1214.13,61.87,957.0
ITEM0003533,ORD002075,PROD00189,1,1286.62,40.38,862.55
ITEM0003534,ORD002075,PROD00129,2,87413.98,12164.02,87628.64
ITEM0003535,ORD002075,PROD00472,1,1391.99,66.01,1093.5
ITEM0003536,ORD002076,PROD00251,1,4250.81,231.19,2913.3
ITEM0003537,ORD002076,PROD00165,1,20305.34,1279.66,18994.8
ITEM0003538,ORD002077,PROD00319,1,508.36,20.64,343.85
ITEM0003539,ORD002077,PROD00436,2,34416.67,3681.33,28573.5
ITEM0003540,ORD002078,PROD00022,1,45951.74,5741.26,45489.84
ITEM0003541,ORD002078,PROD00140,1,5988.38,499.62,5709.44
ITEM0003542,ORD002079,PROD00046,1,48183.18,1571.82,43784.4
ITEM0003543,ORD002080,PROD00033,1,53894.98,768.02,48103.44
ITEM0003544,ORD002081,PROD00091,1,26996.7,1484.3,25063.28
ITEM0003545,ORD002081,PROD00316,1,4510.87,46.13,2962.05
ITEM0003546,ORD002081,PROD00293,1,558.48,8.52,368.55
ITEM0003547,ORD002082,PROD00177,1,2832.09,185.91,1961.7
ITEM0003548,ORD002083,PROD00423,1,21385.98,2228.02,17710.5
ITEM0003549,ORD002083,PROD00196,1,1501.34,109.66,1047.15
ITEM0003550,ORD002083,PROD00119,1,48750.31,7526.69,49523.76
ITEM0003551,ORD002083,PROD00101,2,131959.91,19714.09,133473.12
ITEM0003552,ORD002084,PROD00149,1,24178.99,194.01,21448.24
ITEM0003553,ORD002084,PROD00288,1,4943.47,35.53,3236.35
ITEM0003554,ORD002085,PROD00395,1,4842.02,342.98,3888.75
ITEM0003555,ORD002086,PROD00328,1,2901.74,218.26,2028.0
ITEM0003556,ORD002086,PROD00382,1,1156.99,119.01,957.0
ITEM0003557,ORD002087,PROD00100,1,66652.04,7660.96,65395.44
ITEM0003558,ORD002087,PROD00105,1,58185.0,7386.0,57702.48
ITEM0003559,ORD002088,PROD00057,2,12643.21,1802.79,12712.48
ITEM0003560,ORD002088,PROD00281,1,3592.66,262.34,2505.75
ITEM0003561,ORD002088,PROD00369,1,7625.18,663.82,6216.75
ITEM0003562,ORD002089,PROD00085,1,43622.39,7059.61,44600.16
ITEM0003563,ORD002089,PROD00493,1,12643.07,856.93,10125.0
ITEM0003564,ORD002089,PROD00113,1,35812.43,4035.57,35066.24
ITEM0003565,ORD002090,PROD00079,2,47204.15,7541.85,48176.48
ITEM0003566,ORD002090,PROD00474,1,21630.76,2106.24,17802.75
ITEM0003567,ORD002091,PROD00072,2,72770.27,9825.73,72684.48
ITEM0003568,ORD002091,PROD00409,1,1952.0,189.0,1605.75
ITEM0003569,ORD002092,PROD00033,2,99392.79,9933.21,96206.88
ITEM0003570,ORD002093,PROD00356,1,19558.79,795.21,15265.5
ITEM0003571,ORD002094,PROD00414,1,15759.45,373.55,12099.75
ITEM0003572,ORD002094,PROD00009,1,38528.61,6543.39,39663.36
ITEM0003573,ORD002095,PROD00319,1,515.42,13.58,343.85
ITEM0003574,ORD002096,PROD00319,1,508.72,20.28,343.85
ITEM0003575,ORD002096,PROD00346,1,18619.92,728.08,14511.0
ITEM0003576,ORD002097,PROD00401,2,4546.88,41.12,3441.0
ITEM0003577,ORD002097,PROD00482,1,17156.99,1327.01,13863.0
ITEM0003578,ORD002098,PROD00197,3,8629.31,226.69,5756.4
ITEM0003579,ORD002099,PROD00440,1,20129.58,1231.42,16020.75
ITEM0003580,ORD002099,PROD00092,1,21604.55,2198.45,20946.64
ITEM0003581,ORD002100,PROD00177,1,2839.56,178.44,1961.7
ITEM0003582,ORD002101,PROD00359,3,8739.65,650.35,7042.5
ITEM0003583,ORD002102,PROD00282,2,5139.73,210.27,3477.5
ITEM0003584,ORD002103,PROD00409,2,4046.76,235.24,3211.5
ITEM0003585,ORD002103,PROD00373,3,42723.44,59.56,32087.25
ITEM0003586,ORD002104,PROD00232,1,3078.6,159.4,2104.7
ITEM0003587,ORD002105,PROD00306,3,12395.22,243.78,8215.35
ITEM0003588,ORD002105,PROD00481,1,4099.11,435.89,3401.25
ITEM0003589,ORD002106,PROD00027,1,38559.68,3037.32,36605.36
ITEM0003590,ORD002107,PROD00233,1,3559.99,100.01,2379.0
ITEM0003591,ORD002108,PROD00080,1,77878.2,657.8,69111.68
ITEM0003592,ORD002108,PROD00221,1,523.96,34.04,362.7
ITEM0003593,ORD002109,PROD00107,1,46872.49,1140.51,42251.44
ITEM0003594,ORD002109,PROD00360,1,16938.85,682.15,13215.75
ITEM0003595,ORD002109,PROD00012,1,30252.61,2626.39,28933.52
ITEM0003596,ORD002110,PROD00214,1,4355.87,319.13,3038.75
ITEM0003597,ORD002111,PROD00288,1,4601.81,377.19,3236.35
ITEM0003598,ORD002111,PROD00091,3,73437.38,12005.62,75189.84
ITEM0003599,ORD002112,PROD00479,1,13490.84,1245.16,11052.0
ITEM0003600,ORD002113,PROD00039,1,28032.38,4479.62,28610.56
ITEM0003601,ORD002113,PROD00385,1,20488.78,915.22,16053.0
ITEM0003602,ORD002113,PROD00153,1,30042.72,2184.28,28359.76
ITEM0003603,ORD002114,PROD00493,1,12814.13,685.87,10125.0
ITEM0003604,ORD002114,PROD00214,1,4334.75,340.25,3038.75
ITEM0003605,ORD002114,PROD00479,3,42276.25,1931.75,33156.0
ITEM0003606,ORD002115,PROD00249,1,2354.42,110.58,1602.25
ITEM0003607,ORD002115,PROD00371,2,15704.57,1631.43,13002.0
ITEM0003608,ORD002115,PROD00003,1,43183.87,3230.13,40844.32
ITEM0003609,ORD002116,PROD00035,1,52080.87,5018.13,50247.12
ITEM0003610,ORD002117,PROD00212,1,2220.46,56.54,1480.05
ITEM0003611,ORD002117,PROD00258,1,3522.49,75.51,2338.7
ITEM0003612,ORD002118,PROD00280,1,2883.24,70.76,1920.1
ITEM0003613,ORD002118,PROD00025,1,25908.64,3731.36,26083.2
ITEM0003614,ORD002119,PROD00401,2,4356.52,231.48,3441.0
ITEM0003615,ORD002119,PROD00420,1,1595.38,48.62,1233.0
ITEM0003616,ORD002120,PROD00328,1,3080.59,39.41,2028.0
ITEM0003617,ORD002120,PROD00084,1,78527.72,1316.28,70262.72
ITEM0003618,ORD002120,PROD00015,1,59930.12,8328.88,60067.92
ITEM0003619,ORD002121,PROD00145,1,58181.73,8161.27,58381.84
ITEM0003620,ORD002122,PROD00194,1,3000.87,183.13,2069.6
ITEM0003621,ORD002122,PROD00125,2,16996.85,783.15,15646.4
ITEM0003622,ORD002123,PROD00162,1,6428.59,129.41,5771.04
ITEM0003623,ORD002124,PROD00307,1,1386.64,63.36,942.5
ITEM0003624,ORD002124,PROD00124,1,30347.41,3178.59,29502.88
ITEM0003625,ORD002125,PROD00293,1,529.08,37.92,368.55
ITEM0003626,ORD002126,PROD00178,2,2965.76,236.24,2081.3
ITEM0003627,ORD002126,PROD00115,1,55295.71,5469.29,53473.2
ITEM0003628,ORD002127,PROD00348,1,4404.11,57.89,3346.5
ITEM0003629,ORD002128,PROD00255,1,1714.31,82.69,1168.05
ITEM0003630,ORD002128,PROD00342,1,1686.26,10.74,1272.75
ITEM0003631,ORD002129,PROD00217,1,2104.03,107.97,1437.8
ITEM0003632,ORD002129,PROD00436,1,17391.03,1657.97,14286.75
ITEM0003633,ORD002129,PROD00014,1,34662.79,15.21,30516.64
ITEM0003634,ORD002130,PROD00326,1,4000.02,220.98,2743.65
ITEM0003635,ORD002130,PROD00435,2,16033.15,1706.85,13305.0
ITEM0003636,ORD002131,PROD00188,1,4779.78,102.22,3173.3
ITEM0003637,ORD002131,PROD00398,1,12063.61,361.39,9318.75
ITEM0003638,ORD002132,PROD00154,1,30524.12,3443.88,29891.84
ITEM0003639,ORD002133,PROD00280,2,5715.6,192.4,3840.2
ITEM0003640,ORD002133,PROD00322,1,4628.62,13.38,3017.3
ITEM0003641,ORD002134,PROD00362,1,7476.19,258.81,5801.25
ITEM0003642,ORD002134,PROD00192,2,1615.65,82.35,1103.7
ITEM0003643,ORD002135,PROD00002,3,76134.38,11198.62,76853.04
ITEM0003644,ORD002136,PROD00440,1,21163.03,197.97,16020.75
ITEM0003645,ORD002137,PROD00418,1,9327.94,830.06,7618.5
ITEM0003646,ORD002138,PROD00161,1,57702.97,8203.03,57997.28
ITEM0003647,ORD002138,PROD00398,1,12226.05,198.95,9318.75
ITEM0003648,ORD002138,PROD00402,1,9524.97,59.03,7188.0
ITEM0003649,ORD002139,PROD00213,2,6652.71,59.29,4362.8
ITEM0003650,ORD002139,PROD00307,1,1384.65,65.35,942.5
ITEM0003651,ORD002140,PROD00436,1,18709.74,339.26,14286.75
ITEM0003652,ORD002141,PROD00182,2,4723.53,262.47,3240.9
ITEM0003653,ORD002142,PROD00301,1,4451.99,218.01,3035.5
ITEM0003654,ORD002142,PROD00363,1,17487.3,1481.7,14226.75
ITEM0003655,ORD002143,PROD00288,1,4726.16,252.84,3236.35
ITEM0003656,ORD002144,PROD00356,1,19148.52,1205.48,15265.5
ITEM0003657,ORD002145,PROD00271,2,7681.92,70.08,5038.8
ITEM0003658,ORD002145,PROD00255,1,1706.45,90.55,1168.05
ITEM0003659,ORD002146,PROD00370,1,23470.04,1524.96,18746.25
ITEM0003660,ORD002146,PROD00119,2,96747.51,15806.49,99047.52
ITEM0003661,ORD002146,PROD00120,1,72563.88,1035.12,64767.12
ITEM0003662,ORD002147,PROD00007,1,18250.74,2769.26,18497.6
ITEM0003663,ORD002148,PROD00214,1,4396.12,278.88,3038.75
ITEM0003664,ORD002149,PROD00372,1,7888.8,138.2,6020.25
ITEM0003665,ORD002149,PROD00036,1,11869.81,1689.19,11931.92
ITEM0003666,ORD002149,PROD00099,2,86040.14,2401.86,77828.96
ITEM0003667,ORD002150,PROD00123,2,56795.63,972.37,50835.84
ITEM0003668,ORD002151,PROD00213,1,3261.16,94.84,2181.4
ITEM0003669,ORD002151,PROD00451,1,15023.28,1233.72,12192.75
ITEM0003670,ORD002152,PROD00319,1,492.37,36.63,343.85
ITEM0003671,ORD002152,PROD00303,1,2593.39,62.61,1726.4
ITEM0003672,ORD002152,PROD00009,1,39900.91,5171.09,39663.36
ITEM0003673,ORD002152,PROD00008,1,56635.57,6713.43,55747.12
ITEM0003674,ORD002153,PROD00437,1,21550.33,526.67,16557.75
ITEM0003675,ORD002153,PROD00321,1,1875.69,42.31,1246.7
ITEM0003676,ORD002154,PROD00430,1,18211.31,1302.69,14635.5
ITEM0003677,ORD002155,PROD00255,1,1761.65,35.35,1168.05
ITEM0003678,ORD002156,PROD00390,1,21691.33,178.67,16402.5
ITEM0003679,ORD002157,PROD00250,1,4013.29,348.71,2835.3
ITEM0003680,ORD002157,PROD00316,1,4527.35,29.65,2962.05
ITEM0003681,ORD002157,PROD00215,1,3647.27,136.73,2459.6
ITEM0003682,ORD002158,PROD00484,2,5237.85,144.15,4036.5
ITEM0003683,ORD002158,PROD00055,1,59983.23,7890.77,59729.12
ITEM0003684,ORD002159,PROD00342,2,3262.02,131.98,2545.5
ITEM0003685,ORD002160,PROD00455,1,19200.48,84.52,14463.75
ITEM0003686,ORD002161,PROD00194,1,3008.58,175.42,2069.6
ITEM0003687,ORD002162,PROD00068,1,37397.58,5283.42,37559.28
ITEM0003688,ORD002162,PROD00420,1,1489.38,154.62,1233.0
ITEM0003689,ORD002162,PROD00289,2,999.06,20.94,663.0
ITEM0003690,ORD002163,PROD00305,1,2532.91,183.09,1765.4
ITEM0003691,ORD002163,PROD00225,1,3778.2,245.8,2615.6
ITEM0003692,ORD002163,PROD00073,1,69724.49,2724.51,63755.12
ITEM0003693,ORD002163,PROD00181,2,2749.12,236.88,1940.9
ITEM0003694,ORD002164,PROD00292,1,2083.34,169.66,1464.45
ITEM0003695,ORD002164,PROD00132,2,37955.31,1948.69,35115.52
ITEM0003696,ORD002165,PROD00411,1,21683.55,692.45,16782.0
ITEM0003697,ORD002166,PROD00069,1,25212.31,2095.69,24031.04
ITEM0003698,ORD002167,PROD00163,1,42807.44,3927.56,41126.8
ITEM0003699,ORD002167,PROD00443,1,21136.27,52.73,15891.75
ITEM0003700,ORD002168,PROD00080,1,67472.64,11063.36,69111.68
ITEM0003701,ORD002169,PROD00486,1,6920.07,384.93,5478.75
ITEM0003702,ORD002169,PROD00256,1,4768.41,193.59,3225.3
ITEM0003703,ORD002170,PROD00378,2,18152.78,301.22,13840.5
ITEM0003704,ORD002170,PROD00063,1,13728.96,2410.04,14202.32
ITEM0003705,ORD002170,PROD00186,3,13399.58,1150.42,9457.5
ITEM0003706,ORD002170,PROD00129,1,48268.72,1520.28,43814.32
ITEM0003707,ORD002171,PROD00148,1,45114.06,1254.94,40804.72
ITEM0003708,ORD002172,PROD00228,2,5504.83,277.17,3758.3
ITEM0003709,ORD002172,PROD00153,1,28248.1,3978.9,28359.76
ITEM0003710,ORD002173,PROD00083,1,41401.78,6667.22,42300.72
ITEM0003711,ORD002173,PROD00121,1,16974.75,1762.25,16488.56
ITEM0003712,ORD002174,PROD00082,1,59743.84,9517.16,60949.68
ITEM0003713,ORD002174,PROD00050,1,17809.23,1891.77,17336.88
ITEM0003714,ORD002174,PROD00001,1,55643.94,6345.06,54550.32
ITEM0003715,ORD002175,PROD00484,1,2667.42,23.58,2018.25
ITEM0003716,ORD002175,PROD00116,1,61648.25,8407.75,61649.28
ITEM0003717,ORD002176,PROD00286,1,756.66,49.34,523.9
ITEM0003718,ORD002177,PROD00343,1,20021.03,2008.97,16522.5
ITEM0003719,ORD002177,PROD00048,1,8005.84,794.16,7744.0
ITEM0003720,ORD002178,PROD00287,1,1919.26,127.74,1330.55
ITEM0003721,ORD002178,PROD00121,1,18019.73,717.27,16488.56
ITEM0003722,ORD002179,PROD00174,1,4790.02,72.98,3160.95
ITEM0003723,ORD002179,PROD00097,1,13695.77,1000.23,12932.48
ITEM0003724,ORD002179,PROD00416,1,1165.18,73.82,929.25
ITEM0003725,ORD002180,PROD00346,2,37979.18,716.82,29022.0
ITEM0003726,ORD002181,PROD00444,1,11052.69,90.31,8357.25
ITEM0003727,ORD002181,PROD00013,1,42433.68,5483.32,42166.96
ITEM0003728,ORD002182,PROD00332,1,8193.23,576.77,6577.5
ITEM0003729,ORD002183,PROD00157,1,44384.8,1651.2,40511.68
ITEM0003730,ORD002183,PROD00131,1,74982.18,320.82,66266.64
ITEM0003731,ORD002184,PROD00188,1,4671.22,210.78,3173.3
ITEM0003732,ORD002184,PROD00254,1,675.42,54.58,474.5
ITEM0003733,ORD002185,PROD00292,3,6306.93,452.07,4393.35
ITEM0003734,ORD002186,PROD00149,1,23057.03,1315.97,21448.24
ITEM0003735,ORD002187,PROD00418,1,10012.39,145.61,7618.5
ITEM0003736,ORD002188,PROD00238,1,3267.1,157.9,2226.25
ITEM0003737,ORD002189,PROD00477,1,7582.52,428.48,6008.25
ITEM0003738,ORD002190,PROD00239,1,3324.21,15.79,2171.0
ITEM0003739,ORD002191,PROD00174,2,9439.75,286.25,6321.9
ITEM0003740,ORD002192,PROD00385,1,20394.85,1009.15,16053.0
ITEM0003741,ORD002193,PROD00330,1,1385.4,30.6,920.4
ITEM0003742,ORD002194,PROD00382,2,2458.57,93.43,1914.0
ITEM0003743,ORD002194,PROD00355,1,7520.11,303.89,5868.0
ITEM0003744,ORD002194,PROD00280,2,5470.39,437.61,3840.2
ITEM0003745,ORD002194,PROD00138,1,37410.55,3647.45,36131.04
ITEM0003746,ORD002195,PROD00069,1,26844.26,463.74,24031.04
ITEM0003747,ORD002196,PROD00446,3,60646.1,4705.9,49014.0
ITEM0003748,ORD002196,PROD00106,1,6491.88,393.12,6058.8
ITEM0003749,ORD002197,PROD00345,1,17732.63,1381.37,14335.5
ITEM0003750,ORD002198,PROD00295,1,1631.43,37.57,1084.85
ITEM0003751,ORD002199,PROD00345,1,18395.2,718.8,14335.5
ITEM0003752,ORD002200,PROD00182,2,4606.2,379.8,3240.9
ITEM0003753,ORD002201,PROD00474,2,46134.58,1339.42,35605.5
ITEM0003754,ORD002202,PROD00224,1,2917.58,217.42,2037.75
ITEM0003755,ORD002203,PROD00247,1,1534.01,62.99,1038.05
ITEM0003756,ORD002204,PROD00385,2,39571.17,3236.83,32106.0
ITEM0003757,ORD002204,PROD00172,1,549.58,35.42,380.25
ITEM0003758,ORD002205,PROD00076,1,59114.55,5892.45,57206.16
ITEM0003759,ORD002206,PROD00317,2,7005.34,582.66,4932.2
ITEM0003760,ORD002207,PROD00436,1,18074.5,974.5,14286.75
ITEM0003761,ORD002208,PROD00024,1,64214.57,3485.43,59576.0
ITEM0003762,ORD002208,PROD00063,2,29536.86,2741.14,28404.64
ITEM0003763,ORD002208,PROD00179,1,2852.52,228.48,2002.65
ITEM0003764,ORD002209,PROD00163,1,46701.13,33.87,41126.8
ITEM0003765,ORD002209,PROD00144,1,56934.16,6430.84,55761.2
ITEM0003766,ORD002209,PROD00416,1,1134.85,104.15,929.25
ITEM0003767,ORD002210,PROD00213,1,3139.98,216.02,2181.4
ITEM0003768,ORD002210,PROD00429,1,4042.0,225.0,3200.25
ITEM0003769,ORD002210,PROD00281,1,3579.78,275.22,2505.75
ITEM0003770,ORD002211,PROD00134,1,34075.94,3136.06,32746.56
ITEM0003771,ORD002211,PROD00165,1,19600.49,1984.51,18994.8
ITEM0003772,ORD002212,PROD00069,1,23531.4,3776.6,24031.04
ITEM0003773,ORD002212,PROD00179,1,2921.29,159.71,2002.65
ITEM0003774,ORD002213,PROD00272,1,1090.61,36.39,732.55
ITEM0003775,ORD002213,PROD00086,1,62396.76,10747.24,64366.72
ITEM0003776,ORD002213,PROD00409,2,4055.91,226.09,3211.5
ITEM0003777,ORD002214,PROD00442,2,44399.16,4430.84,36622.5
ITEM0003778,ORD002214,PROD00329,1,3323.09,48.91,2191.8
ITEM0003779,ORD002215,PROD00272,1,1049.59,77.41,732.55
ITEM0003780,ORD002216,PROD00134,1,36611.84,600.16,32746.56
ITEM0003781,ORD002217,PROD00412,1,12578.02,89.98,9501.0
ITEM0003782,ORD002217,PROD00146,1,10217.15,941.85,9819.92
ITEM0003783,ORD002218,PROD00461,1,13075.07,1256.93,10749.0
ITEM0003784,ORD002219,PROD00445,1,4156.27,80.73,3177.75
ITEM0003785,ORD002219,PROD00314,1,813.84,53.16,563.55
ITEM0003786,ORD002220,PROD00418,1,9428.32,729.68,7618.5
ITEM0003787,ORD002220,PROD00093,1,13889.21,476.79,12642.08
ITEM0003788,ORD002221,PROD00141,1,7840.47,129.53,7013.6
ITEM0003789,ORD002222,PROD00148,1,45970.16,398.84,40804.72
ITEM0003790,ORD002223,PROD00291,1,4461.46,55.54,2936.05
ITEM0003791,ORD002223,PROD00400,1,5966.99,500.01,4850.25
ITEM0003792,ORD002224,PROD00234,1,3521.76,54.24,2324.4
ITEM0003793,ORD002225,PROD00317,1,3633.43,160.57,2466.1
ITEM0003794,ORD002226,PROD00244,1,2468.87,47.13,1635.4
ITEM0003795,ORD002227,PROD00407,1,3554.26,230.74,2838.75
ITEM0003796,ORD002227,PROD00074,1,68211.18,4513.82,63998.0
ITEM0003797,ORD002228,PROD00312,2,1265.73,88.27,880.1
ITEM0003798,ORD002229,PROD00029,1,67820.42,2264.58,61674.8
ITEM0003799,ORD002230,PROD00381,1,24487.71,21.29,18381.75
ITEM0003800,ORD002230,PROD00444,1,10556.16,586.84,8357.25
ITEM0003801,ORD002231,PROD00256,1,4953.79,8.21,3225.3
ITEM0003802,ORD002232,PROD00060,1,46668.67,2945.33,43660.32
ITEM0003803,ORD002233,PROD00164,1,30019.89,559.11,26909.52
ITEM0003804,ORD002233,PROD00050,3,58423.42,679.58,52010.64
ITEM0003805,ORD002233,PROD00433,2,18663.98,1078.02,14806.5
ITEM0003806,ORD002234,PROD00372,1,8022.83,4.17,6020.25
ITEM0003807,ORD002235,PROD00432,1,5705.6,522.4,4671.0
ITEM0003808,ORD002236,PROD00118,1,71906.89,1653.11,64732.8
ITEM0003809,ORD002236,PROD00429,1,4219.18,47.82,3200.25
ITEM0003810,ORD002237,PROD00480,1,4214.15,51.85,3199.5
ITEM0003811,ORD002237,PROD00169,1,1484.99,13.01,973.7
ITEM0003812,ORD002237,PROD00260,2,1034.28,41.72,699.4
ITEM0003813,ORD002238,PROD00403,2,6192.38,251.62,4833.0
ITEM0003814,ORD002239,PROD00081,1,49450.75,4168.25,47184.72
ITEM0003815,ORD002239,PROD00462,3,22792.86,328.14,17340.75
ITEM0003816,ORD002239,PROD00367,1,11747.2,1020.8,9576.0
ITEM0003817,ORD002240,PROD00317,2,7388.48,199.52,4932.2
ITEM0003818,ORD002241,PROD00334,1,17837.08,779.92,13962.75
ITEM0003819,ORD002242,PROD00238,1,3287.13,137.87,2226.25
ITEM0003820,ORD002242,PROD00323,1,4846.07,48.93,3181.75
ITEM0003821,ORD002243,PROD00206,1,2147.95,36.05,1419.6
ITEM0003822,ORD002244,PROD00213,1,3132.7,223.3,2181.4
ITEM0003823,ORD002245,PROD00092,1,22056.35,1746.65,20946.64
ITEM0003824,ORD002246,PROD00472,1,1424.41,33.59,1093.5
ITEM0003825,ORD002246,PROD00428,1,9009.18,906.82,7437.0
ITEM0003826,ORD002246,PROD00461,1,13089.47,1242.53,10749.0
ITEM0003827,ORD002246,PROD00154,1,31741.43,2226.57,29891.84
ITEM0003828,ORD002247,PROD00312,2,1251.59,102.41,880.1
ITEM0003829,ORD002248,PROD00022,1,47872.2,3820.8,45489.84
ITEM0003830,ORD002248,PROD00132,3,57182.19,2673.81,52673.28
ITEM0003831,ORD002249,PROD00327,1,2650.66,57.34,1760.2
ITEM0003832,ORD002250,PROD00485,1,2012.35,148.65,1620.75
ITEM0003833,ORD002251,PROD00086,1,66758.38,6385.62,64366.72
ITEM0003834,ORD002251,PROD00239,1,3293.37,46.63,2171.0
ITEM0003835,ORD002252,PROD00413,1,15157.17,594.83,11814.0
ITEM0003836,ORD002253,PROD00149,1,21224.34,3148.66,21448.24
ITEM0003837,ORD002254,PROD00353,1,7159.23,495.77,5741.25
ITEM0003838,ORD002254,PROD00157,1,40998.24,5037.76,40511.68
ITEM0003839,ORD002254,PROD00176,1,4330.51,54.49,2850.25
ITEM0003840,ORD002255,PROD00388,2,13234.5,1413.5,10986.0
ITEM0003841,ORD002256,PROD00089,3,56018.23,2691.77,51664.8
ITEM0003842,ORD002256,PROD00111,3,128610.61,15650.39,126949.68
ITEM0003843,ORD002256,PROD00070,1,41103.73,2537.27,38404.08
ITEM0003844,ORD002257,PROD00307,3,4083.72,266.28,2827.5
ITEM0003845,ORD002258,PROD00310,1,2931.41,164.59,2012.4
ITEM0003846,ORD002258,PROD00462,3,20860.29,2260.71,17340.75
ITEM0003847,ORD002259,PROD00120,1,66546.42,7052.58,64767.12
ITEM0003848,ORD002259,PROD00415,1,5059.47,329.53,4041.75
ITEM0003849,ORD002260,PROD00051,1,11168.63,151.37,9961.6
ITEM0003850,ORD002260,PROD00469,2,11038.37,407.63,8584.5
ITEM0003851,ORD002261,PROD00109,1,42608.76,1614.24,38916.24
ITEM0003852,ORD002262,PROD00237,1,1957.45,65.55,1314.95
ITEM0003853,ORD002262,PROD00449,1,9296.17,781.83,7558.5
ITEM0003854,ORD002263,PROD00187,2,5955.73,418.27,4143.1
ITEM0003855,ORD002263,PROD00012,1,29004.7,3874.3,28933.52
ITEM0003856,ORD002263,PROD00189,1,1234.45,92.55,862.55
ITEM0003857,ORD002264,PROD00425,1,23520.22,71.78,17694.0
ITEM0003858,ORD002265,PROD00072,1,39902.41,1395.59,36342.24
ITEM0003859,ORD002266,PROD00149,1,22862.86,1510.14,21448.24
ITEM0003860,ORD002266,PROD00075,1,43942.76,56.24,38719.12
ITEM0003861,ORD002267,PROD00447,1,5477.73,255.27,4299.75
ITEM0003862,ORD002268,PROD00127,1,69118.77,5108.23,65319.76
ITEM0003863,ORD002268,PROD00041,1,20848.42,2049.58,20150.24
ITEM0003864,ORD002269,PROD00142,2,45978.26,7779.74,47307.04
ITEM0003865,ORD002269,PROD00056,1,30186.08,4681.92,30683.84
ITEM0003866,ORD002269,PROD00137,1,14945.2,511.8,13602.16
ITEM0003867,ORD002270,PROD00196,1,1489.79,121.21,1047.15
ITEM0003868,ORD002270,PROD00455,1,18895.87,389.13,14463.75
ITEM0003869,ORD002271,PROD00255,1,1692.89,104.11,1168.05
ITEM0003870,ORD002272,PROD00447,1,5569.96,163.04,4299.75
ITEM0003871,ORD002272,PROD00027,1,40061.29,1535.71,36605.36
ITEM0003872,ORD002273,PROD00408,1,19788.53,1239.47,15771.0
ITEM0003873,ORD002274,PROD00235,2,4703.13,218.87,3199.3
ITEM0003874,ORD002275,PROD00175,1,1492.9,36.1,993.85
ITEM0003875,ORD002276,PROD00005,1,43323.67,2761.33,40554.8
ITEM0003876,ORD002276,PROD00058,1,65348.61,9288.39,65680.56
ITEM0003877,ORD002276,PROD00154,1,31284.12,2683.88,29891.84
ITEM0003878,ORD002276,PROD00326,2,8190.92,251.08,5487.3
ITEM0003879,ORD002277,PROD00226,1,1201.87,38.13,806.0
ITEM0003880,ORD002277,PROD00361,1,15890.58,1277.42,12876.0
ITEM0003881,ORD002277,PROD00318,1,2451.25,178.75,1709.5
ITEM0003882,ORD002278,PROD00428,1,9176.21,739.79,7437.0
ITEM0003883,ORD002279,PROD00483,1,20661.57,715.43,16032.75
ITEM0003884,ORD002280,PROD00106,2,12389.85,1380.15,12117.6
ITEM0003885,ORD002280,PROD00233,1,3608.55,51.45,2379.0
ITEM0003886,ORD002280,PROD00432,1,6034.03,193.97,4671.0
ITEM0003887,ORD002281,PROD00114,2,63429.62,600.38,56346.4
ITEM0003888,ORD002281,PROD00049,1,9115.97,724.03,8659.2
ITEM0003889,ORD002281,PROD00378,1,8890.36,336.64,6920.25
ITEM0003890,ORD002282,PROD00324,1,2704.1,74.9,1806.35
ITEM0003891,ORD002283,PROD00254,2,1404.45,55.55,949.0
ITEM0003892,ORD002284,PROD00453,1,19541.31,705.69,15185.25
ITEM0003893,ORD002285,PROD00468,1,9896.91,885.09,8086.5
ITEM0003894,ORD002286,PROD00222,1,3109.76,125.24,2102.75
ITEM0003895,ORD002286,PROD00082,1,61094.6,8166.4,60949.68
ITEM0003896,ORD002287,PROD00043,1,49410.08,4881.92,47776.96
ITEM0003897,ORD002287,PROD00393,1,6713.71,390.29,5328.0
ITEM0003898,ORD002287,PROD00079,1,24658.09,2714.91,24088.24
ITEM0003899,ORD002288,PROD00242,1,3581.27,29.73,2347.15
ITEM0003900,ORD002289,PROD00355,1,7085.45,738.55,5868.0
ITEM0003901,ORD002289,PROD00303,2,5296.65,15.35,3452.8
ITEM0003902,ORD002290,PROD00066,1,62790.39,10637.61,64616.64
ITEM0003903,ORD002290,PROD00376,1,14914.26,814.74,11796.75
ITEM0003904,ORD002291,PROD00421,1,2795.36,58.64,2140.5
ITEM0003905,ORD002292,PROD00363,1,18376.83,592.17,14226.75
ITEM0003906,ORD002293,PROD00266,1,1107.95,65.05,762.45
ITEM0003907,ORD002293,PROD00022,1,46142.98,5550.02,45489.84
ITEM0003908,ORD002294,PROD00190,1,4411.03,202.97,2999.1
ITEM0003909,ORD002295,PROD00420,1,1628.67,15.33,1233.0
ITEM0003910,ORD002296,PROD00410,1,22367.98,2361.02,18546.75
ITEM0003911,ORD002297,PROD00165,1,18594.15,2990.85,18994.8
ITEM0003912,ORD002297,PROD00489,1,18222.75,7.25,13672.5
ITEM0003913,ORD002298,PROD00378,1,8958.49,268.51,6920.25
ITEM0003914,ORD002298,PROD00251,1,4376.76,105.24,2913.3
ITEM0003915,ORD002299,PROD00445,1,4195.86,41.14,3177.75
ITEM0003916,ORD002299,PROD00052,1,66266.82,8498.18,65793.2
ITEM0003917,ORD002300,PROD00362,1,7704.25,30.75,5801.25
ITEM0003918,ORD002301,PROD00207,1,3316.71,288.29,2343.25
ITEM0003919,ORD002301,PROD00448,1,5206.14,518.86,4293.75
ITEM0003920,ORD002302,PROD00219,2,4735.43,228.57,3226.6
ITEM0003921,ORD002302,PROD00023,1,60510.49,175.51,53403.68
ITEM0003922,ORD002303,PROD00216,1,2434.24,74.76,1630.85
ITEM0003923,ORD002303,PROD00263,2,5488.96,343.04,3790.8
ITEM0003924,ORD002304,PROD00444,1,10853.63,289.37,8357.25
ITEM0003925,ORD002304,PROD00055,1,65104.52,2769.48,59729.12
ITEM0003926,ORD002305,PROD00267,1,3533.52,60.48,2336.1
ITEM0003927,ORD002305,PROD00146,1,9866.85,1292.15,9819.92
ITEM0003928,ORD002306,PROD00352,1,1956.14,193.86,1612.5
ITEM0003929,ORD002307,PROD00063,1,14417.96,1721.04,14202.32
ITEM0003930,ORD002308,PROD00049,1,8649.18,1190.82,8659.2
ITEM0003931,ORD002308,PROD00260,1,501.16,36.84,349.7
ITEM0003932,ORD002309,PROD00050,1,19413.38,287.62,17336.88
ITEM0003933,ORD002309,PROD00212,1,2263.52,13.48,1480.05
ITEM0003934,ORD002310,PROD00262,1,2436.27,105.73,1652.3
ITEM0003935,ORD002311,PROD00065,1,53429.77,5256.23,51643.68
ITEM0003936,ORD002311,PROD00211,1,1134.2,11.8,744.9
ITEM0003937,ORD002312,PROD00447,1,5278.01,454.99,4299.75
ITEM0003938,ORD002313,PROD00043,2,93910.98,14673.02,95553.92
ITEM0003939,ORD002313,PROD00434,1,13011.67,152.33,9873.0
ITEM0003940,ORD002313,PROD00315,1,3702.94,224.06,2552.55
ITEM0003941,ORD002313,PROD00394,1,17934.11,921.89,14142.0
ITEM0003942,ORD002314,PROD00176,3,12709.76,445.24,8550.75
ITEM0003943,ORD002314,PROD00316,1,4523.16,33.84,2962.05
ITEM0003944,ORD002314,PROD00127,1,72806.97,1420.03,65319.76
ITEM0003945,ORD002315,PROD00057,1,7104.13,118.87,6356.24
ITEM0003946,ORD002315,PROD00197,1,2929.41,22.59,1918.8
ITEM0003947,ORD002316,PROD00274,2,2501.57,214.43,1765.4
ITEM0003948,ORD002316,PROD00048,1,8639.64,160.36,7744.0
ITEM0003949,ORD002317,PROD00007,1,20038.9,981.1,18497.6
ITEM0003950,ORD002318,PROD00167,1,623.49,39.51,430.95
ITEM0003951,ORD002318,PROD00229,1,4083.34,105.66,2722.85
ITEM0003952,ORD002319,PROD00112,1,16457.49,1502.51,15804.8
ITEM0003953,ORD002320,PROD00262,1,2446.2,95.8,1652.3
ITEM0003954,ORD002320,PROD00279,2,9068.52,703.48,6351.8
ITEM0003955,ORD002320,PROD00481,1,4436.16,98.84,3401.25
ITEM0003956,ORD002321,PROD00195,1,955.41,43.59,649.35
ITEM0003957,ORD002322,PROD00471,1,9708.4,781.6,7867.5
ITEM0003958,ORD002323,PROD00041,1,22330.1,567.9,20150.24
ITEM0003959,ORD002323,PROD00117,1,23458.62,2496.38,22840.4
ITEM0003960,ORD002324,PROD00128,2,139943.71,1856.29,124784.0
ITEM0003961,ORD002324,PROD00135,1,61356.91,8089.09,61112.48
ITEM0003962,ORD002325,PROD00484,1,2465.26,225.74,2018.25
ITEM0003963,ORD002326,PROD00449,2,18882.6,1273.4,15117.0
ITEM0003964,ORD002326,PROD00216,2,4659.93,358.07,3261.7
ITEM0003965,ORD002327,PROD00250,2,8700.64,23.36,5670.6
ITEM0003966,ORD002327,PROD00233,1,3369.59,290.41,2379.0
ITEM0003967,ORD002327,PROD00132,1,19344.54,607.46,17557.76
ITEM0003968,ORD002327,PROD00160,1,7566.94,141.06,6783.04
ITEM0003969,ORD002328,PROD00029,2,135589.89,4580.11,123349.6
ITEM0003970,ORD002329,PROD00172,1,561.08,23.92,380.25
ITEM0003971,ORD002330,PROD00102,1,28980.07,599.93,26030.4
ITEM0003972,ORD002330,PROD00352,3,6415.83,34.17,4837.5
ITEM0003973,ORD002331,PROD00462,1,7429.83,277.17,5780.25
ITEM0003974,ORD002332,PROD00405,1,6111.56,471.44,4937.25
ITEM0003975,ORD002333,PROD00180,1,3173.45,189.55,2185.95
ITEM0003976,ORD002333,PROD00438,1,3212.13,253.87,2599.5
ITEM0003977,ORD002334,PROD00150,1,67642.64,10793.36,69023.68
ITEM0003978,ORD002334,PROD00448,1,5556.85,168.15,4293.75
ITEM0003979,ORD002334,PROD00307,1,1349.37,100.63,942.5
ITEM0003980,ORD002335,PROD00410,1,23316.8,1412.2,18546.75
ITEM0003981,ORD002335,PROD00116,1,69837.94,218.06,61649.28
ITEM0003982,ORD002336,PROD00467,1,16096.0,1157.0,12939.75
ITEM0003983,ORD002336,PROD00105,3,185132.05,11580.95,173107.44
ITEM0003984,ORD002336,PROD00486,2,13818.14,791.86,10957.5
ITEM0003985,ORD002336,PROD00069,1,24823.89,2484.11,24031.04
ITEM0003986,ORD002337,PROD00483,1,19644.93,1732.07,16032.75
ITEM0003987,ORD002338,PROD00469,1,5669.33,53.67,4292.25
ITEM0003988,ORD002339,PROD00192,2,1562.37,135.63,1103.7
ITEM0003989,ORD002340,PROD00308,1,4662.98,169.02,3140.8
ITEM0003990,ORD002341,PROD00442,3,69290.19,3954.81,54933.75
ITEM0003991,ORD002341,PROD00353,1,6933.99,721.01,5741.25
ITEM0003992,ORD002341,PROD00037,1,44555.18,1127.82,40201.04
ITEM0003993,ORD002342,PROD00106,1,6446.95,438.05,6058.8
ITEM0003994,ORD002343,PROD00230,1,2441.14,75.86,1636.05
ITEM0003995,ORD002344,PROD00154,1,30143.45,3824.55,29891.84
ITEM0003996,ORD002344,PROD00324,3,7855.95,481.05,5419.05
ITEM0003997,ORD002345,PROD00470,1,6943.67,135.33,5309.25
ITEM0003998,ORD002346,PROD00445,1,4083.34,153.66,3177.75
ITEM0003999,ORD002346,PROD00301,3,13935.59,74.41,9106.5
ITEM0004000,ORD002347,PROD00296,1,4137.03,348.97,2915.9
ITEM0004001,ORD002347,PROD00473,1,9514.17,169.83,7263.0
ITEM0004002,ORD002347,PROD00022,1,46440.43,5252.57,45489.84
ITEM0004003,ORD002348,PROD00409,1,2094.38,46.62,1605.75
ITEM0004004,ORD002348,PROD00252,1,1858.02,129.98,1292.2
ITEM0004005,ORD002349,PROD00064,2,138617.79,13018.21,133439.68
ITEM0004006,ORD002350,PROD00389,2,33440.51,2155.49,26697.0
ITEM0004007,ORD002350,PROD00246,2,1585.48,110.52,1102.4
ITEM0004008,ORD002350,PROD00402,1,9301.92,282.08,7188.0
ITEM0004009,ORD002351,PROD00018,1,16945.7,1361.3,16110.16
ITEM0004010,ORD002351,PROD00418,1,9378.93,779.07,7618.5
ITEM0004011,ORD002351,PROD00054,1,47066.49,2534.51,43648.88
ITEM0004012,ORD002352,PROD00375,1,15621.28,939.72,12420.75
ITEM0004013,ORD002352,PROD00478,1,6498.48,149.52,4986.0
ITEM0004014,ORD002353,PROD00301,1,4640.0,30.0,3035.5
ITEM0004015,ORD002354,PROD00048,1,8573.36,226.64,7744.0
ITEM0004016,ORD002354,PROD00313,1,3764.28,108.72,2517.45
ITEM0004017,ORD002355,PROD00462,1,7106.73,600.27,5780.25
ITEM0004018,ORD002356,PROD00227,1,3293.54,210.46,2277.6
ITEM0004019,ORD002356,PROD00262,1,2404.51,137.49,1652.3
ITEM0004020,ORD002357,PROD00293,3,1584.75,116.25,1105.65
ITEM0004021,ORD002358,PROD00370,1,23330.69,1664.31,18746.25
ITEM0004022,ORD002358,PROD00381,1,23309.39,1199.61,18381.75
ITEM0004023,ORD002359,PROD00442,1,24022.34,392.66,18311.25
ITEM0004024,ORD002360,PROD00486,1,6794.09,510.91,5478.75
ITEM0004025,ORD002361,PROD00387,1,11464.91,974.09,9329.25
ITEM0004026,ORD002361,PROD00021,1,16504.49,2569.51,16785.12
ITEM0004027,ORD002362,PROD00338,1,4766.63,272.37,3779.25
ITEM0004028,ORD002363,PROD00334,1,18111.1,505.9,13962.75
ITEM0004029,ORD002363,PROD00262,1,2399.9,142.1,1652.3
ITEM0004030,ORD002364,PROD00284,2,6830.67,285.33,4625.4
ITEM0004031,ORD002364,PROD00440,1,19897.66,1463.34,16020.75
ITEM0004032,ORD002365,PROD00273,1,767.96,18.04,510.9
ITEM0004033,ORD002365,PROD00189,1,1253.36,73.64,862.55
ITEM0004034,ORD002366,PROD00134,3,106815.51,4820.49,98239.68
ITEM0004035,ORD002366,PROD00383,1,19773.72,1052.28,15619.5
ITEM0004036,ORD002367,PROD00190,1,4585.94,28.06,2999.1
ITEM0004037,ORD002368,PROD00409,1,1978.2,162.8,1605.75
ITEM0004038,ORD002369,PROD00332,1,8518.77,251.23,6577.5
ITEM0004039,ORD002369,PROD00330,1,1341.29,74.71,920.4
ITEM0004040,ORD002369,PROD00228,1,2849.99,41.01,1879.15
ITEM0004041,ORD002370,PROD00104,3,46144.75,1078.25,41556.24
ITEM0004042,ORD002371,PROD00032,1,60035.48,2988.52,55461.12
ITEM0004043,ORD002371,PROD00026,1,38687.65,4655.35,38141.84
ITEM0004044,ORD002372,PROD00336,1,5123.25,325.75,4086.75
ITEM0004045,ORD002373,PROD00448,1,5358.8,366.2,4293.75
ITEM0004046,ORD002373,PROD00388,1,6875.18,448.82,5493.0
ITEM0004047,ORD002374,PROD00229,2,8006.74,371.26,5445.7
ITEM0004048,ORD002375,PROD00405,1,6502.19,80.81,4937.25
ITEM0004049,ORD002375,PROD00272,1,1076.75,50.25,732.55
ITEM0004050,ORD002375,PROD00077,1,45817.81,7771.19,47158.32
ITEM0004051,ORD002376,PROD00073,1,63665.26,8783.74,63755.12
ITEM0004052,ORD002376,PROD00128,1,62032.43,8867.57,62392.0
ITEM0004053,ORD002376,PROD00171,1,1131.27,21.73,749.45
ITEM0004054,ORD002377,PROD00069,1,24835.4,2472.6,24031.04
ITEM0004055,ORD002378,PROD00207,1,3544.84,60.16,2343.25
ITEM0004056,ORD002378,PROD00016,1,65664.02,6425.98,63439.2
ITEM0004057,ORD002378,PROD00342,2,3184.66,209.34,2545.5
ITEM0004058,ORD002379,PROD00079,1,24781.42,2591.58,24088.24
ITEM0004059,ORD002380,PROD00226,1,1142.69,97.31,806.0
ITEM0004060,ORD002381,PROD00344,1,13873.77,1046.23,11190.0
ITEM0004061,ORD002382,PROD00024,1,61848.42,5851.58,59576.0
ITEM0004062,ORD002383,PROD00459,1,9349.05,30.95,7035.0
ITEM0004063,ORD002383,PROD00292,1,2165.42,87.58,1464.45
ITEM0004064,ORD002384,PROD00199,1,4195.48,80.52,2779.4
ITEM0004065,ORD002384,PROD00061,1,22553.96,3905.04,23283.92
ITEM0004066,ORD002385,PROD00271,1,3634.16,241.84,2519.4
ITEM0004067,ORD002386,PROD00042,1,36931.8,1747.2,34037.52
ITEM0004068,ORD002386,PROD00109,1,37958.27,6264.73,38916.24
ITEM0004069,ORD002387,PROD00307,1,1394.81,55.19,942.5
ITEM0004070,ORD002388,PROD00018,1,16789.1,1517.9,16110.16
ITEM0004071,ORD002388,PROD00006,1,27502.32,1291.68,25338.72
ITEM0004072,ORD002389,PROD00397,1,5351.5,14.5,4024.5
ITEM0004073,ORD002389,PROD00448,1,5387.91,337.09,4293.75
ITEM0004074,ORD002390,PROD00292,1,2127.32,125.68,1464.45
ITEM0004075,ORD002391,PROD00009,1,39181.77,5890.23,39663.36
ITEM0004076,ORD002391,PROD00477,1,7762.29,248.71,6008.25
ITEM0004077,ORD002392,PROD00250,1,4070.15,291.85,2835.3
ITEM0004078,ORD002392,PROD00192,3,2481.47,65.53,1655.55
ITEM0004079,ORD002393,PROD00052,1,69163.58,5601.42,65793.2
ITEM0004080,ORD002393,PROD00367,2,23990.56,1545.44,19152.0
ITEM0004081,ORD002394,PROD00220,1,921.84,72.16,646.1
ITEM0004082,ORD002395,PROD00122,2,31706.09,49.91,27945.28
ITEM0004083,ORD002396,PROD00031,2,125927.85,9688.15,119342.08
ITEM0004084,ORD002397,PROD00392,1,1636.96,122.04,1319.25
ITEM0004085,ORD002397,PROD00458,1,13031.72,740.28,10329.0
ITEM0004086,ORD002398,PROD00446,1,20370.04,1413.96,16338.0
ITEM0004087,ORD002399,PROD00080,1,68100.96,10435.04,69111.68
ITEM0004088,ORD002400,PROD00314,2,1639.1,94.9,1127.1
ITEM0004089,ORD002400,PROD00440,3,61737.9,2345.1,48062.25
ITEM0004090,ORD002400,PROD00395,2,10010.79,359.21,7777.5
ITEM0004091,ORD002401,PROD00443,1,20513.46,675.54,15891.75
ITEM0004092,ORD002401,PROD00074,2,138060.01,7389.99,127996.0
ITEM0004093,ORD002401,PROD00444,1,11001.3,141.7,8357.25
ITEM0004094,ORD002402,PROD00144,1,55745.07,7619.93,55761.2
ITEM0004095,ORD002402,PROD00393,1,6838.58,265.42,5328.0
ITEM0004096,ORD002402,PROD00043,1,50649.93,3642.07,47776.96
ITEM0004097,ORD002403,PROD00283,1,821.46,29.54,553.15
ITEM0004098,ORD002404,PROD00378,1,8886.22,340.78,6920.25
ITEM0004099,ORD002404,PROD00338,1,4615.99,423.01,3779.25
ITEM0004100,ORD002404,PROD00345,2,37430.3,797.7,28671.0
ITEM0004101,ORD002404,PROD00392,2,3289.05,228.95,2638.5
ITEM0004102,ORD002405,PROD00022,1,47796.72,3896.28,45489.84
ITEM0004103,ORD002406,PROD00352,1,2020.76,129.24,1612.5
ITEM0004104,ORD002406,PROD00193,2,5576.43,65.57,3667.3
ITEM0004105,ORD002407,PROD00299,1,3774.23,183.77,2572.7
ITEM0004106,ORD002408,PROD00004,1,12833.44,370.56,11619.52
ITEM0004107,ORD002409,PROD00025,1,29407.98,232.02,26083.2
ITEM0004108,ORD002409,PROD00165,2,38351.92,4818.08,37989.6
ITEM0004109,ORD002410,PROD00360,1,16997.42,623.58,13215.75
ITEM0004110,ORD002411,PROD00480,1,4032.25,233.75,3199.5
ITEM0004111,ORD002412,PROD00279,2,9495.88,276.12,6351.8
ITEM0004112,ORD002412,PROD00484,1,2672.33,18.67,2018.25
ITEM0004113,ORD002412,PROD00482,1,16812.17,1671.83,13863.0
ITEM0004114,ORD002413,PROD00130,1,61595.86,343.14,54506.32
ITEM0004115,ORD002413,PROD00262,1,2510.85,31.15,1652.3
ITEM0004116,ORD002413,PROD00235,1,2306.28,154.72,1599.65
ITEM0004117,ORD002413,PROD00157,1,40279.08,5756.92,40511.68
ITEM0004118,ORD002414,PROD00140,1,5639.75,848.25,5709.44
ITEM0004119,ORD002415,PROD00399,2,19232.24,101.76,14500.5
ITEM0004120,ORD002415,PROD00372,1,7726.01,300.99,6020.25
ITEM0004121,ORD002415,PROD00114,1,27998.72,4016.28,28173.2
ITEM0004122,ORD002416,PROD00317,2,7070.46,517.54,4932.2
ITEM0004123,ORD002416,PROD00011,1,42828.6,4994.4,42084.24
ITEM0004124,ORD002417,PROD00423,2,44522.15,2705.85,35421.0
ITEM0004125,ORD002418,PROD00250,1,4308.97,53.03,2835.3
ITEM0004126,ORD002418,PROD00137,1,14080.77,1376.23,13602.16
ITEM0004127,ORD002419,PROD00405,1,6210.06,372.94,4937.25
ITEM0004128,ORD002420,PROD00064,1,70636.95,5181.05,66719.84
ITEM0004129,ORD002421,PROD00096,1,68223.49,7399.51,66548.24
ITEM0004130,ORD002422,PROD00026,1,39129.83,4213.17,38141.84
ITEM0004131,ORD002423,PROD00324,2,5509.5,48.5,3612.7
ITEM0004132,ORD002424,PROD00464,1,6134.85,679.15,5110.5
ITEM0004133,ORD002424,PROD00276,1,3107.08,40.92,2046.2
ITEM0004134,ORD002425,PROD00159,1,65577.52,9999.48,66507.76
ITEM0004135,ORD002425,PROD00198,1,2190.69,47.31,1454.7
ITEM0004136,ORD002425,PROD00112,1,16978.3,981.7,15804.8
ITEM0004137,ORD002425,PROD00410,1,22344.11,2384.89,18546.75
ITEM0004138,ORD002426,PROD00383,3,56729.0,5749.0,46858.5
ITEM0004139,ORD002426,PROD00338,1,5014.0,25.0,3779.25
ITEM0004140,ORD002427,PROD00386,1,4539.24,153.76,3519.75
ITEM0004141,ORD002427,PROD00111,2,83693.14,12480.86,84633.12
ITEM0004142,ORD002428,PROD00351,1,22925.46,1694.54,18465.0
ITEM0004143,ORD002429,PROD00326,1,4058.61,162.39,2743.65
ITEM0004144,ORD002430,PROD00475,1,20207.38,1949.62,16617.75
ITEM0004145,ORD002430,PROD00371,3,23738.21,2265.79,19503.0
ITEM0004146,ORD002430,PROD00471,1,9787.48,702.52,7867.5
ITEM0004147,ORD002430,PROD00055,2,115740.2,20007.8,119458.24
ITEM0004148,ORD002431,PROD00048,1,8466.65,333.35,7744.0
ITEM0004149,ORD002431,PROD00455,1,19216.47,68.53,14463.75
ITEM0004150,ORD002431,PROD00306,2,8151.87,274.13,5476.9
ITEM0004151,ORD002431,PROD00337,1,15645.86,1441.14,12815.25
ITEM0004152,ORD002432,PROD00149,2,46452.24,2293.76,42896.48
ITEM0004153,ORD002433,PROD00113,2,73763.25,5932.75,70132.48
ITEM0004154,ORD002433,PROD00255,1,1710.1,86.9,1168.05
ITEM0004155,ORD002434,PROD00118,1,65020.84,8539.16,64732.8
ITEM0004156,ORD002434,PROD00142,1,23274.27,3604.73,23653.52
ITEM0004157,ORD002435,PROD00220,1,969.37,24.63,646.1
ITEM0004158,ORD002435,PROD00138,1,37815.49,3242.51,36131.04
ITEM0004159,ORD002436,PROD00265,1,4497.23,271.77,3099.85
ITEM0004160,ORD002436,PROD00120,1,72938.76,660.24,64767.12
ITEM0004161,ORD002437,PROD00043,1,53663.03,628.97,47776.96
ITEM0004162,ORD002438,PROD00485,1,2159.96,1.04,1620.75
ITEM0004163,ORD002439,PROD00234,3,10232.25,495.75,6973.2
ITEM0004164,ORD002440,PROD00456,2,32741.03,364.97,24829.5
ITEM0004165,ORD002441,PROD00286,1,795.03,10.97,523.9
ITEM0004166,ORD002442,PROD00339,1,14853.54,1006.46,11895.0
ITEM0004167,ORD002442,PROD00101,1,67917.14,7919.86,66736.56
ITEM0004168,ORD002443,PROD00229,1,3899.04,289.96,2722.85
ITEM0004169,ORD002444,PROD00054,1,46570.43,3030.57,43648.88
ITEM0004170,ORD002444,PROD00382,1,1200.75,75.25,957.0
ITEM0004171,ORD002445,PROD00380,1,8491.28,128.72,6465.0
ITEM0004172,ORD002446,PROD00171,1,1099.04,53.96,749.45
ITEM0004173,ORD002447,PROD00264,3,5739.13,110.87,3802.5
ITEM0004174,ORD002448,PROD00344,1,13591.0,1329.0,11190.0
ITEM0004175,ORD002449,PROD00156,1,16188.41,532.59,14714.48
ITEM0004176,ORD002450,PROD00011,2,90177.39,5468.61,84168.48
ITEM0004177,ORD002450,PROD00050,1,18414.39,1286.61,17336.88
ITEM0004178,ORD002451,PROD00180,2,6603.37,122.63,4371.9
ITEM0004179,ORD002452,PROD00371,1,8605.85,62.15,6501.0
ITEM0004180,ORD002452,PROD00317,1,3773.12,20.88,2466.1
ITEM0004181,ORD002452,PROD00046,1,46120.67,3634.33,43784.4
ITEM0004182,ORD002453,PROD00463,1,6788.64,218.36,5255.25
ITEM0004183,ORD002454,PROD00184,1,793.56,52.44,549.9
ITEM0004184,ORD002455,PROD00490,1,14546.3,596.7,11357.25
ITEM0004185,ORD002455,PROD00447,1,5248.62,484.38,4299.75
ITEM0004186,ORD002455,PROD00240,1,1385.06,61.94,940.55
ITEM0004187,ORD002456,PROD00424,1,16299.74,911.26,12908.25
ITEM0004188,ORD002457,PROD00454,2,46840.23,3011.77,37389.0
ITEM0004189,ORD002457,PROD00012,1,32792.76,86.24,28933.52
ITEM0004190,ORD002458,PROD00002,1,26178.5,2932.5,25617.68
ITEM0004191,ORD002458,PROD00121,1,16732.5,2004.5,16488.56
ITEM0004192,ORD002458,PROD00012,1,29869.55,3009.45,28933.52
ITEM0004193,ORD002458,PROD00340,1,9630.76,81.24,7284.0
ITEM0004194,ORD002459,PROD00253,1,4114.82,128.18,2757.95
ITEM0004195,ORD002460,PROD00086,1,67699.39,5444.61,64366.72
ITEM0004196,ORD002461,PROD00426,1,19061.1,1322.9,15288.0
ITEM0004197,ORD002461,PROD00107,2,91244.62,4781.38,84502.88
ITEM0004198,ORD002462,PROD00432,1,5967.47,260.53,4671.0
ITEM0004199,ORD002463,PROD00027,2,78901.47,4292.53,73210.72
ITEM0004200,ORD002463,PROD00495,1,2392.48,253.52,1984.5
ITEM0004201,ORD002463,PROD00407,1,3713.15,71.85,2838.75
ITEM0004202,ORD002464,PROD00178,1,1545.37,55.63,1040.65
ITEM0004203,ORD002464,PROD00415,1,5357.08,31.92,4041.75
ITEM0004204,ORD002465,PROD00319,1,522.38,6.62,343.85
ITEM0004205,ORD002466,PROD00336,1,5386.63,62.37,4086.75
ITEM0004206,ORD002467,PROD00315,2,7413.42,440.58,5105.1
ITEM0004207,ORD002468,PROD00390,1,21081.14,788.86,16402.5
ITEM0004208,ORD002469,PROD00212,1,2172.23,104.77,1480.05
ITEM0004209,ORD002469,PROD00066,1,71342.58,2085.42,64616.64
ITEM0004210,ORD002469,PROD00277,1,2114.3,62.7,1415.05
ITEM0004211,ORD002470,PROD00306,1,4089.21,123.79,2738.45
ITEM0004212,ORD002470,PROD00164,2,55972.73,5185.27,53819.04
ITEM0004213,ORD002470,PROD00473,1,9622.22,61.78,7263.0
ITEM0004214,ORD002471,PROD00139,1,46495.02,2617.98,43219.44
ITEM0004215,ORD002471,PROD00319,1,524.68,4.32,343.85
ITEM0004216,ORD002472,PROD00344,1,14639.3,280.7,11190.0
ITEM0004217,ORD002472,PROD00171,1,1113.94,39.06,749.45
ITEM0004218,ORD002472,PROD00224,1,3120.4,14.6,2037.75
ITEM0004219,ORD002473,PROD00037,1,41269.96,4413.04,40201.04
ITEM0004220,ORD002474,PROD00329,1,3323.83,48.17,2191.8
ITEM0004221,ORD002474,PROD00398,1,11509.16,915.84,9318.75
ITEM0004222,ORD002474,PROD00349,1,12497.91,1076.09,10180.5
ITEM0004223,ORD002475,PROD00148,1,41415.64,4953.36,40804.72
ITEM0004224,ORD002475,PROD00289,1,492.66,17.34,331.5
ITEM0004225,ORD002476,PROD00078,1,59733.14,2680.86,54924.32
ITEM0004226,ORD002477,PROD00128,1,60642.83,10257.17,62392.0
ITEM0004227,ORD002477,PROD00478,1,6322.12,325.88,4986.0
ITEM0004228,ORD002477,PROD00387,1,12082.59,356.41,9329.25
ITEM0004229,ORD002478,PROD00488,1,12440.68,1095.32,10152.0
ITEM0004230,ORD002478,PROD00273,1,776.47,9.53,510.9
ITEM0004231,ORD002478,PROD00371,1,8260.42,407.58,6501.0
ITEM0004232,ORD002478,PROD00294,3,7684.89,304.11,5192.85
ITEM0004233,ORD002479,PROD00341,1,7281.28,158.72,5580.0
ITEM0004234,ORD002479,PROD00466,1,3496.09,63.91,2670.0
ITEM0004235,ORD002479,PROD00040,1,55716.89,1194.11,50081.68
ITEM0004236,ORD002480,PROD00441,1,16587.62,229.38,12612.75
ITEM0004237,ORD002480,PROD00417,1,9451.05,347.95,7349.25
ITEM0004238,ORD002480,PROD00214,1,4577.1,97.9,3038.75
ITEM0004239,ORD002480,PROD00306,1,4157.63,55.37,2738.45
ITEM0004240,ORD002481,PROD00066,1,69909.75,3518.25,64616.64
ITEM0004241,ORD002481,PROD00059,2,70189.57,1138.43,62768.64
ITEM0004242,ORD002482,PROD00202,1,996.22,73.78,695.5
ITEM0004243,ORD002483,PROD00348,1,4122.19,339.81,3346.5
ITEM0004244,ORD002483,PROD00064,1,73786.71,2031.29,66719.84
ITEM0004245,ORD002484,PROD00352,1,2077.4,72.6,1612.5
ITEM0004246,ORD002485,PROD00099,1,39338.35,4882.65,38914.48
ITEM0004247,ORD002485,PROD00368,1,17622.14,153.86,13332.0
ITEM0004248,ORD002486,PROD00233,1,3454.1,205.9,2379.0
ITEM0004249,ORD002486,PROD00127,1,70961.58,3265.42,65319.76
ITEM0004250,ORD002487,PROD00374,1,9645.74,658.26,7728.0
ITEM0004251,ORD002488,PROD00169,1,1379.66,118.34,973.7
ITEM0004252,ORD002488,PROD00220,1,992.84,1.16,646.1
ITEM0004253,ORD002489,PROD00041,1,22855.24,42.76,20150.24
ITEM0004254,ORD002489,PROD00308,1,4663.22,168.78,3140.8
ITEM0004255,ORD002490,PROD00290,3,4438.63,385.37,3135.6
ITEM0004256,ORD002490,PROD00112,3,52883.23,996.77,47414.4
ITEM0004257,ORD002490,PROD00342,2,3201.17,192.83,2545.5
ITEM0004258,ORD002490,PROD00269,1,2429.84,170.16,1690.0
ITEM0004259,ORD002491,PROD00494,1,7566.23,481.77,6036.0
ITEM0004260,ORD002492,PROD00173,1,2363.94,172.06,1648.4
ITEM0004261,ORD002493,PROD00108,1,72502.64,1849.36,65429.76
ITEM0004262,ORD002493,PROD00171,1,1140.96,12.04,749.45
ITEM0004263,ORD002494,PROD00257,1,3674.17,280.83,2570.75
ITEM0004264,ORD002495,PROD00109,1,38161.49,6061.51,38916.24
ITEM0004265,ORD002495,PROD00036,1,12193.79,1365.21,11931.92
ITEM0004266,ORD002495,PROD00046,1,43312.48,6442.52,43784.4
ITEM0004267,ORD002496,PROD00106,1,5919.51,965.49,6058.8
ITEM0004268,ORD002497,PROD00041,1,21390.35,1507.65,20150.24
ITEM0004269,ORD002497,PROD00010,1,58158.1,396.9,51528.4
ITEM0004270,ORD002498,PROD00237,1,1955.94,67.06,1314.95
ITEM0004271,ORD002499,PROD00281,1,3667.52,187.48,2505.75
ITEM0004272,ORD002499,PROD00197,3,8241.29,614.71,5756.4
ITEM0004273,ORD002500,PROD00135,1,61433.93,8012.07,61112.48
ITEM0004274,ORD002501,PROD00222,1,3199.04,35.96,2102.75
ITEM0004275,ORD002502,PROD00056,1,31300.33,3567.67,30683.84
ITEM0004276,ORD002503,PROD00373,2,26854.18,1667.82,21391.5
ITEM0004277,ORD002504,PROD00150,1,77734.97,701.03,69023.68
ITEM0004278,ORD002504,PROD00002,1,26206.16,2904.84,25617.68
ITEM0004279,ORD002505,PROD00367,3,35668.5,2635.5,28728.0
ITEM0004280,ORD002505,PROD00083,2,84837.97,11300.03,84601.44
ITEM0004281,ORD002506,PROD00156,1,16051.47,669.53,14714.48
ITEM0004282,ORD002506,PROD00232,1,3089.08,148.92,2104.7
ITEM0004283,ORD002506,PROD00070,2,83545.71,3736.29,76808.16
ITEM0004284,ORD002507,PROD00065,1,57949.58,736.42,51643.68
ITEM0004285,ORD002507,PROD00130,1,56094.1,5844.9,54506.32
ITEM0004286,ORD002507,PROD00014,1,31178.84,3499.16,30516.64
ITEM0004287,ORD002508,PROD00271,1,3681.97,194.03,2519.4
ITEM0004288,ORD002508,PROD00334,1,17103.34,1513.66,13962.75
ITEM0004289,ORD002509,PROD00051,1,11146.62,173.38,9961.6
ITEM0004290,ORD002509,PROD00281,1,3613.42,241.58,2505.75
ITEM0004291,ORD002510,PROD00400,1,6441.7,25.3,4850.25
ITEM0004292,ORD002511,PROD00301,1,4443.08,226.92,3035.5
ITEM0004293,ORD002512,PROD00163,1,43445.92,3289.08,41126.8
ITEM0004294,ORD002512,PROD00319,1,519.02,9.98,343.85
ITEM0004295,ORD002513,PROD00123,1,26830.53,2053.47,25417.92
ITEM0004296,ORD002514,PROD00240,1,1340.38,106.62,940.55
ITEM0004297,ORD002515,PROD00045,1,39129.64,209.36,34618.32
ITEM0004298,ORD002516,PROD00103,2,124859.29,3590.71,113036.0
ITEM0004299,ORD002517,PROD00228,1,2679.1,211.9,1879.15
ITEM0004300,ORD002518,PROD00183,1,3799.03,194.97,2596.1
ITEM0004301,ORD002518,PROD00047,3,31686.07,4019.93,31421.28
ITEM0004302,ORD002518,PROD00305,1,2681.7,34.3,1765.4
ITEM0004303,ORD002518,PROD00213,1,3239.92,116.08,2181.4
ITEM0004304,ORD002519,PROD00451,2,32418.56,95.44,24385.5
ITEM0004305,ORD002520,PROD00292,1,2184.33,68.67,1464.45
ITEM0004306,ORD002520,PROD00061,1,23050.29,3408.71,23283.92
ITEM0004307,ORD002520,PROD00127,1,69415.94,4811.06,65319.76
ITEM0004308,ORD002520,PROD00039,1,30556.7,1955.3,28610.56
ITEM0004309,ORD002521,PROD00383,1,20443.32,382.68,15619.5
ITEM0004310,ORD002521,PROD00476,1,22754.04,312.96,17300.25
ITEM0004311,ORD002521,PROD00155,1,51344.54,2632.46,47499.76
ITEM0004312,ORD002522,PROD00096,2,137733.98,13512.02,133096.48
ITEM0004313,ORD002523,PROD00435,1,8006.49,863.51,6652.5
ITEM0004314,ORD002524,PROD00178,1,1515.31,85.69,1040.65
ITEM0004315,ORD002525,PROD00489,1,17872.18,357.82,13672.5
ITEM0004316,ORD002525,PROD00222,1,3031.42,203.58,2102.75
ITEM0004317,ORD002525,PROD00148,1,44119.19,2249.81,40804.72
ITEM0004318,ORD002526,PROD00105,2,122239.84,8902.16,115404.96
ITEM0004319,ORD002526,PROD00005,1,45344.98,740.02,40554.8
ITEM0004320,ORD002527,PROD00334,1,18402.85,214.15,13962.75
ITEM0004321,ORD002528,PROD00486,1,7015.09,289.91,5478.75
ITEM0004322,ORD002529,PROD00478,1,6598.71,49.29,4986.0
ITEM0004323,ORD002530,PROD00161,2,127804.27,4007.73,115994.56
ITEM0004324,ORD002531,PROD00313,3,11173.98,445.02,7552.35
ITEM0004325,ORD002532,PROD00198,1,2111.01,126.99,1454.7
ITEM0004326,ORD002532,PROD00306,1,3947.43,265.57,2738.45
ITEM0004327,ORD002533,PROD00397,1,4935.42,430.58,4024.5
ITEM0004328,ORD002534,PROD00001,2,111587.23,12390.77,109100.64
ITEM0004329,ORD002534,PROD00088,1,66338.64,6597.36,64183.68
ITEM0004330,ORD002534,PROD00329,1,3291.99,80.01,2191.8
ITEM0004331,ORD002535,PROD00062,1,16548.12,929.88,15380.64
ITEM0004332,ORD002535,PROD00158,3,182210.15,31200.85,187801.68
ITEM0004333,ORD002536,PROD00486,3,21585.76,329.24,16436.25
ITEM0004334,ORD002536,PROD00168,1,1444.92,50.08,971.75
ITEM0004335,ORD002537,PROD00290,1,1568.53,39.47,1045.2
ITEM0004336,ORD002537,PROD00161,1,65799.5,106.5,57997.28
ITEM0004337,ORD002537,PROD00364,2,31539.51,1254.49,24595.5
ITEM0004338,ORD002538,PROD00081,1,45952.68,7666.32,47184.72
ITEM0004339,ORD002539,PROD00172,2,1130.35,39.65,760.5
ITEM0004340,ORD002539,PROD00408,1,20912.67,115.33,15771.0
ITEM0004341,ORD002540,PROD00490,1,13904.09,1238.91,11357.25
ITEM0004342,ORD002540,PROD00248,3,13164.26,821.74,9090.9
ITEM0004343,ORD002541,PROD00426,2,40201.43,566.57,30576.0
ITEM0004344,ORD002542,PROD00327,1,2636.39,71.61,1760.2
ITEM0004345,ORD002543,PROD00321,1,1771.86,146.14,1246.7
ITEM0004346,ORD002544,PROD00125,1,8151.98,738.02,7823.2
ITEM0004347,ORD002545,PROD00035,1,48899.81,8199.19,50247.12
ITEM0004348,ORD002545,PROD00055,1,57775.56,10098.44,59729.12
ITEM0004349,ORD002546,PROD00278,1,3085.97,156.03,2107.3
ITEM0004350,ORD002546,PROD00422,1,21779.51,2396.49,18132.0
ITEM0004351,ORD002547,PROD00126,1,29417.94,3096.06,28612.32
ITEM0004352,ORD002548,PROD00415,2,9864.19,913.81,8083.5
ITEM0004353,ORD002549,PROD00408,1,20315.55,712.45,15771.0
ITEM0004354,ORD002550,PROD00196,1,1571.12,39.88,1047.15
ITEM0004355,ORD002551,PROD00315,1,3706.14,220.86,2552.55
ITEM0004356,ORD002551,PROD00321,1,1891.43,26.57,1246.7
ITEM0004357,ORD002551,PROD00064,1,74918.02,899.98,66719.84
ITEM0004358,ORD002552,PROD00473,1,8715.91,968.09,7263.0
ITEM0004359,ORD002552,PROD00332,2,16524.08,1015.92,13155.0
ITEM0004360,ORD002552,PROD00112,1,15926.58,2033.42,15804.8
ITEM0004361,ORD002553,PROD00128,1,67309.54,3590.46,62392.0
ITEM0004362,ORD002553,PROD00458,1,13145.96,626.04,10329.0
ITEM0004363,ORD002553,PROD00100,3,203828.91,19110.09,196186.32
ITEM0004364,ORD002554,PROD00226,2,2362.83,117.17,1612.0
ITEM0004365,ORD002554,PROD00050,1,17080.27,2620.73,17336.88
ITEM0004366,ORD002555,PROD00136,1,74352.58,1264.42,66542.96
ITEM0004367,ORD002556,PROD00351,3,67885.39,5974.61,55395.0
ITEM0004368,ORD002557,PROD00443,1,19300.88,1888.12,15891.75
ITEM0004369,ORD002558,PROD00101,1,64701.12,11135.88,66736.56
ITEM0004370,ORD002559,PROD00020,1,74123.99,4869.01,69513.84
ITEM0004371,ORD002560,PROD00138,1,39048.4,2009.6,36131.04
ITEM0004372,ORD002561,PROD00180,1,3278.3,84.7,2185.95
ITEM0004373,ORD002561,PROD00043,1,46202.71,8089.29,47776.96
ITEM0004374,ORD002561,PROD00411,1,21743.05,632.95,16782.0
ITEM0004375,ORD002562,PROD00141,1,7742.78,227.22,7013.6
ITEM0004376,ORD002562,PROD00413,1,14775.74,976.26,11814.0
ITEM0004377,ORD002562,PROD00246,1,841.18,6.82,551.2
ITEM0004378,ORD002563,PROD00482,1,17056.36,1427.64,13863.0
ITEM0004379,ORD002564,PROD00430,1,18488.24,1025.76,14635.5
ITEM0004380,ORD002564,PROD00051,2,19832.73,2807.27,19923.2
ITEM0004381,ORD002565,PROD00393,1,6926.41,177.59,5328.0
ITEM0004382,ORD002566,PROD00084,1,70447.27,9396.73,70262.72
ITEM0004383,ORD002566,PROD00262,3,7297.87,328.13,4956.9
ITEM0004384,ORD002566,PROD00304,2,4955.06,290.94,3409.9
ITEM0004385,ORD002567,PROD00419,1,3156.44,15.56,2379.0
ITEM0004386,ORD002568,PROD00271,2,7407.97,344.03,5038.8
ITEM0004387,ORD002569,PROD00491,1,4218.39,32.61,3188.25
ITEM0004388,ORD002570,PROD00256,2,9330.81,593.19,6450.6
ITEM0004389,ORD002570,PROD00343,1,21834.55,195.45,16522.5
ITEM0004390,ORD002571,PROD00120,3,202423.89,18373.11,194301.36
ITEM0004391,ORD002571,PROD00001,1,57180.3,4808.7,54550.32
ITEM0004392,ORD002572,PROD00153,2,62784.33,1669.67,56719.52
ITEM0004393,ORD002573,PROD00378,1,8525.52,701.48,6920.25
ITEM0004394,ORD002573,PROD00120,1,67338.46,6260.54,64767.12
ITEM0004395,ORD002574,PROD00289,1,497.75,12.25,331.5
ITEM0004396,ORD002575,PROD00303,1,2500.81,155.19,1726.4
ITEM0004397,ORD002575,PROD00232,1,3166.31,71.69,2104.7
ITEM0004398,ORD002575,PROD00215,1,3705.8,78.2,2459.6
ITEM0004399,ORD002576,PROD00023,1,56650.74,4035.26,53403.68
ITEM0004400,ORD002577,PROD00360,2,33875.5,1366.5,26431.5
ITEM0004401,ORD002578,PROD00160,1,7085.42,622.58,6783.04
ITEM0004402,ORD002579,PROD00268,1,2428.92,159.08,1682.2
ITEM0004403,ORD002579,PROD00251,2,8329.09,634.91,5826.6
ITEM0004404,ORD002579,PROD00065,1,53980.38,4705.62,51643.68
ITEM0004405,ORD002580,PROD00131,1,71614.27,3688.73,66266.64
ITEM0004406,ORD002580,PROD00460,1,18133.12,1685.88,14864.25
ITEM0004407,ORD002581,PROD00400,1,6340.23,126.77,4850.25
ITEM0004408,ORD002581,PROD00293,3,1680.22,20.78,1105.65
ITEM0004409,ORD002582,PROD00140,1,6201.35,286.65,5709.44
ITEM0004410,ORD002582,PROD00300,1,1505.84,94.16,1040.0
ITEM0004411,ORD002583,PROD00033,1,48933.59,5729.41,48103.44
ITEM0004412,ORD002584,PROD00125,1,7959.81,930.19,7823.2
ITEM0004413,ORD002584,PROD00419,1,2922.46,249.54,2379.0
ITEM0004414,ORD002584,PROD00225,1,3752.85,271.15,2615.6
ITEM0004415,ORD002585,PROD00027,2,79391.3,3802.7,73210.72
ITEM0004416,ORD002586,PROD00046,2,97137.67,2372.33,87568.8
ITEM0004417,ORD002586,PROD00424,1,16542.74,668.26,12908.25
ITEM0004418,ORD002587,PROD00349,1,13044.94,529.06,10180.5
ITEM0004419,ORD002587,PROD00220,1,967.35,26.65,646.1
ITEM0004420,ORD002588,PROD00072,1,38062.45,3235.55,36342.24
ITEM0004421,ORD002588,PROD00020,1,70786.57,8206.43,69513.84
ITEM0004422,ORD002588,PROD00480,1,3938.36,327.64,3199.5
ITEM0004423,ORD002588,PROD00254,1,708.55,21.45,474.5
ITEM0004424,ORD002589,PROD00094,1,59621.12,3194.88,55278.08
ITEM0004425,ORD002589,PROD00186,1,4686.64,163.36,3152.5
ITEM0004426,ORD002590,PROD00097,2,26714.1,2677.9,25864.96
ITEM0004427,ORD002590,PROD00178,1,1518.31,82.69,1040.65
ITEM0004428,ORD002591,PROD00221,1,527.14,30.86,362.7
ITEM0004429,ORD002591,PROD00345,1,17286.16,1827.84,14335.5
ITEM0004430,ORD002592,PROD00083,1,43270.94,4798.06,42300.72
ITEM0004431,ORD002592,PROD00304,1,2544.59,78.41,1704.95
ITEM0004432,ORD002593,PROD00034,1,22754.11,3555.89,23152.8
ITEM0004433,ORD002593,PROD00365,1,14239.26,1282.74,11641.5
ITEM0004434,ORD002594,PROD00251,2,8336.53,627.47,5826.6
ITEM0004435,ORD002595,PROD00291,1,4511.26,5.74,2936.05
ITEM0004436,ORD002596,PROD00377,1,1334.56,121.44,1092.0
ITEM0004437,ORD002597,PROD00024,1,61499.51,6200.49,59576.0
ITEM0004438,ORD002598,PROD00004,1,12006.46,1197.54,11619.52
ITEM0004439,ORD002598,PROD00139,1,44730.55,4382.45,43219.44
ITEM0004440,ORD002598,PROD00201,1,3746.31,33.69,2457.0
ITEM0004441,ORD002599,PROD00272,1,1092.7,34.3,732.55
ITEM0004442,ORD002599,PROD00387,1,11307.81,1131.19,9329.25
ITEM0004443,ORD002600,PROD00344,1,14820.83,99.17,11190.0
ITEM0004444,ORD002600,PROD00495,2,5049.79,242.21,3969.0
ITEM0004445,ORD002601,PROD00362,2,14250.05,1219.95,11602.5
ITEM0004446,ORD002601,PROD00154,1,30794.8,3173.2,29891.84
ITEM0004447,ORD002602,PROD00237,2,3869.86,176.14,2629.9
ITEM0004448,ORD002603,PROD00133,2,27719.32,3752.68,27695.36
ITEM0004449,ORD002603,PROD00168,1,1438.51,56.49,971.75
ITEM0004450,ORD002604,PROD00173,1,2448.77,87.23,1648.4
ITEM0004451,ORD002604,PROD00478,1,6087.84,560.16,4986.0
ITEM0004452,ORD002604,PROD00174,1,4651.57,211.43,3160.95
ITEM0004453,ORD002605,PROD00273,2,1523.53,48.47,1021.8
ITEM0004454,ORD002605,PROD00338,1,4740.83,298.17,3779.25
ITEM0004455,ORD002606,PROD00058,2,144775.59,4498.41,131361.12
ITEM0004456,ORD002607,PROD00042,2,77103.28,254.72,68075.04
ITEM0004457,ORD002607,PROD00153,1,28184.25,4042.75,28359.76
ITEM0004458,ORD002608,PROD00283,1,805.81,45.19,553.15
ITEM0004459,ORD002608,PROD00455,2,34961.36,3608.64,28927.5
ITEM0004460,ORD002608,PROD00383,1,20215.88,610.12,15619.5
ITEM0004461,ORD002609,PROD00101,1,66273.75,9563.25,66736.56
ITEM0004462,ORD002610,PROD00247,2,3134.57,59.43,2076.1
ITEM0004463,ORD002611,PROD00398,1,11610.79,814.21,9318.75
ITEM0004464,ORD002611,PROD00152,1,52252.67,8185.33,53185.44
ITEM0004465,ORD002612,PROD00483,3,58581.89,5549.11,48098.25
ITEM0004466,ORD002613,PROD00215,1,3644.6,139.4,2459.6
ITEM0004467,ORD002614,PROD00290,2,3068.61,147.39,2090.4
ITEM0004468,ORD002615,PROD00475,1,20287.7,1869.3,16617.75
ITEM0004469,ORD002615,PROD00325,1,4371.62,298.38,3035.5
ITEM0004470,ORD002616,PROD00239,1,3186.56,153.44,2171.0
ITEM0004471,ORD002617,PROD00207,3,10539.42,275.58,7029.75
ITEM0004472,ORD002617,PROD00374,1,10166.96,137.04,7728.0
ITEM0004473,ORD002618,PROD00073,1,64210.4,8238.6,63755.12
ITEM0004474,ORD002618,PROD00270,2,1958.51,165.49,1380.6
ITEM0004475,ORD002618,PROD00014,1,34556.77,121.23,30516.64
ITEM0004476,ORD002619,PROD00177,2,5664.94,371.06,3923.4
ITEM0004477,ORD002619,PROD00219,1,2473.81,8.19,1613.3
ITEM0004478,ORD002619,PROD00436,2,35328.01,2769.99,28573.5
ITEM0004479,ORD002620,PROD00012,1,30654.73,2224.27,28933.52
ITEM0004480,ORD002621,PROD00289,1,496.93,13.07,331.5
ITEM0004481,ORD002622,PROD00363,1,17563.5,1405.5,14226.75
ITEM0004482,ORD002623,PROD00427,1,22311.26,1761.74,18054.75
ITEM0004483,ORD002623,PROD00111,1,43702.63,4384.37,42316.56
ITEM0004484,ORD002624,PROD00470,1,6731.04,347.96,5309.25
ITEM0004485,ORD002625,PROD00167,1,653.12,9.88,430.95
ITEM0004486,ORD002626,PROD00215,3,10803.18,548.82,7378.8
ITEM0004487,ORD002626,PROD00333,3,32736.08,2570.92,26480.25
ITEM0004488,ORD002627,PROD00479,1,13567.18,1168.82,11052.0
ITEM0004489,ORD002628,PROD00202,1,1062.49,7.51,695.5
ITEM0004490,ORD002628,PROD00421,1,2802.77,51.23,2140.5
ITEM0004491,ORD002629,PROD00349,2,25473.18,1674.82,20361.0
ITEM0004492,ORD002629,PROD00066,1,69427.56,4000.44,64616.64
ITEM0004493,ORD002630,PROD00454,1,24657.13,268.87,18694.5
ITEM0004494,ORD002631,PROD00322,1,4536.29,105.71,3017.3
ITEM0004495,ORD002632,PROD00482,1,17404.18,1079.82,13863.0
ITEM0004496,ORD002632,PROD00209,1,1634.82,10.18,1069.25
ITEM0004497,ORD002633,PROD00225,2,7405.52,642.48,5231.2
ITEM0004498,ORD002634,PROD00486,1,7264.99,40.01,5478.75
ITEM0004499,ORD002635,PROD00196,1,1510.12,100.88,1047.15
ITEM0004500,ORD002635,PROD00225,1,3967.76,56.24,2615.6
ITEM0004501,ORD002636,PROD00241,3,3858.32,128.68,2591.55
ITEM0004502,ORD002636,PROD00274,1,1350.43,7.57,882.7
ITEM0004503,ORD002637,PROD00370,1,24711.84,283.16,18746.25
ITEM0004504,ORD002637,PROD00208,1,3752.75,40.25,2465.45
ITEM0004505,ORD002637,PROD00440,1,21207.74,153.26,16020.75
ITEM0004506,ORD002638,PROD00257,2,7515.43,394.57,5141.5
ITEM0004507,ORD002638,PROD00329,1,3147.87,224.13,2191.8
ITEM0004508,ORD002639,PROD00472,1,1394.33,63.67,1093.5
ITEM0004509,ORD002640,PROD00008,1,56336.59,7012.41,55747.12
ITEM0004510,ORD002641,PROD00460,1,19086.51,732.49,14864.25
ITEM0004511,ORD002641,PROD00418,2,19942.23,373.77,15237.0
ITEM0004512,ORD002642,PROD00490,1,14100.74,1042.26,11357.25
ITEM0004513,ORD002642,PROD00462,2,14487.47,926.53,11560.5
ITEM0004514,ORD002642,PROD00192,1,810.88,38.12,551.85
ITEM0004515,ORD002643,PROD00059,1,30631.7,5032.3,31384.32
ITEM0004516,ORD002643,PROD00195,1,935.21,63.79,649.35
ITEM0004517,ORD002643,PROD00279,1,4837.4,48.6,3175.9
ITEM0004518,ORD002643,PROD00123,1,28534.24,349.76,25417.92
ITEM0004519,ORD002644,PROD00266,1,1105.45,67.55,762.45
ITEM0004520,ORD002645,PROD00418,2,19584.81,731.19,15237.0
ITEM0004521,ORD002646,PROD00077,1,51749.11,1839.89,47158.32
ITEM0004522,ORD002647,PROD00034,1,23060.81,3249.19,23152.8
ITEM0004523,ORD002648,PROD00320,1,1831.65,90.35,1249.3
ITEM0004524,ORD002648,PROD00265,1,4568.94,200.06,3099.85
ITEM0004525,ORD002649,PROD00071,3,156860.09,11439.91,148104.0
ITEM0004526,ORD002649,PROD00296,1,4388.07,97.93,2915.9
ITEM0004527,ORD002650,PROD00098,1,20882.27,2160.73,20277.84
ITEM0004528,ORD002651,PROD00142,1,24694.51,2184.49,23653.52
ITEM0004529,ORD002652,PROD00477,2,15102.87,919.13,12016.5
ITEM0004530,ORD002653,PROD00076,2,121712.18,8301.82,114412.32
ITEM0004531,ORD002654,PROD00473,1,9512.16,171.84,7263.0
ITEM0004532,ORD002654,PROD00290,1,1510.34,97.66,1045.2
ITEM0004533,ORD002654,PROD00303,1,2452.26,203.74,1726.4
ITEM0004534,ORD002655,PROD00408,1,19074.75,1953.25,15771.0
ITEM0004535,ORD002656,PROD00351,1,24510.97,109.03,18465.0
ITEM0004536,ORD002657,PROD00094,1,59600.75,3215.25,55278.08
ITEM0004537,ORD002657,PROD00491,1,4192.13,58.87,3188.25
ITEM0004538,ORD002658,PROD00143,1,16439.33,2370.67,16552.8
ITEM0004539,ORD002658,PROD00017,1,10393.28,1159.72,10166.64
ITEM0004540,ORD002659,PROD00441,2,31958.49,1675.51,25225.5
ITEM0004541,ORD002660,PROD00091,3,79920.24,5522.76,75189.84
ITEM0004542,ORD002660,PROD00082,1,66279.95,2981.05,60949.68
ITEM0004543,ORD002661,PROD00219,1,2431.05,50.95,1613.3
ITEM0004544,ORD002662,PROD00040,1,49936.21,6974.79,50081.68
ITEM0004545,ORD002663,PROD00478,1,6412.67,235.33,4986.0
ITEM0004546,ORD002664,PROD00121,1,17196.87,1540.13,16488.56
ITEM0004547,ORD002664,PROD00029,1,69273.86,811.14,61674.8
ITEM0004548,ORD002665,PROD00492,1,23202.9,326.1,17646.75
ITEM0004549,ORD002665,PROD00314,1,803.78,63.22,563.55
ITEM0004550,ORD002665,PROD00215,1,3517.83,266.17,2459.6
ITEM0004551,ORD002666,PROD00257,1,3901.72,53.28,2570.75
ITEM0004552,ORD002666,PROD00315,1,3777.09,149.91,2552.55
ITEM0004553,ORD002666,PROD00267,1,3562.07,31.93,2336.1
ITEM0004554,ORD002666,PROD00101,2,134192.95,17481.05,133473.12
ITEM0004555,ORD002667,PROD00235,2,4645.0,277.0,3199.3
ITEM0004556,ORD002667,PROD00256,1,4676.33,285.67,3225.3
ITEM0004557,ORD002668,PROD00460,1,19138.13,680.87,14864.25
ITEM0004558,ORD002669,PROD00494,1,7372.25,675.75,6036.0
ITEM0004559,ORD002669,PROD00225,1,3781.04,242.96,2615.6
ITEM0004560,ORD002669,PROD00036,3,35793.23,4883.77,35795.76
ITEM0004561,ORD002670,PROD00153,1,28338.84,3888.16,28359.76
ITEM0004562,ORD002671,PROD00293,3,1629.11,71.89,1105.65
ITEM0004563,ORD002671,PROD00485,1,2114.81,46.19,1620.75
ITEM0004564,ORD002671,PROD00144,1,63245.61,119.39,55761.2
ITEM0004565,ORD002672,PROD00177,1,2903.02,114.98,1961.7
ITEM0004566,ORD002673,PROD00180,2,6461.87,264.13,4371.9
ITEM0004567,ORD002673,PROD00018,1,17882.42,424.58,16110.16
ITEM0004568,ORD002674,PROD00282,1,2500.78,174.22,1738.75
ITEM0004569,ORD002675,PROD00251,1,4132.1,349.9,2913.3
ITEM0004570,ORD002676,PROD00292,1,2184.73,68.27,1464.45
ITEM0004571,ORD002676,PROD00494,1,7796.18,251.82,6036.0
ITEM0004572,ORD002677,PROD00060,1,46602.24,3011.76,43660.32
ITEM0004573,ORD002678,PROD00123,1,28262.07,621.93,25417.92
ITEM0004574,ORD002679,PROD00442,2,44006.44,4823.56,36622.5
ITEM0004575,ORD002679,PROD00062,1,15678.28,1799.72,15380.64
ITEM0004576,ORD002680,PROD00066,3,208423.55,11860.45,193849.92
ITEM0004577,ORD002681,PROD00295,1,1617.8,51.2,1084.85
ITEM0004578,ORD002682,PROD00218,1,3162.47,230.53,2205.45
ITEM0004579,ORD002683,PROD00241,1,1243.0,86.0,863.85
ITEM0004580,ORD002683,PROD00443,2,38577.0,3801.0,31783.5
ITEM0004581,ORD002683,PROD00275,1,4248.87,34.13,2783.95
ITEM0004582,ORD002684,PROD00215,1,3561.13,222.87,2459.6
ITEM0004583,ORD002685,PROD00368,1,17451.04,324.96,13332.0
ITEM0004584,ORD002685,PROD00220,2,1956.69,31.31,1292.2
ITEM0004585,ORD002686,PROD00079,1,23678.84,3694.16,24088.24
ITEM0004586,ORD002687,PROD00065,1,51779.29,6906.71,51643.68
ITEM0004587,ORD002688,PROD00080,1,77499.14,1036.86,69111.68
ITEM0004588,ORD002688,PROD00433,3,28347.15,1265.85,22209.75
ITEM0004589,ORD002688,PROD00465,2,24397.92,2058.08,19842.0
ITEM0004590,ORD002689,PROD00275,1,4147.13,135.87,2783.95
ITEM0004591,ORD002689,PROD00213,1,3178.77,177.23,2181.4
ITEM0004592,ORD002690,PROD00143,1,17385.07,1424.93,16552.8
ITEM0004593,ORD002691,PROD00429,1,4176.66,90.34,3200.25
ITEM0004594,ORD002692,PROD00139,1,48393.83,719.17,43219.44
ITEM0004595,ORD002693,PROD00491,1,4112.79,138.21,3188.25
ITEM0004596,ORD002694,PROD00115,1,53741.12,7023.88,53473.2
ITEM0004597,ORD002694,PROD00247,1,1503.69,93.31,1038.05
ITEM0004598,ORD002695,PROD00023,1,58174.12,2511.88,53403.68
ITEM0004599,ORD002696,PROD00418,1,9448.65,709.35,7618.5
ITEM0004600,ORD002696,PROD00224,1,3130.24,4.76,2037.75
ITEM0004601,ORD002697,PROD00460,1,18542.42,1276.58,14864.25
ITEM0004602,ORD002698,PROD00321,1,1871.76,46.24,1246.7
ITEM0004603,ORD002698,PROD00489,1,18074.6,155.4,13672.5
ITEM0004604,ORD002699,PROD00200,2,4304.99,79.01,2849.6
ITEM0004605,ORD002699,PROD00494,3,21801.69,2342.31,18108.0
ITEM0004606,ORD002700,PROD00010,1,54178.52,4376.48,51528.4
ITEM0004607,ORD002700,PROD00258,1,3503.45,94.55,2338.7
ITEM0004608,ORD002701,PROD00377,1,1436.23,19.77,1092.0
ITEM0004609,ORD002702,PROD00141,1,7329.22,640.78,7013.6
ITEM0004610,ORD002703,PROD00278,1,3110.62,131.38,2107.3
ITEM0004611,ORD002704,PROD00282,1,2626.69,48.31,1738.75
ITEM0004612,ORD002704,PROD00482,3,51349.36,4102.64,41589.0
ITEM0004613,ORD002704,PROD00159,3,211305.23,15425.77,199523.28
ITEM0004614,ORD002705,PROD00128,2,131438.23,10361.77,124784.0
ITEM0004615,ORD002705,PROD00118,1,73038.94,521.06,64732.8
ITEM0004616,ORD002706,PROD00424,1,16894.59,316.41,12908.25
ITEM0004617,ORD002706,PROD00290,1,1597.84,10.16,1045.2
ITEM0004618,ORD002707,PROD00332,1,8495.02,274.98,6577.5
ITEM0004619,ORD002708,PROD00315,1,3920.08,6.92,2552.55
ITEM0004620,ORD002708,PROD00384,1,1346.94,61.06,1056.0
ITEM0004621,ORD002708,PROD00001,2,123779.29,198.71,109100.64
ITEM0004622,ORD002709,PROD00044,2,106897.19,15826.81,107997.12
ITEM0004623,ORD002710,PROD00009,3,128863.3,6352.7,118990.08
ITEM0004624,ORD002711,PROD00012,1,31292.05,1586.95,28933.52
ITEM0004625,ORD002712,PROD00297,3,11686.75,127.25,7679.1
ITEM0004626,ORD002712,PROD00443,1,20324.36,864.64,15891.75
ITEM0004627,ORD002713,PROD00244,1,2406.21,109.79,1635.4
ITEM0004628,ORD002713,PROD00164,1,26444.52,4134.48,26909.52
ITEM0004629,ORD002714,PROD00342,1,1692.14,4.86,1272.75
ITEM0004630,ORD002714,PROD00351,2,45459.27,3780.73,36930.0
ITEM0004631,ORD002715,PROD00271,1,3859.11,16.89,2519.4
ITEM0004632,ORD002716,PROD00360,1,16972.13,648.87,13215.75
ITEM0004633,ORD002716,PROD00363,1,17159.4,1809.6,14226.75
ITEM0004634,ORD002716,PROD00283,1,831.27,19.73,553.15
ITEM0004635,ORD002717,PROD00179,1,2943.58,137.42,2002.65
ITEM0004636,ORD002717,PROD00432,1,5654.21,573.79,4671.0
ITEM0004637,ORD002717,PROD00120,2,128788.14,18409.86,129534.24
ITEM0004638,ORD002718,PROD00433,2,17949.27,1792.73,14806.5
ITEM0004639,ORD002719,PROD00428,1,9112.81,803.19,7437.0
ITEM0004640,ORD002720,PROD00046,1,43048.5,6706.5,43784.4
ITEM0004641,ORD002720,PROD00198,1,2118.85,119.15,1454.7
ITEM0004642,ORD002720,PROD00340,1,9492.6,219.4,7284.0
ITEM0004643,ORD002721,PROD00224,1,3057.03,77.97,2037.75
ITEM0004644,ORD002722,PROD00315,1,3925.19,1.81,2552.55
ITEM0004645,ORD002722,PROD00034,1,26198.43,111.57,23152.8
ITEM0004646,ORD002722,PROD00258,1,3360.2,237.8,2338.7
ITEM0004647,ORD002722,PROD00140,1,6430.6,57.4,5709.44
ITEM0004648,ORD002723,PROD00423,1,23011.22,602.78,17710.5
ITEM0004649,ORD002723,PROD00281,1,3826.12,28.88,2505.75
ITEM0004650,ORD002724,PROD00293,1,550.89,16.11,368.55
ITEM0004651,ORD002725,PROD00077,1,46040.68,7548.32,47158.32
ITEM0004652,ORD002725,PROD00239,1,3273.25,66.75,2171.0
ITEM0004653,ORD002726,PROD00039,1,28026.74,4485.26,28610.56
ITEM0004654,ORD002727,PROD00192,1,811.96,37.04,551.85
ITEM0004655,ORD002727,PROD00463,2,13724.81,289.19,10510.5
ITEM0004656,ORD002728,PROD00250,1,4013.82,348.18,2835.3
ITEM0004657,ORD002728,PROD00453,3,60107.67,633.33,45555.75
ITEM0004658,ORD002729,PROD00095,1,65506.92,147.08,57775.52
ITEM0004659,ORD002729,PROD00358,1,17721.52,406.48,13596.0
ITEM0004660,ORD002729,PROD00345,2,34833.34,3394.66,28671.0
ITEM0004661,ORD002730,PROD00241,1,1246.2,82.8,863.85
ITEM0004662,ORD002730,PROD00274,1,1261.65,96.35,882.7
ITEM0004663,ORD002731,PROD00061,1,23102.08,3356.92,23283.92
ITEM0004664,ORD002732,PROD00446,1,20313.42,1470.58,16338.0
ITEM0004665,ORD002732,PROD00232,1,3073.75,164.25,2104.7
ITEM0004666,ORD002733,PROD00475,1,21217.06,939.94,16617.75
ITEM0004667,ORD002734,PROD00308,2,9305.29,358.71,6281.6
ITEM0004668,ORD002735,PROD00260,1,499.16,38.84,349.7
ITEM0004669,ORD002736,PROD00099,1,41070.52,3150.48,38914.48
ITEM0004670,ORD002736,PROD00336,2,10653.91,244.09,8173.5
ITEM0004671,ORD002736,PROD00375,1,15786.56,774.44,12420.75
ITEM0004672,ORD002737,PROD00223,1,4761.56,198.44,3224.0
ITEM0004673,ORD002738,PROD00420,1,1489.55,154.45,1233.0
ITEM0004674,ORD002739,PROD00080,3,200443.82,35164.18,207335.04
ITEM0004675,ORD002739,PROD00042,2,75788.04,1569.96,68075.04
ITEM0004676,ORD002740,PROD00349,1,13346.7,227.3,10180.5
ITEM0004677,ORD002741,PROD00366,1,20253.63,2107.37,16770.75
ITEM0004678,ORD002742,PROD00204,1,4650.36,198.64,3151.85
ITEM0004679,ORD002742,PROD00317,1,3642.8,151.2,2466.1
ITEM0004680,ORD002742,PROD00388,1,7002.74,321.26,5493.0
ITEM0004681,ORD002743,PROD00308,1,4670.64,161.36,3140.8
ITEM0004682,ORD002743,PROD00402,1,8949.31,634.69,7188.0
ITEM0004683,ORD002744,PROD00151,1,56252.17,4482.83,53446.8
ITEM0004684,ORD002744,PROD00320,2,3704.35,139.65,2498.6
ITEM0004685,ORD002744,PROD00041,1,19560.93,3337.07,20150.24
ITEM0004686,ORD002745,PROD00361,1,16664.73,503.27,12876.0
ITEM0004687,ORD002745,PROD00226,1,1208.63,31.37,806.0
ITEM0004688,ORD002745,PROD00387,1,12140.95,298.05,9329.25
ITEM0004689,ORD002746,PROD00440,1,20043.05,1317.95,16020.75
ITEM0004690,ORD002747,PROD00396,1,13600.35,371.65,10479.0
ITEM0004691,ORD002747,PROD00201,1,3665.26,114.74,2457.0
ITEM0004692,ORD002747,PROD00494,1,7651.65,396.35,6036.0
ITEM0004693,ORD002748,PROD00191,1,1452.89,54.11,979.55
ITEM0004694,ORD002748,PROD00448,1,5229.34,495.66,4293.75
ITEM0004695,ORD002748,PROD00437,1,21050.22,1026.78,16557.75
ITEM0004696,ORD002749,PROD00313,1,3687.54,185.46,2517.45
ITEM0004697,ORD002750,PROD00444,1,10102.54,1040.46,8357.25
ITEM0004698,ORD002751,PROD00285,1,1470.68,48.32,987.35
ITEM0004699,ORD002752,PROD00445,2,8397.83,76.17,6355.5
ITEM0004700,ORD002753,PROD00132,2,38235.06,1668.94,35115.52
ITEM0004701,ORD002754,PROD00413,3,43194.92,4061.08,35442.0
ITEM0004702,ORD002754,PROD00094,2,119219.77,6412.23,110556.16
ITEM0004703,ORD002755,PROD00382,1,1231.48,44.52,957.0
ITEM0004704,ORD002756,PROD00103,1,60255.23,3969.77,56518.0
ITEM0004705,ORD002757,PROD00480,1,4176.93,89.07,3199.5
ITEM0004706,ORD002758,PROD00033,1,52768.9,1894.1,48103.44
ITEM0004707,ORD002758,PROD00291,1,4509.89,7.11,2936.05
ITEM0004708,ORD002758,PROD00045,1,36771.18,2567.82,34618.32
ITEM0004709,ORD002759,PROD00249,1,2302.85,162.15,1602.25
ITEM0004710,ORD002759,PROD00260,1,535.22,2.78,349.7
ITEM0004711,ORD002760,PROD00281,2,7540.56,169.44,5011.5
ITEM0004712,ORD002761,PROD00470,1,6605.66,473.34,5309.25
ITEM0004713,ORD002761,PROD00013,1,45393.01,2523.99,42166.96
ITEM0004714,ORD002762,PROD00481,1,4212.51,322.49,3401.25
ITEM0004715,ORD002762,PROD00107,1,45103.21,2909.79,42251.44
ITEM0004716,ORD002762,PROD00307,1,1345.11,104.89,942.5
ITEM0004717,ORD002763,PROD00317,1,3762.52,31.48,2466.1
ITEM0004718,ORD002764,PROD00386,3,13705.51,373.49,10559.25
ITEM0004719,ORD002764,PROD00121,1,18664.28,72.72,16488.56
ITEM0004720,ORD002765,PROD00009,1,38785.68,6286.32,39663.36
ITEM0004721,ORD002766,PROD00347,2,9202.94,649.06,7389.0
ITEM0004722,ORD002766,PROD00377,2,2678.83,233.17,2184.0
ITEM0004723,ORD002767,PROD00220,1,934.62,59.38,646.1
ITEM0004724,ORD002768,PROD00087,1,21116.06,452.94,18980.72
ITEM0004725,ORD002768,PROD00363,1,17242.61,1726.39,14226.75
ITEM0004726,ORD002768,PROD00151,1,52683.35,8051.65,53446.8
ITEM0004727,ORD002768,PROD00294,1,2477.45,185.55,1730.95
ITEM0004728,ORD002769,PROD00319,1,513.59,15.41,343.85
ITEM0004729,ORD002770,PROD00063,1,14751.64,1387.36,14202.32
ITEM0004730,ORD002771,PROD00073,2,126050.93,18847.07,127510.24
ITEM0004731,ORD002771,PROD00314,1,801.39,65.61,563.55
ITEM0004732,ORD002772,PROD00186,1,4498.57,351.43,3152.5
ITEM0004733,ORD002773,PROD00440,1,21067.74,293.26,16020.75
ITEM0004734,ORD002774,PROD00395,1,4667.89,517.11,3888.75
ITEM0004735,ORD002774,PROD00140,1,5928.89,559.11,5709.44
ITEM0004736,ORD002775,PROD00388,1,6934.47,389.53,5493.0
ITEM0004737,ORD002775,PROD00427,1,23656.07,416.93,18054.75
ITEM0004738,ORD002775,PROD00220,1,983.77,10.23,646.1
ITEM0004739,ORD002776,PROD00205,1,4516.47,47.53,2966.6
ITEM0004740,ORD002777,PROD00146,1,9993.3,1165.7,9819.92
ITEM0004741,ORD002778,PROD00073,1,62600.85,9848.15,63755.12
ITEM0004742,ORD002778,PROD00367,3,37337.97,966.03,28728.0
ITEM0004743,ORD002779,PROD00372,1,7615.66,411.34,6020.25
ITEM0004744,ORD002780,PROD00070,2,77098.09,10183.91,76808.16
ITEM0004745,ORD002781,PROD00004,1,12643.42,560.58,11619.52
ITEM0004746,ORD002781,PROD00143,1,17612.95,1197.05,16552.8
ITEM0004747,ORD002782,PROD00301,1,4396.48,273.52,3035.5
ITEM0004748,ORD002783,PROD00091,1,25780.75,2700.25,25063.28
ITEM0004749,ORD002784,PROD00143,1,17182.68,1627.32,16552.8
ITEM0004750,ORD002784,PROD00373,1,13805.71,455.29,10695.75
ITEM0004751,ORD002785,PROD00248,1,4360.24,301.76,3030.3
ITEM0004752,ORD002786,PROD00165,1,18633.42,2951.58,18994.8
ITEM0004753,ORD002786,PROD00343,1,21267.15,762.85,16522.5
ITEM0004754,ORD002787,PROD00096,1,73408.88,2214.12,66548.24
ITEM0004755,ORD002788,PROD00444,1,10111.13,1031.87,8357.25
ITEM0004756,ORD002789,PROD00220,1,980.33,13.67,646.1
ITEM0004757,ORD002790,PROD00003,1,42588.01,3825.99,40844.32
ITEM0004758,ORD002790,PROD00166,1,3475.22,256.78,2425.8
ITEM0004759,ORD002791,PROD00243,1,2680.51,196.49,1870.05
ITEM0004760,ORD002792,PROD00298,2,4290.08,125.92,2870.4
ITEM0004761,ORD002793,PROD00141,1,7736.24,233.76,7013.6
ITEM0004762,ORD002794,PROD00026,1,40157.96,3185.04,38141.84
ITEM0004763,ORD002795,PROD00006,1,28418.61,375.39,25338.72
ITEM0004764,ORD002796,PROD00307,2,2868.4,31.6,1885.0
ITEM0004765,ORD002796,PROD00288,1,4794.33,184.67,3236.35
ITEM0004766,ORD002797,PROD00127,1,67408.98,6818.02,65319.76
ITEM0004767,ORD002798,PROD00221,1,550.04,7.96,362.7
ITEM0004768,ORD002798,PROD00405,1,6550.63,32.37,4937.25
ITEM0004769,ORD002799,PROD00007,1,19335.81,1684.19,18497.6
ITEM0004770,ORD002799,PROD00120,1,64910.96,8688.04,64767.12
ITEM0004771,ORD002800,PROD00196,1,1545.26,65.74,1047.15
ITEM0004772,ORD002801,PROD00083,1,44165.64,3903.36,42300.72
ITEM0004773,ORD002801,PROD00490,1,14600.66,542.34,11357.25
ITEM0004774,ORD002802,PROD00470,1,7046.84,32.16,5309.25
ITEM0004775,ORD002803,PROD00149,1,21015.64,3357.36,21448.24
ITEM0004776,ORD002804,PROD00460,1,19014.83,804.17,14864.25
ITEM0004777,ORD002805,PROD00065,1,53283.94,5402.06,51643.68
ITEM0004778,ORD002806,PROD00162,1,6283.27,274.73,5771.04
ITEM0004779,ORD002806,PROD00309,1,2331.7,51.3,1548.95
ITEM0004780,ORD002806,PROD00295,1,1650.93,18.07,1084.85
ITEM0004781,ORD002807,PROD00219,1,2415.44,66.56,1613.3
ITEM0004782,ORD002807,PROD00322,3,12817.75,1108.25,9051.9
ITEM0004783,ORD002808,PROD00354,2,20511.59,1480.41,16494.0
ITEM0004784,ORD002808,PROD00391,2,27714.89,1753.11,22101.0
ITEM0004785,ORD002809,PROD00155,2,99911.17,8042.83,94999.52
ITEM0004786,ORD002809,PROD00225,1,3706.95,317.05,2615.6
ITEM0004787,ORD002809,PROD00344,1,14795.48,124.52,11190.0
ITEM0004788,ORD002810,PROD00097,1,14204.92,491.08,12932.48
ITEM0004789,ORD002810,PROD00113,1,38960.11,887.89,35066.24
ITEM0004790,ORD002811,PROD00491,1,4214.16,36.84,3188.25
ITEM0004791,ORD002811,PROD00174,1,4488.63,374.37,3160.95
ITEM0004792,ORD002812,PROD00419,1,2963.1,208.9,2379.0
ITEM0004793,ORD002812,PROD00476,1,22556.65,510.35,17300.25
ITEM0004794,ORD002813,PROD00075,2,86468.33,1529.67,77438.24
ITEM0004795,ORD002813,PROD00440,2,39744.99,2977.01,32041.5
ITEM0004796,ORD002814,PROD00306,2,8005.4,420.6,5476.9
ITEM0004797,ORD002814,PROD00364,1,15763.4,633.6,12297.75
ITEM0004798,ORD002815,PROD00202,1,1043.85,26.15,695.5
ITEM0004799,ORD002815,PROD00335,1,15512.14,353.86,11899.5
ITEM0004800,ORD002816,PROD00001,1,56904.5,5084.5,54550.32
ITEM0004801,ORD002816,PROD00359,2,5743.06,516.94,4695.0
ITEM0004802,ORD002817,PROD00141,2,15377.63,562.37,14027.2
ITEM0004803,ORD002818,PROD00422,1,22565.81,1610.19,18132.0
ITEM0004804,ORD002818,PROD00376,1,14696.65,1032.35,11796.75
ITEM0004805,ORD002819,PROD00170,2,4924.24,25.76,3217.5
ITEM0004806,ORD002820,PROD00206,1,2026.23,157.77,1419.6
ITEM0004807,ORD002821,PROD00309,1,2200.86,182.14,1548.95
ITEM0004808,ORD002821,PROD00366,1,20181.54,2179.46,16770.75
ITEM0004809,ORD002822,PROD00450,1,17025.42,1799.58,14118.75
ITEM0004810,ORD002823,PROD00309,1,2341.83,41.17,1548.95
ITEM0004811,ORD002824,PROD00241,1,1287.6,41.4,863.85
ITEM0004812,ORD002824,PROD00302,1,1337.16,1.84,870.35
ITEM0004813,ORD002824,PROD00492,2,43764.02,3293.98,35293.5
ITEM0004814,ORD002825,PROD00420,1,1639.55,4.45,1233.0
ITEM0004815,ORD002826,PROD00193,1,2808.05,12.95,1833.65
ITEM0004816,ORD002827,PROD00412,1,11617.0,1051.0,9501.0
ITEM0004817,ORD002827,PROD00167,1,642.71,20.29,430.95
ITEM0004818,ORD002828,PROD00354,1,10780.81,215.19,8247.0
ITEM0004819,ORD002828,PROD00183,1,3826.18,167.82,2596.1
ITEM0004820,ORD002829,PROD00171,2,2128.06,177.94,1498.9
ITEM0004821,ORD002829,PROD00132,1,18568.66,1383.34,17557.76
ITEM0004822,ORD002830,PROD00265,1,4766.24,2.76,3099.85
ITEM0004823,ORD002830,PROD00281,1,3609.1,245.9,2505.75
ITEM0004824,ORD002830,PROD00264,1,1813.78,136.22,1267.5
ITEM0004825,ORD002831,PROD00031,1,67403.02,404.98,59671.04
ITEM0004826,ORD002831,PROD00042,2,77092.53,265.47,68075.04
ITEM0004827,ORD002832,PROD00066,1,65515.86,7912.14,64616.64
ITEM0004828,ORD002833,PROD00332,2,16399.41,1140.59,13155.0
ITEM0004829,ORD002833,PROD00380,1,8240.83,379.17,6465.0
ITEM0004830,ORD002833,PROD00367,1,11640.97,1127.03,9576.0
ITEM0004831,ORD002834,PROD00441,1,16603.74,213.26,12612.75
ITEM0004832,ORD002835,PROD00032,1,56799.25,6224.75,55461.12
ITEM0004833,ORD002836,PROD00162,1,6305.56,252.44,5771.04
ITEM0004834,ORD002836,PROD00255,2,3437.28,156.72,2336.1
ITEM0004835,ORD002836,PROD00048,1,8218.62,581.38,7744.0
ITEM0004836,ORD002837,PROD00033,1,47267.27,7395.73,48103.44
ITEM0004837,ORD002837,PROD00131,1,65757.68,9545.32,66266.64
ITEM0004838,ORD002838,PROD00450,3,54584.62,1890.38,42356.25
ITEM0004839,ORD002838,PROD00301,2,9115.32,224.68,6071.0
ITEM0004840,ORD002839,PROD00075,2,82440.88,5557.12,77438.24
ITEM0004841,ORD002840,PROD00112,3,47464.82,6415.18,47414.4
ITEM0004842,ORD002840,PROD00407,1,3611.84,173.16,2838.75
ITEM0004843,ORD002840,PROD00299,1,3722.73,235.27,2572.7
ITEM0004844,ORD002841,PROD00153,1,28150.91,4076.09,28359.76
ITEM0004845,ORD002841,PROD00094,1,53611.41,9204.59,55278.08
ITEM0004846,ORD002842,PROD00472,2,2687.5,228.5,2187.0
ITEM0004847,ORD002843,PROD00408,1,20112.1,915.9,15771.0
ITEM0004848,ORD002843,PROD00243,1,2721.5,155.5,1870.05
ITEM0004849,ORD002843,PROD00225,1,3787.41,236.59,2615.6
ITEM0004850,ORD002844,PROD00236,1,4212.98,279.02,2919.8
ITEM0004851,ORD002845,PROD00118,1,63589.0,9971.0,64732.8
ITEM0004852,ORD002846,PROD00089,1,18584.35,985.65,17221.6
ITEM0004853,ORD002846,PROD00440,1,19444.21,1916.79,16020.75
ITEM0004854,ORD002847,PROD00336,2,9998.83,899.17,8173.5
ITEM0004855,ORD002847,PROD00407,2,6902.16,667.84,5677.5
ITEM0004856,ORD002847,PROD00134,1,31701.13,5510.87,32746.56
ITEM0004857,ORD002848,PROD00397,1,5029.15,336.85,4024.5
ITEM0004858,ORD002848,PROD00435,1,8722.69,147.31,6652.5
ITEM0004859,ORD002849,PROD00205,1,4557.77,6.23,2966.6
ITEM0004860,ORD002849,PROD00242,1,3453.69,157.31,2347.15
ITEM0004861,ORD002850,PROD00058,1,71334.11,3302.89,65680.56
ITEM0004862,ORD002850,PROD00390,1,21161.97,708.03,16402.5
ITEM0004863,ORD002850,PROD00040,1,48793.3,8117.7,50081.68
ITEM0004864,ORD002851,PROD00352,1,2040.55,109.45,1612.5
ITEM0004865,ORD002852,PROD00148,1,40662.17,5706.83,40804.72
ITEM0004866,ORD002852,PROD00289,2,972.11,47.89,663.0
ITEM0004867,ORD002852,PROD00078,1,53508.4,8905.6,54924.32
ITEM0004868,ORD002852,PROD00057,1,7154.6,68.4,6356.24
ITEM0004869,ORD002853,PROD00107,1,44887.04,3125.96,42251.44
ITEM0004870,ORD002853,PROD00068,3,114350.42,13692.58,112677.84
ITEM0004871,ORD002854,PROD00446,3,59915.9,5436.1,49014.0
ITEM0004872,ORD002855,PROD00135,2,137066.74,1825.26,122224.96
ITEM0004873,ORD002855,PROD00416,1,1139.24,99.76,929.25
ITEM0004874,ORD002856,PROD00493,2,26473.42,526.58,20250.0
ITEM0004875,ORD002857,PROD00038,2,66097.47,2748.53,60584.48
ITEM0004876,ORD002857,PROD00304,1,2551.26,71.74,1704.95
ITEM0004877,ORD002858,PROD00476,1,21426.14,1640.86,17300.25
ITEM0004878,ORD002859,PROD00053,1,68896.31,8730.69,68311.76
ITEM0004879,ORD002860,PROD00355,1,7329.48,494.52,5868.0
ITEM0004880,ORD002861,PROD00370,2,48949.26,1040.74,37492.5
ITEM0004881,ORD002862,PROD00067,1,40476.75,2600.25,37907.76
ITEM0004882,ORD002862,PROD00119,1,54352.4,1924.6,49523.76
ITEM0004883,ORD002862,PROD00492,1,21810.92,1718.08,17646.75
ITEM0004884,ORD002863,PROD00416,1,1183.04,55.96,929.25
ITEM0004885,ORD002863,PROD00307,1,1343.53,106.47,942.5
ITEM0004886,ORD002864,PROD00083,1,41979.1,6089.9,42300.72
ITEM0004887,ORD002865,PROD00109,1,41097.59,3125.41,38916.24
ITEM0004888,ORD002865,PROD00372,1,7926.11,100.89,6020.25
ITEM0004889,ORD002865,PROD00029,1,62578.64,7506.36,61674.8
ITEM0004890,ORD002866,PROD00442,1,24317.04,97.96,18311.25
ITEM0004891,ORD002866,PROD00126,2,64726.76,301.24,57224.64
ITEM0004892,ORD002866,PROD00039,1,31232.28,1279.72,28610.56
ITEM0004893,ORD002867,PROD00160,2,13338.35,2077.65,13566.08
ITEM0004894,ORD002867,PROD00300,1,1548.74,51.26,1040.0
ITEM0004895,ORD002867,PROD00175,1,1526.45,2.55,993.85
ITEM0004896,ORD002868,PROD00325,1,4498.38,171.62,3035.5
ITEM0004897,ORD002869,PROD00378,1,9073.35,153.65,6920.25
ITEM0004898,ORD002870,PROD00279,2,9754.63,17.37,6351.8
ITEM0004899,ORD002871,PROD00224,1,2935.78,199.22,2037.75
ITEM0004900,ORD002871,PROD00183,1,3925.83,68.17,2596.1
ITEM0004901,ORD002872,PROD00052,1,72117.95,2647.05,65793.2
ITEM0004902,ORD002873,PROD00351,1,23187.2,1432.8,18465.0
ITEM0004903,ORD002873,PROD00122,1,13803.18,2074.82,13972.64
ITEM0004904,ORD002873,PROD00133,1,15556.09,179.91,13847.68
ITEM0004905,ORD002874,PROD00279,2,9335.77,436.23,6351.8
ITEM0004906,ORD002874,PROD00349,1,13284.22,289.78,10180.5
ITEM0004907,ORD002875,PROD00143,1,16926.22,1883.78,16552.8
ITEM0004908,ORD002875,PROD00233,1,3571.06,88.94,2379.0
ITEM0004909,ORD002876,PROD00159,3,223997.44,2733.56,199523.28
ITEM0004910,ORD002876,PROD00155,1,53021.18,955.82,47499.76
ITEM0004911,ORD002877,PROD00132,1,17803.47,2148.53,17557.76
ITEM0004912,ORD002878,PROD00139,1,45171.13,3941.87,43219.44
ITEM0004913,ORD002879,PROD00483,1,19809.3,1567.7,16032.75
ITEM0004914,ORD002879,PROD00393,1,6916.5,187.5,5328.0
ITEM0004915,ORD002880,PROD00371,1,8487.71,180.29,6501.0
ITEM0004916,ORD002880,PROD00293,1,523.28,43.72,368.55
ITEM0004917,ORD002880,PROD00399,2,17798.93,1535.07,14500.5
ITEM0004918,ORD002881,PROD00493,1,13464.37,35.63,10125.0
ITEM0004919,ORD002881,PROD00347,2,9249.19,602.81,7389.0
ITEM0004920,ORD002882,PROD00366,1,20195.22,2165.78,16770.75
ITEM0004921,ORD002883,PROD00390,1,20469.08,1400.92,16402.5
ITEM0004922,ORD002884,PROD00289,2,978.38,41.62,663.0
ITEM0004923,ORD002885,PROD00227,1,3354.81,149.19,2277.6
ITEM0004924,ORD002885,PROD00121,2,35564.37,1909.63,32977.12
ITEM0004925,ORD002885,PROD00319,1,512.44,16.56,343.85
ITEM0004926,ORD002886,PROD00069,1,25250.78,2057.22,24031.04
ITEM0004927,ORD002887,PROD00241,1,1230.55,98.45,863.85
ITEM0004928,ORD002887,PROD00479,1,13445.8,1290.2,11052.0
ITEM0004929,ORD002887,PROD00481,1,4430.68,104.32,3401.25
ITEM0004930,ORD002887,PROD00362,1,7639.76,95.24,5801.25
ITEM0004931,ORD002888,PROD00043,1,47295.69,6996.31,47776.96
ITEM0004932,ORD002889,PROD00036,1,12776.12,782.88,11931.92
ITEM0004933,ORD002890,PROD00171,1,1144.77,8.23,749.45
ITEM0004934,ORD002891,PROD00410,1,22354.65,2374.35,18546.75
ITEM0004935,ORD002892,PROD00492,1,22101.64,1427.36,17646.75
ITEM0004936,ORD002893,PROD00013,1,43218.33,4698.67,42166.96
ITEM0004937,ORD002893,PROD00290,1,1516.38,91.62,1045.2
ITEM0004938,ORD002894,PROD00415,1,4967.27,421.73,4041.75
ITEM0004939,ORD002894,PROD00256,1,4636.45,325.55,3225.3
ITEM0004940,ORD002894,PROD00219,2,4694.08,269.92,3226.6
ITEM0004941,ORD002895,PROD00085,1,47574.48,3107.52,44600.16
ITEM0004942,ORD002896,PROD00307,3,4182.66,167.34,2827.5
ITEM0004943,ORD002896,PROD00484,1,2505.1,185.9,2018.25
ITEM0004944,ORD002897,PROD00425,1,23549.01,42.99,17694.0
ITEM0004945,ORD002897,PROD00307,1,1439.47,10.53,942.5
ITEM0004946,ORD002898,PROD00174,3,14085.21,503.79,9482.85
ITEM0004947,ORD002898,PROD00114,1,29952.27,2062.73,28173.2
ITEM0004948,ORD002898,PROD00130,1,61367.28,571.72,54506.32
ITEM0004949,ORD002898,PROD00351,1,23811.82,808.18,18465.0
ITEM0004950,ORD002899,PROD00138,1,39928.01,1129.99,36131.04
ITEM0004951,ORD002900,PROD00488,1,12867.62,668.38,10152.0
ITEM0004952,ORD002900,PROD00490,1,13839.22,1303.78,11357.25
ITEM0004953,ORD002901,PROD00415,1,4900.6,488.4,4041.75
ITEM0004954,ORD002901,PROD00480,1,4030.69,235.31,3199.5
ITEM0004955,ORD002901,PROD00377,1,1335.7,120.3,1092.0
ITEM0004956,ORD002902,PROD00146,1,11136.0,23.0,9819.92
ITEM0004957,ORD002903,PROD00237,1,1932.28,90.72,1314.95
ITEM0004958,ORD002903,PROD00082,1,63253.71,6007.29,60949.68
ITEM0004959,ORD002904,PROD00424,1,15985.94,1225.06,12908.25
ITEM0004960,ORD002904,PROD00273,2,1508.44,63.56,1021.8
ITEM0004961,ORD002904,PROD00325,1,4633.4,36.6,3035.5
ITEM0004962,ORD002904,PROD00287,1,1935.9,111.1,1330.55
ITEM0004963,ORD002905,PROD00177,3,8522.16,531.84,5885.1
ITEM0004964,ORD002905,PROD00146,1,10866.61,292.39,9819.92
ITEM0004965,ORD002906,PROD00445,1,3885.77,351.23,3177.75
ITEM0004966,ORD002906,PROD00485,2,4221.06,100.94,3241.5
ITEM0004967,ORD002906,PROD00392,1,1678.0,81.0,1319.25
ITEM0004968,ORD002907,PROD00024,2,118047.72,17352.28,119152.0
ITEM0004969,ORD002907,PROD00448,1,5352.97,372.03,4293.75
ITEM0004970,ORD002907,PROD00338,1,4642.7,396.3,3779.25
ITEM0004971,ORD002907,PROD00454,2,47645.81,2206.19,37389.0
ITEM0004972,ORD002908,PROD00376,1,14400.21,1328.79,11796.75
ITEM0004973,ORD002909,PROD00481,1,4264.0,271.0,3401.25
ITEM0004974,ORD002910,PROD00285,1,1442.08,76.92,987.35
ITEM0004975,ORD002910,PROD00388,1,6761.73,562.27,5493.0
ITEM0004976,ORD002910,PROD00229,1,4154.0,35.0,2722.85
ITEM0004977,ORD002911,PROD00238,1,3267.07,157.93,2226.25
ITEM0004978,ORD002912,PROD00313,2,7663.09,82.91,5034.9
ITEM0004979,ORD002912,PROD00302,1,1269.82,69.18,870.35
ITEM0004980,ORD002913,PROD00204,1,4587.43,261.57,3151.85
ITEM0004981,ORD002913,PROD00284,1,3422.03,135.97,2312.7
ITEM0004982,ORD002914,PROD00355,3,22106.42,1365.58,17604.0
ITEM0004983,ORD002915,PROD00463,1,6439.16,567.84,5255.25
ITEM0004984,ORD002915,PROD00161,1,56469.45,9436.55,57997.28
ITEM0004985,ORD002916,PROD00252,2,3830.73,145.27,2584.4
ITEM0004986,ORD002917,PROD00470,1,6813.48,265.52,5309.25
ITEM0004987,ORD002918,PROD00351,1,23689.58,930.42,18465.0
ITEM0004988,ORD002919,PROD00049,3,25954.93,3565.07,25977.6
ITEM0004989,ORD002920,PROD00160,1,7210.51,497.49,6783.04
ITEM0004990,ORD002920,PROD00037,1,42320.57,3362.43,40201.04
ITEM0004991,ORD002920,PROD00464,1,6536.83,277.17,5110.5
ITEM0004992,ORD002921,PROD00045,2,78358.53,319.47,69236.64
ITEM0004993,ORD002921,PROD00006,1,25321.99,3472.01,25338.72
ITEM0004994,ORD002921,PROD00063,1,15647.29,491.71,14202.32
ITEM0004995,ORD002922,PROD00139,1,48488.0,625.0,43219.44
ITEM0004996,ORD002923,PROD00416,1,1207.01,31.99,929.25
ITEM0004997,ORD002924,PROD00224,2,6132.52,137.48,4075.5
ITEM0004998,ORD002924,PROD00050,1,17399.81,2301.19,17336.88
ITEM0004999,ORD002924,PROD00302,1,1259.85,79.15,870.35
ITEM0005000,ORD002925,PROD00135,1,61638.21,7807.79,61112.48
ITEM0005001,ORD002925,PROD00439,1,2941.61,7.39,2211.75
ITEM0005002,ORD002926,PROD00403,1,3135.26,86.74,2416.5
ITEM0005003,ORD002927,PROD00092,1,22154.12,1648.88,20946.64
ITEM0005004,ORD002927,PROD00347,2,9471.54,380.46,7389.0
ITEM0005005,ORD002928,PROD00150,1,71299.64,7136.36,69023.68
ITEM0005006,ORD002928,PROD00205,1,4249.26,314.74,2966.6
ITEM0005007,ORD002929,PROD00068,1,41173.34,1507.66,37559.28
ITEM0005008,ORD002929,PROD00402,1,8690.73,893.27,7188.0
ITEM0005009,ORD002930,PROD00483,1,19294.9,2082.1,16032.75
ITEM0005010,ORD002930,PROD00355,1,7607.56,216.44,5868.0
ITEM0005011,ORD002930,PROD00124,1,31315.97,2210.03,29502.88
ITEM0005012,ORD002931,PROD00458,1,12457.59,1314.41,10329.0
ITEM0005013,ORD002931,PROD00335,1,15354.83,511.17,11899.5
ITEM0005014,ORD002931,PROD00011,1,43553.52,4269.48,42084.24
ITEM0005015,ORD002932,PROD00478,2,12696.7,599.3,9972.0
ITEM0005016,ORD002933,PROD00465,2,24821.15,1634.85,19842.0
ITEM0005017,ORD002933,PROD00368,1,16558.96,1217.04,13332.0
ITEM0005018,ORD002934,PROD00029,1,65294.4,4790.6,61674.8
ITEM0005019,ORD002935,PROD00086,1,66144.09,6999.91,64366.72
ITEM0005020,ORD002936,PROD00128,1,69341.41,1558.59,62392.0
ITEM0005021,ORD002937,PROD00305,1,2714.14,1.86,1765.4
ITEM0005022,ORD002938,PROD00138,1,39127.15,1930.85,36131.04
ITEM0005023,ORD002938,PROD00217,1,2185.91,26.09,1437.8
ITEM0005024,ORD002939,PROD00053,1,77383.89,243.11,68311.76
ITEM0005025,ORD002940,PROD00397,1,4885.09,480.91,4024.5
ITEM0005026,ORD002940,PROD00464,1,6476.79,337.21,5110.5
ITEM0005027,ORD002941,PROD00436,1,18640.82,408.18,14286.75
ITEM0005028,ORD002942,PROD00300,1,1530.63,69.37,1040.0
ITEM0005029,ORD002942,PROD00332,1,7901.08,868.92,6577.5
ITEM0005030,ORD002943,PROD00258,1,3475.68,122.32,2338.7
ITEM0005031,ORD002943,PROD00481,2,8711.56,358.44,6802.5
ITEM0005032,ORD002944,PROD00363,1,18003.43,965.57,14226.75
ITEM0005033,ORD002945,PROD00330,1,1379.98,36.02,920.4
ITEM0005034,ORD002945,PROD00117,2,45249.11,6660.89,45680.8
ITEM0005035,ORD002945,PROD00229,1,4101.88,87.12,2722.85
ITEM0005036,ORD002945,PROD00480,1,3913.88,352.12,3199.5
ITEM0005037,ORD002946,PROD00027,2,70833.06,12360.94,73210.72
ITEM0005038,ORD002947,PROD00411,1,21984.18,391.82,16782.0
ITEM0005039,ORD002947,PROD00135,1,62332.28,7113.72,61112.48
ITEM0005040,ORD002947,PROD00396,1,13927.51,44.49,10479.0
ITEM0005041,ORD002947,PROD00131,1,69484.6,5818.4,66266.64
ITEM0005042,ORD002948,PROD00430,2,38461.87,566.13,29271.0
ITEM0005043,ORD002948,PROD00138,1,35486.81,5571.19,36131.04
ITEM0005044,ORD002949,PROD00401,1,2293.55,0.45,1720.5
ITEM0005045,ORD002950,PROD00341,1,7169.61,270.39,5580.0
ITEM0005046,ORD002950,PROD00196,1,1536.05,74.95,1047.15
ITEM0005047,ORD002951,PROD00467,1,15802.91,1450.09,12939.75
ITEM0005048,ORD002951,PROD00377,1,1407.6,48.4,1092.0
ITEM0005049,ORD002952,PROD00495,1,2580.74,65.26,1984.5
ITEM0005050,ORD002953,PROD00401,1,2126.22,167.78,1720.5
ITEM0005051,ORD002953,PROD00346,1,18460.9,887.1,14511.0
ITEM0005052,ORD002953,PROD00029,1,60077.44,10007.56,61674.8
ITEM0005053,ORD002953,PROD00168,1,1382.68,112.32,971.75
ITEM0005054,ORD002954,PROD00237,1,1958.13,64.87,1314.95
ITEM0005055,ORD002955,PROD00181,1,1461.68,31.32,970.45
ITEM0005056,ORD002956,PROD00367,2,24395.53,1140.47,19152.0
ITEM0005057,ORD002956,PROD00126,1,30192.95,2321.05,28612.32
ITEM0005058,ORD002957,PROD00229,1,4077.42,111.58,2722.85
ITEM0005059,ORD002957,PROD00165,1,20096.85,1488.15,18994.8
ITEM0005060,ORD002958,PROD00233,1,3406.29,253.71,2379.0
ITEM0005061,ORD002959,PROD00289,1,489.97,20.03,331.5
ITEM0005062,ORD002959,PROD00022,1,48602.56,3090.44,45489.84
ITEM0005063,ORD002960,PROD00264,1,1947.17,2.83,1267.5
ITEM0005064,ORD002961,PROD00113,1,35482.03,4365.97,35066.24
ITEM0005065,ORD002962,PROD00062,2,32440.13,2515.87,30761.28
ITEM0005066,ORD002963,PROD00010,1,53062.09,5492.91,51528.4
ITEM0005067,ORD002963,PROD00415,1,4936.24,452.76,4041.75
ITEM0005068,ORD002964,PROD00138,1,35382.21,5675.79,36131.04
ITEM0005069,ORD002964,PROD00106,1,6657.75,227.25,6058.8
ITEM0005070,ORD002965,PROD00015,1,59051.31,9207.69,60067.92
ITEM0005071,ORD002965,PROD00407,1,3416.24,368.76,2838.75
ITEM0005072,ORD002965,PROD00397,1,5307.87,58.13,4024.5
ITEM0005073,ORD002966,PROD00237,1,1994.29,28.71,1314.95
ITEM0005074,ORD002966,PROD00117,1,22549.35,3405.65,22840.4
ITEM0005075,ORD002967,PROD00121,2,33536.12,3937.88,32977.12
ITEM0005076,ORD002968,PROD00049,1,9220.74,619.26,8659.2
ITEM0005077,ORD002969,PROD00213,2,6299.41,412.59,4362.8
ITEM0005078,ORD002969,PROD00467,1,15783.73,1469.27,12939.75
ITEM0005079,ORD002969,PROD00101,1,65447.59,10389.41,66736.56
ITEM0005080,ORD002970,PROD00333,1,11048.35,720.65,8826.75
ITEM0005081,ORD002971,PROD00140,1,6425.46,62.54,5709.44
ITEM0005082,ORD002971,PROD00423,1,23420.7,193.3,17710.5
ITEM0005083,ORD002972,PROD00166,1,3594.85,137.15,2425.8
ITEM0005084,ORD002973,PROD00270,1,1033.33,28.67,690.3
ITEM0005085,ORD002974,PROD00329,1,3108.68,263.32,2191.8
ITEM0005086,ORD002974,PROD00375,2,31516.26,1605.74,24841.5
ITEM0005087,ORD002975,PROD00432,3,17773.8,910.2,14013.0
ITEM0005088,ORD002976,PROD00124,1,32186.27,1339.73,29502.88
ITEM0005089,ORD002976,PROD00036,1,12077.88,1481.12,11931.92
ITEM0005090,ORD002976,PROD00444,1,10180.64,962.36,8357.25
ITEM0005091,ORD002977,PROD00407,1,3608.95,176.05,2838.75
ITEM0005092,ORD002977,PROD00299,1,3751.08,206.92,2572.7
ITEM0005093,ORD002978,PROD00360,2,31884.7,3357.3,26431.5
ITEM0005094,ORD002979,PROD00460,1,19698.26,120.74,14864.25
ITEM0005095,ORD002980,PROD00274,3,3819.36,254.64,2648.1
ITEM0005096,ORD002981,PROD00388,1,6874.12,449.88,5493.0
ITEM0005097,ORD002981,PROD00206,1,2050.64,133.36,1419.6
ITEM0005098,ORD002982,PROD00124,1,30523.58,3002.42,29502.88
ITEM0005099,ORD002983,PROD00401,1,2099.09,194.91,1720.5
ITEM0005100,ORD002983,PROD00007,1,20274.46,745.54,18497.6
ITEM0005101,ORD002983,PROD00012,2,55973.27,9784.73,57867.04
ITEM0005102,ORD002984,PROD00245,1,3557.38,160.62,2416.7
ITEM0005103,ORD002984,PROD00328,1,3108.1,11.9,2028.0
ITEM0005104,ORD002984,PROD00129,2,96800.22,2777.78,87628.64
ITEM0005105,ORD002985,PROD00320,1,1849.0,73.0,1249.3
ITEM0005106,ORD002985,PROD00346,2,36186.71,2509.29,29022.0
ITEM0005107,ORD002986,PROD00146,1,9632.14,1526.86,9819.92
ITEM0005108,ORD002987,PROD00308,2,9439.67,224.33,6281.6
ITEM0005109,ORD002988,PROD00473,1,9382.04,301.96,7263.0
ITEM0005110,ORD002988,PROD00418,1,9759.87,398.13,7618.5
ITEM0005111,ORD002989,PROD00065,2,105381.83,11990.17,103287.36
ITEM0005112,ORD002990,PROD00445,1,4045.21,191.79,3177.75
ITEM0005113,ORD002991,PROD00310,2,5776.07,415.93,4024.8
ITEM0005114,ORD002992,PROD00289,1,507.14,2.86,331.5
ITEM0005115,ORD002993,PROD00460,1,19192.58,626.42,14864.25
ITEM0005116,ORD002994,PROD00223,1,4579.05,380.95,3224.0
ITEM0005117,ORD002994,PROD00245,1,3667.3,50.7,2416.7
ITEM0005118,ORD002994,PROD00039,1,28428.05,4083.95,28610.56
ITEM0005119,ORD002995,PROD00409,3,6097.04,325.96,4817.25
ITEM0005120,ORD002996,PROD00095,2,121458.99,9849.01,115551.04
ITEM0005121,ORD002997,PROD00454,1,24818.5,107.5,18694.5
ITEM0005122,ORD002997,PROD00357,1,17429.45,81.55,13133.25
ITEM0005123,ORD002998,PROD00061,1,22830.42,3628.58,23283.92
ITEM0005124,ORD002998,PROD00079,1,25652.98,1720.02,24088.24
ITEM0005125,ORD002999,PROD00099,1,40262.74,3958.26,38914.48
ITEM0005126,ORD002999,PROD00050,1,17883.49,1817.51,17336.88
ITEM0005127,ORD003000,PROD00250,2,8350.59,373.41,5670.6
ITEM0005128,ORD003000,PROD00213,2,6427.17,284.83,4362.8
ITEM0005129,ORD003000,PROD00454,1,23298.32,1627.68,18694.5
ITEM0005130,ORD003001,PROD00440,1,19624.02,1736.98,16020.75
ITEM0005131,ORD003001,PROD00052,1,73045.06,1719.94,65793.2
ITEM0005132,ORD003002,PROD00219,1,2415.29,66.71,1613.3
ITEM0005133,ORD003002,PROD00180,2,6584.82,141.18,4371.9
ITEM0005134,ORD003002,PROD00128,1,66612.57,4287.43,62392.0
ITEM0005135,ORD003003,PROD00434,1,13092.25,71.75,9873.0
ITEM0005136,ORD003003,PROD00110,2,78305.92,556.08,69398.56
ITEM0005137,ORD003004,PROD00417,1,9662.61,136.39,7349.25
ITEM0005138,ORD003004,PROD00312,3,1975.81,55.19,1320.15
ITEM0005139,ORD003004,PROD00317,1,3594.13,199.87,2466.1
ITEM0005140,ORD003005,PROD00128,2,124533.83,17266.17,124784.0
ITEM0005141,ORD003006,PROD00087,2,38754.43,4383.57,37961.44
ITEM0005142,ORD003006,PROD00191,1,1462.91,44.09,979.55
ITEM0005143,ORD003006,PROD00138,1,40984.79,73.21,36131.04
ITEM0005144,ORD003007,PROD00170,1,2390.27,84.73,1608.75
ITEM0005145,ORD003008,PROD00342,1,1664.54,32.46,1272.75
ITEM0005146,ORD003009,PROD00104,1,14794.98,946.02,13852.08
ITEM0005147,ORD003010,PROD00007,1,18318.84,2701.16,18497.6
ITEM0005148,ORD003010,PROD00312,1,665.7,11.3,440.05
ITEM0005149,ORD003010,PROD00356,1,20008.33,345.67,15265.5
ITEM0005150,ORD003011,PROD00008,1,62694.11,654.89,55747.12
ITEM0005151,ORD003012,PROD00348,1,4426.38,35.62,3346.5
ITEM0005152,ORD003012,PROD00368,2,34264.78,1287.22,26664.0
ITEM0005153,ORD003013,PROD00144,1,54041.84,9323.16,55761.2
ITEM0005154,ORD003013,PROD00287,1,2017.59,29.41,1330.55
ITEM0005155,ORD003014,PROD00018,1,17936.75,370.25,16110.16
ITEM0005156,ORD003015,PROD00340,1,8800.49,911.51,7284.0
ITEM0005157,ORD003015,PROD00250,1,4220.28,141.72,2835.3
ITEM0005158,ORD003015,PROD00396,1,13632.96,339.04,10479.0
ITEM0005159,ORD003016,PROD00494,1,8043.19,4.81,6036.0
ITEM0005160,ORD003017,PROD00358,1,17029.02,1098.98,13596.0
ITEM0005161,ORD003017,PROD00054,1,48406.86,1194.14,43648.88
ITEM0005162,ORD003018,PROD00345,2,36979.46,1248.54,28671.0
ITEM0005163,ORD003019,PROD00229,1,4055.93,133.07,2722.85
ITEM0005164,ORD003019,PROD00350,1,9462.27,416.73,7409.25
ITEM0005165,ORD003020,PROD00185,1,957.83,25.17,638.95
ITEM0005166,ORD003020,PROD00172,2,1114.73,55.27,760.5
ITEM0005167,ORD003021,PROD00219,1,2358.12,123.88,1613.3
ITEM0005168,ORD003021,PROD00365,1,15359.19,162.81,11641.5
ITEM0005169,ORD003021,PROD00215,1,3556.72,227.28,2459.6
ITEM0005170,ORD003021,PROD00264,1,1880.52,69.48,1267.5
ITEM0005171,ORD003022,PROD00043,1,50147.93,4144.07,47776.96
ITEM0005172,ORD003022,PROD00244,1,2451.98,64.02,1635.4
ITEM0005173,ORD003022,PROD00328,1,3000.94,119.06,2028.0
ITEM0005174,ORD003023,PROD00407,1,3656.58,128.42,2838.75
ITEM0005175,ORD003024,PROD00442,1,22109.99,2305.01,18311.25
ITEM0005176,ORD003024,PROD00213,1,3311.26,44.74,2181.4
ITEM0005177,ORD003025,PROD00372,1,7734.92,292.08,6020.25
ITEM0005178,ORD003025,PROD00423,1,23492.94,121.06,17710.5
ITEM0005179,ORD003026,PROD00083,1,42615.0,5454.0,42300.72
ITEM0005180,ORD003026,PROD00200,1,2177.75,14.25,1424.8
ITEM0005181,ORD003027,PROD00077,1,49101.51,4487.49,47158.32
ITEM0005182,ORD003028,PROD00390,1,19831.08,2038.92,16402.5
ITEM0005183,ORD003029,PROD00325,1,4378.94,291.06,3035.5
ITEM0005184,ORD003030,PROD00421,1,2706.95,147.05,2140.5
ITEM0005185,ORD003031,PROD00135,1,67834.85,1611.15,61112.48
ITEM0005186,ORD003031,PROD00298,2,4235.4,180.6,2870.4
ITEM0005187,ORD003032,PROD00090,1,10080.14,1648.86,10321.52
ITEM0005188,ORD003032,PROD00382,1,1220.52,55.48,957.0
ITEM0005189,ORD003033,PROD00394,1,17786.12,1069.88,14142.0
ITEM0005190,ORD003034,PROD00021,1,18593.89,480.11,16785.12
ITEM0005191,ORD003034,PROD00011,1,44886.56,2936.44,42084.24
ITEM0005192,ORD003035,PROD00423,1,22885.65,728.35,17710.5
ITEM0005193,ORD003035,PROD00208,1,3579.33,213.67,2465.45
ITEM0005194,ORD003036,PROD00356,1,19650.39,703.61,15265.5
ITEM0005195,ORD003036,PROD00249,1,2320.59,144.41,1602.25
ITEM0005196,ORD003037,PROD00389,1,16237.72,1560.28,13348.5
ITEM0005197,ORD003037,PROD00044,1,52556.85,8805.15,53998.56
ITEM0005198,ORD003037,PROD00079,1,25498.61,1874.39,24088.24
ITEM0005199,ORD003038,PROD00038,1,32382.75,2040.25,30292.24
ITEM0005200,ORD003038,PROD00491,1,4201.58,49.42,3188.25
ITEM0005201,ORD003038,PROD00304,1,2594.4,28.6,1704.95
ITEM0005202,ORD003039,PROD00420,1,1518.42,125.58,1233.0
ITEM0005203,ORD003040,PROD00387,2,24110.49,767.51,18658.5
ITEM0005204,ORD003040,PROD00470,1,6922.52,156.48,5309.25
ITEM0005205,ORD003041,PROD00250,1,4170.91,191.09,2835.3
ITEM0005206,ORD003041,PROD00381,2,48026.82,991.18,36763.5
ITEM0005207,ORD003041,PROD00166,2,6890.5,573.5,4851.6
ITEM0005208,ORD003042,PROD00140,1,6319.57,168.43,5709.44
ITEM0005209,ORD003042,PROD00307,2,2833.48,66.52,1885.0
ITEM0005210,ORD003043,PROD00232,1,3139.62,98.38,2104.7
ITEM0005211,ORD003043,PROD00179,1,2899.41,181.59,2002.65
ITEM0005212,ORD003043,PROD00054,1,45670.7,3930.3,43648.88
ITEM0005213,ORD003044,PROD00368,1,16225.22,1550.78,13332.0
ITEM0005214,ORD003045,PROD00017,2,22101.34,1004.66,20333.28
ITEM0005215,ORD003045,PROD00082,1,60499.97,8761.03,60949.68
ITEM0005216,ORD003046,PROD00336,1,5439.85,9.15,4086.75
ITEM0005217,ORD003047,PROD00415,1,5024.3,364.7,4041.75
ITEM0005218,ORD003047,PROD00042,1,36659.87,2019.13,34037.52
ITEM0005219,ORD003048,PROD00122,1,14035.2,1842.8,13972.64
ITEM0005220,ORD003048,PROD00484,1,2617.92,73.08,2018.25
ITEM0005221,ORD003049,PROD00441,1,16386.17,430.83,12612.75
ITEM0005222,ORD003050,PROD00076,1,64321.33,685.67,57206.16
ITEM0005223,ORD003051,PROD00342,1,1620.29,76.71,1272.75
ITEM0005224,ORD003051,PROD00244,1,2365.9,150.1,1635.4
ITEM0005225,ORD003052,PROD00073,2,127412.63,17485.37,127510.24
ITEM0005226,ORD003052,PROD00490,1,14709.45,433.55,11357.25
ITEM0005227,ORD003053,PROD00021,1,18260.26,813.74,16785.12
ITEM0005228,ORD003053,PROD00460,1,19225.26,593.74,14864.25
ITEM0005229,ORD003054,PROD00265,1,4705.9,63.1,3099.85
ITEM0005230,ORD003054,PROD00197,1,2775.74,176.26,1918.8
ITEM0005231,ORD003054,PROD00417,1,9538.08,260.92,7349.25
ITEM0005232,ORD003055,PROD00255,1,1776.36,20.64,1168.05
ITEM0005233,ORD003055,PROD00110,1,34300.12,5130.88,34699.28
ITEM0005234,ORD003056,PROD00005,1,41387.55,4697.45,40554.8
ITEM0005235,ORD003056,PROD00427,1,23731.84,341.16,18054.75
ITEM0005236,ORD003057,PROD00097,1,13426.75,1269.25,12932.48
ITEM0005237,ORD003057,PROD00485,2,3939.35,382.65,3241.5
ITEM0005238,ORD003057,PROD00288,1,4629.87,349.13,3236.35
ITEM0005239,ORD003058,PROD00021,1,18514.99,559.01,16785.12
ITEM0005240,ORD003059,PROD00449,1,9863.06,214.94,7558.5
ITEM0005241,ORD003059,PROD00128,1,61939.03,8960.97,62392.0
ITEM0005242,ORD003059,PROD00450,1,17773.62,1051.38,14118.75
ITEM0005243,ORD003059,PROD00088,1,63975.69,8960.31,64183.68
ITEM0005244,ORD003060,PROD00218,2,6672.95,113.05,4410.9
ITEM0005245,ORD003061,PROD00379,2,7988.36,189.64,6133.5
ITEM0005246,ORD003061,PROD00071,1,53911.51,2188.49,49368.0
ITEM0005247,ORD003062,PROD00128,1,62456.33,8443.67,62392.0
ITEM0005248,ORD003063,PROD00278,1,3186.99,55.01,2107.3
ITEM0005249,ORD003063,PROD00162,1,5726.99,831.01,5771.04
ITEM0005250,ORD003063,PROD00356,2,40215.75,492.25,30531.0
ITEM0005251,ORD003064,PROD00019,1,71625.54,467.46,63441.84
ITEM0005252,ORD003065,PROD00420,1,1548.66,95.34,1233.0
ITEM0005253,ORD003065,PROD00131,1,75080.1,222.9,66266.64
ITEM0005254,ORD003066,PROD00258,1,3503.77,94.23,2338.7
ITEM0005255,ORD003066,PROD00150,1,76606.57,1829.43,69023.68
ITEM0005256,ORD003066,PROD00342,1,1552.84,144.16,1272.75
ITEM0005257,ORD003066,PROD00270,1,1017.6,44.4,690.3
ITEM0005258,ORD003067,PROD00160,3,21107.65,2016.35,20349.12
ITEM0005259,ORD003068,PROD00075,2,86275.54,1722.46,77438.24
ITEM0005260,ORD003069,PROD00440,1,20991.27,369.73,16020.75
ITEM0005261,ORD003069,PROD00096,1,74964.88,658.12,66548.24
ITEM0005262,ORD003070,PROD00141,1,7879.48,90.52,7013.6
ITEM0005263,ORD003070,PROD00312,1,636.56,40.44,440.05
ITEM0005264,ORD003071,PROD00452,1,1879.64,42.36,1441.5
ITEM0005265,ORD003071,PROD00256,1,4941.86,20.14,3225.3
ITEM0005266,ORD003072,PROD00193,1,2596.52,224.48,1833.65
ITEM0005267,ORD003072,PROD00076,2,123423.54,6590.46,114412.32
ITEM0005268,ORD003073,PROD00153,2,54952.39,9501.61,56719.52
ITEM0005269,ORD003074,PROD00489,1,16449.87,1780.13,13672.5
ITEM0005270,ORD003075,PROD00183,1,3734.99,259.01,2596.1
ITEM0005271,ORD003076,PROD00035,1,49558.33,7540.67,50247.12
ITEM0005272,ORD003076,PROD00177,1,2965.1,52.9,1961.7
ITEM0005273,ORD003077,PROD00475,1,20988.17,1168.83,16617.75
ITEM0005274,ORD003078,PROD00449,1,9435.48,642.52,7558.5
ITEM0005275,ORD003079,PROD00210,1,3968.49,134.51,2666.95
ITEM0005276,ORD003080,PROD00041,1,20436.7,2461.3,20150.24
ITEM0005277,ORD003081,PROD00253,2,7938.42,547.58,5515.9
ITEM0005278,ORD003082,PROD00447,1,5673.15,59.85,4299.75
ITEM0005279,ORD003083,PROD00037,1,42679.02,3003.98,40201.04
ITEM0005280,ORD003084,PROD00374,2,19563.15,1044.85,15456.0
ITEM0005281,ORD003084,PROD00096,1,71583.33,4039.67,66548.24
ITEM0005282,ORD003085,PROD00200,1,2038.32,153.68,1424.8
ITEM0005283,ORD003085,PROD00025,1,29210.86,429.14,26083.2
ITEM0005284,ORD003086,PROD00176,1,4085.29,299.71,2850.25
ITEM0005285,ORD003086,PROD00137,2,27263.5,3650.5,27204.32
ITEM0005286,ORD003086,PROD00127,1,65592.87,8634.13,65319.76
ITEM0005287,ORD003086,PROD00171,1,1071.33,81.67,749.45
ITEM0005288,ORD003087,PROD00068,1,41572.7,1108.3,37559.28
ITEM0005289,ORD003088,PROD00401,1,2215.98,78.02,1720.5
ITEM0005290,ORD003089,PROD00123,1,24630.56,4253.44,25417.92
ITEM0005291,ORD003089,PROD00416,2,2351.94,126.06,1858.5
ITEM0005292,ORD003090,PROD00365,3,45614.43,951.57,34924.5
ITEM0005293,ORD003090,PROD00129,3,147537.84,1829.16,131442.96
ITEM0005294,ORD003091,PROD00335,3,46600.67,997.33,35698.5
ITEM0005295,ORD003091,PROD00144,2,111703.89,15026.11,111522.4
ITEM0005296,ORD003091,PROD00431,1,7737.12,310.88,6036.0
ITEM0005297,ORD003092,PROD00290,1,1487.13,120.87,1045.2
ITEM0005298,ORD003092,PROD00276,1,3142.96,5.04,2046.2
ITEM0005299,ORD003093,PROD00056,1,34370.51,497.49,30683.84
ITEM0005300,ORD003093,PROD00281,1,3576.8,278.2,2505.75
ITEM0005301,ORD003093,PROD00055,1,58398.01,9475.99,59729.12
ITEM0005302,ORD003094,PROD00184,1,791.77,54.23,549.9
ITEM0005303,ORD003095,PROD00131,1,69849.63,5453.37,66266.64
ITEM0005304,ORD003096,PROD00323,1,4734.82,160.18,3181.75
ITEM0005305,ORD003096,PROD00301,1,4599.22,70.78,3035.5
ITEM0005306,ORD003097,PROD00386,1,4387.93,305.07,3519.75
ITEM0005307,ORD003097,PROD00316,1,4254.18,302.82,2962.05
ITEM0005308,ORD003098,PROD00436,2,35559.01,2538.99,28573.5
ITEM0005309,ORD003098,PROD00129,1,47330.0,2459.0,43814.32
ITEM0005310,ORD003098,PROD00374,1,10121.84,182.16,7728.0
ITEM0005311,ORD003099,PROD00003,1,39566.58,6847.42,40844.32
ITEM0005312,ORD003099,PROD00067,1,40274.12,2802.88,37907.76
ITEM0005313,ORD003100,PROD00385,1,19654.43,1749.57,16053.0
ITEM0005314,ORD003101,PROD00365,2,30925.29,118.71,23283.0
ITEM0005315,ORD003102,PROD00428,1,9164.17,751.83,7437.0
ITEM0005316,ORD003103,PROD00152,1,53854.22,6583.78,53185.44
ITEM0005317,ORD003104,PROD00170,2,4555.06,394.94,3217.5
ITEM0005318,ORD003104,PROD00228,3,8544.43,128.57,5637.45
ITEM0005319,ORD003105,PROD00133,1,15000.75,735.25,13847.68
ITEM0005320,ORD003105,PROD00290,1,1541.08,66.92,1045.2
ITEM0005321,ORD003105,PROD00437,3,60672.76,5558.24,49673.25
ITEM0005322,ORD003105,PROD00234,1,3361.81,214.19,2324.4
ITEM0005323,ORD003106,PROD00173,1,2341.82,194.18,1648.4
ITEM0005324,ORD003107,PROD00328,1,3056.4,63.6,2028.0
ITEM0005325,ORD003107,PROD00297,2,7737.55,138.45,5119.4
ITEM0005326,ORD003107,PROD00004,1,13185.17,18.83,11619.52
ITEM0005327,ORD003107,PROD00099,1,40943.51,3277.49,38914.48
ITEM0005328,ORD003108,PROD00094,1,54813.71,8002.29,55278.08
ITEM0005329,ORD003109,PROD00018,1,16566.29,1740.71,16110.16
ITEM0005330,ORD003109,PROD00376,1,14202.24,1526.76,11796.75
ITEM0005331,ORD003110,PROD00348,1,4367.94,94.06,3346.5
ITEM0005332,ORD003110,PROD00424,1,15628.75,1582.25,12908.25
ITEM0005333,ORD003110,PROD00280,2,5738.36,169.64,3840.2
ITEM0005334,ORD003111,PROD00373,1,13486.57,774.43,10695.75
ITEM0005335,ORD003112,PROD00209,2,3156.36,133.64,2138.5
ITEM0005336,ORD003113,PROD00296,2,8360.46,611.54,5831.8
ITEM0005337,ORD003113,PROD00246,1,833.09,14.91,551.2
ITEM0005338,ORD003113,PROD00278,1,3161.71,80.29,2107.3
ITEM0005339,ORD003113,PROD00356,2,37753.61,2954.39,30531.0
ITEM0005340,ORD003114,PROD00098,1,21953.37,1089.63,20277.84
ITEM0005341,ORD003115,PROD00258,1,3484.62,113.38,2338.7
ITEM0005342,ORD003115,PROD00332,1,8402.73,367.27,6577.5
ITEM0005343,ORD003115,PROD00279,1,4568.01,317.99,3175.9
ITEM0005344,ORD003116,PROD00050,1,19368.82,332.18,17336.88
ITEM0005345,ORD003116,PROD00174,1,4748.11,114.89,3160.95
ITEM0005346,ORD003117,PROD00133,1,15467.35,268.65,13847.68
ITEM0005347,ORD003118,PROD00484,1,2618.27,72.73,2018.25
ITEM0005348,ORD003118,PROD00447,1,5530.41,202.59,4299.75
ITEM0005349,ORD003118,PROD00220,3,2760.56,221.44,1938.3
ITEM0005350,ORD003119,PROD00141,2,14844.87,1095.13,14027.2
ITEM0005351,ORD003119,PROD00306,2,8191.13,234.87,5476.9
ITEM0005352,ORD003120,PROD00085,2,98077.28,3286.72,89200.32
ITEM0005353,ORD003121,PROD00056,1,34065.02,802.98,30683.84
ITEM0005354,ORD003121,PROD00172,1,543.57,41.43,380.25
ITEM0005355,ORD003122,PROD00206,1,2084.83,99.17,1419.6
ITEM0005356,ORD003123,PROD00391,1,13902.17,831.83,11050.5
ITEM0005357,ORD003123,PROD00222,1,3178.46,56.54,2102.75
ITEM0005358,ORD003123,PROD00043,1,51860.82,2431.18,47776.96
ITEM0005359,ORD003124,PROD00298,1,2070.99,137.01,1435.2
ITEM0005360,ORD003125,PROD00052,2,135116.49,14413.51,131586.4
ITEM0005361,ORD003126,PROD00328,1,2966.96,153.04,2028.0
ITEM0005362,ORD003126,PROD00334,1,18198.69,418.31,13962.75
ITEM0005363,ORD003127,PROD00264,1,1842.39,107.61,1267.5
ITEM0005364,ORD003128,PROD00224,2,5810.11,459.89,4075.5
ITEM0005365,ORD003129,PROD00050,1,18952.59,748.41,17336.88
ITEM0005366,ORD003130,PROD00386,1,4246.5,446.5,3519.75
ITEM0005367,ORD003130,PROD00309,1,2246.7,136.3,1548.95
ITEM0005368,ORD003131,PROD00369,1,7730.93,558.07,6216.75
ITEM0005369,ORD003132,PROD00040,1,49607.3,7303.7,50081.68
ITEM0005370,ORD003132,PROD00296,1,4378.61,107.39,2915.9
ITEM0005371,ORD003132,PROD00034,2,47871.76,4748.24,46305.6
ITEM0005372,ORD003133,PROD00469,1,5499.53,223.47,4292.25
ITEM0005373,ORD003133,PROD00247,1,1578.88,18.12,1038.05
ITEM0005374,ORD003134,PROD00428,1,9242.01,673.99,7437.0
ITEM0005375,ORD003135,PROD00398,1,11853.21,571.79,9318.75
ITEM0005376,ORD003135,PROD00466,1,3542.39,17.61,2670.0
ITEM0005377,ORD003136,PROD00285,3,4543.5,13.5,2962.05
ITEM0005378,ORD003136,PROD00291,1,4203.23,313.77,2936.05
ITEM0005379,ORD003137,PROD00456,2,32607.1,498.9,24829.5
ITEM0005380,ORD003138,PROD00372,1,7513.5,513.5,6020.25
ITEM0005381,ORD003139,PROD00334,1,18484.27,132.73,13962.75
ITEM0005382,ORD003139,PROD00172,1,564.53,20.47,380.25
ITEM0005383,ORD003140,PROD00378,1,8465.33,761.67,6920.25
ITEM0005384,ORD003141,PROD00344,1,13674.93,1245.07,11190.0
ITEM0005385,ORD003142,PROD00437,2,42918.12,1235.88,33115.5
ITEM0005386,ORD003142,PROD00185,1,911.39,71.61,638.95
ITEM0005387,ORD003142,PROD00292,1,2140.71,112.29,1464.45
ITEM0005388,ORD003143,PROD00356,1,18337.54,2016.46,15265.5
ITEM0005389,ORD003143,PROD00478,1,6489.87,158.13,4986.0
ITEM0005390,ORD003144,PROD00105,1,65154.47,416.53,57702.48
ITEM0005391,ORD003145,PROD00201,1,3488.57,291.43,2457.0
ITEM0005392,ORD003146,PROD00408,2,40061.58,1994.42,31542.0
ITEM0005393,ORD003147,PROD00083,2,88828.04,7309.96,84601.44
ITEM0005394,ORD003148,PROD00494,1,8005.57,42.43,6036.0
ITEM0005395,ORD003148,PROD00023,1,56936.89,3749.11,53403.68
ITEM0005396,ORD003149,PROD00413,1,14346.21,1405.79,11814.0
ITEM0005397,ORD003149,PROD00406,1,8000.02,622.98,6467.25
ITEM0005398,ORD003150,PROD00471,1,9666.44,823.56,7867.5
ITEM0005399,ORD003150,PROD00390,1,21141.86,728.14,16402.5
ITEM0005400,ORD003150,PROD00212,1,2221.09,55.91,1480.05
ITEM0005401,ORD003151,PROD00022,1,44465.15,7227.85,45489.84
ITEM0005402,ORD003151,PROD00117,2,47466.55,4443.45,45680.8
ITEM0005403,ORD003152,PROD00474,2,43961.99,3512.01,35605.5
ITEM0005404,ORD003153,PROD00407,3,10370.05,984.95,8516.25
ITEM0005405,ORD003153,PROD00147,2,95209.69,11888.31,94246.24
ITEM0005406,ORD003154,PROD00005,1,45535.03,549.97,40554.8
ITEM0005407,ORD003154,PROD00346,1,18509.63,838.37,14511.0
ITEM0005408,ORD003155,PROD00401,1,2260.37,33.63,1720.5
ITEM0005409,ORD003156,PROD00163,1,41895.38,4839.62,41126.8
ITEM0005410,ORD003156,PROD00223,1,4876.77,83.23,3224.0
ITEM0005411,ORD003157,PROD00107,1,42278.23,5734.77,42251.44
ITEM0005412,ORD003157,PROD00470,2,12905.66,1252.34,10618.5
ITEM0005413,ORD003158,PROD00050,1,18246.81,1454.19,17336.88
ITEM0005414,ORD003159,PROD00463,1,6694.5,312.5,5255.25
ITEM0005415,ORD003159,PROD00016,2,128237.15,15942.85,126878.4
ITEM0005416,ORD003159,PROD00155,1,53604.95,372.05,47499.76
ITEM0005417,ORD003160,PROD00427,1,22118.63,1954.37,18054.75
ITEM0005418,ORD003161,PROD00378,1,9062.09,164.91,6920.25
ITEM0005419,ORD003161,PROD00178,1,1494.32,106.68,1040.65
ITEM0005420,ORD003161,PROD00306,1,4004.34,208.66,2738.45
ITEM0005421,ORD003162,PROD00382,1,1163.28,112.72,957.0
ITEM0005422,ORD003163,PROD00026,1,40271.06,3071.94,38141.84
ITEM0005423,ORD003163,PROD00474,1,22221.37,1515.63,17802.75
ITEM0005424,ORD003164,PROD00276,1,2928.13,219.87,2046.2
ITEM0005425,ORD003165,PROD00280,2,5542.58,365.42,3840.2
ITEM0005426,ORD003166,PROD00010,1,56639.33,1915.67,51528.4
ITEM0005427,ORD003167,PROD00384,1,1300.02,107.98,1056.0
ITEM0005428,ORD003168,PROD00369,1,7945.8,343.2,6216.75
ITEM0005429,ORD003168,PROD00483,1,19484.67,1892.33,16032.75
ITEM0005430,ORD003168,PROD00032,2,118095.52,7952.48,110922.24
ITEM0005431,ORD003168,PROD00146,2,19907.54,2410.46,19639.84
ITEM0005432,ORD003169,PROD00204,1,4612.54,236.46,3151.85
ITEM0005433,ORD003170,PROD00095,2,130057.42,1250.58,115551.04
ITEM0005434,ORD003170,PROD00085,1,45031.47,5650.53,44600.16
ITEM0005435,ORD003171,PROD00268,1,2557.53,30.47,1682.2
ITEM0005436,ORD003171,PROD00298,1,2067.65,140.35,1435.2
ITEM0005437,ORD003171,PROD00108,3,204334.57,18721.43,196289.28
ITEM0005438,ORD003172,PROD00082,1,60976.03,8284.97,60949.68
ITEM0005439,ORD003172,PROD00118,1,63829.15,9730.85,64732.8
ITEM0005440,ORD003173,PROD00226,2,2462.01,17.99,1612.0
ITEM0005441,ORD003173,PROD00266,2,2288.01,57.99,1524.9
ITEM0005442,ORD003173,PROD00122,1,14665.82,1212.18,13972.64
ITEM0005443,ORD003174,PROD00078,1,59684.08,2729.92,54924.32
ITEM0005444,ORD003174,PROD00174,1,4568.08,294.92,3160.95
ITEM0005445,ORD003175,PROD00244,1,2484.74,31.26,1635.4
ITEM0005446,ORD003175,PROD00384,1,1336.63,71.37,1056.0
ITEM0005447,ORD003176,PROD00225,2,7663.52,384.48,5231.2
ITEM0005448,ORD003177,PROD00228,1,2728.18,162.82,1879.15
ITEM0005449,ORD003178,PROD00015,2,116386.6,20131.4,120135.84
ITEM0005450,ORD003178,PROD00343,1,21262.92,767.08,16522.5
ITEM0005451,ORD003178,PROD00383,1,19395.53,1430.47,15619.5
ITEM0005452,ORD003179,PROD00217,2,4320.15,103.85,2875.6
ITEM0005453,ORD003180,PROD00404,2,42192.37,2745.63,33703.5
ITEM0005454,ORD003180,PROD00222,1,3113.62,121.38,2102.75
ITEM0005455,ORD003180,PROD00427,1,22789.34,1283.66,18054.75
ITEM0005456,ORD003180,PROD00345,1,18037.87,1076.13,14335.5
ITEM0005457,ORD003181,PROD00394,1,17518.32,1337.68,14142.0
ITEM0005458,ORD003181,PROD00301,1,4648.31,21.69,3035.5
ITEM0005459,ORD003181,PROD00253,1,3915.13,327.87,2757.95
ITEM0005460,ORD003182,PROD00486,1,6632.3,672.7,5478.75
ITEM0005461,ORD003183,PROD00060,1,45464.73,4149.27,43660.32
ITEM0005462,ORD003184,PROD00457,1,5647.62,300.38,4461.0
ITEM0005463,ORD003185,PROD00483,1,20597.39,779.61,16032.75
ITEM0005464,ORD003186,PROD00154,1,30977.81,2990.19,29891.84
ITEM0005465,ORD003187,PROD00469,2,10576.45,869.55,8584.5
ITEM0005466,ORD003187,PROD00133,1,13753.98,1982.02,13847.68
ITEM0005467,ORD003187,PROD00065,2,102780.73,14591.27,103287.36
ITEM0005468,ORD003188,PROD00198,1,2104.01,133.99,1454.7
ITEM0005469,ORD003188,PROD00115,2,116142.08,5387.92,106946.4
ITEM0005470,ORD003188,PROD00083,1,43175.14,4893.86,42300.72
ITEM0005471,ORD003189,PROD00473,1,9218.86,465.14,7263.0
ITEM0005472,ORD003189,PROD00038,1,34277.93,145.07,30292.24
ITEM0005473,ORD003190,PROD00170,2,4609.37,340.63,3217.5
ITEM0005474,ORD003191,PROD00416,2,2386.31,91.69,1858.5
ITEM0005475,ORD003192,PROD00104,3,41181.54,6041.46,41556.24
ITEM0005476,ORD003192,PROD00086,1,68968.87,4175.13,64366.72
ITEM0005477,ORD003192,PROD00260,1,523.29,14.71,349.7
ITEM0005478,ORD003193,PROD00367,1,12037.26,730.74,9576.0
ITEM0005479,ORD003193,PROD00386,2,8611.96,774.04,7039.5
ITEM0005480,ORD003193,PROD00332,1,8373.06,396.94,6577.5
ITEM0005481,ORD003194,PROD00101,3,225584.39,1926.61,200209.68
ITEM0005482,ORD003195,PROD00341,2,13835.51,1044.49,11160.0
ITEM0005483,ORD003196,PROD00263,3,8582.7,165.3,5686.2
ITEM0005484,ORD003197,PROD00185,2,1861.63,104.37,1277.9
ITEM0005485,ORD003197,PROD00487,1,10352.27,656.73,8256.75
ITEM0005486,ORD003198,PROD00437,1,21546.7,530.3,16557.75
ITEM0005487,ORD003198,PROD00393,2,13869.55,338.45,10656.0
ITEM0005488,ORD003199,PROD00357,1,16005.25,1505.75,13133.25
ITEM0005489,ORD003199,PROD00272,1,1090.67,36.33,732.55
ITEM0005490,ORD003200,PROD00457,1,5937.27,10.73,4461.0
ITEM0005491,ORD003200,PROD00071,1,50153.24,5946.76,49368.0
ITEM0005492,ORD003200,PROD00005,1,39492.78,6592.22,40554.8
ITEM0005493,ORD003201,PROD00305,1,2669.86,46.14,1765.4
ITEM0005494,ORD003202,PROD00039,1,30708.99,1803.01,28610.56
ITEM0005495,ORD003202,PROD00280,2,5861.01,46.99,3840.2
ITEM0005496,ORD003203,PROD00136,1,68929.33,6687.67,66542.96
ITEM0005497,ORD003203,PROD00021,1,18427.91,646.09,16785.12
ITEM0005498,ORD003204,PROD00411,1,20963.56,1412.44,16782.0
ITEM0005499,ORD003204,PROD00352,1,2143.3,6.7,1612.5
ITEM0005500,ORD003205,PROD00413,1,14796.05,955.95,11814.0
ITEM0005501,ORD003205,PROD00124,1,32505.57,1020.43,29502.88
ITEM0005502,ORD003206,PROD00436,1,17403.73,1645.27,14286.75
ITEM0005503,ORD003206,PROD00316,1,4519.91,37.09,2962.05
ITEM0005504,ORD003207,PROD00193,1,2779.27,41.73,1833.65
ITEM0005505,ORD003208,PROD00344,1,14718.99,201.01,11190.0
ITEM0005506,ORD003209,PROD00043,1,51493.32,2798.68,47776.96
ITEM0005507,ORD003210,PROD00137,1,13901.31,1555.69,13602.16
ITEM0005508,ORD003211,PROD00265,1,4716.98,52.02,3099.85
ITEM0005509,ORD003211,PROD00370,1,24792.37,202.63,18746.25
ITEM0005510,ORD003212,PROD00412,1,12527.96,140.04,9501.0
ITEM0005511,ORD003212,PROD00223,1,4904.65,55.35,3224.0
ITEM0005512,ORD003213,PROD00120,2,141050.22,6147.78,129534.24
ITEM0005513,ORD003213,PROD00482,1,17618.3,865.7,13863.0
ITEM0005514,ORD003214,PROD00314,1,810.59,56.41,563.55
ITEM0005515,ORD003215,PROD00003,1,45853.43,560.57,40844.32
ITEM0005516,ORD003215,PROD00178,3,4662.05,140.95,3121.95
ITEM0005517,ORD003216,PROD00445,1,3924.82,312.18,3177.75
ITEM0005518,ORD003217,PROD00285,1,1409.12,109.88,987.35
ITEM0005519,ORD003218,PROD00265,1,4657.93,111.07,3099.85
ITEM0005520,ORD003219,PROD00135,1,69328.09,117.91,61112.48
ITEM0005521,ORD003220,PROD00055,1,59767.44,8106.56,59729.12
ITEM0005522,ORD003221,PROD00007,1,19841.7,1178.3,18497.6
ITEM0005523,ORD003222,PROD00437,1,21602.43,474.57,16557.75
ITEM0005524,ORD003223,PROD00481,1,4114.8,420.2,3401.25
ITEM0005525,ORD003223,PROD00031,2,122714.88,12901.12,119342.08
ITEM0005526,ORD003223,PROD00171,1,1121.95,31.05,749.45
ITEM0005527,ORD003224,PROD00284,1,3399.08,158.92,2312.7
ITEM0005528,ORD003224,PROD00075,2,86939.6,1058.4,77438.24
ITEM0005529,ORD003224,PROD00271,2,7347.07,404.93,5038.8
ITEM0005530,ORD003225,PROD00252,1,1855.95,132.05,1292.2
ITEM0005531,ORD003226,PROD00179,1,3045.88,35.12,2002.65
ITEM0005532,ORD003227,PROD00390,1,19882.73,1987.27,16402.5
ITEM0005533,ORD003227,PROD00467,2,32974.26,1531.74,25879.5
ITEM0005534,ORD003228,PROD00115,1,60213.13,551.87,53473.2
ITEM0005535,ORD003228,PROD00392,1,1716.95,42.05,1319.25
ITEM0005536,ORD003228,PROD00080,2,145835.51,11236.49,138223.36
ITEM0005537,ORD003228,PROD00386,1,4679.67,13.33,3519.75
ITEM0005538,ORD003229,PROD00135,1,59790.16,9655.84,61112.48
ITEM0005539,ORD003230,PROD00260,1,525.97,12.03,349.7
ITEM0005540,ORD003230,PROD00051,1,11279.48,40.52,9961.6
ITEM0005541,ORD003230,PROD00259,1,3646.65,210.35,2507.05
ITEM0005542,ORD003231,PROD00091,1,26395.87,2085.13,25063.28
ITEM0005543,ORD003232,PROD00294,1,2603.33,59.67,1730.95
ITEM0005544,ORD003233,PROD00398,2,22691.26,2158.74,18637.5
ITEM0005545,ORD003234,PROD00209,2,3099.9,190.1,2138.5
ITEM0005546,ORD003234,PROD00077,3,158477.63,2289.37,141474.96
ITEM0005547,ORD003235,PROD00127,1,72347.86,1879.14,65319.76
ITEM0005548,ORD003236,PROD00201,1,3589.38,190.62,2457.0
ITEM0005549,ORD003237,PROD00181,1,1438.72,54.28,970.45
ITEM0005550,ORD003238,PROD00290,1,1522.87,85.13,1045.2
ITEM0005551,ORD003238,PROD00070,2,75723.57,11558.43,76808.16
ITEM0005552,ORD003239,PROD00325,1,4630.74,39.26,3035.5
ITEM0005553,ORD003240,PROD00393,3,20719.3,592.7,15984.0
ITEM0005554,ORD003241,PROD00334,1,18337.45,279.55,13962.75
ITEM0005555,ORD003242,PROD00244,2,4710.77,321.23,3270.8
ITEM0005556,ORD003243,PROD00254,1,706.98,23.02,474.5
ITEM0005557,ORD003243,PROD00058,1,73964.76,672.24,65680.56
ITEM0005558,ORD003243,PROD00093,2,26112.68,2619.32,25284.16
ITEM0005559,ORD003244,PROD00395,1,4905.37,279.63,3888.75
ITEM0005560,ORD003245,PROD00091,1,25541.79,2939.21,25063.28
ITEM0005561,ORD003246,PROD00150,1,73806.77,4629.23,69023.68
ITEM0005562,ORD003246,PROD00309,1,2202.72,180.28,1548.95
ITEM0005563,ORD003247,PROD00086,2,135150.29,11137.71,128733.44
ITEM0005564,ORD003248,PROD00392,2,3312.15,205.85,2638.5
ITEM0005565,ORD003249,PROD00201,2,7197.46,362.54,4914.0
ITEM0005566,ORD003249,PROD00144,1,61283.6,2081.4,55761.2
ITEM0005567,ORD003249,PROD00244,1,2341.46,174.54,1635.4
ITEM0005568,ORD003250,PROD00150,1,68991.43,9444.57,69023.68
ITEM0005569,ORD003251,PROD00276,1,2986.16,161.84,2046.2
ITEM0005570,ORD003252,PROD00107,1,43812.52,4200.48,42251.44
ITEM0005571,ORD003253,PROD00062,1,15792.54,1685.46,15380.64
ITEM0005572,ORD003254,PROD00142,1,24917.34,1961.66,23653.52
ITEM0005573,ORD003254,PROD00416,1,1236.01,2.99,929.25
ITEM0005574,ORD003254,PROD00035,1,55166.98,1932.02,50247.12
ITEM0005575,ORD003255,PROD00302,1,1328.16,10.84,870.35
ITEM0005576,ORD003255,PROD00402,1,9142.95,441.05,7188.0
ITEM0005577,ORD003255,PROD00486,1,6710.83,594.17,5478.75
ITEM0005578,ORD003256,PROD00114,1,27272.92,4742.08,28173.2
ITEM0005579,ORD003257,PROD00111,2,88159.45,8014.55,84633.12
ITEM0005580,ORD003257,PROD00328,2,6003.43,236.57,4056.0
ITEM0005581,ORD003257,PROD00395,1,5078.94,106.06,3888.75
ITEM0005582,ORD003258,PROD00039,2,59619.31,5404.69,57221.12
ITEM0005583,ORD003258,PROD00056,1,30988.22,3879.78,30683.84
ITEM0005584,ORD003258,PROD00258,1,3413.0,185.0,2338.7
ITEM0005585,ORD003259,PROD00379,1,4069.43,19.57,3066.75
ITEM0005586,ORD003259,PROD00345,2,35182.3,3045.7,28671.0
ITEM0005587,ORD003260,PROD00268,1,2382.51,205.49,1682.2
ITEM0005588,ORD003261,PROD00234,1,3357.72,218.28,2324.4
ITEM0005589,ORD003262,PROD00398,3,34111.84,3163.16,27956.25
ITEM0005590,ORD003263,PROD00360,1,16837.05,783.95,13215.75
ITEM0005591,ORD003263,PROD00313,2,7663.74,82.26,5034.9
ITEM0005592,ORD003263,PROD00484,1,2424.42,266.58,2018.25
ITEM0005593,ORD003264,PROD00382,1,1221.43,54.57,957.0
ITEM0005594,ORD003264,PROD00251,1,4343.71,138.29,2913.3
ITEM0005595,ORD003265,PROD00010,1,54577.7,3977.3,51528.4
ITEM0005596,ORD003266,PROD00059,1,30563.38,5100.62,31384.32
ITEM0005597,ORD003267,PROD00236,2,8413.46,570.54,5839.6
ITEM0005598,ORD003267,PROD00163,1,46703.66,31.34,41126.8
ITEM0005599,ORD003268,PROD00248,1,4445.42,216.58,3030.3
ITEM0005600,ORD003268,PROD00437,1,20474.12,1602.88,16557.75
ITEM0005601,ORD003269,PROD00213,1,3244.79,111.21,2181.4
ITEM0005602,ORD003270,PROD00068,2,85027.41,334.59,75118.56
ITEM0005603,ORD003270,PROD00456,1,14957.25,1595.75,12414.75
ITEM0005604,ORD003271,PROD00357,1,17349.05,161.95,13133.25
ITEM0005605,ORD003272,PROD00094,2,118944.64,6687.36,110556.16
ITEM0005606,ORD003273,PROD00416,1,1214.58,24.42,929.25
ITEM0005607,ORD003274,PROD00268,1,2459.09,128.91,1682.2
ITEM0005608,ORD003275,PROD00040,1,50370.1,6540.9,50081.68
ITEM0005609,ORD003276,PROD00086,1,63948.14,9195.86,64366.72
ITEM0005610,ORD003277,PROD00350,1,9165.09,713.91,7409.25
ITEM0005611,ORD003277,PROD00349,2,26333.65,814.35,20361.0
ITEM0005612,ORD003277,PROD00456,1,15307.03,1245.97,12414.75
ITEM0005613,ORD003277,PROD00450,1,18320.72,504.28,14118.75
ITEM0005614,ORD003278,PROD00487,1,10354.98,654.02,8256.75
ITEM0005615,ORD003278,PROD00212,1,2191.14,85.86,1480.05
ITEM0005616,ORD003279,PROD00210,1,3814.25,288.75,2666.95
ITEM0005617,ORD003279,PROD00277,1,2012.53,164.47,1415.05
ITEM0005618,ORD003279,PROD00023,1,59965.16,720.84,53403.68
ITEM0005619,ORD003280,PROD00024,1,66073.65,1626.35,59576.0
ITEM0005620,ORD003281,PROD00158,1,69357.65,1779.35,62600.56
ITEM0005621,ORD003281,PROD00396,1,13525.49,446.51,10479.0
ITEM0005622,ORD003281,PROD00067,1,39184.42,3892.58,37907.76
ITEM0005623,ORD003282,PROD00361,1,16914.14,253.86,12876.0
ITEM0005624,ORD003282,PROD00206,2,4359.9,8.1,2839.2
ITEM0005625,ORD003282,PROD00096,1,64280.82,11342.18,66548.24
ITEM0005626,ORD003282,PROD00325,1,4660.16,9.84,3035.5
ITEM0005627,ORD003283,PROD00171,1,1138.31,14.69,749.45
ITEM0005628,ORD003284,PROD00213,1,3205.52,150.48,2181.4
ITEM0005629,ORD003285,PROD00425,1,23175.0,417.0,17694.0
ITEM0005630,ORD003285,PROD00307,1,1342.39,107.61,942.5
ITEM0005631,ORD003286,PROD00031,1,65859.23,1948.77,59671.04
ITEM0005632,ORD003286,PROD00374,2,20017.05,590.95,15456.0
ITEM0005633,ORD003287,PROD00416,1,1177.0,62.0,929.25
ITEM0005634,ORD003288,PROD00021,1,17406.03,1667.97,16785.12
ITEM0005635,ORD003289,PROD00281,1,3680.4,174.6,2505.75
ITEM0005636,ORD003290,PROD00156,1,15073.49,1647.51,14714.48
ITEM0005637,ORD003290,PROD00297,1,3804.99,133.01,2559.7
ITEM0005638,ORD003290,PROD00031,1,58080.91,9727.09,59671.04
ITEM0005639,ORD003291,PROD00240,1,1444.03,2.97,940.55
ITEM0005640,ORD003291,PROD00264,1,1927.81,22.19,1267.5
ITEM0005641,ORD003291,PROD00161,2,116073.43,15738.57,115994.56
ITEM0005642,ORD003292,PROD00278,1,3222.33,19.67,2107.3
ITEM0005643,ORD003292,PROD00381,1,22807.06,1701.94,18381.75
ITEM0005644,ORD003293,PROD00429,1,3993.32,273.68,3200.25
ITEM0005645,ORD003294,PROD00390,1,21362.57,507.43,16402.5
ITEM0005646,ORD003294,PROD00403,1,2942.6,279.4,2416.5
ITEM0005647,ORD003295,PROD00085,1,43833.08,6848.92,44600.16
ITEM0005648,ORD003296,PROD00455,1,19047.47,237.53,14463.75
ITEM0005649,ORD003296,PROD00160,1,7402.73,305.27,6783.04
ITEM0005650,ORD003297,PROD00018,2,32788.57,3825.43,32220.32
ITEM0005651,ORD003298,PROD00090,1,10077.45,1651.55,10321.52
ITEM0005652,ORD003298,PROD00357,1,16660.24,850.76,13133.25
ITEM0005653,ORD003298,PROD00465,1,12925.04,302.96,9921.0
ITEM0005654,ORD003299,PROD00225,1,3873.11,150.89,2615.6
ITEM0005655,ORD003299,PROD00331,2,45977.63,2350.37,36246.0
ITEM0005656,ORD003300,PROD00056,1,32672.59,2195.41,30683.84
ITEM0005657,ORD003301,PROD00116,1,62392.35,7663.65,61649.28
ITEM0005658,ORD003302,PROD00415,3,15419.35,747.65,12125.25
ITEM0005659,ORD003302,PROD00357,1,16937.5,573.5,13133.25
ITEM0005660,ORD003302,PROD00359,1,2908.46,221.54,2347.5
ITEM0005661,ORD003302,PROD00205,1,4442.72,121.28,2966.6
ITEM0005662,ORD003303,PROD00080,1,73929.77,4606.23,69111.68
ITEM0005663,ORD003303,PROD00251,2,8612.33,351.67,5826.6
ITEM0005664,ORD003303,PROD00108,1,73047.85,1304.15,65429.76
ITEM0005665,ORD003304,PROD00003,2,80869.16,11958.84,81688.64
ITEM0005666,ORD003305,PROD00467,2,31905.36,2600.64,25879.5
ITEM0005667,ORD003305,PROD00283,1,809.24,41.76,553.15
ITEM0005668,ORD003306,PROD00106,2,13706.94,63.06,12117.6
ITEM0005669,ORD003307,PROD00264,3,5617.76,232.24,3802.5
ITEM0005670,ORD003307,PROD00210,1,4039.37,63.63,2666.95
ITEM0005671,ORD003308,PROD00172,1,567.72,17.28,380.25
ITEM0005672,ORD003308,PROD00064,1,70795.56,5022.44,66719.84
ITEM0005673,ORD003309,PROD00278,1,3080.04,161.96,2107.3
ITEM0005674,ORD003310,PROD00484,1,2576.59,114.41,2018.25
ITEM0005675,ORD003310,PROD00080,3,210275.05,25332.95,207335.04
ITEM0005676,ORD003311,PROD00369,3,23012.62,1854.38,18650.25
ITEM0005677,ORD003311,PROD00201,1,3525.9,254.1,2457.0
ITEM0005678,ORD003312,PROD00477,1,7910.89,100.11,6008.25
ITEM0005679,ORD003312,PROD00163,1,40964.42,5770.58,41126.8
ITEM0005680,ORD003312,PROD00402,1,9380.77,203.23,7188.0
ITEM0005681,ORD003312,PROD00397,1,5307.02,58.98,4024.5
ITEM0005682,ORD003313,PROD00173,1,2382.95,153.05,1648.4
ITEM0005683,ORD003314,PROD00312,1,647.95,29.05,440.05
ITEM0005684,ORD003315,PROD00283,1,828.91,22.09,553.15
ITEM0005685,ORD003316,PROD00428,1,9563.53,352.47,7437.0
ITEM0005686,ORD003316,PROD00184,2,1648.21,43.79,1099.8
ITEM0005687,ORD003317,PROD00439,2,5337.88,560.12,4423.5
ITEM0005688,ORD003318,PROD00026,1,38244.26,5098.74,38141.84
ITEM0005689,ORD003318,PROD00157,1,42389.31,3646.69,40511.68
ITEM0005690,ORD003319,PROD00427,1,21930.65,2142.35,18054.75
ITEM0005691,ORD003320,PROD00404,1,22390.48,78.52,16851.75
ITEM0005692,ORD003320,PROD00199,1,4072.08,203.92,2779.4
ITEM0005693,ORD003320,PROD00297,1,3723.91,214.09,2559.7
ITEM0005694,ORD003321,PROD00010,1,54189.33,4365.67,51528.4
ITEM0005695,ORD003321,PROD00096,1,75043.57,579.43,66548.24
ITEM0005696,ORD003321,PROD00469,3,16305.46,863.54,12876.75
ITEM0005697,ORD003321,PROD00001,1,59851.96,2137.04,54550.32
ITEM0005698,ORD003322,PROD00409,2,4089.82,192.18,3211.5
ITEM0005699,ORD003323,PROD00120,1,72482.57,1116.43,64767.12
ITEM0005700,ORD003324,PROD00324,1,2730.01,48.99,1806.35
ITEM0005701,ORD003324,PROD00054,1,44372.43,5228.57,43648.88
ITEM0005702,ORD003324,PROD00404,1,21209.38,1259.62,16851.75
ITEM0005703,ORD003324,PROD00115,1,53742.0,7023.0,53473.2
ITEM0005704,ORD003325,PROD00217,1,2180.62,31.38,1437.8
ITEM0005705,ORD003325,PROD00089,1,17598.13,1971.87,17221.6
ITEM0005706,ORD003326,PROD00155,1,46523.92,7453.08,47499.76
ITEM0005707,ORD003326,PROD00334,1,18588.37,28.63,13962.75
ITEM0005708,ORD003326,PROD00140,1,5751.8,736.2,5709.44
ITEM0005709,ORD003327,PROD00426,1,18590.0,1794.0,15288.0
ITEM0005710,ORD003328,PROD00298,2,4242.99,173.01,2870.4
ITEM0005711,ORD003329,PROD00362,1,7125.0,610.0,5801.25
ITEM0005712,ORD003329,PROD00156,1,16243.7,477.3,14714.48
ITEM0005713,ORD003330,PROD00092,2,41974.17,5631.83,41893.28
ITEM0005714,ORD003331,PROD00039,1,30842.03,1669.97,28610.56
ITEM0005715,ORD003332,PROD00461,1,14045.38,286.62,10749.0
ITEM0005716,ORD003332,PROD00336,1,5265.31,183.69,4086.75
ITEM0005717,ORD003333,PROD00123,1,28193.11,690.89,25417.92
ITEM0005718,ORD003334,PROD00225,1,3929.53,94.47,2615.6
ITEM0005719,ORD003335,PROD00104,1,13383.09,2357.91,13852.08
ITEM0005720,ORD003335,PROD00196,1,1574.63,36.37,1047.15
ITEM0005721,ORD003335,PROD00124,1,31482.02,2043.98,29502.88
ITEM0005722,ORD003336,PROD00338,1,4692.42,346.58,3779.25
ITEM0005723,ORD003337,PROD00195,1,928.45,70.55,649.35
ITEM0005724,ORD003337,PROD00058,1,67603.02,7033.98,65680.56
ITEM0005725,ORD003337,PROD00476,1,21458.19,1608.81,17300.25
ITEM0005726,ORD003338,PROD00237,1,2008.57,14.43,1314.95
ITEM0005727,ORD003338,PROD00276,3,8852.54,591.46,6138.6
ITEM0005728,ORD003339,PROD00376,1,15506.66,222.34,11796.75
ITEM0005729,ORD003340,PROD00222,2,6096.03,373.97,4205.5
ITEM0005730,ORD003341,PROD00110,1,36520.54,2910.46,34699.28
ITEM0005731,ORD003341,PROD00486,1,6659.56,645.44,5478.75
ITEM0005732,ORD003342,PROD00127,1,70822.48,3404.52,65319.76
ITEM0005733,ORD003343,PROD00315,1,3920.69,6.31,2552.55
ITEM0005734,ORD003343,PROD00331,1,22199.31,1964.69,18123.0
ITEM0005735,ORD003344,PROD00474,1,22069.89,1667.11,17802.75
ITEM0005736,ORD003345,PROD00465,2,24506.88,1949.12,19842.0
ITEM0005737,ORD003345,PROD00439,1,2867.45,81.55,2211.75
ITEM0005738,ORD003346,PROD00080,1,67571.16,10964.84,69111.68
ITEM0005739,ORD003346,PROD00392,1,1606.9,152.1,1319.25
ITEM0005740,ORD003347,PROD00025,1,28319.27,1320.73,26083.2
ITEM0005741,ORD003348,PROD00347,1,4741.17,184.83,3694.5
ITEM0005742,ORD003349,PROD00153,2,64192.29,261.71,56719.52
ITEM0005743,ORD003349,PROD00127,1,69071.54,5155.46,65319.76
ITEM0005744,ORD003349,PROD00014,1,32665.13,2012.87,30516.64
ITEM0005745,ORD003350,PROD00112,1,15921.54,2038.46,15804.8
ITEM0005746,ORD003350,PROD00037,1,43737.6,1945.4,40201.04
ITEM0005747,ORD003350,PROD00431,1,7409.61,638.39,6036.0
ITEM0005748,ORD003350,PROD00316,1,4475.24,81.76,2962.05
ITEM0005749,ORD003351,PROD00396,1,12722.11,1249.89,10479.0
ITEM0005750,ORD003352,PROD00091,1,26380.95,2100.05,25063.28
ITEM0005751,ORD003352,PROD00434,1,11953.8,1210.2,9873.0
ITEM0005752,ORD003353,PROD00219,3,7351.01,94.99,4839.9
ITEM0005753,ORD003354,PROD00237,1,1925.85,97.15,1314.95
ITEM0005754,ORD003354,PROD00230,1,2317.53,199.47,1636.05
ITEM0005755,ORD003355,PROD00209,1,1628.97,16.03,1069.25
ITEM0005756,ORD003356,PROD00006,2,52759.01,4828.99,50677.44
ITEM0005757,ORD003356,PROD00151,1,51765.97,8969.03,53446.8
ITEM0005758,ORD003357,PROD00493,1,13459.23,40.77,10125.0
ITEM0005759,ORD003357,PROD00137,2,29634.61,1279.39,27204.32
ITEM0005760,ORD003358,PROD00316,2,8604.68,509.32,5924.1
ITEM0005761,ORD003358,PROD00100,1,66073.57,8239.43,65395.44
ITEM0005762,ORD003358,PROD00323,2,9735.52,54.48,6363.5
ITEM0005763,ORD003359,PROD00258,1,3458.83,139.17,2338.7
ITEM0005764,ORD003360,PROD00004,2,24921.25,1486.75,23239.04
ITEM0005765,ORD003360,PROD00059,1,35575.54,88.46,31384.32
ITEM0005766,ORD003360,PROD00216,1,2375.84,133.16,1630.85
ITEM0005767,ORD003361,PROD00191,1,1425.79,81.21,979.55
ITEM0005768,ORD003362,PROD00484,1,2438.79,252.21,2018.25
ITEM0005769,ORD003362,PROD00199,1,3980.9,295.1,2779.4
ITEM0005770,ORD003363,PROD00160,1,6768.77,939.23,6783.04
ITEM0005771,ORD003363,PROD00185,1,939.64,43.36,638.95
ITEM0005772,ORD003363,PROD00280,2,5469.29,438.71,3840.2
ITEM0005773,ORD003364,PROD00030,2,29066.58,3901.42,29011.84
ITEM0005774,ORD003364,PROD00143,1,16133.53,2676.47,16552.8
ITEM0005775,ORD003365,PROD00192,1,809.7,39.3,551.85
ITEM0005776,ORD003365,PROD00285,1,1441.07,77.93,987.35
ITEM0005777,ORD003366,PROD00173,1,2486.06,49.94,1648.4
ITEM0005778,ORD003366,PROD00270,1,1030.17,31.83,690.3
ITEM0005779,ORD003367,PROD00384,1,1271.3,136.7,1056.0
ITEM0005780,ORD003368,PROD00482,1,17514.21,969.79,13863.0
ITEM0005781,ORD003369,PROD00467,1,16503.36,749.64,12939.75
ITEM0005782,ORD003370,PROD00247,1,1499.21,97.79,1038.05
ITEM0005783,ORD003370,PROD00283,2,1652.19,49.81,1106.3
ITEM0005784,ORD003371,PROD00412,1,12267.78,400.22,9501.0
ITEM0005785,ORD003371,PROD00045,1,38025.71,1313.29,34618.32
ITEM0005786,ORD003371,PROD00380,1,7963.3,656.7,6465.0
ITEM0005787,ORD003372,PROD00239,1,3278.89,61.11,2171.0
ITEM0005788,ORD003373,PROD00281,1,3604.5,250.5,2505.75
ITEM0005789,ORD003373,PROD00383,2,39843.28,1808.72,31239.0
ITEM0005790,ORD003374,PROD00205,1,4535.84,28.16,2966.6
ITEM0005791,ORD003375,PROD00344,1,14265.41,654.59,11190.0
ITEM0005792,ORD003376,PROD00039,1,29854.72,2657.28,28610.56
ITEM0005793,ORD003377,PROD00384,1,1405.6,2.4,1056.0
ITEM0005794,ORD003377,PROD00322,1,4441.01,200.99,3017.3
ITEM0005795,ORD003378,PROD00359,1,2828.99,301.01,2347.5
ITEM0005796,ORD003379,PROD00219,1,2309.58,172.42,1613.3
ITEM0005797,ORD003380,PROD00055,2,122463.76,13284.24,119458.24
ITEM0005798,ORD003380,PROD00244,1,2398.85,117.15,1635.4
ITEM0005799,ORD003380,PROD00150,1,72134.46,6301.54,69023.68
ITEM0005800,ORD003381,PROD00432,1,6213.96,14.04,4671.0
ITEM0005801,ORD003381,PROD00116,1,64565.23,5490.77,61649.28
ITEM0005802,ORD003382,PROD00182,3,6912.2,566.8,4861.35
ITEM0005803,ORD003383,PROD00284,1,3377.75,180.25,2312.7
ITEM0005804,ORD003383,PROD00443,1,19964.03,1224.97,15891.75
ITEM0005805,ORD003384,PROD00177,1,2972.58,45.42,1961.7
ITEM0005806,ORD003384,PROD00477,1,7218.68,792.32,6008.25
ITEM0005807,ORD003385,PROD00111,1,42956.97,5130.03,42316.56
ITEM0005808,ORD003385,PROD00305,1,2654.28,61.72,1765.4
ITEM0005809,ORD003385,PROD00459,1,9186.64,193.36,7035.0
ITEM0005810,ORD003386,PROD00349,1,12782.19,791.81,10180.5
ITEM0005811,ORD003386,PROD00356,1,18348.94,2005.06,15265.5
ITEM0005812,ORD003387,PROD00479,1,13305.69,1430.31,11052.0
ITEM0005813,ORD003388,PROD00295,1,1610.09,58.91,1084.85
ITEM0005814,ORD003388,PROD00464,1,6579.45,234.55,5110.5
ITEM0005815,ORD003389,PROD00421,2,5239.35,468.65,4281.0
ITEM0005816,ORD003390,PROD00052,2,131284.97,18245.03,131586.4
ITEM0005817,ORD003391,PROD00473,1,8932.87,751.13,7263.0
ITEM0005818,ORD003391,PROD00246,1,813.79,34.21,551.2
ITEM0005819,ORD003392,PROD00195,3,2949.18,47.82,1948.05
ITEM0005820,ORD003392,PROD00473,1,8912.51,771.49,7263.0
ITEM0005821,ORD003392,PROD00107,1,46619.7,1393.3,42251.44
ITEM0005822,ORD003393,PROD00023,1,56601.12,4084.88,53403.68
ITEM0005823,ORD003393,PROD00221,1,552.62,5.38,362.7
ITEM0005824,ORD003393,PROD00243,1,2779.87,97.13,1870.05
ITEM0005825,ORD003393,PROD00285,1,1482.33,36.67,987.35
ITEM0005826,ORD003394,PROD00317,1,3505.04,288.96,2466.1
ITEM0005827,ORD003394,PROD00424,1,15923.24,1287.76,12908.25
ITEM0005828,ORD003394,PROD00485,1,2083.9,77.1,1620.75
ITEM0005829,ORD003395,PROD00250,1,4347.28,14.72,2835.3
ITEM0005830,ORD003395,PROD00352,1,2000.54,149.46,1612.5
ITEM0005831,ORD003396,PROD00026,1,40290.97,3052.03,38141.84
ITEM0005832,ORD003396,PROD00017,1,10020.95,1532.05,10166.64
ITEM0005833,ORD003396,PROD00134,1,32744.19,4467.81,32746.56
ITEM0005834,ORD003397,PROD00027,1,39195.61,2401.39,36605.36
ITEM0005835,ORD003398,PROD00332,1,8509.62,260.38,6577.5
ITEM0005836,ORD003398,PROD00232,1,3223.44,14.56,2104.7
ITEM0005837,ORD003398,PROD00157,1,39541.56,6494.44,40511.68
ITEM0005838,ORD003399,PROD00194,3,8841.28,710.72,6208.8
ITEM0005839,ORD003400,PROD00015,1,63981.59,4277.41,60067.92
ITEM0005840,ORD003400,PROD00144,3,171788.3,18306.7,167283.6
ITEM0005841,ORD003400,PROD00428,1,9259.62,656.38,7437.0
ITEM0005842,ORD003401,PROD00313,1,3848.04,24.96,2517.45
ITEM0005843,ORD003401,PROD00199,1,4238.82,37.18,2779.4
ITEM0005844,ORD003402,PROD00116,3,197644.8,12523.2,184947.84
ITEM0005845,ORD003403,PROD00346,1,18561.75,786.25,14511.0
ITEM0005846,ORD003403,PROD00324,1,2657.65,121.35,1806.35
ITEM0005847,ORD003404,PROD00360,1,15929.71,1691.29,13215.75
ITEM0005848,ORD003404,PROD00084,3,208635.21,30896.79,210788.16
ITEM0005849,ORD003405,PROD00072,1,35984.28,5313.72,36342.24
ITEM0005850,ORD003406,PROD00426,1,19214.73,1169.27,15288.0
ITEM0005851,ORD003407,PROD00037,1,42965.82,2717.18,40201.04
ITEM0005852,ORD003408,PROD00357,1,16214.03,1296.97,13133.25
ITEM0005853,ORD003408,PROD00228,1,2692.89,198.11,1879.15
ITEM0005854,ORD003408,PROD00155,2,102921.97,5032.03,94999.52
ITEM0005855,ORD003409,PROD00193,1,2734.0,87.0,1833.65
ITEM0005856,ORD003410,PROD00088,1,70960.44,1975.56,64183.68
ITEM0005857,ORD003410,PROD00121,1,18415.1,321.9,16488.56
ITEM0005858,ORD003411,PROD00043,1,47753.07,6538.93,47776.96
ITEM0005859,ORD003411,PROD00021,1,16638.53,2435.47,16785.12
ITEM0005860,ORD003411,PROD00392,1,1758.19,0.81,1319.25
ITEM0005861,ORD003412,PROD00018,2,34790.7,1823.3,32220.32
ITEM0005862,ORD003413,PROD00275,1,4050.17,232.83,2783.95
ITEM0005863,ORD003414,PROD00203,1,3186.48,124.52,2152.15
ITEM0005864,ORD003415,PROD00006,1,28651.02,142.98,25338.72
ITEM0005865,ORD003415,PROD00139,3,139257.97,8081.03,129658.32
ITEM0005866,ORD003415,PROD00067,1,40816.74,2260.26,37907.76
ITEM0005867,ORD003416,PROD00450,1,17189.13,1635.87,14118.75
ITEM0005868,ORD003417,PROD00262,1,2473.8,68.2,1652.3
ITEM0005869,ORD003418,PROD00064,1,65136.03,10681.97,66719.84
ITEM0005870,ORD003419,PROD00322,1,4574.67,67.33,3017.3
ITEM0005871,ORD003419,PROD00365,1,14450.09,1071.91,11641.5
ITEM0005872,ORD003420,PROD00381,1,22292.39,2216.61,18381.75
ITEM0005873,ORD003420,PROD00205,1,4437.82,126.18,2966.6
ITEM0005874,ORD003421,PROD00252,1,1880.61,107.39,1292.2
ITEM0005875,ORD003421,PROD00424,2,33091.05,1330.95,25816.5
ITEM0005876,ORD003422,PROD00412,1,12517.48,150.52,9501.0
ITEM0005877,ORD003422,PROD00451,1,14948.15,1308.85,12192.75
ITEM0005878,ORD003422,PROD00173,1,2392.29,143.71,1648.4
ITEM0005879,ORD003423,PROD00040,1,56437.61,473.39,50081.68
ITEM0005880,ORD003424,PROD00482,1,17511.22,972.78,13863.0
ITEM0005881,ORD003425,PROD00368,1,16243.55,1532.45,13332.0
ITEM0005882,ORD003426,PROD00184,1,795.46,50.54,549.9
ITEM0005883,ORD003427,PROD00162,1,6073.53,484.47,5771.04
ITEM0005884,ORD003428,PROD00295,1,1575.57,93.43,1084.85
ITEM0005885,ORD003428,PROD00081,1,47619.9,5999.1,47184.72
ITEM0005886,ORD003429,PROD00460,2,39362.5,275.5,29728.5
ITEM0005887,ORD003429,PROD00454,1,22647.33,2278.67,18694.5
ITEM0005888,ORD003430,PROD00221,1,540.91,17.09,362.7
ITEM0005889,ORD003431,PROD00028,1,54352.03,653.97,48405.28
ITEM0005890,ORD003431,PROD00078,1,58502.31,3911.69,54924.32
ITEM0005891,ORD003431,PROD00075,1,40471.37,3527.63,38719.12
ITEM0005892,ORD003432,PROD00045,1,38003.24,1335.76,34618.32
ITEM0005893,ORD003433,PROD00432,1,5729.03,498.97,4671.0
ITEM0005894,ORD003433,PROD00035,1,56324.83,774.17,50247.12
ITEM0005895,ORD003434,PROD00028,1,53105.31,1900.69,48405.28
ITEM0005896,ORD003434,PROD00247,1,1524.45,72.55,1038.05
ITEM0005897,ORD003434,PROD00421,1,2620.99,233.01,2140.5
ITEM0005898,ORD003435,PROD00021,1,17732.05,1341.95,16785.12
ITEM0005899,ORD003435,PROD00155,1,46718.09,7258.91,47499.76
ITEM0005900,ORD003435,PROD00073,1,72374.23,74.77,63755.12
ITEM0005901,ORD003435,PROD00437,1,21008.17,1068.83,16557.75
ITEM0005902,ORD003436,PROD00368,2,32931.35,2620.65,26664.0
ITEM0005903,ORD003436,PROD00236,1,4325.79,166.21,2919.8
ITEM0005904,ORD003437,PROD00317,3,11210.61,171.39,7398.3
ITEM0005905,ORD003438,PROD00063,1,14568.64,1570.36,14202.32
ITEM0005906,ORD003438,PROD00442,1,22772.79,1642.21,18311.25
ITEM0005907,ORD003438,PROD00367,1,11875.99,892.01,9576.0
ITEM0005908,ORD003439,PROD00344,1,14531.78,388.22,11190.0
ITEM0005909,ORD003440,PROD00489,1,17626.03,603.97,13672.5
ITEM0005910,ORD003441,PROD00418,1,10060.48,97.52,7618.5
ITEM0005911,ORD003442,PROD00167,1,644.99,18.01,430.95
ITEM0005912,ORD003443,PROD00222,1,3132.28,102.72,2102.75
ITEM0005913,ORD003443,PROD00148,1,41184.09,5184.91,40804.72
ITEM0005914,ORD003444,PROD00443,1,19184.58,2004.42,15891.75
ITEM0005915,ORD003444,PROD00254,1,698.05,31.95,474.5
ITEM0005916,ORD003444,PROD00256,1,4646.85,315.15,3225.3
ITEM0005917,ORD003445,PROD00269,2,4901.96,298.04,3380.0
ITEM0005918,ORD003445,PROD00041,1,19736.23,3161.77,20150.24
ITEM0005919,ORD003446,PROD00267,1,3520.55,73.45,2336.1
ITEM0005920,ORD003446,PROD00292,3,6531.14,227.86,4393.35
ITEM0005921,ORD003446,PROD00446,1,21344.98,439.02,16338.0
ITEM0005922,ORD003447,PROD00177,1,2924.24,93.76,1961.7
ITEM0005923,ORD003447,PROD00348,1,4143.73,318.27,3346.5
ITEM0005924,ORD003448,PROD00175,1,1444.47,84.53,993.85
ITEM0005925,ORD003449,PROD00013,1,44856.76,3060.24,42166.96
ITEM0005926,ORD003449,PROD00195,2,1847.01,150.99,1298.7
ITEM0005927,ORD003450,PROD00491,3,11478.9,1274.1,9564.75
ITEM0005928,ORD003451,PROD00432,2,12307.34,148.66,9342.0
ITEM0005929,ORD003451,PROD00470,1,6808.07,270.93,5309.25
ITEM0005930,ORD003452,PROD00468,1,10755.62,26.38,8086.5
ITEM0005931,ORD003452,PROD00102,1,28015.07,1564.93,26030.4
ITEM0005932,ORD003453,PROD00372,3,23287.72,793.28,18060.75
ITEM0005933,ORD003453,PROD00140,1,5613.81,874.19,5709.44
ITEM0005934,ORD003454,PROD00121,1,16198.23,2538.77,16488.56
ITEM0005935,ORD003454,PROD00098,2,40950.98,5135.02,40555.68
ITEM0005936,ORD003455,PROD00142,1,25994.46,884.54,23653.52
ITEM0005937,ORD003456,PROD00406,1,7822.14,800.86,6467.25
ITEM0005938,ORD003457,PROD00158,1,65133.24,6003.76,62600.56
ITEM0005939,ORD003458,PROD00140,1,5664.9,823.1,5709.44
ITEM0005940,ORD003459,PROD00145,1,59040.64,7302.36,58381.84
ITEM0005941,ORD003459,PROD00476,1,21085.86,1981.14,17300.25
ITEM0005942,ORD003460,PROD00250,1,4153.4,208.6,2835.3
ITEM0005943,ORD003461,PROD00001,1,53106.07,8882.93,54550.32
ITEM0005944,ORD003461,PROD00214,1,4562.86,112.14,3038.75
ITEM0005945,ORD003462,PROD00119,1,50994.05,5282.95,49523.76
ITEM0005946,ORD003463,PROD00251,1,4248.65,233.35,2913.3
ITEM0005947,ORD003464,PROD00019,1,68266.29,3826.71,63441.84
ITEM0005948,ORD003464,PROD00356,1,19037.59,1316.41,15265.5
ITEM0005949,ORD003465,PROD00220,1,935.66,58.34,646.1
ITEM0005950,ORD003465,PROD00342,1,1557.6,139.4,1272.75
ITEM0005951,ORD003466,PROD00475,2,40085.97,4228.03,33235.5
ITEM0005952,ORD003467,PROD00212,1,2178.46,98.54,1480.05
ITEM0005953,ORD003467,PROD00304,1,2547.19,75.81,1704.95
ITEM0005954,ORD003468,PROD00330,2,2777.33,54.67,1840.8
ITEM0005955,ORD003468,PROD00253,1,3968.91,274.09,2757.95
ITEM0005956,ORD003469,PROD00033,1,53310.02,1352.98,48103.44
ITEM0005957,ORD003469,PROD00199,1,4154.69,121.31,2779.4
ITEM0005958,ORD003470,PROD00217,2,4189.14,234.86,2875.6
ITEM0005959,ORD003470,PROD00209,3,4588.9,346.1,3207.75
ITEM0005960,ORD003470,PROD00423,1,23267.33,346.67,17710.5
ITEM0005961,ORD003471,PROD00337,1,15629.26,1457.74,12815.25
ITEM0005962,ORD003471,PROD00069,1,25118.28,2189.72,24031.04
ITEM0005963,ORD003471,PROD00456,1,16507.72,45.28,12414.75
ITEM0005964,ORD003472,PROD00313,1,3594.03,278.97,2517.45
ITEM0005965,ORD003473,PROD00295,1,1662.15,6.85,1084.85
ITEM0005966,ORD003474,PROD00019,1,67132.64,4960.36,63441.84
ITEM0005967,ORD003475,PROD00270,1,1045.22,16.78,690.3
ITEM0005968,ORD003475,PROD00173,1,2457.79,78.21,1648.4
ITEM0005969,ORD003476,PROD00166,1,3481.36,250.64,2425.8
ITEM0005970,ORD003477,PROD00480,1,3955.21,310.79,3199.5
ITEM0005971,ORD003477,PROD00006,1,28366.0,428.0,25338.72
ITEM0005972,ORD003478,PROD00334,1,17230.27,1386.73,13962.75
ITEM0005973,ORD003478,PROD00091,2,48573.38,8388.62,50126.56
ITEM0005974,ORD003479,PROD00304,1,2622.18,0.82,1704.95
ITEM0005975,ORD003479,PROD00148,1,42281.51,4087.49,40804.72
ITEM0005976,ORD003480,PROD00275,1,4058.03,224.97,2783.95
ITEM0005977,ORD003481,PROD00334,1,18534.29,82.71,13962.75
ITEM0005978,ORD003482,PROD00338,1,4653.28,385.72,3779.25
ITEM0005979,ORD003483,PROD00492,1,22773.32,755.68,17646.75
ITEM0005980,ORD003484,PROD00349,1,12611.6,962.4,10180.5
ITEM0005981,ORD003485,PROD00313,1,3593.53,279.47,2517.45
ITEM0005982,ORD003485,PROD00250,1,4161.16,200.84,2835.3
ITEM0005983,ORD003485,PROD00158,2,140327.08,1946.92,125201.12
ITEM0005984,ORD003486,PROD00051,1,10814.78,505.22,9961.6
ITEM0005985,ORD003487,PROD00030,3,42054.08,7397.92,43517.76
ITEM0005986,ORD003487,PROD00160,2,14640.99,775.01,13566.08
ITEM0005987,ORD003488,PROD00344,1,13638.91,1281.09,11190.0
ITEM0005988,ORD003489,PROD00491,1,3862.44,388.56,3188.25
ITEM0005989,ORD003489,PROD00237,1,1997.03,25.97,1314.95
ITEM0005990,ORD003489,PROD00185,1,979.43,3.57,638.95
ITEM0005991,ORD003490,PROD00014,1,31406.59,3271.41,30516.64
ITEM0005992,ORD003490,PROD00452,1,1829.22,92.78,1441.5
ITEM0005993,ORD003491,PROD00051,1,11087.88,232.12,9961.6
ITEM0005994,ORD003491,PROD00076,1,59233.41,5773.59,57206.16
ITEM0005995,ORD003491,PROD00382,1,1253.79,22.21,957.0
ITEM0005996,ORD003492,PROD00345,1,18243.24,870.76,14335.5
ITEM0005997,ORD003492,PROD00307,1,1425.52,24.48,942.5
ITEM0005998,ORD003492,PROD00281,1,3634.42,220.58,2505.75
ITEM0005999,ORD003492,PROD00335,3,46888.55,709.45,35698.5
ITEM0006000,ORD003493,PROD00051,1,11203.36,116.64,9961.6
ITEM0006001,ORD003493,PROD00327,1,2652.96,55.04,1760.2
ITEM0006002,ORD003493,PROD00109,1,38187.25,6035.75,38916.24
ITEM0006003,ORD003494,PROD00187,2,6290.85,83.15,4143.1
ITEM0006004,ORD003495,PROD00326,1,4180.5,40.5,2743.65
ITEM0006005,ORD003495,PROD00378,1,8332.51,894.49,6920.25
ITEM0006006,ORD003495,PROD00317,1,3511.86,282.14,2466.1
ITEM0006007,ORD003496,PROD00121,3,51888.4,4322.6,49465.68
ITEM0006008,ORD003496,PROD00002,1,27345.2,1765.8,25617.68
ITEM0006009,ORD003497,PROD00154,1,30164.63,3803.37,29891.84
ITEM0006010,ORD003497,PROD00378,2,18362.09,91.91,13840.5
ITEM0006011,ORD003498,PROD00170,1,2361.35,113.65,1608.75
ITEM0006012,ORD003499,PROD00271,1,3606.87,269.13,2519.4
ITEM0006013,ORD003500,PROD00178,1,1559.93,41.07,1040.65
ITEM0006014,ORD003501,PROD00200,1,2183.95,8.05,1424.8
ITEM0006015,ORD003501,PROD00177,2,5913.23,122.77,3923.4
ITEM0006016,ORD003502,PROD00182,2,4827.89,158.11,3240.9
ITEM0006017,ORD003503,PROD00122,1,15806.17,71.83,13972.64
ITEM0006018,ORD003503,PROD00142,1,25416.3,1462.7,23653.52
ITEM0006019,ORD003504,PROD00091,2,54060.68,2901.32,50126.56
ITEM0006020,ORD003504,PROD00454,1,24424.45,501.55,18694.5
ITEM0006021,ORD003505,PROD00080,1,78196.4,339.6,69111.68
ITEM0006022,ORD003505,PROD00449,1,9319.78,758.22,7558.5
ITEM0006023,ORD003506,PROD00148,1,43868.64,2500.36,40804.72
ITEM0006024,ORD003506,PROD00200,2,4161.4,222.6,2849.6
ITEM0006025,ORD003507,PROD00467,1,16211.91,1041.09,12939.75
ITEM0006026,ORD003507,PROD00474,1,21681.41,2055.59,17802.75
ITEM0006027,ORD003508,PROD00436,1,18972.95,76.05,14286.75
ITEM0006028,ORD003509,PROD00413,1,14806.02,945.98,11814.0
ITEM0006029,ORD003509,PROD00114,1,28249.57,3765.43,28173.2
ITEM0006030,ORD003510,PROD00285,1,1436.13,82.87,987.35
ITEM0006031,ORD003511,PROD00476,1,20836.87,2230.13,17300.25
ITEM0006032,ORD003512,PROD00256,3,14169.81,716.19,9675.9
ITEM0006033,ORD003512,PROD00401,2,4544.84,43.16,3441.0
ITEM0006034,ORD003513,PROD00470,1,6424.13,654.87,5309.25
ITEM0006035,ORD003514,PROD00153,2,55384.0,9070.0,56719.52
ITEM0006036,ORD003514,PROD00477,1,7984.98,26.02,6008.25
ITEM0006037,ORD003514,PROD00103,1,62055.9,2169.1,56518.0
ITEM0006038,ORD003515,PROD00311,1,2080.23,150.77,1450.15
ITEM0006039,ORD003515,PROD00383,1,20076.4,749.6,15619.5
ITEM0006040,ORD003516,PROD00265,1,4667.82,101.18,3099.85
ITEM0006041,ORD003517,PROD00163,2,81449.36,12020.64,82253.6
ITEM0006042,ORD003518,PROD00420,1,1605.83,38.17,1233.0
ITEM0006043,ORD003518,PROD00468,2,20440.07,1123.93,16173.0
ITEM0006044,ORD003519,PROD00094,2,124966.89,665.11,110556.16
ITEM0006045,ORD003520,PROD00337,2,32811.67,1362.33,25630.5
ITEM0006046,ORD003520,PROD00275,2,8229.39,336.61,5567.9
ITEM0006047,ORD003520,PROD00492,1,22768.34,760.66,17646.75
ITEM0006048,ORD003521,PROD00279,2,9043.1,728.9,6351.8
ITEM0006049,ORD003521,PROD00048,1,7907.09,892.91,7744.0
ITEM0006050,ORD003522,PROD00406,1,8427.6,195.4,6467.25
ITEM0006051,ORD003522,PROD00215,1,3553.27,230.73,2459.6
ITEM0006052,ORD003522,PROD00071,1,53935.8,2164.2,49368.0
ITEM0006053,ORD003523,PROD00028,1,53531.76,1474.24,48405.28
ITEM0006054,ORD003524,PROD00475,1,21101.07,1055.93,16617.75
ITEM0006055,ORD003524,PROD00165,2,36711.56,6458.44,37989.6
ITEM0006056,ORD003525,PROD00077,1,52863.73,725.27,47158.32
ITEM0006057,ORD003525,PROD00252,1,1895.09,92.91,1292.2
ITEM0006058,ORD003525,PROD00174,1,4721.88,141.12,3160.95
ITEM0006059,ORD003526,PROD00198,1,2200.69,37.31,1454.7
ITEM0006060,ORD003527,PROD00284,1,3382.19,175.81,2312.7
ITEM0006061,ORD003528,PROD00087,1,18612.78,2956.22,18980.72
ITEM0006062,ORD003528,PROD00129,1,48799.1,989.9,43814.32
ITEM0006063,ORD003529,PROD00451,1,15310.54,946.46,12192.75
ITEM0006064,ORD003529,PROD00069,3,76137.81,5786.19,72093.12
ITEM0006065,ORD003530,PROD00258,1,3515.38,82.62,2338.7
ITEM0006066,ORD003531,PROD00130,1,52819.64,9119.36,54506.32
ITEM0006067,ORD003531,PROD00394,1,18752.35,103.65,14142.0
ITEM0006068,ORD003531,PROD00461,1,13920.33,411.67,10749.0
ITEM0006069,ORD003531,PROD00324,2,5310.32,247.68,3612.7
ITEM0006070,ORD003532,PROD00246,1,819.67,28.33,551.2
ITEM0006071,ORD003532,PROD00057,3,19200.5,2468.5,19068.72
ITEM0006072,ORD003532,PROD00224,1,3008.67,126.33,2037.75
ITEM0006073,ORD003533,PROD00079,1,26405.96,967.04,24088.24
ITEM0006074,ORD003534,PROD00158,1,64250.99,6886.01,62600.56
ITEM0006075,ORD003534,PROD00045,1,39320.19,18.81,34618.32
ITEM0006076,ORD003535,PROD00309,1,2374.15,8.85,1548.95
ITEM0006077,ORD003535,PROD00473,2,18372.55,995.45,14526.0
ITEM0006078,ORD003536,PROD00185,1,960.02,22.98,638.95
ITEM0006079,ORD003536,PROD00384,1,1314.33,93.67,1056.0
ITEM0006080,ORD003536,PROD00080,1,67820.8,10715.2,69111.68
ITEM0006081,ORD003537,PROD00151,1,56353.39,4381.61,53446.8
ITEM0006082,ORD003538,PROD00051,1,9708.66,1611.34,9961.6
ITEM0006083,ORD003538,PROD00043,1,47471.94,6820.06,47776.96
ITEM0006084,ORD003539,PROD00180,1,3110.73,252.27,2185.95
ITEM0006085,ORD003539,PROD00453,1,19915.05,331.95,15185.25
ITEM0006086,ORD003539,PROD00387,1,11226.7,1212.3,9329.25
ITEM0006087,ORD003540,PROD00283,1,834.85,16.15,553.15
ITEM0006088,ORD003540,PROD00089,1,19360.1,209.9,17221.6
ITEM0006089,ORD003541,PROD00369,1,7723.4,565.6,6216.75
ITEM0006090,ORD003542,PROD00206,1,2166.05,17.95,1419.6
ITEM0006091,ORD003543,PROD00110,1,39112.48,318.52,34699.28
ITEM0006092,ORD003543,PROD00426,1,20268.53,115.47,15288.0
ITEM0006093,ORD003543,PROD00082,1,68442.96,818.04,60949.68
ITEM0006094,ORD003544,PROD00363,1,18449.47,519.53,14226.75
ITEM0006095,ORD003545,PROD00389,2,32898.98,2697.02,26697.0
ITEM0006096,ORD003546,PROD00431,1,7732.44,315.56,6036.0
ITEM0006097,ORD003547,PROD00289,1,494.05,15.95,331.5
ITEM0006098,ORD003548,PROD00345,1,18836.75,277.25,14335.5
ITEM0006099,ORD003548,PROD00476,1,22489.05,577.95,17300.25
ITEM0006100,ORD003548,PROD00048,1,8513.99,286.01,7744.0
ITEM0006101,ORD003549,PROD00481,1,4153.68,381.32,3401.25
ITEM0006102,ORD003550,PROD00493,3,37701.78,2798.22,30375.0
ITEM0006103,ORD003551,PROD00362,2,15344.16,125.84,11602.5
ITEM0006104,ORD003552,PROD00339,1,15331.22,528.78,11895.0
ITEM0006105,ORD003553,PROD00266,1,1097.5,75.5,762.45
ITEM0006106,ORD003554,PROD00400,1,6068.72,398.28,4850.25
ITEM0006107,ORD003554,PROD00449,1,9376.51,701.49,7558.5
ITEM0006108,ORD003555,PROD00278,1,3156.63,85.37,2107.3
ITEM0006109,ORD003555,PROD00407,1,3754.81,30.19,2838.75
ITEM0006110,ORD003556,PROD00473,1,9181.09,502.91,7263.0
ITEM0006111,ORD003557,PROD00477,1,7672.72,338.28,6008.25
ITEM0006112,ORD003558,PROD00026,1,37495.68,5847.32,38141.84
ITEM0006113,ORD003558,PROD00346,1,17776.8,1571.2,14511.0
ITEM0006114,ORD003559,PROD00092,1,21815.43,1987.57,20946.64
ITEM0006115,ORD003559,PROD00012,2,62131.4,3626.6,57867.04
ITEM0006116,ORD003560,PROD00034,2,49958.74,2661.26,46305.6
ITEM0006117,ORD003561,PROD00482,1,17402.39,1081.61,13863.0
ITEM0006118,ORD003561,PROD00010,1,57626.73,928.27,51528.4
ITEM0006119,ORD003561,PROD00205,1,4530.73,33.27,2966.6
ITEM0006120,ORD003562,PROD00251,1,4127.64,354.36,2913.3
ITEM0006121,ORD003562,PROD00103,1,61138.52,3086.48,56518.0
ITEM0006122,ORD003563,PROD00232,1,3212.06,25.94,2104.7
ITEM0006123,ORD003563,PROD00192,3,2430.58,116.42,1655.55
ITEM0006124,ORD003564,PROD00390,1,19761.33,2108.67,16402.5
ITEM0006125,ORD003565,PROD00196,1,1566.65,44.35,1047.15
ITEM0006126,ORD003566,PROD00314,2,1669.64,64.36,1127.1
ITEM0006127,ORD003567,PROD00034,1,23419.83,2890.17,23152.8
ITEM0006128,ORD003567,PROD00321,2,3546.94,289.06,2493.4
ITEM0006129,ORD003568,PROD00315,1,3867.59,59.41,2552.55
ITEM0006130,ORD003569,PROD00201,2,7528.95,31.05,4914.0
ITEM0006131,ORD003570,PROD00378,1,8392.58,834.42,6920.25
ITEM0006132,ORD003570,PROD00468,3,31858.8,487.2,24259.5
ITEM0006133,ORD003571,PROD00104,1,15343.97,397.03,13852.08
ITEM0006134,ORD003572,PROD00103,1,59991.92,4233.08,56518.0
ITEM0006135,ORD003572,PROD00093,1,12273.31,2092.69,12642.08
ITEM0006136,ORD003572,PROD00367,1,12176.84,591.16,9576.0
ITEM0006137,ORD003573,PROD00481,1,4098.17,436.83,3401.25
ITEM0006138,ORD003573,PROD00296,1,4369.85,116.15,2915.9
ITEM0006139,ORD003574,PROD00460,2,36593.88,3044.12,29728.5
ITEM0006140,ORD003574,PROD00032,1,62986.34,37.66,55461.12
ITEM0006141,ORD003575,PROD00063,1,13992.01,2146.99,14202.32
ITEM0006142,ORD003575,PROD00438,1,3265.34,200.66,2599.5
ITEM0006143,ORD003576,PROD00369,1,8219.11,69.89,6216.75
ITEM0006144,ORD003577,PROD00232,1,3102.51,135.49,2104.7
ITEM0006145,ORD003578,PROD00075,1,39426.56,4572.44,38719.12
ITEM0006146,ORD003579,PROD00297,1,3665.45,272.55,2559.7
ITEM0006147,ORD003579,PROD00227,1,3288.97,215.03,2277.6
ITEM0006148,ORD003580,PROD00162,1,5679.17,878.83,5771.04
ITEM0006149,ORD003581,PROD00045,1,33703.74,5635.26,34618.32
ITEM0006150,ORD003582,PROD00459,1,9001.08,378.92,7035.0
ITEM0006151,ORD003583,PROD00095,3,186896.98,10065.02,173326.56
ITEM0006152,ORD003584,PROD00407,1,3523.14,261.86,2838.75
ITEM0006153,ORD003584,PROD00302,1,1325.94,13.06,870.35
ITEM0006154,ORD003584,PROD00264,1,1913.0,37.0,1267.5
ITEM0006155,ORD003585,PROD00422,1,22844.57,1331.43,18132.0
ITEM0006156,ORD003586,PROD00177,1,2809.42,208.58,1961.7
ITEM0006157,ORD003587,PROD00455,2,37040.35,1529.65,28927.5
ITEM0006158,ORD003587,PROD00307,1,1385.69,64.31,942.5
ITEM0006159,ORD003587,PROD00279,1,4693.21,192.79,3175.9
ITEM0006160,ORD003588,PROD00336,1,4969.45,479.55,4086.75
ITEM0006161,ORD003588,PROD00225,1,3968.96,55.04,2615.6
ITEM0006162,ORD003589,PROD00005,1,42893.01,3191.99,40554.8
ITEM0006163,ORD003589,PROD00156,2,28444.34,4997.66,29428.96
ITEM0006164,ORD003589,PROD00209,1,1542.1,102.9,1069.25
ITEM0006165,ORD003590,PROD00279,2,9538.7,233.3,6351.8
ITEM0006166,ORD003591,PROD00468,1,10692.07,89.93,8086.5
ITEM0006167,ORD003591,PROD00077,1,53285.18,303.82,47158.32
ITEM0006168,ORD003591,PROD00139,1,43215.99,5897.01,43219.44
ITEM0006169,ORD003592,PROD00054,1,46206.05,3394.95,43648.88
ITEM0006170,ORD003592,PROD00052,1,73629.77,1135.23,65793.2
ITEM0006171,ORD003592,PROD00354,1,10098.96,897.04,8247.0
ITEM0006172,ORD003593,PROD00093,1,13976.82,389.18,12642.08
ITEM0006173,ORD003593,PROD00048,1,8737.75,62.25,7744.0
ITEM0006174,ORD003593,PROD00193,1,2644.13,176.87,1833.65
ITEM0006175,ORD003593,PROD00288,1,4965.15,13.85,3236.35
ITEM0006176,ORD003594,PROD00183,1,3676.66,317.34,2596.1
ITEM0006177,ORD003595,PROD00360,1,17360.08,260.92,13215.75
ITEM0006178,ORD003596,PROD00089,1,16637.02,2932.98,17221.6
ITEM0006179,ORD003596,PROD00393,1,6548.94,555.06,5328.0
ITEM0006180,ORD003597,PROD00292,1,2088.18,164.82,1464.45
ITEM0006181,ORD003597,PROD00252,1,1926.09,61.91,1292.2
ITEM0006182,ORD003598,PROD00182,1,2368.42,124.58,1620.45
ITEM0006183,ORD003598,PROD00244,1,2379.18,136.82,1635.4
ITEM0006184,ORD003599,PROD00131,3,222545.39,3363.61,198799.92
ITEM0006185,ORD003599,PROD00075,1,39668.75,4330.25,38719.12
ITEM0006186,ORD003600,PROD00195,1,988.46,10.54,649.35
ITEM0006187,ORD003600,PROD00421,1,2712.84,141.16,2140.5
ITEM0006188,ORD003601,PROD00089,1,17378.08,2191.92,17221.6
ITEM0006189,ORD003601,PROD00237,1,1999.86,23.14,1314.95
ITEM0006190,ORD003602,PROD00343,1,21747.57,282.43,16522.5
ITEM0006191,ORD003603,PROD00216,2,4998.1,19.9,3261.7
ITEM0006192,ORD003603,PROD00371,1,7930.98,737.02,6501.0
ITEM0006193,ORD003604,PROD00135,1,66520.49,2925.51,61112.48
ITEM0006194,ORD003604,PROD00061,2,47336.31,5581.69,46567.84
ITEM0006195,ORD003604,PROD00137,1,14462.52,994.48,13602.16
ITEM0006196,ORD003605,PROD00417,1,8975.2,823.8,7349.25
ITEM0006197,ORD003606,PROD00182,1,2366.02,126.98,1620.45
ITEM0006198,ORD003606,PROD00479,1,14032.73,703.27,11052.0
ITEM0006199,ORD003606,PROD00486,1,6963.43,341.57,5478.75
ITEM0006200,ORD003607,PROD00338,1,4839.07,199.93,3779.25
ITEM0006201,ORD003607,PROD00217,1,2166.77,45.23,1437.8
ITEM0006202,ORD003608,PROD00053,1,70824.38,6802.62,68311.76
ITEM0006203,ORD003609,PROD00109,1,43282.29,940.71,38916.24
ITEM0006204,ORD003609,PROD00086,1,62241.53,10902.47,64366.72
ITEM0006205,ORD003610,PROD00146,1,10678.77,480.23,9819.92
ITEM0006206,ORD003611,PROD00009,1,41599.03,3472.97,39663.36
ITEM0006207,ORD003612,PROD00432,1,5843.02,384.98,4671.0
ITEM0006208,ORD003612,PROD00258,1,3476.4,121.6,2338.7
ITEM0006209,ORD003613,PROD00305,1,2599.34,116.66,1765.4
ITEM0006210,ORD003614,PROD00296,1,4370.87,115.13,2915.9
ITEM0006211,ORD003614,PROD00385,3,62820.96,1391.04,48159.0
ITEM0006212,ORD003615,PROD00019,3,197125.89,19153.11,190325.52
ITEM0006213,ORD003616,PROD00140,1,6284.13,203.87,5709.44
ITEM0006214,ORD003616,PROD00463,1,6814.14,192.86,5255.25
ITEM0006215,ORD003616,PROD00493,1,12557.08,942.92,10125.0
ITEM0006216,ORD003617,PROD00419,1,2957.05,214.95,2379.0
ITEM0006217,ORD003618,PROD00075,1,38479.09,5519.91,38719.12
ITEM0006218,ORD003618,PROD00406,1,7837.94,785.06,6467.25
ITEM0006219,ORD003619,PROD00293,1,554.84,12.16,368.55
ITEM0006220,ORD003619,PROD00397,1,5130.2,235.8,4024.5
ITEM0006221,ORD003620,PROD00195,1,955.37,43.63,649.35
ITEM0006222,ORD003620,PROD00415,1,5135.5,253.5,4041.75
ITEM0006223,ORD003621,PROD00078,1,60531.35,1882.65,54924.32
ITEM0006224,ORD003622,PROD00363,1,18077.94,891.06,14226.75
ITEM0006225,ORD003623,PROD00160,2,13133.45,2282.55,13566.08
ITEM0006226,ORD003624,PROD00460,3,56168.81,3288.19,44592.75
ITEM0006227,ORD003625,PROD00245,1,3606.49,111.51,2416.7
ITEM0006228,ORD003625,PROD00008,1,56089.16,7259.84,55747.12
ITEM0006229,ORD003626,PROD00322,1,4494.47,147.53,3017.3
ITEM0006230,ORD003627,PROD00061,1,23038.36,3420.64,23283.92
ITEM0006231,ORD003628,PROD00159,1,71255.64,4321.36,66507.76
ITEM0006232,ORD003628,PROD00102,1,29011.45,568.55,26030.4
ITEM0006233,ORD003628,PROD00131,1,64459.19,10843.81,66266.64
ITEM0006234,ORD003629,PROD00172,1,544.75,40.25,380.25
ITEM0006235,ORD003629,PROD00117,1,24459.9,1495.1,22840.4
ITEM0006236,ORD003629,PROD00304,1,2424.26,198.74,1704.95
ITEM0006237,ORD003630,PROD00368,3,51860.29,1467.71,39996.0
ITEM0006238,ORD003631,PROD00317,1,3518.55,275.45,2466.1
ITEM0006239,ORD003632,PROD00436,1,18345.19,703.81,14286.75
ITEM0006240,ORD003633,PROD00141,2,15102.81,837.19,14027.2
ITEM0006241,ORD003633,PROD00033,1,49139.55,5523.45,48103.44
ITEM0006242,ORD003634,PROD00173,3,7449.2,158.8,4945.2
ITEM0006243,ORD003635,PROD00046,1,42303.17,7451.83,43784.4
ITEM0006244,ORD003635,PROD00073,1,66785.14,5663.86,63755.12
ITEM0006245,ORD003636,PROD00022,1,44980.19,6712.81,45489.84
ITEM0006246,ORD003636,PROD00360,1,15936.93,1684.07,13215.75
ITEM0006247,ORD003636,PROD00378,1,8937.49,289.51,6920.25
ITEM0006248,ORD003636,PROD00306,3,12387.91,251.09,8215.35
ITEM0006249,ORD003637,PROD00388,1,6775.71,548.29,5493.0
ITEM0006250,ORD003637,PROD00309,1,2307.41,75.59,1548.95
ITEM0006251,ORD003638,PROD00012,1,32487.17,391.83,28933.52
ITEM0006252,ORD003639,PROD00423,1,23163.43,450.57,17710.5
ITEM0006253,ORD003640,PROD00088,2,128974.94,16897.06,128367.36
ITEM0006254,ORD003640,PROD00263,2,5583.51,248.49,3790.8
ITEM0006255,ORD003641,PROD00381,1,23572.91,936.09,18381.75
ITEM0006256,ORD003641,PROD00320,1,1894.99,27.01,1249.3
ITEM0006257,ORD003642,PROD00197,1,2933.42,18.58,1918.8
ITEM0006258,ORD003643,PROD00317,2,7106.04,481.96,4932.2
ITEM0006259,ORD003644,PROD00456,1,15881.05,671.95,12414.75
ITEM0006260,ORD003644,PROD00167,1,651.58,11.42,430.95
ITEM0006261,ORD003645,PROD00200,1,2069.27,122.73,1424.8
ITEM0006262,ORD003646,PROD00318,1,2601.11,28.89,1709.5
ITEM0006263,ORD003647,PROD00337,1,15712.04,1374.96,12815.25
ITEM0006264,ORD003647,PROD00242,1,3414.6,196.4,2347.15
ITEM0006265,ORD003647,PROD00143,2,32767.31,4852.69,33105.6
ITEM0006266,ORD003647,PROD00182,1,2363.56,129.44,1620.45
ITEM0006267,ORD003648,PROD00185,1,945.66,37.34,638.95
ITEM0006268,ORD003649,PROD00420,1,1538.66,105.34,1233.0
ITEM0006269,ORD003649,PROD00324,1,2563.12,215.88,1806.35
ITEM0006270,ORD003650,PROD00254,1,687.54,42.46,474.5
ITEM0006271,ORD003650,PROD00064,1,64994.68,10823.32,66719.84
ITEM0006272,ORD003651,PROD00117,1,24220.86,1734.14,22840.4
ITEM0006273,ORD003651,PROD00205,1,4528.78,35.22,2966.6
ITEM0006274,ORD003651,PROD00153,1,27405.52,4821.48,28359.76
ITEM0006275,ORD003652,PROD00229,1,4188.35,0.65,2722.85
ITEM0006276,ORD003653,PROD00057,1,7067.89,155.11,6356.24
ITEM0006277,ORD003654,PROD00133,1,13575.91,2160.09,13847.68
ITEM0006278,ORD003655,PROD00434,1,12734.89,429.11,9873.0
ITEM0006279,ORD003655,PROD00015,2,116524.39,19993.61,120135.84
ITEM0006280,ORD003656,PROD00060,1,44595.8,5018.2,43660.32
ITEM0006281,ORD003656,PROD00083,1,45864.06,2204.94,42300.72
ITEM0006282,ORD003656,PROD00056,2,60199.32,9536.68,61367.68
ITEM0006283,ORD003657,PROD00381,1,22420.11,2088.89,18381.75
ITEM0006284,ORD003657,PROD00118,1,64989.66,8570.34,64732.8
ITEM0006285,ORD003657,PROD00201,1,3641.28,138.72,2457.0
ITEM0006286,ORD003658,PROD00336,1,5251.32,197.68,4086.75
ITEM0006287,ORD003659,PROD00004,2,25540.52,867.48,23239.04
ITEM0006288,ORD003660,PROD00395,1,4843.59,341.41,3888.75
ITEM0006289,ORD003660,PROD00475,3,62355.47,4115.53,49853.25
ITEM0006290,ORD003661,PROD00491,1,3952.52,298.48,3188.25
ITEM0006291,ORD003661,PROD00222,1,3166.51,68.49,2102.75
ITEM0006292,ORD003662,PROD00421,1,2835.91,18.09,2140.5
ITEM0006293,ORD003662,PROD00392,2,3170.51,347.49,2638.5
ITEM0006294,ORD003663,PROD00081,1,48701.69,4917.31,47184.72
ITEM0006295,ORD003663,PROD00435,1,8840.48,29.52,6652.5
ITEM0006296,ORD003663,PROD00087,1,19675.39,1893.61,18980.72
ITEM0006297,ORD003664,PROD00432,1,5703.91,524.09,4671.0
ITEM0006298,ORD003664,PROD00146,1,9939.26,1219.74,9819.92
ITEM0006299,ORD003665,PROD00057,1,6269.16,953.84,6356.24
ITEM0006300,ORD003665,PROD00096,1,70541.9,5081.1,66548.24
ITEM0006301,ORD003665,PROD00308,1,4690.49,141.51,3140.8
ITEM0006302,ORD003665,PROD00259,2,7568.54,145.46,5014.1
ITEM0006303,ORD003666,PROD00106,1,6808.29,76.71,6058.8
ITEM0006304,ORD003666,PROD00027,1,35512.96,6084.04,36605.36
ITEM0006305,ORD003667,PROD00407,1,3450.45,334.55,2838.75
ITEM0006306,ORD003667,PROD00221,1,552.67,5.33,362.7
ITEM0006307,ORD003667,PROD00097,2,28835.34,556.66,25864.96
ITEM0006308,ORD003668,PROD00139,1,46339.8,2773.2,43219.44
ITEM0006309,ORD003668,PROD00408,1,19310.9,1717.1,15771.0
ITEM0006310,ORD003669,PROD00125,2,16639.95,1140.05,15646.4
ITEM0006311,ORD003669,PROD00490,1,14949.97,193.03,11357.25
ITEM0006312,ORD003670,PROD00171,1,1069.26,83.74,749.45
ITEM0006313,ORD003670,PROD00479,1,14402.41,333.59,11052.0
ITEM0006314,ORD003671,PROD00280,1,2909.95,44.05,1920.1
ITEM0006315,ORD003672,PROD00081,1,46487.93,7131.07,47184.72
ITEM0006316,ORD003673,PROD00391,1,13907.6,826.4,11050.5
ITEM0006317,ORD003674,PROD00431,1,7976.58,71.42,6036.0
ITEM0006318,ORD003675,PROD00290,1,1564.43,43.57,1045.2
ITEM0006319,ORD003676,PROD00219,1,2430.79,51.21,1613.3
ITEM0006320,ORD003676,PROD00137,2,27704.41,3209.59,27204.32
ITEM0006321,ORD003676,PROD00486,1,7252.56,52.44,5478.75
ITEM0006322,ORD003677,PROD00055,1,59263.3,8610.7,59729.12
ITEM0006323,ORD003678,PROD00323,1,4841.17,53.83,3181.75
ITEM0006324,ORD003679,PROD00059,1,35051.36,612.64,31384.32
ITEM0006325,ORD003679,PROD00186,2,9006.41,693.59,6305.0
ITEM0006326,ORD003680,PROD00057,1,6532.16,690.84,6356.24
ITEM0006327,ORD003680,PROD00039,1,29159.83,3352.17,28610.56
ITEM0006328,ORD003681,PROD00135,1,68875.43,570.57,61112.48
ITEM0006329,ORD003681,PROD00168,2,2854.91,135.09,1943.5
ITEM0006330,ORD003682,PROD00463,2,13329.78,684.22,10510.5
ITEM0006331,ORD003682,PROD00380,3,24868.48,991.52,19395.0
ITEM0006332,ORD003683,PROD00197,1,2850.93,101.07,1918.8
ITEM0006333,ORD003684,PROD00149,1,22397.35,1975.65,21448.24
ITEM0006334,ORD003684,PROD00015,1,60784.36,7474.64,60067.92
ITEM0006335,ORD003684,PROD00182,1,2353.84,139.16,1620.45
ITEM0006336,ORD003685,PROD00318,1,2587.47,42.53,1709.5
ITEM0006337,ORD003686,PROD00165,1,20969.34,615.66,18994.8
ITEM0006338,ORD003686,PROD00116,1,67000.43,3055.57,61649.28
ITEM0006339,ORD003687,PROD00149,1,23465.75,907.25,21448.24
ITEM0006340,ORD003687,PROD00334,1,18070.52,546.48,13962.75
ITEM0006341,ORD003687,PROD00364,1,14866.3,1530.7,12297.75
ITEM0006342,ORD003688,PROD00190,1,4492.95,121.05,2999.1
ITEM0006343,ORD003688,PROD00277,1,2094.84,82.16,1415.05
ITEM0006344,ORD003689,PROD00210,1,3996.7,106.3,2666.95
ITEM0006345,ORD003689,PROD00404,1,20388.57,2080.43,16851.75
ITEM0006346,ORD003690,PROD00262,1,2531.5,10.5,1652.3
ITEM0006347,ORD003690,PROD00323,1,4810.72,84.28,3181.75
ITEM0006348,ORD003690,PROD00435,1,8537.55,332.45,6652.5
ITEM0006349,ORD003691,PROD00093,1,13085.18,1280.82,12642.08
ITEM0006350,ORD003691,PROD00495,1,2578.06,67.94,1984.5
ITEM0006351,ORD003692,PROD00316,1,4319.24,237.76,2962.05
ITEM0006352,ORD003692,PROD00112,1,17074.0,886.0,15804.8
ITEM0006353,ORD003693,PROD00369,1,7621.19,667.81,6216.75
ITEM0006354,ORD003694,PROD00059,2,62936.2,8391.8,62768.64
ITEM0006355,ORD003695,PROD00335,2,29967.2,1764.8,23799.0
ITEM0006356,ORD003695,PROD00346,1,19202.77,145.23,14511.0
ITEM0006357,ORD003696,PROD00035,1,56476.27,622.73,50247.12
ITEM0006358,ORD003697,PROD00356,1,19908.18,445.82,15265.5
ITEM0006359,ORD003698,PROD00002,1,26301.47,2809.53,25617.68
ITEM0006360,ORD003699,PROD00397,1,5178.67,187.33,4024.5
ITEM0006361,ORD003699,PROD00432,1,6172.33,55.67,4671.0
ITEM0006362,ORD003700,PROD00039,2,64950.14,73.86,57221.12
ITEM0006363,ORD003700,PROD00491,1,3942.19,308.81,3188.25
ITEM0006364,ORD003701,PROD00328,2,6204.63,35.37,4056.0
ITEM0006365,ORD003702,PROD00349,2,27118.28,29.72,20361.0
ITEM0006366,ORD003703,PROD00267,1,3329.83,264.17,2336.1
ITEM0006367,ORD003704,PROD00123,1,26954.7,1929.3,25417.92
ITEM0006368,ORD003705,PROD00404,1,20839.99,1629.01,16851.75
ITEM0006369,ORD003706,PROD00182,1,2348.96,144.04,1620.45
ITEM0006370,ORD003706,PROD00148,1,42945.22,3423.78,40804.72
ITEM0006371,ORD003706,PROD00275,1,4140.4,142.6,2783.95
ITEM0006372,ORD003707,PROD00312,1,625.15,51.85,440.05
ITEM0006373,ORD003707,PROD00370,1,24774.03,220.97,18746.25
ITEM0006374,ORD003707,PROD00021,1,18587.61,486.39,16785.12
ITEM0006375,ORD003708,PROD00338,2,9492.94,585.06,7558.5
ITEM0006376,ORD003708,PROD00164,1,26270.31,4308.69,26909.52
ITEM0006377,ORD003709,PROD00321,1,1911.97,6.03,1246.7
ITEM0006378,ORD003709,PROD00152,1,58037.36,2400.64,53185.44
ITEM0006379,ORD003710,PROD00301,1,4366.44,303.56,3035.5
ITEM0006380,ORD003710,PROD00235,2,4716.56,205.44,3199.3
ITEM0006381,ORD003711,PROD00050,1,17489.2,2211.8,17336.88
ITEM0006382,ORD003712,PROD00017,1,9855.54,1697.46,10166.64
ITEM0006383,ORD003713,PROD00325,1,4496.96,173.04,3035.5
ITEM0006384,ORD003714,PROD00225,2,7786.41,261.59,5231.2
ITEM0006385,ORD003715,PROD00431,2,15150.25,945.75,12072.0
ITEM0006386,ORD003715,PROD00192,1,787.9,61.1,551.85
ITEM0006387,ORD003716,PROD00241,1,1276.32,52.68,863.85
ITEM0006388,ORD003716,PROD00110,1,36178.9,3252.1,34699.28
ITEM0006389,ORD003716,PROD00488,1,13377.93,158.07,10152.0
ITEM0006390,ORD003717,PROD00093,1,12433.22,1932.78,12642.08
ITEM0006391,ORD003717,PROD00309,1,2236.53,146.47,1548.95
ITEM0006392,ORD003718,PROD00446,1,20023.81,1760.19,16338.0
ITEM0006393,ORD003719,PROD00149,1,24362.07,10.93,21448.24
ITEM0006394,ORD003720,PROD00270,1,1018.98,43.02,690.3
ITEM0006395,ORD003720,PROD00295,1,1564.41,104.59,1084.85
ITEM0006396,ORD003721,PROD00424,2,33632.2,789.8,25816.5
ITEM0006397,ORD003722,PROD00245,1,3512.43,205.57,2416.7
ITEM0006398,ORD003722,PROD00310,1,2992.89,103.11,2012.4
ITEM0006399,ORD003722,PROD00167,2,1246.64,79.36,861.9
ITEM0006400,ORD003722,PROD00108,1,69727.0,4625.0,65429.76
ITEM0006401,ORD003723,PROD00150,1,75897.87,2538.13,69023.68
ITEM0006402,ORD003723,PROD00461,1,13385.87,946.13,10749.0
ITEM0006403,ORD003723,PROD00050,1,18558.58,1142.42,17336.88
ITEM0006404,ORD003724,PROD00032,1,57482.35,5541.65,55461.12
ITEM0006405,ORD003724,PROD00114,1,27999.78,4015.22,28173.2
ITEM0006406,ORD003725,PROD00466,1,3248.99,311.01,2670.0
ITEM0006407,ORD003725,PROD00021,1,18001.36,1072.64,16785.12
ITEM0006408,ORD003726,PROD00393,1,6682.38,421.62,5328.0
ITEM0006409,ORD003727,PROD00050,1,19546.95,154.05,17336.88
ITEM0006410,ORD003728,PROD00142,1,26628.94,250.06,23653.52
ITEM0006411,ORD003729,PROD00228,2,5714.52,67.48,3758.3
ITEM0006412,ORD003730,PROD00477,1,7787.59,223.41,6008.25
ITEM0006413,ORD003731,PROD00032,1,56269.06,6754.94,55461.12
ITEM0006414,ORD003731,PROD00046,1,46981.7,2773.3,43784.4
ITEM0006415,ORD003732,PROD00150,1,77641.51,794.49,69023.68
ITEM0006416,ORD003732,PROD00354,2,20259.65,1732.35,16494.0
ITEM0006417,ORD003733,PROD00369,2,16342.99,235.01,12433.5
ITEM0006418,ORD003733,PROD00309,1,2359.63,23.37,1548.95
ITEM0006419,ORD003733,PROD00489,1,18120.39,109.61,13672.5
ITEM0006420,ORD003734,PROD00383,2,41067.55,584.45,31239.0
ITEM0006421,ORD003735,PROD00334,2,33730.82,3503.18,27925.5
ITEM0006422,ORD003736,PROD00284,1,3391.48,166.52,2312.7
ITEM0006423,ORD003737,PROD00010,2,111775.02,5334.98,103056.8
ITEM0006424,ORD003738,PROD00191,1,1459.87,47.13,979.55
ITEM0006425,ORD003739,PROD00373,1,13297.19,963.81,10695.75
ITEM0006426,ORD003740,PROD00256,1,4896.39,65.61,3225.3
ITEM0006427,ORD003741,PROD00015,2,135802.82,715.18,120135.84
ITEM0006428,ORD003742,PROD00178,1,1552.87,48.13,1040.65
ITEM0006429,ORD003742,PROD00381,1,24012.19,496.81,18381.75
ITEM0006430,ORD003742,PROD00260,1,508.04,29.96,349.7
ITEM0006431,ORD003742,PROD00439,1,2892.09,56.91,2211.75
ITEM0006432,ORD003743,PROD00009,1,41330.41,3741.59,39663.36
ITEM0006433,ORD003744,PROD00418,1,9393.83,764.17,7618.5
ITEM0006434,ORD003745,PROD00146,1,10054.28,1104.72,9819.92
ITEM0006435,ORD003745,PROD00086,1,63543.75,9600.25,64366.72
ITEM0006436,ORD003746,PROD00041,1,20100.42,2797.58,20150.24
ITEM0006437,ORD003746,PROD00067,1,42071.83,1005.17,37907.76
ITEM0006438,ORD003746,PROD00160,1,6794.39,913.61,6783.04
ITEM0006439,ORD003747,PROD00106,1,6844.81,40.19,6058.8
ITEM0006440,ORD003747,PROD00009,1,43992.17,1079.83,39663.36
ITEM0006441,ORD003747,PROD00024,2,125130.74,10269.26,119152.0
ITEM0006442,ORD003748,PROD00117,3,73572.71,4292.29,68521.2
ITEM0006443,ORD003748,PROD00240,2,2721.79,172.21,1881.1
ITEM0006444,ORD003748,PROD00381,2,44524.45,4493.55,36763.5
ITEM0006445,ORD003749,PROD00190,1,4437.28,176.72,2999.1
ITEM0006446,ORD003750,PROD00004,1,12440.95,763.05,11619.52
ITEM0006447,ORD003751,PROD00482,2,35073.27,1894.73,27726.0
ITEM0006448,ORD003751,PROD00012,2,63248.19,2509.81,57867.04
ITEM0006449,ORD003752,PROD00166,1,3473.46,258.54,2425.8
ITEM0006450,ORD003753,PROD00444,1,11041.45,101.55,8357.25
ITEM0006451,ORD003753,PROD00473,1,9304.35,379.65,7263.0
ITEM0006452,ORD003754,PROD00439,1,2886.75,62.25,2211.75
ITEM0006453,ORD003755,PROD00051,2,19580.23,3059.77,19923.2
ITEM0006454,ORD003755,PROD00414,1,15933.2,199.8,12099.75
ITEM0006455,ORD003756,PROD00357,3,48168.26,4364.74,39399.75
ITEM0006456,ORD003757,PROD00381,1,23991.12,517.88,18381.75
ITEM0006457,ORD003757,PROD00488,2,25106.37,1965.63,20304.0
ITEM0006458,ORD003758,PROD00040,1,52024.65,4886.35,50081.68
ITEM0006459,ORD003758,PROD00054,1,44163.36,5437.64,43648.88
ITEM0006460,ORD003758,PROD00265,1,4545.91,223.09,3099.85
ITEM0006461,ORD003758,PROD00300,1,1571.98,28.02,1040.0
ITEM0006462,ORD003759,PROD00413,1,14759.19,992.81,11814.0
ITEM0006463,ORD003759,PROD00333,1,10660.96,1108.04,8826.75
ITEM0006464,ORD003760,PROD00440,2,40542.49,2179.51,32041.5
ITEM0006465,ORD003760,PROD00389,1,17073.6,724.4,13348.5
ITEM0006466,ORD003761,PROD00062,1,16644.83,833.17,15380.64
ITEM0006467,ORD003761,PROD00137,3,40753.65,5617.35,40806.48
ITEM0006468,ORD003761,PROD00121,2,35103.82,2370.18,32977.12
ITEM0006469,ORD003762,PROD00368,1,17131.9,644.1,13332.0
ITEM0006470,ORD003763,PROD00488,1,13487.0,49.0,10152.0
ITEM0006471,ORD003763,PROD00420,1,1562.63,81.37,1233.0
ITEM0006472,ORD003763,PROD00304,1,2564.36,58.64,1704.95
ITEM0006473,ORD003764,PROD00177,2,5780.25,255.75,3923.4
ITEM0006474,ORD003765,PROD00015,2,124563.75,11954.25,120135.84
ITEM0006475,ORD003765,PROD00354,1,10477.21,518.79,8247.0
ITEM0006476,ORD003765,PROD00372,2,15127.99,926.01,12040.5
ITEM0006477,ORD003766,PROD00408,1,19142.61,1885.39,15771.0
ITEM0006478,ORD003766,PROD00425,1,22216.95,1375.05,17694.0
ITEM0006479,ORD003766,PROD00476,1,22372.28,694.72,17300.25
ITEM0006480,ORD003767,PROD00423,1,22024.47,1589.53,17710.5
ITEM0006481,ORD003767,PROD00206,1,2125.32,58.68,1419.6
ITEM0006482,ORD003768,PROD00347,1,4873.45,52.55,3694.5
ITEM0006483,ORD003768,PROD00269,1,2548.73,51.27,1690.0
ITEM0006484,ORD003769,PROD00167,1,619.67,43.33,430.95
ITEM0006485,ORD003769,PROD00124,2,60495.14,6556.86,59005.76
ITEM0006486,ORD003769,PROD00216,1,2425.38,83.62,1630.85
ITEM0006487,ORD003770,PROD00343,1,20000.06,2029.94,16522.5
ITEM0006488,ORD003771,PROD00413,3,45879.05,1376.95,35442.0
ITEM0006489,ORD003771,PROD00045,1,37043.64,2295.36,34618.32
ITEM0006490,ORD003772,PROD00356,1,18469.45,1884.55,15265.5
ITEM0006491,ORD003773,PROD00060,1,43148.08,6465.92,43660.32
ITEM0006492,ORD003774,PROD00174,2,9014.02,711.98,6321.9
ITEM0006493,ORD003775,PROD00438,1,3158.13,307.87,2599.5
ITEM0006494,ORD003775,PROD00181,1,1397.13,95.87,970.45
ITEM0006495,ORD003776,PROD00223,2,9704.67,215.33,6448.0
ITEM0006496,ORD003776,PROD00010,1,49910.38,8644.62,51528.4
ITEM0006497,ORD003777,PROD00391,1,14003.57,730.43,11050.5
ITEM0006498,ORD003777,PROD00034,1,23358.15,2951.85,23152.8
ITEM0006499,ORD003778,PROD00110,1,35891.63,3539.37,34699.28
ITEM0006500,ORD003779,PROD00338,2,9118.57,959.43,7558.5
ITEM0006501,ORD003779,PROD00244,1,2506.48,9.52,1635.4
ITEM0006502,ORD003780,PROD00239,1,3123.7,216.3,2171.0
ITEM0006503,ORD003780,PROD00240,1,1424.41,22.59,940.55
ITEM0006504,ORD003780,PROD00141,2,14585.19,1354.81,14027.2
ITEM0006505,ORD003781,PROD00057,1,6494.79,728.21,6356.24
ITEM0006506,ORD003782,PROD00443,2,41414.55,963.45,31783.5
ITEM0006507,ORD003783,PROD00250,1,4033.41,328.59,2835.3
ITEM0006508,ORD003783,PROD00359,1,3099.76,30.24,2347.5
ITEM0006509,ORD003784,PROD00391,1,14550.98,183.02,11050.5
ITEM0006510,ORD003784,PROD00075,1,43191.52,807.48,38719.12
ITEM0006511,ORD003785,PROD00196,2,3168.38,53.62,2094.3
ITEM0006512,ORD003785,PROD00107,1,44808.58,3204.42,42251.44
ITEM0006513,ORD003786,PROD00241,1,1255.9,73.1,863.85
ITEM0006514,ORD003787,PROD00069,1,24452.96,2855.04,24031.04
ITEM0006515,ORD003788,PROD00241,1,1249.99,79.01,863.85
ITEM0006516,ORD003788,PROD00085,1,44748.68,5933.32,44600.16
ITEM0006517,ORD003789,PROD00226,1,1229.28,10.72,806.0
ITEM0006518,ORD003790,PROD00238,1,3163.48,261.52,2226.25
ITEM0006519,ORD003790,PROD00041,1,19859.59,3038.41,20150.24
ITEM0006520,ORD003791,PROD00087,1,21115.4,453.6,18980.72
ITEM0006521,ORD003791,PROD00379,1,3999.48,89.52,3066.75
ITEM0006522,ORD003791,PROD00276,1,2997.86,150.14,2046.2
ITEM0006523,ORD003792,PROD00409,1,2027.81,113.19,1605.75
ITEM0006524,ORD003793,PROD00242,1,3476.2,134.8,2347.15
ITEM0006525,ORD003793,PROD00495,1,2616.62,29.38,1984.5
ITEM0006526,ORD003794,PROD00136,1,65143.51,10473.49,66542.96
ITEM0006527,ORD003794,PROD00482,1,17212.22,1271.78,13863.0
ITEM0006528,ORD003794,PROD00346,2,36606.69,2089.31,29022.0
ITEM0006529,ORD003794,PROD00381,1,24195.17,313.83,18381.75
ITEM0006530,ORD003795,PROD00371,1,8360.64,307.36,6501.0
ITEM0006531,ORD003796,PROD00126,1,30309.14,2204.86,28612.32
ITEM0006532,ORD003796,PROD00302,1,1336.83,2.17,870.35
ITEM0006533,ORD003796,PROD00350,1,9631.55,247.45,7409.25
ITEM0006534,ORD003797,PROD00043,1,53063.52,1228.48,47776.96
ITEM0006535,ORD003797,PROD00111,1,42662.46,5424.54,42316.56
ITEM0006536,ORD003797,PROD00203,2,6604.67,17.33,4304.3
ITEM0006537,ORD003798,PROD00388,1,6596.29,727.71,5493.0
ITEM0006538,ORD003798,PROD00174,1,4535.08,327.92,3160.95
ITEM0006539,ORD003798,PROD00483,1,21231.98,145.02,16032.75
ITEM0006540,ORD003799,PROD00249,1,2374.46,90.54,1602.25
ITEM0006541,ORD003799,PROD00303,1,2641.32,14.68,1726.4
ITEM0006542,ORD003799,PROD00357,1,16256.3,1254.7,13133.25
ITEM0006543,ORD003799,PROD00267,2,6629.16,558.84,4672.2
ITEM0006544,ORD003800,PROD00380,1,8156.69,463.31,6465.0
ITEM0006545,ORD003800,PROD00096,2,142429.61,8816.39,133096.48
ITEM0006546,ORD003801,PROD00298,1,2081.78,126.22,1435.2
ITEM0006547,ORD003801,PROD00266,1,1103.94,69.06,762.45
ITEM0006548,ORD003802,PROD00256,1,4758.93,203.07,3225.3
ITEM0006549,ORD003802,PROD00338,1,4547.47,491.53,3779.25
ITEM0006550,ORD003802,PROD00464,1,6766.08,47.92,5110.5
ITEM0006551,ORD003803,PROD00144,1,57571.42,5793.58,55761.2
ITEM0006552,ORD003803,PROD00003,1,45370.41,1043.59,40844.32
ITEM0006553,ORD003803,PROD00260,3,1565.13,48.87,1049.1
ITEM0006554,ORD003803,PROD00381,1,23328.16,1180.84,18381.75
ITEM0006555,ORD003804,PROD00373,1,12926.66,1334.34,10695.75
ITEM0006556,ORD003804,PROD00371,2,16765.75,570.25,13002.0
ITEM0006557,ORD003804,PROD00430,1,18248.17,1265.83,14635.5
ITEM0006558,ORD003805,PROD00148,1,42503.35,3865.65,40804.72
ITEM0006559,ORD003806,PROD00296,1,4314.04,171.96,2915.9
ITEM0006560,ORD003807,PROD00377,1,1411.77,44.23,1092.0
ITEM0006561,ORD003808,PROD00152,1,54020.97,6417.03,53185.44
ITEM0006562,ORD003808,PROD00443,1,20122.55,1066.45,15891.75
ITEM0006563,ORD003809,PROD00237,1,1978.89,44.11,1314.95
ITEM0006564,ORD003809,PROD00444,1,10527.72,615.28,8357.25
ITEM0006565,ORD003809,PROD00471,1,10456.6,33.4,7867.5
ITEM0006566,ORD003810,PROD00163,1,41918.21,4816.79,41126.8
ITEM0006567,ORD003810,PROD00252,1,1888.23,99.77,1292.2
ITEM0006568,ORD003811,PROD00007,1,18323.75,2696.25,18497.6
ITEM0006569,ORD003811,PROD00249,1,2330.98,134.02,1602.25
ITEM0006570,ORD003811,PROD00071,1,55698.71,401.29,49368.0
ITEM0006571,ORD003812,PROD00254,1,716.51,13.49,474.5
ITEM0006572,ORD003813,PROD00439,2,5888.06,9.94,4423.5
ITEM0006573,ORD003813,PROD00098,1,21975.68,1067.32,20277.84
ITEM0006574,ORD003813,PROD00238,1,3312.94,112.06,2226.25
ITEM0006575,ORD003813,PROD00274,3,4025.63,48.37,2648.1
ITEM0006576,ORD003814,PROD00188,1,4637.0,245.0,3173.3
ITEM0006577,ORD003815,PROD00020,1,72710.3,6282.7,69513.84
ITEM0006578,ORD003815,PROD00353,1,7041.64,613.36,5741.25
ITEM0006579,ORD003816,PROD00113,1,34806.22,5041.78,35066.24
ITEM0006580,ORD003816,PROD00021,1,18012.55,1061.45,16785.12
ITEM0006581,ORD003817,PROD00097,1,14691.99,4.01,12932.48
ITEM0006582,ORD003818,PROD00431,3,23844.92,299.08,18108.0
ITEM0006583,ORD003818,PROD00056,1,33978.08,889.92,30683.84
ITEM0006584,ORD003819,PROD00376,1,15606.45,122.55,11796.75
ITEM0006585,ORD003819,PROD00296,1,4421.8,64.2,2915.9
ITEM0006586,ORD003820,PROD00112,1,16242.45,1717.55,15804.8
ITEM0006587,ORD003821,PROD00458,1,13514.99,257.01,10329.0
ITEM0006588,ORD003821,PROD00062,1,17383.04,94.96,15380.64
ITEM0006589,ORD003822,PROD00044,2,121759.26,964.74,107997.12
ITEM0006590,ORD003822,PROD00201,1,3598.65,181.35,2457.0
ITEM0006591,ORD003823,PROD00001,1,57531.17,4457.83,54550.32
ITEM0006592,ORD003824,PROD00277,1,2063.28,113.72,1415.05
ITEM0006593,ORD003824,PROD00046,1,47339.37,2415.63,43784.4
ITEM0006594,ORD003824,PROD00409,1,2001.28,139.72,1605.75
ITEM0006595,ORD003825,PROD00240,1,1384.8,62.2,940.55
ITEM0006596,ORD003825,PROD00484,1,2581.59,109.41,2018.25
ITEM0006597,ORD003826,PROD00437,2,43701.25,452.75,33115.5
ITEM0006598,ORD003827,PROD00417,1,8819.6,979.4,7349.25
ITEM0006599,ORD003827,PROD00223,1,4843.99,116.01,3224.0
ITEM0006600,ORD003828,PROD00346,3,53321.4,4722.6,43533.0
ITEM0006601,ORD003829,PROD00179,3,8764.1,478.9,6007.95
ITEM0006602,ORD003829,PROD00195,1,996.95,2.05,649.35
ITEM0006603,ORD003830,PROD00222,1,3067.27,167.73,2102.75
ITEM0006604,ORD003830,PROD00393,1,6412.6,691.4,5328.0
ITEM0006605,ORD003831,PROD00360,1,16311.27,1309.73,13215.75
ITEM0006606,ORD003832,PROD00238,1,3399.08,25.92,2226.25
ITEM0006607,ORD003833,PROD00238,2,6327.5,522.5,4452.5
ITEM0006608,ORD003834,PROD00117,1,23710.45,2244.55,22840.4
ITEM0006609,ORD003834,PROD00012,1,28944.25,3934.75,28933.52
ITEM0006610,ORD003835,PROD00299,1,3746.6,211.4,2572.7
ITEM0006611,ORD003835,PROD00233,1,3497.16,162.84,2379.0
ITEM0006612,ORD003835,PROD00413,2,29898.65,1605.35,23628.0
ITEM0006613,ORD003836,PROD00094,2,112221.22,13410.78,110556.16
ITEM0006614,ORD003836,PROD00483,3,63255.78,875.22,48098.25
ITEM0006615,ORD003836,PROD00477,1,7575.91,435.09,6008.25
ITEM0006616,ORD003837,PROD00385,1,19554.69,1849.31,16053.0
ITEM0006617,ORD003838,PROD00032,1,55492.53,7531.47,55461.12
ITEM0006618,ORD003839,PROD00135,1,62957.2,6488.8,61112.48
ITEM0006619,ORD003840,PROD00384,1,1381.83,26.17,1056.0
ITEM0006620,ORD003841,PROD00175,1,1475.85,53.15,993.85
ITEM0006621,ORD003842,PROD00075,1,42875.35,1123.65,38719.12
ITEM0006622,ORD003843,PROD00139,3,139397.33,7941.67,129658.32
ITEM0006623,ORD003844,PROD00327,1,2577.72,130.28,1760.2
ITEM0006624,ORD003845,PROD00365,2,28118.1,2925.9,23283.0
ITEM0006625,ORD003845,PROD00091,1,25543.51,2937.49,25063.28
ITEM0006626,ORD003846,PROD00269,3,7638.87,161.13,5070.0
ITEM0006627,ORD003846,PROD00005,1,42372.07,3712.93,40554.8
ITEM0006628,ORD003847,PROD00041,1,21280.9,1617.1,20150.24
ITEM0006629,ORD003848,PROD00483,1,19263.98,2113.02,16032.75
ITEM0006630,ORD003849,PROD00155,1,48311.45,5665.55,47499.76
ITEM0006631,ORD003849,PROD00444,1,10257.67,885.33,8357.25
ITEM0006632,ORD003849,PROD00446,1,21745.89,38.11,16338.0
ITEM0006633,ORD003850,PROD00045,1,36233.37,3105.63,34618.32
ITEM0006634,ORD003851,PROD00293,2,1049.71,84.29,737.1
ITEM0006635,ORD003852,PROD00430,1,18273.64,1240.36,14635.5
ITEM0006636,ORD003852,PROD00263,1,2799.14,116.86,1895.4
ITEM0006637,ORD003852,PROD00122,1,13798.32,2079.68,13972.64
ITEM0006638,ORD003853,PROD00423,1,21601.72,2012.28,17710.5
ITEM0006639,ORD003853,PROD00468,1,10436.14,345.86,8086.5
ITEM0006640,ORD003853,PROD00211,1,1143.87,2.13,744.9
ITEM0006641,ORD003853,PROD00380,3,23609.68,2250.32,19395.0
ITEM0006642,ORD003854,PROD00146,2,21657.71,660.29,19639.84
ITEM0006643,ORD003854,PROD00035,1,55656.01,1442.99,50247.12
ITEM0006644,ORD003855,PROD00369,2,15319.72,1258.28,12433.5
ITEM0006645,ORD003856,PROD00303,1,2596.01,59.99,1726.4
ITEM0006646,ORD003857,PROD00458,2,25235.25,2308.75,20658.0
ITEM0006647,ORD003857,PROD00193,1,2619.93,201.07,1833.65
ITEM0006648,ORD003857,PROD00190,1,4531.84,82.16,2999.1
ITEM0006649,ORD003858,PROD00104,1,13681.25,2059.75,13852.08
ITEM0006650,ORD003858,PROD00164,1,28760.61,1818.39,26909.52
ITEM0006651,ORD003859,PROD00429,3,12379.19,421.81,9600.75
ITEM0006652,ORD003860,PROD00373,2,25676.82,2845.18,21391.5
ITEM0006653,ORD003861,PROD00100,1,65261.86,9051.14,65395.44
ITEM0006654,ORD003861,PROD00370,1,23808.82,1186.18,18746.25
ITEM0006655,ORD003861,PROD00348,1,4149.61,312.39,3346.5
ITEM0006656,ORD003861,PROD00428,1,9794.48,121.52,7437.0
ITEM0006657,ORD003862,PROD00352,1,2082.18,67.82,1612.5
ITEM0006658,ORD003863,PROD00197,1,2859.42,92.58,1918.8
ITEM0006659,ORD003863,PROD00184,1,840.3,5.7,549.9
ITEM0006660,ORD003864,PROD00307,2,2857.39,42.61,1885.0
ITEM0006661,ORD003864,PROD00116,2,126606.87,13505.13,123298.56
ITEM0006662,ORD003864,PROD00316,2,8948.78,165.22,5924.1
ITEM0006663,ORD003865,PROD00466,1,3437.3,122.7,2670.0
ITEM0006664,ORD003866,PROD00395,1,4857.91,327.09,3888.75
ITEM0006665,ORD003866,PROD00146,1,9925.6,1233.4,9819.92
ITEM0006666,ORD003867,PROD00060,1,46117.87,3496.13,43660.32
ITEM0006667,ORD003868,PROD00024,1,64828.61,2871.39,59576.0
ITEM0006668,ORD003869,PROD00430,1,17616.78,1897.22,14635.5
ITEM0006669,ORD003870,PROD00472,1,1379.25,78.75,1093.5
ITEM0006670,ORD003870,PROD00159,2,149898.35,1255.65,133015.52
ITEM0006671,ORD003870,PROD00313,1,3839.2,33.8,2517.45
ITEM0006672,ORD003871,PROD00193,1,2702.97,118.03,1833.65
ITEM0006673,ORD003872,PROD00220,2,1955.6,32.4,1292.2
ITEM0006674,ORD003872,PROD00410,1,22555.14,2173.86,18546.75
ITEM0006675,ORD003873,PROD00208,1,3515.16,277.84,2465.45
ITEM0006676,ORD003873,PROD00092,3,69890.89,1518.11,62839.92
ITEM0006677,ORD003873,PROD00074,1,68251.3,4473.7,63998.0
ITEM0006678,ORD003874,PROD00119,3,167416.03,1414.97,148571.28
ITEM0006679,ORD003875,PROD00463,1,6476.04,530.96,5255.25
ITEM0006680,ORD003875,PROD00082,2,124677.99,13844.01,121899.36
ITEM0006681,ORD003875,PROD00255,1,1694.57,102.43,1168.05
ITEM0006682,ORD003876,PROD00211,1,1058.28,87.72,744.9
ITEM0006683,ORD003876,PROD00181,1,1443.23,49.77,970.45
ITEM0006684,ORD003876,PROD00355,1,7701.62,122.38,5868.0
ITEM0006685,ORD003876,PROD00411,1,20257.73,2118.27,16782.0
ITEM0006686,ORD003877,PROD00441,1,15447.31,1369.69,12612.75
ITEM0006687,ORD003877,PROD00469,1,5466.28,256.72,4292.25
ITEM0006688,ORD003877,PROD00299,1,3874.86,83.14,2572.7
ITEM0006689,ORD003878,PROD00466,1,3452.75,107.25,2670.0
ITEM0006690,ORD003878,PROD00095,1,64934.14,719.86,57775.52
ITEM0006691,ORD003879,PROD00245,1,3550.86,167.14,2416.7
ITEM0006692,ORD003879,PROD00263,1,2767.21,148.79,1895.4
ITEM0006693,ORD003879,PROD00414,1,14527.93,1605.07,12099.75
ITEM0006694,ORD003880,PROD00392,1,1673.99,85.01,1319.25
ITEM0006695,ORD003881,PROD00021,1,18826.06,247.94,16785.12
ITEM0006696,ORD003881,PROD00273,1,751.85,34.15,510.9
ITEM0006697,ORD003882,PROD00158,3,195884.16,17526.84,187801.68
ITEM0006698,ORD003883,PROD00022,1,44374.8,7318.2,45489.84
ITEM0006699,ORD003883,PROD00432,2,11723.2,732.8,9342.0
ITEM0006700,ORD003884,PROD00336,1,4940.48,508.52,4086.75
ITEM0006701,ORD003885,PROD00039,1,29410.71,3101.29,28610.56
ITEM0006702,ORD003886,PROD00103,1,59155.99,5069.01,56518.0
ITEM0006703,ORD003887,PROD00149,1,22490.23,1882.77,21448.24
ITEM0006704,ORD003887,PROD00402,2,18565.2,602.8,14376.0
ITEM0006705,ORD003887,PROD00264,1,1810.41,139.59,1267.5
ITEM0006706,ORD003888,PROD00249,1,2268.87,196.13,1602.25
ITEM0006707,ORD003888,PROD00185,1,916.19,66.81,638.95
ITEM0006708,ORD003889,PROD00035,1,51960.41,5138.59,50247.12
ITEM0006709,ORD003889,PROD00424,1,16421.95,789.05,12908.25
ITEM0006710,ORD003890,PROD00352,1,1952.91,197.09,1612.5
ITEM0006711,ORD003890,PROD00138,2,71291.27,10824.73,72262.08
ITEM0006712,ORD003891,PROD00334,3,52547.7,3303.3,41888.25
ITEM0006713,ORD003891,PROD00032,1,61773.96,1250.04,55461.12
ITEM0006714,ORD003892,PROD00228,1,2851.58,39.42,1879.15
ITEM0006715,ORD003893,PROD00223,1,4905.13,54.87,3224.0
ITEM0006716,ORD003893,PROD00110,2,73997.64,4864.36,69398.56
ITEM0006717,ORD003893,PROD00025,2,53790.95,5489.05,52166.4
ITEM0006718,ORD003894,PROD00101,1,65915.51,9921.49,66736.56
ITEM0006719,ORD003894,PROD00387,2,23892.84,985.16,18658.5
ITEM0006720,ORD003894,PROD00475,1,21282.97,874.03,16617.75
ITEM0006721,ORD003895,PROD00324,2,5205.25,352.75,3612.7
ITEM0006722,ORD003896,PROD00105,1,57223.25,8347.75,57702.48
ITEM0006723,ORD003897,PROD00095,1,63304.07,2349.93,57775.52
ITEM0006724,ORD003898,PROD00397,1,5357.1,8.9,4024.5
ITEM0006725,ORD003899,PROD00113,1,39832.43,15.57,35066.24
ITEM0006726,ORD003899,PROD00328,1,2987.52,132.48,2028.0
ITEM0006727,ORD003900,PROD00230,1,2319.06,197.94,1636.05
ITEM0006728,ORD003901,PROD00457,1,5446.73,501.27,4461.0
ITEM0006729,ORD003902,PROD00016,1,64806.95,7283.05,63439.2
ITEM0006730,ORD003902,PROD00008,1,58130.8,5218.2,55747.12
ITEM0006731,ORD003903,PROD00415,1,5239.32,149.68,4041.75
ITEM0006732,ORD003903,PROD00301,3,12965.16,1044.84,9106.5
ITEM0006733,ORD003904,PROD00450,1,17245.62,1579.38,14118.75
ITEM0006734,ORD003905,PROD00009,1,44539.67,532.33,39663.36
ITEM0006735,ORD003905,PROD00385,1,21053.76,350.24,16053.0
ITEM0006736,ORD003906,PROD00255,1,1724.58,72.42,1168.05
ITEM0006737,ORD003907,PROD00211,1,1143.37,2.63,744.9
ITEM0006738,ORD003907,PROD00305,1,2656.94,59.06,1765.4
ITEM0006739,ORD003907,PROD00022,1,48588.71,3104.29,45489.84
ITEM0006740,ORD003908,PROD00005,1,39914.11,6170.89,40554.8
ITEM0006741,ORD003908,PROD00141,1,6997.19,972.81,7013.6
ITEM0006742,ORD003909,PROD00369,1,7804.32,484.68,6216.75
ITEM0006743,ORD003909,PROD00286,1,801.8,4.2,523.9
ITEM0006744,ORD003910,PROD00178,1,1571.07,29.93,1040.65
ITEM0006745,ORD003911,PROD00194,2,6122.21,245.79,4139.2
ITEM0006746,ORD003911,PROD00480,2,8191.38,340.62,6399.0
ITEM0006747,ORD003912,PROD00250,1,4356.9,5.1,2835.3
ITEM0006748,ORD003913,PROD00434,3,38574.97,917.03,29619.0
ITEM0006749,ORD003913,PROD00222,1,3230.64,4.36,2102.75
ITEM0006750,ORD003913,PROD00435,1,8721.8,148.2,6652.5
ITEM0006751,ORD003914,PROD00388,1,7068.85,255.15,5493.0
ITEM0006752,ORD003915,PROD00487,1,10729.37,279.63,8256.75
ITEM0006753,ORD003916,PROD00023,1,58123.56,2562.44,53403.68
ITEM0006754,ORD003917,PROD00136,1,72981.1,2635.9,66542.96
ITEM0006755,ORD003917,PROD00382,2,2419.03,132.97,1914.0
ITEM0006756,ORD003917,PROD00262,2,4749.49,334.51,3304.6
ITEM0006757,ORD003918,PROD00405,1,6438.11,144.89,4937.25
ITEM0006758,ORD003919,PROD00446,1,20800.59,983.41,16338.0
ITEM0006759,ORD003919,PROD00185,1,949.68,33.32,638.95
ITEM0006760,ORD003920,PROD00093,1,13094.65,1271.35,12642.08
ITEM0006761,ORD003921,PROD00150,1,71040.06,7395.94,69023.68
ITEM0006762,ORD003921,PROD00378,2,17900.73,553.27,13840.5
ITEM0006763,ORD003921,PROD00424,1,15918.32,1292.68,12908.25
ITEM0006764,ORD003921,PROD00439,1,2797.45,151.55,2211.75
ITEM0006765,ORD003922,PROD00119,1,50954.6,5322.4,49523.76
ITEM0006766,ORD003922,PROD00129,2,89290.37,10287.63,87628.64
ITEM0006767,ORD003922,PROD00228,1,2881.58,9.42,1879.15
ITEM0006768,ORD003923,PROD00341,1,6971.14,468.86,5580.0
ITEM0006769,ORD003923,PROD00412,2,24550.5,785.5,19002.0
ITEM0006770,ORD003923,PROD00284,1,3520.67,37.33,2312.7
ITEM0006771,ORD003924,PROD00056,1,34833.19,34.81,30683.84
ITEM0006772,ORD003925,PROD00260,1,504.65,33.35,349.7
ITEM0006773,ORD003925,PROD00294,1,2551.95,111.05,1730.95
ITEM0006774,ORD003926,PROD00374,1,9737.5,566.5,7728.0
ITEM0006775,ORD003926,PROD00132,1,19704.3,247.7,17557.76
ITEM0006776,ORD003926,PROD00412,1,12036.97,631.03,9501.0
ITEM0006777,ORD003927,PROD00232,1,2994.33,243.67,2104.7
ITEM0006778,ORD003927,PROD00391,1,14559.59,174.41,11050.5
ITEM0006779,ORD003928,PROD00464,1,6625.54,188.46,5110.5
ITEM0006780,ORD003929,PROD00465,1,12575.98,652.02,9921.0
ITEM0006781,ORD003929,PROD00386,1,4534.84,158.16,3519.75
ITEM0006782,ORD003929,PROD00377,1,1386.03,69.97,1092.0
ITEM0006783,ORD003929,PROD00350,1,9492.64,386.36,7409.25
ITEM0006784,ORD003930,PROD00472,1,1443.94,14.06,1093.5
ITEM0006785,ORD003931,PROD00220,1,972.15,21.85,646.1
ITEM0006786,ORD003931,PROD00043,1,46501.41,7790.59,47776.96
ITEM0006787,ORD003932,PROD00052,1,70861.34,3903.66,65793.2
ITEM0006788,ORD003933,PROD00247,1,1476.69,120.31,1038.05
ITEM0006789,ORD003934,PROD00324,1,2730.21,48.79,1806.35
ITEM0006790,ORD003934,PROD00030,1,15559.95,924.05,14505.92
ITEM0006791,ORD003934,PROD00262,1,2343.81,198.19,1652.3
ITEM0006792,ORD003935,PROD00229,3,12413.84,153.16,8168.55
ITEM0006793,ORD003935,PROD00363,1,17147.46,1821.54,14226.75
ITEM0006794,ORD003936,PROD00473,1,9160.71,523.29,7263.0
ITEM0006795,ORD003937,PROD00294,1,2504.39,158.61,1730.95
ITEM0006796,ORD003938,PROD00258,1,3405.21,192.79,2338.7
ITEM0006797,ORD003938,PROD00189,3,3840.37,140.63,2587.65
ITEM0006798,ORD003938,PROD00037,2,86105.58,5260.42,80402.08
ITEM0006799,ORD003939,PROD00026,1,40732.31,2610.69,38141.84
ITEM0006800,ORD003940,PROD00451,1,15042.39,1214.61,12192.75
ITEM0006801,ORD003940,PROD00400,1,6360.46,106.54,4850.25
ITEM0006802,ORD003940,PROD00057,1,6448.42,774.58,6356.24
ITEM0006803,ORD003941,PROD00429,1,4247.61,19.39,3200.25
ITEM0006804,ORD003941,PROD00067,1,37241.76,5835.24,37907.76
ITEM0006805,ORD003941,PROD00223,1,4739.68,220.32,3224.0
ITEM0006806,ORD003941,PROD00329,1,3170.62,201.38,2191.8
ITEM0006807,ORD003942,PROD00157,2,79237.8,12834.2,81023.36
ITEM0006808,ORD003942,PROD00032,1,60045.69,2978.31,55461.12
ITEM0006809,ORD003943,PROD00313,1,3678.26,194.74,2517.45
ITEM0006810,ORD003944,PROD00343,1,21035.92,994.08,16522.5
ITEM0006811,ORD003945,PROD00040,1,53987.02,2923.98,50081.68
ITEM0006812,ORD003946,PROD00158,3,181522.84,31888.16,187801.68
ITEM0006813,ORD003946,PROD00418,1,9256.27,901.73,7618.5
ITEM0006814,ORD003946,PROD00045,1,38229.06,1109.94,34618.32
ITEM0006815,ORD003947,PROD00267,1,3507.97,86.03,2336.1
ITEM0006816,ORD003947,PROD00050,1,18014.91,1686.09,17336.88
ITEM0006817,ORD003948,PROD00072,1,37695.42,3602.58,36342.24
ITEM0006818,ORD003948,PROD00408,1,20759.28,268.72,15771.0
ITEM0006819,ORD003948,PROD00240,1,1332.47,114.53,940.55
ITEM0006820,ORD003948,PROD00120,1,64578.07,9020.93,64767.12
ITEM0006821,ORD003949,PROD00289,2,1013.53,6.47,663.0
ITEM0006822,ORD003950,PROD00454,1,24837.29,88.71,18694.5
ITEM0006823,ORD003950,PROD00262,1,2465.4,76.6,1652.3
ITEM0006824,ORD003951,PROD00464,1,6278.64,535.36,5110.5
ITEM0006825,ORD003951,PROD00034,2,49835.74,2784.26,46305.6
ITEM0006826,ORD003952,PROD00430,1,19209.11,304.89,14635.5
ITEM0006827,ORD003953,PROD00134,1,34898.03,2313.97,32746.56
ITEM0006828,ORD003954,PROD00473,1,9637.53,46.47,7263.0
ITEM0006829,ORD003954,PROD00098,1,20190.84,2852.16,20277.84
ITEM0006830,ORD003955,PROD00367,1,12316.91,451.09,9576.0
ITEM0006831,ORD003955,PROD00451,2,29651.48,2862.52,24385.5
ITEM0006832,ORD003955,PROD00187,3,9462.23,98.77,6214.65
ITEM0006833,ORD003955,PROD00248,1,4400.68,261.32,3030.3
ITEM0006834,ORD003956,PROD00244,1,2346.4,169.6,1635.4
ITEM0006835,ORD003956,PROD00332,1,7932.86,837.14,6577.5
ITEM0006836,ORD003957,PROD00055,1,63064.1,4809.9,59729.12
ITEM0006837,ORD003957,PROD00353,2,15186.17,123.83,11482.5
ITEM0006838,ORD003957,PROD00033,1,48089.33,6573.67,48103.44
ITEM0006839,ORD003958,PROD00302,1,1271.45,67.55,870.35
ITEM0006840,ORD003958,PROD00404,1,21939.07,529.93,16851.75
ITEM0006841,ORD003959,PROD00238,1,3325.25,99.75,2226.25
ITEM0006842,ORD003960,PROD00390,3,60174.28,5435.72,49207.5
ITEM0006843,ORD003960,PROD00055,1,62913.99,4960.01,59729.12
ITEM0006844,ORD003960,PROD00005,1,40631.95,5453.05,40554.8
ITEM0006845,ORD003961,PROD00265,1,4543.25,225.75,3099.85
ITEM0006846,ORD003962,PROD00456,1,15862.81,690.19,12414.75
ITEM0006847,ORD003963,PROD00434,1,13055.67,108.33,9873.0
ITEM0006848,ORD003964,PROD00112,1,16596.04,1363.96,15804.8
ITEM0006849,ORD003964,PROD00242,1,3423.56,187.44,2347.15
ITEM0006850,ORD003965,PROD00242,1,3584.19,26.81,2347.15
ITEM0006851,ORD003966,PROD00463,1,6319.02,687.98,5255.25
ITEM0006852,ORD003966,PROD00362,3,22906.09,298.91,17403.75
ITEM0006853,ORD003967,PROD00027,3,106225.94,18565.06,109816.08
ITEM0006854,ORD003968,PROD00261,2,6388.49,231.51,4303.0
ITEM0006855,ORD003969,PROD00258,1,3592.87,5.13,2338.7
ITEM0006856,ORD003969,PROD00057,1,6799.78,423.22,6356.24
ITEM0006857,ORD003970,PROD00099,1,40874.1,3346.9,38914.48
ITEM0006858,ORD003970,PROD00379,1,3986.93,102.07,3066.75
ITEM0006859,ORD003971,PROD00442,2,47379.68,1450.32,36622.5
ITEM0006860,ORD003971,PROD00359,1,2850.27,279.73,2347.5
ITEM0006861,ORD003971,PROD00272,1,1082.07,44.93,732.55
ITEM0006862,ORD003972,PROD00077,1,52543.0,1046.0,47158.32
ITEM0006863,ORD003973,PROD00361,2,33238.49,1097.51,25752.0
ITEM0006864,ORD003973,PROD00359,1,3066.33,63.67,2347.5
ITEM0006865,ORD003974,PROD00413,1,14496.38,1255.62,11814.0
ITEM0006866,ORD003975,PROD00094,1,61753.29,1062.71,55278.08
ITEM0006867,ORD003976,PROD00018,1,16546.87,1760.13,16110.16
ITEM0006868,ORD003976,PROD00408,1,19032.27,1995.73,15771.0
ITEM0006869,ORD003976,PROD00436,1,18848.7,200.3,14286.75
ITEM0006870,ORD003977,PROD00236,1,4313.85,178.15,2919.8
ITEM0006871,ORD003977,PROD00264,1,1918.22,31.78,1267.5
ITEM0006872,ORD003978,PROD00385,3,62017.0,2195.0,48159.0
ITEM0006873,ORD003979,PROD00239,1,3284.52,55.48,2171.0
ITEM0006874,ORD003980,PROD00103,1,61216.19,3008.81,56518.0
ITEM0006875,ORD003980,PROD00231,1,1158.12,45.88,782.6
ITEM0006876,ORD003981,PROD00162,2,12545.25,570.75,11542.08
ITEM0006877,ORD003982,PROD00474,1,22360.75,1376.25,17802.75
ITEM0006878,ORD003982,PROD00449,1,9079.02,998.98,7558.5
ITEM0006879,ORD003983,PROD00382,2,2517.7,34.3,1914.0
ITEM0006880,ORD003984,PROD00121,1,16532.16,2204.84,16488.56
ITEM0006881,ORD003985,PROD00018,1,15588.31,2718.69,16110.16
ITEM0006882,ORD003986,PROD00286,2,1556.75,55.25,1047.8
ITEM0006883,ORD003987,PROD00204,1,4720.63,128.37,3151.85
ITEM0006884,ORD003988,PROD00280,1,2796.32,157.68,1920.1
ITEM0006885,ORD003988,PROD00465,1,12422.26,805.74,9921.0
ITEM0006886,ORD003989,PROD00168,1,1455.12,39.88,971.75
ITEM0006887,ORD003990,PROD00479,1,13802.43,933.57,11052.0
ITEM0006888,ORD003991,PROD00039,1,32318.92,193.08,28610.56
ITEM0006889,ORD003991,PROD00010,3,159876.01,15788.99,154585.2
ITEM0006890,ORD003992,PROD00187,1,3148.94,38.06,2071.55
ITEM0006891,ORD003993,PROD00004,1,12165.24,1038.76,11619.52
ITEM0006892,ORD003993,PROD00286,1,777.54,28.46,523.9
ITEM0006893,ORD003994,PROD00186,1,4737.3,112.7,3152.5
ITEM0006894,ORD003995,PROD00382,1,1208.54,67.46,957.0
ITEM0006895,ORD003995,PROD00125,1,8576.76,313.24,7823.2
ITEM0006896,ORD003995,PROD00354,2,20155.59,1836.41,16494.0
ITEM0006897,ORD003996,PROD00436,2,36009.49,2088.51,28573.5
ITEM0006898,ORD003997,PROD00475,1,21375.8,781.2,16617.75
ITEM0006899,ORD003998,PROD00236,2,8528.41,455.59,5839.6
ITEM0006900,ORD003999,PROD00474,1,22613.38,1123.62,17802.75
ITEM0006901,ORD004000,PROD00441,1,15567.03,1249.97,12612.75
ITEM0006902,ORD004000,PROD00284,1,3556.12,1.88,2312.7
ITEM0006903,ORD004001,PROD00012,1,32001.58,877.42,28933.52
ITEM0006904,ORD004001,PROD00209,1,1588.65,56.35,1069.25
ITEM0006905,ORD004002,PROD00304,1,2471.17,151.83,1704.95
ITEM0006906,ORD004002,PROD00322,1,4323.65,318.35,3017.3
ITEM0006907,ORD004002,PROD00157,1,41215.57,4820.43,40511.68
ITEM0006908,ORD004003,PROD00352,1,2082.92,67.08,1612.5
ITEM0006909,ORD004003,PROD00003,1,41857.13,4556.87,40844.32
ITEM0006910,ORD004004,PROD00039,1,28171.03,4340.97,28610.56
ITEM0006911,ORD004004,PROD00178,1,1545.82,55.18,1040.65
ITEM0006912,ORD004005,PROD00237,1,1868.11,154.89,1314.95
ITEM0006913,ORD004006,PROD00120,1,72192.03,1406.97,64767.12
ITEM0006914,ORD004006,PROD00213,1,3170.58,185.42,2181.4
ITEM0006915,ORD004007,PROD00036,1,12461.85,1097.15,11931.92
ITEM0006916,ORD004008,PROD00246,1,812.3,35.7,551.2
ITEM0006917,ORD004009,PROD00323,1,4860.81,34.19,3181.75
ITEM0006918,ORD004010,PROD00406,2,16642.1,603.9,12934.5
ITEM0006919,ORD004011,PROD00227,1,3453.97,50.03,2277.6
ITEM0006920,ORD004011,PROD00411,2,41505.63,3246.37,33564.0
ITEM0006921,ORD004011,PROD00328,1,3111.41,8.59,2028.0
ITEM0006922,ORD004012,PROD00237,1,1941.36,81.64,1314.95
ITEM0006923,ORD004013,PROD00033,2,95350.44,13975.56,96206.88
ITEM0006924,ORD004014,PROD00085,2,90334.56,11029.44,89200.32
ITEM0006925,ORD004015,PROD00464,1,6292.66,521.34,5110.5
ITEM0006926,ORD004015,PROD00258,1,3313.46,284.54,2338.7
ITEM0006927,ORD004016,PROD00029,1,67495.87,2589.13,61674.8
ITEM0006928,ORD004017,PROD00489,1,16601.14,1628.86,13672.5
ITEM0006929,ORD004017,PROD00124,1,33057.07,468.93,29502.88
ITEM0006930,ORD004018,PROD00361,1,15805.77,1362.23,12876.0
ITEM0006931,ORD004019,PROD00022,1,49929.96,1763.04,45489.84
ITEM0006932,ORD004019,PROD00290,3,4615.82,208.18,3135.6
ITEM0006933,ORD004020,PROD00240,1,1398.72,48.28,940.55
ITEM0006934,ORD004020,PROD00172,1,541.77,43.23,380.25
ITEM0006935,ORD004020,PROD00449,1,9089.8,988.2,7558.5
ITEM0006936,ORD004021,PROD00099,2,79679.52,8762.48,77828.96
ITEM0006937,ORD004022,PROD00436,1,18126.98,922.02,14286.75
ITEM0006938,ORD004023,PROD00194,2,5938.26,429.74,4139.2
ITEM0006939,ORD004023,PROD00477,3,21784.48,2248.52,18024.75
ITEM0006940,ORD004024,PROD00038,1,32614.59,1808.41,30292.24
ITEM0006941,ORD004024,PROD00052,1,69484.0,5281.0,65793.2
ITEM0006942,ORD004025,PROD00460,2,35728.01,3909.99,29728.5
ITEM0006943,ORD004025,PROD00222,1,3219.9,15.1,2102.75
ITEM0006944,ORD004026,PROD00089,1,18836.46,733.54,17221.6
ITEM0006945,ORD004026,PROD00399,1,8776.65,890.35,7250.25
ITEM0006946,ORD004027,PROD00440,1,20673.43,687.57,16020.75
ITEM0006947,ORD004028,PROD00240,2,2743.09,150.91,1881.1
ITEM0006948,ORD004029,PROD00310,2,6034.66,157.34,4024.8
ITEM0006949,ORD004029,PROD00001,1,57652.71,4336.29,54550.32
ITEM0006950,ORD004029,PROD00032,1,55967.25,7056.75,55461.12
ITEM0006951,ORD004030,PROD00122,1,15209.44,668.56,13972.64
ITEM0006952,ORD004030,PROD00391,1,14486.26,247.74,11050.5
ITEM0006953,ORD004031,PROD00050,3,54472.53,4630.47,52010.64
ITEM0006954,ORD004031,PROD00300,1,1570.78,29.22,1040.0
ITEM0006955,ORD004032,PROD00448,1,5550.82,174.18,4293.75
ITEM0006956,ORD004033,PROD00380,1,8222.49,397.51,6465.0
ITEM0006957,ORD004033,PROD00433,3,28268.97,1344.03,22209.75
ITEM0006958,ORD004033,PROD00436,1,18032.94,1016.06,14286.75
ITEM0006959,ORD004033,PROD00317,1,3542.98,251.02,2466.1
ITEM0006960,ORD004034,PROD00042,1,33062.22,5616.78,34037.52
ITEM0006961,ORD004034,PROD00105,2,117899.52,13242.48,115404.96
ITEM0006962,ORD004034,PROD00054,1,46291.02,3309.98,43648.88
ITEM0006963,ORD004034,PROD00060,2,91176.31,8051.69,87320.64
ITEM0006964,ORD004035,PROD00329,1,3217.8,154.2,2191.8
ITEM0006965,ORD004035,PROD00434,1,12408.05,755.95,9873.0
ITEM0006966,ORD004036,PROD00284,1,3325.83,232.17,2312.7
ITEM0006967,ORD004037,PROD00325,1,4297.48,372.52,3035.5
ITEM0006968,ORD004037,PROD00170,1,2335.45,139.55,1608.75
ITEM0006969,ORD004038,PROD00214,1,4665.16,9.84,3038.75
ITEM0006970,ORD004039,PROD00376,1,14933.84,795.16,11796.75
ITEM0006971,ORD004040,PROD00287,1,1974.63,72.37,1330.55
ITEM0006972,ORD004041,PROD00138,1,36875.49,4182.51,36131.04
ITEM0006973,ORD004041,PROD00421,2,5424.99,283.01,4281.0
ITEM0006974,ORD004041,PROD00062,3,50933.02,1500.98,46141.92
ITEM0006975,ORD004042,PROD00291,1,4191.55,325.45,2936.05
ITEM0006976,ORD004042,PROD00434,2,25815.41,512.59,19746.0
ITEM0006977,ORD004043,PROD00435,1,8490.78,379.22,6652.5
ITEM0006978,ORD004043,PROD00433,1,9615.96,255.04,7403.25
ITEM0006979,ORD004044,PROD00043,1,46841.15,7450.85,47776.96
ITEM0006980,ORD004044,PROD00128,1,67775.94,3124.06,62392.0
ITEM0006981,ORD004044,PROD00400,1,6151.09,315.91,4850.25
ITEM0006982,ORD004045,PROD00421,1,2643.74,210.26,2140.5
ITEM0006983,ORD004045,PROD00243,2,5749.09,4.91,3740.1
ITEM0006984,ORD004045,PROD00051,1,10445.67,874.33,9961.6
ITEM0006985,ORD004046,PROD00042,1,37840.87,838.13,34037.52
ITEM0006986,ORD004047,PROD00208,2,7556.86,29.14,4930.9
ITEM0006987,ORD004047,PROD00480,1,3976.09,289.91,3199.5
ITEM0006988,ORD004048,PROD00161,1,64878.07,1027.93,57997.28
ITEM0006989,ORD004049,PROD00073,1,63679.16,8769.84,63755.12
ITEM0006990,ORD004050,PROD00481,1,4331.7,203.3,3401.25
ITEM0006991,ORD004051,PROD00076,2,125907.87,4106.13,114412.32
ITEM0006992,ORD004051,PROD00437,1,21837.71,239.29,16557.75
ITEM0006993,ORD004052,PROD00413,1,15392.68,359.32,11814.0
ITEM0006994,ORD004052,PROD00253,2,8437.84,48.16,5515.9
ITEM0006995,ORD004052,PROD00263,1,2778.13,137.87,1895.4
ITEM0006996,ORD004052,PROD00102,1,26159.59,3420.41,26030.4
ITEM0006997,ORD004053,PROD00260,3,1602.93,11.07,1049.1
ITEM0006998,ORD004054,PROD00428,1,9271.39,644.61,7437.0
ITEM0006999,ORD004054,PROD00194,1,3150.31,33.69,2069.6
ITEM0007000,ORD004054,PROD00012,1,29481.39,3397.61,28933.52
ITEM0007001,ORD004055,PROD00313,2,7449.38,296.62,5034.9
ITEM0007002,ORD004055,PROD00060,1,43392.42,6221.58,43660.32
ITEM0007003,ORD004056,PROD00490,1,13733.03,1409.97,11357.25
ITEM0007004,ORD004057,PROD00268,1,2385.78,202.22,1682.2
ITEM0007005,ORD004058,PROD00234,1,3486.23,89.77,2324.4
ITEM0007006,ORD004058,PROD00232,1,3049.48,188.52,2104.7
ITEM0007007,ORD004059,PROD00425,1,23430.32,161.68,17694.0
ITEM0007008,ORD004060,PROD00240,1,1382.92,64.08,940.55
ITEM0007009,ORD004060,PROD00493,1,13055.94,444.06,10125.0
ITEM0007010,ORD004061,PROD00494,1,7569.2,478.8,6036.0
ITEM0007011,ORD004062,PROD00135,2,130402.63,8489.37,122224.96
ITEM0007012,ORD004062,PROD00293,3,1594.93,106.07,1105.65
ITEM0007013,ORD004063,PROD00349,1,13272.89,301.11,10180.5
ITEM0007014,ORD004063,PROD00196,1,1530.45,80.55,1047.15
ITEM0007015,ORD004064,PROD00471,1,10160.58,329.42,7867.5
ITEM0007016,ORD004065,PROD00172,1,544.46,40.54,380.25
ITEM0007017,ORD004066,PROD00217,2,4111.0,313.0,2875.6
ITEM0007018,ORD004067,PROD00146,1,9964.07,1194.93,9819.92
ITEM0007019,ORD004068,PROD00137,1,14410.79,1046.21,13602.16
ITEM0007020,ORD004069,PROD00082,2,123919.7,14602.3,121899.36
ITEM0007021,ORD004070,PROD00328,1,3039.75,80.25,2028.0
ITEM0007022,ORD004070,PROD00457,1,5432.32,515.68,4461.0
ITEM0007023,ORD004071,PROD00491,3,11866.06,886.94,9564.75
ITEM0007024,ORD004071,PROD00473,1,9444.27,239.73,7263.0
ITEM0007025,ORD004072,PROD00447,2,11272.43,193.57,8599.5
ITEM0007026,ORD004072,PROD00360,1,17339.37,281.63,13215.75
ITEM0007027,ORD004073,PROD00254,2,1450.16,9.84,949.0
ITEM0007028,ORD004074,PROD00417,1,9576.06,222.94,7349.25
ITEM0007029,ORD004075,PROD00420,1,1620.86,23.14,1233.0
ITEM0007030,ORD004075,PROD00312,1,653.91,23.09,440.05
ITEM0007031,ORD004076,PROD00170,1,2286.75,188.25,1608.75
ITEM0007032,ORD004077,PROD00290,1,1552.02,55.98,1045.2
ITEM0007033,ORD004078,PROD00022,1,44561.27,7131.73,45489.84
ITEM0007034,ORD004079,PROD00249,1,2271.39,193.61,1602.25
ITEM0007035,ORD004080,PROD00095,1,59916.84,5737.16,57775.52
ITEM0007036,ORD004080,PROD00331,1,22155.06,2008.94,18123.0
ITEM0007037,ORD004080,PROD00485,1,2152.33,8.67,1620.75
ITEM0007038,ORD004081,PROD00165,2,38485.43,4684.57,37989.6
ITEM0007039,ORD004082,PROD00026,3,128308.94,1720.06,114425.52
ITEM0007040,ORD004082,PROD00019,1,66288.35,5804.65,63441.84
ITEM0007041,ORD004082,PROD00226,1,1184.38,55.62,806.0
ITEM0007042,ORD004082,PROD00119,1,54206.8,2070.2,49523.76
ITEM0007043,ORD004083,PROD00247,3,4715.1,75.9,3114.15
ITEM0007044,ORD004084,PROD00052,1,66900.59,7864.41,65793.2
ITEM0007045,ORD004085,PROD00154,2,61987.13,5948.87,59783.68
ITEM0007046,ORD004086,PROD00214,1,4332.94,342.06,3038.75
ITEM0007047,ORD004086,PROD00423,1,23456.4,157.6,17710.5
ITEM0007048,ORD004087,PROD00206,1,2061.32,122.68,1419.6
ITEM0007049,ORD004088,PROD00407,1,3591.52,193.48,2838.75
ITEM0007050,ORD004088,PROD00136,1,67778.84,7838.16,66542.96
ITEM0007051,ORD004089,PROD00087,1,21450.52,118.48,18980.72
ITEM0007052,ORD004089,PROD00037,1,42987.91,2695.09,40201.04
ITEM0007053,ORD004090,PROD00147,1,45732.32,7816.68,47123.12
ITEM0007054,ORD004091,PROD00178,2,3186.32,15.68,2081.3
ITEM0007055,ORD004091,PROD00088,3,216439.28,2368.72,192551.04
ITEM0007056,ORD004092,PROD00167,1,656.89,6.11,430.95
ITEM0007057,ORD004093,PROD00039,1,31568.03,943.97,28610.56
ITEM0007058,ORD004093,PROD00430,2,37096.52,1931.48,29271.0
ITEM0007059,ORD004093,PROD00407,2,7068.96,501.04,5677.5
ITEM0007060,ORD004093,PROD00376,1,14806.91,922.09,11796.75
ITEM0007061,ORD004094,PROD00345,2,35720.59,2507.41,28671.0
ITEM0007062,ORD004094,PROD00064,3,217970.06,9483.94,200159.52
ITEM0007063,ORD004094,PROD00376,1,15657.78,71.22,11796.75
ITEM0007064,ORD004095,PROD00085,1,45155.15,5526.85,44600.16
ITEM0007065,ORD004096,PROD00197,1,2780.36,171.64,1918.8
ITEM0007066,ORD004097,PROD00304,1,2433.08,189.92,1704.95
ITEM0007067,ORD004098,PROD00463,1,6353.8,653.2,5255.25
ITEM0007068,ORD004099,PROD00157,1,43420.43,2615.57,40511.68
ITEM0007069,ORD004099,PROD00383,1,18901.51,1924.49,15619.5
ITEM0007070,ORD004099,PROD00121,1,18230.47,506.53,16488.56
ITEM0007071,ORD004100,PROD00334,2,33511.81,3722.19,27925.5
ITEM0007072,ORD004101,PROD00465,1,12624.31,603.69,9921.0
ITEM0007073,ORD004102,PROD00043,1,53612.75,679.25,47776.96
ITEM0007074,ORD004102,PROD00375,1,15385.72,1175.28,12420.75
ITEM0007075,ORD004102,PROD00406,2,16747.62,498.38,12934.5
ITEM0007076,ORD004103,PROD00307,3,4226.04,123.96,2827.5
ITEM0007077,ORD004103,PROD00224,1,3042.08,92.92,2037.75
ITEM0007078,ORD004104,PROD00390,1,20798.2,1071.8,16402.5
ITEM0007079,ORD004104,PROD00318,1,2514.86,115.14,1709.5
ITEM0007080,ORD004105,PROD00119,1,51772.56,4504.44,49523.76
ITEM0007081,ORD004105,PROD00209,2,3217.46,72.54,2138.5
ITEM0007082,ORD004106,PROD00146,1,10646.94,512.06,9819.92
ITEM0007083,ORD004107,PROD00251,1,4414.53,67.47,2913.3
ITEM0007084,ORD004107,PROD00076,1,63015.85,1991.15,57206.16
ITEM0007085,ORD004108,PROD00181,1,1410.63,82.37,970.45
ITEM0007086,ORD004109,PROD00278,1,3087.88,154.12,2107.3
ITEM0007087,ORD004109,PROD00175,3,4558.98,28.02,2981.55
ITEM0007088,ORD004109,PROD00048,2,15026.84,2573.16,15488.0
ITEM0007089,ORD004110,PROD00130,1,58397.06,3541.94,54506.32
ITEM0007090,ORD004111,PROD00018,1,18012.97,294.03,16110.16
ITEM0007091,ORD004112,PROD00334,1,16926.08,1690.92,13962.75
ITEM0007092,ORD004113,PROD00396,1,12858.54,1113.46,10479.0
ITEM0007093,ORD004114,PROD00157,1,40686.25,5349.75,40511.68
ITEM0007094,ORD004115,PROD00459,1,9199.38,180.62,7035.0
ITEM0007095,ORD004116,PROD00066,1,72513.58,914.42,64616.64
ITEM0007096,ORD004117,PROD00436,1,18229.71,819.29,14286.75
ITEM0007097,ORD004118,PROD00323,1,4643.34,251.66,3181.75
ITEM0007098,ORD004118,PROD00447,1,5732.58,0.42,4299.75
ITEM0007099,ORD004118,PROD00285,1,1443.09,75.91,987.35
ITEM0007100,ORD004119,PROD00209,1,1566.71,78.29,1069.25
ITEM0007101,ORD004119,PROD00411,1,20462.88,1913.12,16782.0
ITEM0007102,ORD004120,PROD00087,1,19106.17,2462.83,18980.72
ITEM0007103,ORD004121,PROD00066,1,67019.35,6408.65,64616.64
ITEM0007104,ORD004121,PROD00317,1,3532.86,261.14,2466.1
ITEM0007105,ORD004121,PROD00480,1,3918.1,347.9,3199.5
ITEM0007106,ORD004122,PROD00317,1,3642.05,151.95,2466.1
ITEM0007107,ORD004122,PROD00369,1,7565.72,723.28,6216.75
ITEM0007108,ORD004122,PROD00199,1,4257.12,18.88,2779.4
ITEM0007109,ORD004122,PROD00311,2,4160.8,301.2,2900.3
ITEM0007110,ORD004123,PROD00400,1,6078.64,388.36,4850.25
ITEM0007111,ORD004123,PROD00101,3,196334.75,31176.25,200209.68
ITEM0007112,ORD004123,PROD00104,3,46721.63,501.37,41556.24
ITEM0007113,ORD004124,PROD00392,1,1746.0,13.0,1319.25
ITEM0007114,ORD004125,PROD00397,2,9739.96,992.04,8049.0
ITEM0007115,ORD004125,PROD00343,1,20697.04,1332.96,16522.5
ITEM0007116,ORD004126,PROD00242,1,3442.09,168.91,2347.15
ITEM0007117,ORD004126,PROD00288,1,4973.11,5.89,3236.35
ITEM0007118,ORD004127,PROD00021,1,16707.4,2366.6,16785.12
ITEM0007119,ORD004128,PROD00098,1,22347.53,695.47,20277.84
ITEM0007120,ORD004128,PROD00468,3,30341.74,2004.26,24259.5
ITEM0007121,ORD004129,PROD00109,1,39942.05,4280.95,38916.24
ITEM0007122,ORD004129,PROD00288,1,4938.83,40.17,3236.35
ITEM0007123,ORD004130,PROD00140,2,11382.85,1593.15,11418.88
ITEM0007124,ORD004130,PROD00083,1,45033.98,3035.02,42300.72
ITEM0007125,ORD004130,PROD00258,1,3378.07,219.93,2338.7
ITEM0007126,ORD004131,PROD00383,1,20395.28,430.72,15619.5
ITEM0007127,ORD004131,PROD00431,1,7992.81,55.19,6036.0
ITEM0007128,ORD004131,PROD00287,2,3826.23,267.77,2661.1
ITEM0007129,ORD004131,PROD00320,1,1907.03,14.97,1249.3
ITEM0007130,ORD004132,PROD00436,1,18115.32,933.68,14286.75
ITEM0007131,ORD004133,PROD00481,1,4217.71,317.29,3401.25
ITEM0007132,ORD004133,PROD00346,1,18045.49,1302.51,14511.0
ITEM0007133,ORD004134,PROD00344,1,14870.53,49.47,11190.0
ITEM0007134,ORD004134,PROD00422,1,23426.65,749.35,18132.0
ITEM0007135,ORD004134,PROD00124,1,30524.61,3001.39,29502.88
ITEM0007136,ORD004135,PROD00069,1,24262.4,3045.6,24031.04
ITEM0007137,ORD004135,PROD00469,1,5452.39,270.61,4292.25
ITEM0007138,ORD004135,PROD00110,1,34326.71,5104.29,34699.28
ITEM0007139,ORD004136,PROD00247,2,2986.72,207.28,2076.1
ITEM0007140,ORD004137,PROD00466,1,3352.96,207.04,2670.0
ITEM0007141,ORD004137,PROD00495,1,2564.33,81.67,1984.5
ITEM0007142,ORD004138,PROD00479,2,27133.55,2338.45,22104.0
ITEM0007143,ORD004139,PROD00213,1,3090.33,265.67,2181.4
ITEM0007144,ORD004140,PROD00402,1,9369.8,214.2,7188.0
ITEM0007145,ORD004140,PROD00423,1,22468.95,1145.05,17710.5
ITEM0007146,ORD004141,PROD00247,1,1563.61,33.39,1038.05
ITEM0007147,ORD004142,PROD00053,2,136909.65,18344.35,136623.52
ITEM0007148,ORD004143,PROD00165,2,39574.88,3595.12,37989.6
ITEM0007149,ORD004144,PROD00347,2,8876.34,975.66,7389.0
ITEM0007150,ORD004144,PROD00438,1,3418.77,47.23,2599.5
ITEM0007151,ORD004144,PROD00446,1,19902.87,1881.13,16338.0
ITEM0007152,ORD004145,PROD00074,1,71894.43,830.57,63998.0
ITEM0007153,ORD004146,PROD00099,1,41693.56,2527.44,38914.48
ITEM0007154,ORD004146,PROD00458,1,13307.24,464.76,10329.0
ITEM0007155,ORD004147,PROD00056,1,32999.97,1868.03,30683.84
ITEM0007156,ORD004147,PROD00324,1,2721.62,57.38,1806.35
ITEM0007157,ORD004148,PROD00316,1,4370.36,186.64,2962.05
ITEM0007158,ORD004149,PROD00128,1,66270.91,4629.09,62392.0
ITEM0007159,ORD004150,PROD00393,3,19551.77,1760.23,15984.0
ITEM0007160,ORD004151,PROD00381,1,22965.39,1543.61,18381.75
ITEM0007161,ORD004151,PROD00287,1,1911.59,135.41,1330.55
ITEM0007162,ORD004152,PROD00059,1,31376.46,4287.54,31384.32
ITEM0007163,ORD004152,PROD00076,1,56025.47,8981.53,57206.16
ITEM0007164,ORD004152,PROD00144,3,180799.55,9295.45,167283.6
ITEM0007165,ORD004153,PROD00289,1,492.33,17.67,331.5
ITEM0007166,ORD004154,PROD00282,1,2494.88,180.12,1738.75
ITEM0007167,ORD004154,PROD00489,1,17687.8,542.2,13672.5
ITEM0007168,ORD004155,PROD00094,1,55245.97,7570.03,55278.08
ITEM0007169,ORD004155,PROD00171,1,1130.57,22.43,749.45
ITEM0007170,ORD004156,PROD00021,1,18525.89,548.11,16785.12
ITEM0007171,ORD004157,PROD00374,1,10224.32,79.68,7728.0
ITEM0007172,ORD004157,PROD00380,1,8037.89,582.11,6465.0
ITEM0007173,ORD004158,PROD00383,3,60521.99,1956.01,46858.5
ITEM0007174,ORD004158,PROD00188,1,4689.65,192.35,3173.3
ITEM0007175,ORD004158,PROD00117,1,24641.18,1313.82,22840.4
ITEM0007176,ORD004159,PROD00233,1,3603.52,56.48,2379.0
ITEM0007177,ORD004160,PROD00026,1,42102.06,1240.94,38141.84
ITEM0007178,ORD004160,PROD00099,1,38975.22,5245.78,38914.48
ITEM0007179,ORD004161,PROD00048,2,15382.02,2217.98,15488.0
ITEM0007180,ORD004161,PROD00067,2,83821.51,2332.49,75815.52
ITEM0007181,ORD004162,PROD00174,1,4859.19,3.81,3160.95
ITEM0007182,ORD004163,PROD00064,1,69042.02,6775.98,66719.84
ITEM0007183,ORD004163,PROD00027,1,39876.75,1720.25,36605.36
ITEM0007184,ORD004163,PROD00197,1,2850.0,102.0,1918.8
ITEM0007185,ORD004164,PROD00072,1,37063.27,4234.73,36342.24
ITEM0007186,ORD004164,PROD00326,1,3927.24,293.76,2743.65
ITEM0007187,ORD004165,PROD00044,1,57668.64,3693.36,53998.56
ITEM0007188,ORD004166,PROD00248,1,4600.73,61.27,3030.3
ITEM0007189,ORD004167,PROD00121,1,16484.45,2252.55,16488.56
ITEM0007190,ORD004167,PROD00285,1,1422.07,96.93,987.35
ITEM0007191,ORD004167,PROD00231,1,1203.4,0.6,782.6
ITEM0007192,ORD004168,PROD00327,1,2533.46,174.54,1760.2
ITEM0007193,ORD004169,PROD00442,1,23960.42,454.58,18311.25
ITEM0007194,ORD004170,PROD00482,1,18397.71,86.29,13863.0
ITEM0007195,ORD004170,PROD00335,1,15856.94,9.06,11899.5
ITEM0007196,ORD004171,PROD00323,1,4720.47,174.53,3181.75
ITEM0007197,ORD004172,PROD00023,1,55142.94,5543.06,53403.68
ITEM0007198,ORD004172,PROD00124,1,33444.32,81.68,29502.88
ITEM0007199,ORD004172,PROD00047,1,11876.81,25.19,10473.76
ITEM0007200,ORD004173,PROD00172,1,550.39,34.61,380.25
ITEM0007201,ORD004173,PROD00303,1,2596.81,59.19,1726.4
ITEM0007202,ORD004174,PROD00312,1,657.29,19.71,440.05
ITEM0007203,ORD004174,PROD00035,1,50329.89,6769.11,50247.12
ITEM0007204,ORD004174,PROD00335,1,14757.35,1108.65,11899.5
ITEM0007205,ORD004174,PROD00334,2,35683.17,1550.83,27925.5
ITEM0007206,ORD004175,PROD00229,2,8306.08,71.92,5445.7
ITEM0007207,ORD004175,PROD00455,2,35796.54,2773.46,28927.5
ITEM0007208,ORD004175,PROD00156,3,42959.51,7203.49,44143.44
ITEM0007209,ORD004176,PROD00197,1,2896.99,55.01,1918.8
ITEM0007210,ORD004176,PROD00013,1,43279.84,4637.16,42166.96
ITEM0007211,ORD004177,PROD00290,1,1576.44,31.56,1045.2
ITEM0007212,ORD004178,PROD00166,1,3680.48,51.52,2425.8
ITEM0007213,ORD004179,PROD00389,1,17323.02,474.98,13348.5
ITEM0007214,ORD004179,PROD00198,1,2146.56,91.44,1454.7
ITEM0007215,ORD004180,PROD00405,1,6478.93,104.07,4937.25
ITEM0007216,ORD004181,PROD00056,1,33290.25,1577.75,30683.84
ITEM0007217,ORD004181,PROD00186,1,4605.52,244.48,3152.5
ITEM0007218,ORD004182,PROD00335,1,14897.32,968.68,11899.5
ITEM0007219,ORD004183,PROD00051,1,10573.47,746.53,9961.6
ITEM0007220,ORD004184,PROD00370,1,24625.35,369.65,18746.25
ITEM0007221,ORD004185,PROD00160,1,6561.79,1146.21,6783.04
ITEM0007222,ORD004186,PROD00401,1,2139.38,154.62,1720.5
ITEM0007223,ORD004186,PROD00413,1,14425.75,1326.25,11814.0
ITEM0007224,ORD004187,PROD00216,1,2507.59,1.41,1630.85
ITEM0007225,ORD004187,PROD00156,1,15324.52,1396.48,14714.48
ITEM0007226,ORD004187,PROD00408,1,20855.44,172.56,15771.0
ITEM0007227,ORD004188,PROD00069,1,23221.67,4086.33,24031.04
ITEM0007228,ORD004189,PROD00406,2,17012.35,233.65,12934.5
ITEM0007229,ORD004190,PROD00403,2,5886.5,557.5,4833.0
ITEM0007230,ORD004191,PROD00150,1,73911.86,4524.14,69023.68
ITEM0007231,ORD004192,PROD00492,1,22100.74,1428.26,17646.75
ITEM0007232,ORD004193,PROD00376,1,14300.53,1428.47,11796.75
ITEM0007233,ORD004194,PROD00327,1,2501.2,206.8,1760.2
ITEM0007234,ORD004194,PROD00333,1,11658.88,110.12,8826.75
ITEM0007235,ORD004194,PROD00069,1,26798.51,509.49,24031.04
ITEM0007236,ORD004194,PROD00478,1,6002.81,645.19,4986.0
ITEM0007237,ORD004195,PROD00480,1,4017.08,248.92,3199.5
ITEM0007238,ORD004195,PROD00374,1,9901.31,402.69,7728.0
ITEM0007239,ORD004195,PROD00258,1,3331.29,266.71,2338.7
ITEM0007240,ORD004196,PROD00397,1,5229.04,136.96,4024.5
ITEM0007241,ORD004196,PROD00114,1,29555.6,2459.4,28173.2
ITEM0007242,ORD004196,PROD00353,1,7532.44,122.56,5741.25
ITEM0007243,ORD004197,PROD00340,3,28658.99,477.01,21852.0
ITEM0007244,ORD004197,PROD00121,1,17007.54,1729.46,16488.56
ITEM0007245,ORD004197,PROD00279,1,4860.39,25.61,3175.9
ITEM0007246,ORD004198,PROD00447,1,5221.82,511.18,4299.75
ITEM0007247,ORD004198,PROD00160,1,6979.7,728.3,6783.04
ITEM0007248,ORD004199,PROD00321,1,1800.12,117.88,1246.7
ITEM0007249,ORD004200,PROD00405,1,6333.66,249.34,4937.25
ITEM0007250,ORD004200,PROD00442,1,22399.13,2015.87,18311.25
ITEM0007251,ORD004200,PROD00364,1,14967.12,1429.88,12297.75
ITEM0007252,ORD004200,PROD00478,1,6144.47,503.53,4986.0
ITEM0007253,ORD004201,PROD00040,1,51811.11,5099.89,50081.68
ITEM0007254,ORD004201,PROD00476,1,22584.81,482.19,17300.25
ITEM0007255,ORD004202,PROD00040,1,54413.1,2497.9,50081.68
ITEM0007256,ORD004203,PROD00213,2,6616.1,95.9,4362.8
ITEM0007257,ORD004204,PROD00427,1,22721.36,1351.64,18054.75
ITEM0007258,ORD004204,PROD00386,1,4279.0,414.0,3519.75
ITEM0007259,ORD004205,PROD00101,1,74156.07,1680.93,66736.56
ITEM0007260,ORD004205,PROD00076,1,64230.56,776.44,57206.16
ITEM0007261,ORD004206,PROD00398,1,12382.21,42.79,9318.75
ITEM0007262,ORD004206,PROD00213,2,6582.11,129.89,4362.8
ITEM0007263,ORD004207,PROD00453,1,18948.73,1298.27,15185.25
ITEM0007264,ORD004207,PROD00188,1,4690.32,191.68,3173.3
ITEM0007265,ORD004208,PROD00221,2,1058.59,57.41,725.4
ITEM0007266,ORD004208,PROD00215,1,3655.14,128.86,2459.6
ITEM0007267,ORD004208,PROD00465,2,25838.68,617.32,19842.0
ITEM0007268,ORD004209,PROD00223,1,4932.75,27.25,3224.0
ITEM0007269,ORD004209,PROD00350,1,9427.18,451.82,7409.25
ITEM0007270,ORD004209,PROD00456,1,15435.33,1117.67,12414.75
ITEM0007271,ORD004209,PROD00253,2,7855.15,630.85,5515.9
ITEM0007272,ORD004210,PROD00323,1,4858.19,36.81,3181.75
ITEM0007273,ORD004211,PROD00398,2,23229.75,1620.25,18637.5
ITEM0007274,ORD004211,PROD00366,1,21533.4,827.6,16770.75
ITEM0007275,ORD004212,PROD00451,2,30542.82,1971.18,24385.5
ITEM0007276,ORD004212,PROD00152,1,55163.65,5274.35,53185.44
ITEM0007277,ORD004212,PROD00347,1,4498.17,427.83,3694.5
ITEM0007278,ORD004213,PROD00398,1,11759.66,665.34,9318.75
ITEM0007279,ORD004214,PROD00434,1,11939.11,1224.89,9873.0
ITEM0007280,ORD004214,PROD00294,1,2613.81,49.19,1730.95
ITEM0007281,ORD004215,PROD00343,2,40132.98,3927.02,33045.0
ITEM0007282,ORD004215,PROD00461,1,12920.02,1411.98,10749.0
ITEM0007283,ORD004216,PROD00036,1,12447.69,1111.31,11931.92
ITEM0007284,ORD004217,PROD00348,2,8335.77,588.23,6693.0
ITEM0007285,ORD004218,PROD00245,1,3615.52,102.48,2416.7
ITEM0007286,ORD004218,PROD00077,1,47848.31,5740.69,47158.32
ITEM0007287,ORD004218,PROD00409,1,2100.03,40.97,1605.75
ITEM0007288,ORD004219,PROD00358,1,16926.73,1201.27,13596.0
ITEM0007289,ORD004220,PROD00090,2,21603.46,1854.54,20643.04
ITEM0007290,ORD004220,PROD00320,3,5390.22,375.78,3747.9
ITEM0007291,ORD004221,PROD00043,2,93790.39,14793.61,95553.92
ITEM0007292,ORD004221,PROD00050,1,18326.26,1374.74,17336.88
ITEM0007293,ORD004221,PROD00001,1,61462.08,526.92,54550.32
ITEM0007294,ORD004221,PROD00098,1,22468.94,574.06,20277.84
ITEM0007295,ORD004222,PROD00298,1,2123.97,84.03,1435.2
ITEM0007296,ORD004223,PROD00337,1,16616.08,470.92,12815.25
ITEM0007297,ORD004223,PROD00155,1,46459.6,7517.4,47499.76
ITEM0007298,ORD004223,PROD00165,1,20340.85,1244.15,18994.8
ITEM0007299,ORD004223,PROD00128,2,122836.33,18963.67,124784.0
ITEM0007300,ORD004224,PROD00120,1,68459.38,5139.62,64767.12
ITEM0007301,ORD004225,PROD00266,1,1122.5,50.5,762.45
ITEM0007302,ORD004225,PROD00036,3,40602.04,74.96,35795.76
ITEM0007303,ORD004225,PROD00170,1,2384.83,90.17,1608.75
ITEM0007304,ORD004226,PROD00270,1,1056.58,5.42,690.3
ITEM0007305,ORD004227,PROD00493,1,13200.09,299.91,10125.0
ITEM0007306,ORD004227,PROD00187,1,3175.8,11.2,2071.55
ITEM0007307,ORD004227,PROD00230,1,2434.4,82.6,1636.05
ITEM0007308,ORD004228,PROD00435,2,16898.42,841.58,13305.0
ITEM0007309,ORD004229,PROD00091,3,80961.09,4481.91,75189.84
ITEM0007310,ORD004230,PROD00420,1,1598.69,45.31,1233.0
ITEM0007311,ORD004230,PROD00254,1,726.16,3.84,474.5
ITEM0007312,ORD004231,PROD00420,1,1502.31,141.69,1233.0
ITEM0007313,ORD004231,PROD00480,1,4019.58,246.42,3199.5
ITEM0007314,ORD004232,PROD00435,1,8400.12,469.88,6652.5
ITEM0007315,ORD004232,PROD00398,2,23051.26,1798.74,18637.5
ITEM0007316,ORD004233,PROD00097,1,13546.52,1149.48,12932.48
ITEM0007317,ORD004234,PROD00452,1,1803.74,118.26,1441.5
ITEM0007318,ORD004234,PROD00382,1,1180.68,95.32,957.0
ITEM0007319,ORD004234,PROD00298,1,2201.6,6.4,1435.2
ITEM0007320,ORD004235,PROD00153,1,31596.5,630.5,28359.76
ITEM0007321,ORD004235,PROD00060,1,49196.45,417.55,43660.32
ITEM0007322,ORD004236,PROD00423,1,22140.79,1473.21,17710.5
ITEM0007323,ORD004237,PROD00072,1,39005.38,2292.62,36342.24
ITEM0007324,ORD004238,PROD00429,1,4253.84,13.16,3200.25
ITEM0007325,ORD004239,PROD00386,1,4407.19,285.81,3519.75
ITEM0007326,ORD004239,PROD00213,1,3162.29,193.71,2181.4
ITEM0007327,ORD004240,PROD00312,1,627.44,49.56,440.05
ITEM0007328,ORD004240,PROD00490,1,14826.55,316.45,11357.25
ITEM0007329,ORD004240,PROD00242,1,3353.66,257.34,2347.15
ITEM0007330,ORD004241,PROD00432,1,5791.58,436.42,4671.0
ITEM0007331,ORD004241,PROD00284,2,6840.6,275.4,4625.4
ITEM0007332,ORD004241,PROD00090,1,10472.59,1256.41,10321.52
ITEM0007333,ORD004241,PROD00038,1,30598.55,3824.45,30292.24
ITEM0007334,ORD004242,PROD00273,1,744.41,41.59,510.9
ITEM0007335,ORD004242,PROD00256,2,9772.54,151.46,6450.6
ITEM0007336,ORD004242,PROD00487,3,31332.97,1694.03,24770.25
ITEM0007337,ORD004242,PROD00127,1,72079.38,2147.62,65319.76
ITEM0007338,ORD004243,PROD00314,1,840.46,26.54,563.55
ITEM0007339,ORD004243,PROD00093,1,13487.3,878.7,12642.08
ITEM0007340,ORD004244,PROD00106,1,6331.01,553.99,6058.8
ITEM0007341,ORD004245,PROD00216,1,2332.68,176.32,1630.85
ITEM0007342,ORD004245,PROD00257,3,11176.96,688.04,7712.25
ITEM0007343,ORD004246,PROD00002,2,49742.16,8479.84,51235.36
ITEM0007344,ORD004247,PROD00018,1,16173.86,2133.14,16110.16
ITEM0007345,ORD004247,PROD00241,2,2483.14,174.86,1727.7
ITEM0007346,ORD004247,PROD00069,1,26862.68,445.32,24031.04
ITEM0007347,ORD004248,PROD00476,2,43639.47,2494.53,34600.5
ITEM0007348,ORD004248,PROD00310,1,3075.86,20.14,2012.4
ITEM0007349,ORD004249,PROD00055,2,125701.26,10046.74,119458.24
ITEM0007350,ORD004249,PROD00038,1,32017.98,2405.02,30292.24
ITEM0007351,ORD004249,PROD00184,1,832.16,13.84,549.9
ITEM0007352,ORD004249,PROD00377,1,1443.94,12.06,1092.0
ITEM0007353,ORD004250,PROD00410,2,47490.84,1967.16,37093.5
ITEM0007354,ORD004251,PROD00089,1,16688.94,2881.06,17221.6
ITEM0007355,ORD004252,PROD00289,2,954.75,65.25,663.0
ITEM0007356,ORD004252,PROD00319,1,520.02,8.98,343.85
ITEM0007357,ORD004252,PROD00480,1,3843.36,422.64,3199.5
ITEM0007358,ORD004253,PROD00208,2,7234.99,351.01,4930.9
ITEM0007359,ORD004253,PROD00235,1,2271.72,189.28,1599.65
ITEM0007360,ORD004254,PROD00089,1,18132.58,1437.42,17221.6
ITEM0007361,ORD004255,PROD00209,1,1597.15,47.85,1069.25
ITEM0007362,ORD004256,PROD00467,1,15856.16,1396.84,12939.75
ITEM0007363,ORD004257,PROD00416,1,1162.05,76.95,929.25
ITEM0007364,ORD004257,PROD00182,1,2363.2,129.8,1620.45
ITEM0007365,ORD004258,PROD00113,1,37009.7,2838.3,35066.24
ITEM0007366,ORD004258,PROD00056,2,59655.92,10080.08,61367.68
ITEM0007367,ORD004259,PROD00250,1,4105.53,256.47,2835.3
ITEM0007368,ORD004260,PROD00154,1,29255.49,4712.51,29891.84
ITEM0007369,ORD004261,PROD00378,1,8473.31,753.69,6920.25
ITEM0007370,ORD004262,PROD00317,2,7080.44,507.56,4932.2
ITEM0007371,ORD004262,PROD00347,1,4876.13,49.87,3694.5
ITEM0007372,ORD004263,PROD00382,1,1155.29,120.71,957.0
ITEM0007373,ORD004263,PROD00432,3,17763.54,920.46,14013.0
ITEM0007374,ORD004264,PROD00306,1,3881.41,331.59,2738.45
ITEM0007375,ORD004264,PROD00260,1,534.7,3.3,349.7
ITEM0007376,ORD004264,PROD00120,1,65604.68,7994.32,64767.12
ITEM0007377,ORD004265,PROD00082,1,68557.85,703.15,60949.68
ITEM0007378,ORD004266,PROD00004,1,13072.84,131.16,11619.52
ITEM0007379,ORD004267,PROD00194,1,3029.41,154.59,2069.6
ITEM0007380,ORD004267,PROD00338,1,4684.84,354.16,3779.25
ITEM0007381,ORD004267,PROD00467,3,49544.41,2214.59,38819.25
ITEM0007382,ORD004268,PROD00216,2,4894.71,123.29,3261.7
ITEM0007383,ORD004268,PROD00387,3,35691.25,1625.75,27987.75
ITEM0007384,ORD004269,PROD00135,1,67340.32,2105.68,61112.48
ITEM0007385,ORD004269,PROD00474,1,22583.86,1153.14,17802.75
ITEM0007386,ORD004270,PROD00038,1,29777.04,4645.96,30292.24
ITEM0007387,ORD004271,PROD00133,1,13701.57,2034.43,13847.68
ITEM0007388,ORD004271,PROD00247,1,1541.52,55.48,1038.05
ITEM0007389,ORD004272,PROD00118,1,69137.16,4422.84,64732.8
ITEM0007390,ORD004272,PROD00041,1,20224.16,2673.84,20150.24
ITEM0007391,ORD004273,PROD00316,1,4483.25,73.75,2962.05
ITEM0007392,ORD004273,PROD00156,1,14536.72,2184.28,14714.48
ITEM0007393,ORD004274,PROD00408,1,20182.14,845.86,15771.0
ITEM0007394,ORD004275,PROD00427,1,24069.94,3.06,18054.75
ITEM0007395,ORD004275,PROD00382,1,1225.05,50.95,957.0
ITEM0007396,ORD004276,PROD00244,1,2315.3,200.7,1635.4
ITEM0007397,ORD004276,PROD00166,2,7288.5,175.5,4851.6
ITEM0007398,ORD004277,PROD00247,1,1482.29,114.71,1038.05
ITEM0007399,ORD004278,PROD00193,1,2606.27,214.73,1833.65
ITEM0007400,ORD004278,PROD00462,2,14496.83,917.17,11560.5
ITEM0007401,ORD004278,PROD00353,3,21318.77,1646.23,17223.75
ITEM0007402,ORD004279,PROD00110,1,35655.76,3775.24,34699.28
ITEM0007403,ORD004279,PROD00385,1,19799.37,1604.63,16053.0
ITEM0007404,ORD004280,PROD00483,1,20580.18,796.82,16032.75
ITEM0007405,ORD004281,PROD00372,1,7629.32,397.68,6020.25
ITEM0007406,ORD004281,PROD00012,1,32387.9,491.1,28933.52
ITEM0007407,ORD004282,PROD00459,1,8918.62,461.38,7035.0
ITEM0007408,ORD004282,PROD00009,1,43002.02,2069.98,39663.36
ITEM0007409,ORD004283,PROD00050,1,17343.51,2357.49,17336.88
ITEM0007410,ORD004284,PROD00457,1,5779.86,168.14,4461.0
ITEM0007411,ORD004285,PROD00303,3,7513.92,454.08,5179.2
ITEM0007412,ORD004286,PROD00071,1,50367.15,5732.85,49368.0
ITEM0007413,ORD004287,PROD00317,1,3702.24,91.76,2466.1
ITEM0007414,ORD004287,PROD00081,2,92753.87,14484.13,94369.44
ITEM0007415,ORD004287,PROD00216,1,2489.48,19.52,1630.85
ITEM0007416,ORD004288,PROD00268,1,2579.21,8.79,1682.2
ITEM0007417,ORD004289,PROD00333,1,11289.57,479.43,8826.75
ITEM0007418,ORD004289,PROD00475,1,20026.41,2130.59,16617.75
ITEM0007419,ORD004289,PROD00286,2,1596.98,15.02,1047.8
ITEM0007420,ORD004289,PROD00196,1,1535.91,75.09,1047.15
ITEM0007421,ORD004290,PROD00246,1,841.88,6.12,551.2
ITEM0007422,ORD004291,PROD00007,1,20047.9,972.1,18497.6
ITEM0007423,ORD004291,PROD00348,1,4430.3,31.7,3346.5
ITEM0007424,ORD004292,PROD00027,1,38228.61,3368.39,36605.36
ITEM0007425,ORD004293,PROD00390,2,42727.42,1012.58,32805.0
ITEM0007426,ORD004294,PROD00095,1,63508.14,2145.86,57775.52
ITEM0007427,ORD004294,PROD00240,1,1437.37,9.63,940.55
ITEM0007428,ORD004295,PROD00299,1,3851.91,106.09,2572.7
ITEM0007429,ORD004295,PROD00418,1,9427.1,730.9,7618.5
ITEM0007430,ORD004295,PROD00172,1,577.3,7.7,380.25
ITEM0007431,ORD004296,PROD00024,1,58630.5,9069.5,59576.0
ITEM0007432,ORD004297,PROD00432,1,5787.04,440.96,4671.0
ITEM0007433,ORD004297,PROD00444,1,10773.91,369.09,8357.25
ITEM0007434,ORD004297,PROD00386,1,4660.21,32.79,3519.75
ITEM0007435,ORD004298,PROD00184,1,793.1,52.9,549.9
ITEM0007436,ORD004299,PROD00369,1,7520.53,768.47,6216.75
ITEM0007437,ORD004299,PROD00078,1,54102.45,8311.55,54924.32
ITEM0007438,ORD004300,PROD00070,2,80262.89,7019.11,76808.16
ITEM0007439,ORD004301,PROD00011,2,86775.44,8870.56,84168.48
ITEM0007440,ORD004301,PROD00413,1,15354.68,397.32,11814.0
ITEM0007441,ORD004302,PROD00361,2,31006.79,3329.21,25752.0
ITEM0007442,ORD004303,PROD00379,2,7780.34,397.66,6133.5
ITEM0007443,ORD004303,PROD00197,2,5639.83,264.17,3837.6
ITEM0007444,ORD004303,PROD00142,1,26203.76,675.24,23653.52
ITEM0007445,ORD004303,PROD00049,1,9453.09,386.91,8659.2
ITEM0007446,ORD004304,PROD00017,1,11088.69,464.31,10166.64
ITEM0007447,ORD004304,PROD00090,1,10400.04,1328.96,10321.52
ITEM0007448,ORD004304,PROD00312,3,1916.64,114.36,1320.15
ITEM0007449,ORD004305,PROD00169,2,2951.85,44.15,1947.4
ITEM0007450,ORD004305,PROD00421,1,2604.39,249.61,2140.5
ITEM0007451,ORD004306,PROD00072,1,39503.48,1794.52,36342.24
ITEM0007452,ORD004307,PROD00319,1,498.93,30.07,343.85
ITEM0007453,ORD004308,PROD00366,2,40392.76,4329.24,33541.5
ITEM0007454,ORD004309,PROD00373,2,26703.82,1818.18,21391.5
ITEM0007455,ORD004309,PROD00402,1,9217.78,366.22,7188.0
ITEM0007456,ORD004310,PROD00105,1,59398.02,6172.98,57702.48
ITEM0007457,ORD004311,PROD00005,1,41834.47,4250.53,40554.8
ITEM0007458,ORD004311,PROD00318,1,2548.72,81.28,1709.5
ITEM0007459,ORD004312,PROD00168,2,2903.45,86.55,1943.5
ITEM0007460,ORD004312,PROD00229,1,4078.22,110.78,2722.85
ITEM0007461,ORD004313,PROD00255,1,1738.27,58.73,1168.05
ITEM0007462,ORD004313,PROD00214,3,13333.09,691.91,9116.25
ITEM0007463,ORD004314,PROD00318,1,2420.82,209.18,1709.5
ITEM0007464,ORD004314,PROD00425,1,22224.71,1367.29,17694.0
ITEM0007465,ORD004315,PROD00301,1,4381.3,288.7,3035.5
ITEM0007466,ORD004315,PROD00161,1,62187.91,3718.09,57997.28
ITEM0007467,ORD004316,PROD00392,1,1636.85,122.15,1319.25
ITEM0007468,ORD004316,PROD00422,1,24043.65,132.35,18132.0
ITEM0007469,ORD004317,PROD00416,1,1238.9,0.1,929.25
ITEM0007470,ORD004317,PROD00018,2,35096.26,1517.74,32220.32
ITEM0007471,ORD004318,PROD00216,1,2397.61,111.39,1630.85
ITEM0007472,ORD004319,PROD00046,1,42376.16,7378.84,43784.4
ITEM0007473,ORD004319,PROD00029,1,69387.06,697.94,61674.8
ITEM0007474,ORD004319,PROD00261,1,3268.67,41.33,2151.5
ITEM0007475,ORD004320,PROD00146,3,31775.99,1701.01,29459.76
ITEM0007476,ORD004320,PROD00395,1,4747.29,437.71,3888.75
ITEM0007477,ORD004321,PROD00407,2,7511.93,58.07,5677.5
ITEM0007478,ORD004321,PROD00294,1,2613.31,49.69,1730.95
ITEM0007479,ORD004321,PROD00048,1,8347.59,452.41,7744.0
ITEM0007480,ORD004321,PROD00225,1,3822.49,201.51,2615.6
ITEM0007481,ORD004322,PROD00408,2,37947.69,4108.31,31542.0
ITEM0007482,ORD004322,PROD00158,1,65932.26,5204.74,62600.56
ITEM0007483,ORD004323,PROD00491,1,4011.3,239.7,3188.25
ITEM0007484,ORD004324,PROD00370,1,23539.44,1455.56,18746.25
ITEM0007485,ORD004324,PROD00105,1,56467.88,9103.12,57702.48
ITEM0007486,ORD004325,PROD00071,1,49444.94,6655.06,49368.0
ITEM0007487,ORD004325,PROD00183,1,3880.97,113.03,2596.1
ITEM0007488,ORD004326,PROD00117,1,25717.58,237.42,22840.4
ITEM0007489,ORD004326,PROD00426,1,19222.17,1161.83,15288.0
ITEM0007490,ORD004326,PROD00492,1,22879.74,649.26,17646.75
ITEM0007491,ORD004326,PROD00014,1,30230.93,4447.07,30516.64
ITEM0007492,ORD004327,PROD00470,1,7052.87,26.13,5309.25
ITEM0007493,ORD004328,PROD00143,1,18552.24,257.76,16552.8
ITEM0007494,ORD004328,PROD00442,1,23517.39,897.61,18311.25
ITEM0007495,ORD004329,PROD00363,1,18416.99,552.01,14226.75
ITEM0007496,ORD004330,PROD00393,1,6494.26,609.74,5328.0
ITEM0007497,ORD004331,PROD00454,1,24908.18,17.82,18694.5
ITEM0007498,ORD004332,PROD00318,1,2608.93,21.07,1709.5
ITEM0007499,ORD004333,PROD00276,1,3016.95,131.05,2046.2
ITEM0007500,ORD004333,PROD00220,1,978.53,15.47,646.1
ITEM0007501,ORD004334,PROD00408,1,20279.99,748.01,15771.0
ITEM0007502,ORD004335,PROD00251,1,4391.08,90.92,2913.3
ITEM0007503,ORD004335,PROD00019,1,68122.62,3970.38,63441.84
ITEM0007504,ORD004336,PROD00489,1,18114.01,115.99,13672.5
ITEM0007505,ORD004336,PROD00102,1,29219.72,360.28,26030.4
ITEM0007506,ORD004337,PROD00160,1,7424.91,283.09,6783.04
ITEM0007507,ORD004337,PROD00170,1,2421.18,53.82,1608.75
ITEM0007508,ORD004337,PROD00431,1,7699.4,348.6,6036.0
ITEM0007509,ORD004338,PROD00256,2,9778.49,145.51,6450.6
ITEM0007510,ORD004338,PROD00038,1,31994.59,2428.41,30292.24
ITEM0007511,ORD004339,PROD00198,1,2118.12,119.88,1454.7
ITEM0007512,ORD004339,PROD00084,1,69825.37,10018.63,70262.72
ITEM0007513,ORD004340,PROD00099,1,43123.13,1097.87,38914.48
ITEM0007514,ORD004340,PROD00267,1,3558.11,35.89,2336.1
ITEM0007515,ORD004341,PROD00357,1,16306.02,1204.98,13133.25
ITEM0007516,ORD004342,PROD00300,1,1545.86,54.14,1040.0
ITEM0007517,ORD004342,PROD00466,1,3545.08,14.92,2670.0
ITEM0007518,ORD004343,PROD00273,2,1490.72,81.28,1021.8
ITEM0007519,ORD004344,PROD00133,1,15137.51,598.49,13847.68
ITEM0007520,ORD004344,PROD00408,3,59031.93,4052.07,47313.0
ITEM0007521,ORD004344,PROD00022,3,139473.84,15605.16,136469.52
ITEM0007522,ORD004344,PROD00032,1,56286.65,6737.35,55461.12
ITEM0007523,ORD004345,PROD00227,1,3417.61,86.39,2277.6
ITEM0007524,ORD004345,PROD00085,1,45577.01,5104.99,44600.16
ITEM0007525,ORD004346,PROD00460,1,18977.85,841.15,14864.25
ITEM0007526,ORD004346,PROD00107,1,43534.01,4478.99,42251.44
ITEM0007527,ORD004347,PROD00103,1,58005.31,6219.69,56518.0
ITEM0007528,ORD004347,PROD00373,1,14036.16,224.84,10695.75
ITEM0007529,ORD004348,PROD00131,1,71417.51,3885.49,66266.64
ITEM0007530,ORD004349,PROD00069,1,25246.64,2061.36,24031.04
ITEM0007531,ORD004349,PROD00200,1,2129.75,62.25,1424.8
ITEM0007532,ORD004349,PROD00021,1,18106.51,967.49,16785.12
ITEM0007533,ORD004349,PROD00166,1,3702.69,29.31,2425.8
ITEM0007534,ORD004350,PROD00113,1,37103.14,2744.86,35066.24
ITEM0007535,ORD004350,PROD00477,2,15583.79,438.21,12016.5
ITEM0007536,ORD004351,PROD00172,1,549.48,35.52,380.25
ITEM0007537,ORD004351,PROD00109,2,86805.23,1640.77,77832.48
ITEM0007538,ORD004352,PROD00413,2,31047.54,456.46,23628.0
ITEM0007539,ORD004352,PROD00273,2,1561.69,10.31,1021.8
ITEM0007540,ORD004353,PROD00458,2,25384.57,2159.43,20658.0
ITEM0007541,ORD004353,PROD00471,1,10015.39,474.61,7867.5
ITEM0007542,ORD004354,PROD00234,1,3393.09,182.91,2324.4
ITEM0007543,ORD004354,PROD00106,1,6226.25,658.75,6058.8
ITEM0007544,ORD004354,PROD00431,1,7536.15,511.85,6036.0
ITEM0007545,ORD004355,PROD00478,1,6646.87,1.13,4986.0
ITEM0007546,ORD004355,PROD00414,1,15415.77,717.23,12099.75
ITEM0007547,ORD004355,PROD00073,2,128414.84,16483.16,127510.24
ITEM0007548,ORD004355,PROD00335,1,14995.59,870.41,11899.5
ITEM0007549,ORD004356,PROD00131,1,72208.35,3094.65,66266.64
ITEM0007550,ORD004356,PROD00268,1,2395.8,192.2,1682.2
ITEM0007551,ORD004357,PROD00210,1,3932.62,170.38,2666.95
ITEM0007552,ORD004358,PROD00488,3,39975.91,632.09,30456.0
ITEM0007553,ORD004359,PROD00108,1,65722.67,8629.33,65429.76
ITEM0007554,ORD004360,PROD00475,1,20092.17,2064.83,16617.75
ITEM0007555,ORD004361,PROD00268,1,2491.2,96.8,1682.2
ITEM0007556,ORD004361,PROD00286,1,782.26,23.74,523.9
ITEM0007557,ORD004361,PROD00269,1,2514.98,85.02,1690.0
ITEM0007558,ORD004362,PROD00461,1,13463.46,868.54,10749.0
ITEM0007559,ORD004362,PROD00245,1,3655.53,62.47,2416.7
ITEM0007560,ORD004363,PROD00075,3,114438.76,17558.24,116157.36
ITEM0007561,ORD004363,PROD00232,1,3229.32,8.68,2104.7
ITEM0007562,ORD004364,PROD00146,1,10547.47,611.53,9819.92
ITEM0007563,ORD004365,PROD00066,1,67782.11,5645.89,64616.64
ITEM0007564,ORD004366,PROD00450,1,17938.88,886.12,14118.75
ITEM0007565,ORD004367,PROD00180,1,3234.03,128.97,2185.95
ITEM0007566,ORD004367,PROD00120,1,68750.15,4848.85,64767.12
ITEM0007567,ORD004367,PROD00277,2,4118.6,235.4,2830.1
ITEM0007568,ORD004368,PROD00290,2,3004.44,211.56,2090.4
ITEM0007569,ORD004368,PROD00419,1,3159.58,12.42,2379.0
ITEM0007570,ORD004368,PROD00208,1,3525.7,267.3,2465.45
ITEM0007571,ORD004369,PROD00351,1,22586.53,2033.47,18465.0
ITEM0007572,ORD004369,PROD00207,1,3549.29,55.71,2343.25
ITEM0007573,ORD004370,PROD00328,1,2876.94,243.06,2028.0
ITEM0007574,ORD004371,PROD00113,1,37249.62,2598.38,35066.24
ITEM0007575,ORD004372,PROD00160,1,7085.04,622.96,6783.04
ITEM0007576,ORD004372,PROD00159,1,70021.86,5555.14,66507.76
ITEM0007577,ORD004373,PROD00142,1,24716.94,2162.06,23653.52
ITEM0007578,ORD004374,PROD00422,2,45818.25,2533.75,36264.0
ITEM0007579,ORD004374,PROD00270,1,1056.74,5.26,690.3
ITEM0007580,ORD004375,PROD00146,1,10277.25,881.75,9819.92
ITEM0007581,ORD004376,PROD00492,1,22739.26,789.74,17646.75
ITEM0007582,ORD004377,PROD00392,2,3404.88,113.12,2638.5
ITEM0007583,ORD004377,PROD00494,2,16050.64,45.36,12072.0
ITEM0007584,ORD004378,PROD00353,1,7501.59,153.41,5741.25
ITEM0007585,ORD004378,PROD00408,1,19200.4,1827.6,15771.0
ITEM0007586,ORD004379,PROD00029,3,179935.03,30319.97,185024.4
ITEM0007587,ORD004380,PROD00174,1,4781.54,81.46,3160.95
ITEM0007588,ORD004380,PROD00448,1,5702.26,22.74,4293.75
ITEM0007589,ORD004380,PROD00471,1,9835.44,654.56,7867.5
ITEM0007590,ORD004381,PROD00239,3,9840.57,179.43,6513.0
ITEM0007591,ORD004382,PROD00272,1,1105.24,21.76,732.55
ITEM0007592,ORD004383,PROD00375,1,15843.32,717.68,12420.75
ITEM0007593,ORD004383,PROD00467,2,32133.19,2372.81,25879.5
ITEM0007594,ORD004384,PROD00274,1,1284.72,73.28,882.7
ITEM0007595,ORD004384,PROD00412,1,11876.4,791.6,9501.0
ITEM0007596,ORD004384,PROD00262,1,2527.36,14.64,1652.3
ITEM0007597,ORD004385,PROD00084,1,74477.95,5366.05,70262.72
ITEM0007598,ORD004386,PROD00373,1,13969.62,291.38,10695.75
ITEM0007599,ORD004387,PROD00460,3,56747.26,2709.74,44592.75
ITEM0007600,ORD004388,PROD00132,1,18541.84,1410.16,17557.76
ITEM0007601,ORD004389,PROD00283,1,810.19,40.81,553.15
ITEM0007602,ORD004389,PROD00261,1,3271.61,38.39,2151.5
ITEM0007603,ORD004389,PROD00067,1,39039.14,4037.86,37907.76
ITEM0007604,ORD004390,PROD00214,1,4586.4,88.6,3038.75
ITEM0007605,ORD004390,PROD00434,1,12056.05,1107.95,9873.0
ITEM0007606,ORD004391,PROD00025,1,27629.1,2010.9,26083.2
ITEM0007607,ORD004392,PROD00379,1,3985.08,103.92,3066.75
ITEM0007608,ORD004392,PROD00339,1,14301.13,1558.87,11895.0
ITEM0007609,ORD004393,PROD00188,1,4647.9,234.1,3173.3
ITEM0007610,ORD004394,PROD00328,1,3028.5,91.5,2028.0
ITEM0007611,ORD004395,PROD00101,1,66436.85,9400.15,66736.56
ITEM0007612,ORD004395,PROD00298,1,2165.23,42.77,1435.2
ITEM0007613,ORD004396,PROD00259,1,3836.55,20.45,2507.05
ITEM0007614,ORD004396,PROD00439,1,2716.97,232.03,2211.75
ITEM0007615,ORD004396,PROD00386,1,4408.37,284.63,3519.75
ITEM0007616,ORD004396,PROD00120,1,69152.92,4446.08,64767.12
ITEM0007617,ORD004397,PROD00313,1,3834.95,38.05,2517.45
ITEM0007618,ORD004397,PROD00450,1,18469.55,355.45,14118.75
ITEM0007619,ORD004397,PROD00275,1,4242.78,40.22,2783.95
ITEM0007620,ORD004398,PROD00366,1,21947.34,413.66,16770.75
ITEM0007621,ORD004399,PROD00041,1,22824.11,73.89,20150.24
ITEM0007622,ORD004399,PROD00045,1,38782.87,556.13,34618.32
ITEM0007623,ORD004400,PROD00414,1,15874.01,258.99,12099.75
ITEM0007624,ORD004401,PROD00483,1,19610.02,1766.98,16032.75
ITEM0007625,ORD004402,PROD00142,2,51689.06,2068.94,47307.04
ITEM0007626,ORD004403,PROD00044,1,56765.74,4596.26,53998.56
ITEM0007627,ORD004403,PROD00383,1,20017.33,808.67,15619.5
ITEM0007628,ORD004404,PROD00213,1,3238.41,117.59,2181.4
ITEM0007629,ORD004404,PROD00186,1,4685.44,164.56,3152.5
ITEM0007630,ORD004404,PROD00334,1,18143.21,473.79,13962.75
ITEM0007631,ORD004405,PROD00072,1,40138.0,1160.0,36342.24
ITEM0007632,ORD004406,PROD00449,1,10030.97,47.03,7558.5
ITEM0007633,ORD004407,PROD00096,1,72733.64,2889.36,66548.24
ITEM0007634,ORD004407,PROD00004,1,12952.28,251.72,11619.52
ITEM0007635,ORD004407,PROD00013,1,45334.21,2582.79,42166.96
ITEM0007636,ORD004408,PROD00171,1,1095.39,57.61,749.45
ITEM0007637,ORD004408,PROD00127,1,68530.97,5696.03,65319.76
ITEM0007638,ORD004408,PROD00401,1,2108.21,185.79,1720.5
ITEM0007639,ORD004409,PROD00087,1,20780.1,788.9,18980.72
ITEM0007640,ORD004409,PROD00386,1,4486.02,206.98,3519.75
ITEM0007641,ORD004410,PROD00105,1,64129.35,1441.65,57702.48
ITEM0007642,ORD004410,PROD00444,1,11069.06,73.94,8357.25
ITEM0007643,ORD004411,PROD00274,2,2568.61,147.39,1765.4
ITEM0007644,ORD004412,PROD00069,1,24772.84,2535.16,24031.04
ITEM0007645,ORD004412,PROD00136,2,131381.77,19852.23,133085.92
ITEM0007646,ORD004413,PROD00207,1,3444.72,160.28,2343.25
ITEM0007647,ORD004414,PROD00054,3,129002.62,19800.38,130946.64
ITEM0007648,ORD004414,PROD00360,1,17391.03,229.97,13215.75
ITEM0007649,ORD004415,PROD00218,1,3201.02,191.98,2205.45
ITEM0007650,ORD004415,PROD00354,1,10367.55,628.45,8247.0
ITEM0007651,ORD004416,PROD00305,1,2710.52,5.48,1765.4
ITEM0007652,ORD004416,PROD00241,1,1245.81,83.19,863.85
ITEM0007653,ORD004417,PROD00357,1,17098.8,412.2,13133.25
ITEM0007654,ORD004417,PROD00430,1,18905.17,608.83,14635.5
ITEM0007655,ORD004418,PROD00043,1,51687.87,2604.13,47776.96
ITEM0007656,ORD004418,PROD00252,1,1905.03,82.97,1292.2
ITEM0007657,ORD004419,PROD00135,1,63328.78,6117.22,61112.48
ITEM0007658,ORD004420,PROD00167,1,640.7,22.3,430.95
ITEM0007659,ORD004420,PROD00472,1,1429.3,28.7,1093.5
ITEM0007660,ORD004420,PROD00273,3,2238.91,119.09,1532.7
ITEM0007661,ORD004421,PROD00221,1,521.71,36.29,362.7
ITEM0007662,ORD004422,PROD00075,1,38935.97,5063.03,38719.12
ITEM0007663,ORD004423,PROD00228,1,2843.43,47.57,1879.15
ITEM0007664,ORD004424,PROD00338,1,4758.3,280.7,3779.25
ITEM0007665,ORD004425,PROD00359,1,2981.14,148.86,2347.5
ITEM0007666,ORD004425,PROD00362,2,14519.26,950.74,11602.5
ITEM0007667,ORD004426,PROD00430,1,18461.3,1052.7,14635.5
ITEM0007668,ORD004426,PROD00267,1,3487.71,106.29,2336.1
ITEM0007669,ORD004427,PROD00118,1,73334.67,225.33,64732.8
ITEM0007670,ORD004428,PROD00359,1,2936.35,193.65,2347.5
ITEM0007671,ORD004428,PROD00109,3,114034.36,18634.64,116748.72
ITEM0007672,ORD004429,PROD00351,2,46907.24,2332.76,36930.0
ITEM0007673,ORD004429,PROD00282,1,2604.44,70.56,1738.75
ITEM0007674,ORD004430,PROD00069,2,49469.38,5146.62,48062.08
ITEM0007675,ORD004431,PROD00192,2,1588.15,109.85,1103.7
ITEM0007676,ORD004431,PROD00244,1,2337.53,178.47,1635.4
ITEM0007677,ORD004431,PROD00234,2,6739.88,412.12,4648.8
ITEM0007678,ORD004432,PROD00369,1,8245.74,43.26,6216.75
ITEM0007679,ORD004433,PROD00386,2,8595.79,790.21,7039.5
ITEM0007680,ORD004434,PROD00232,1,3195.59,42.41,2104.7
ITEM0007681,ORD004435,PROD00374,1,10232.54,71.46,7728.0
ITEM0007682,ORD004436,PROD00360,1,17521.64,99.36,13215.75
ITEM0007683,ORD004437,PROD00495,1,2442.75,203.25,1984.5
ITEM0007684,ORD004437,PROD00210,1,4061.97,41.03,2666.95
ITEM0007685,ORD004438,PROD00298,3,6119.9,504.1,4305.6
ITEM0007686,ORD004439,PROD00075,1,42975.03,1023.97,38719.12
ITEM0007687,ORD004440,PROD00414,1,15017.14,1115.86,12099.75
ITEM0007688,ORD004441,PROD00264,1,1924.62,25.38,1267.5
ITEM0007689,ORD004442,PROD00430,1,18896.32,617.68,14635.5
ITEM0007690,ORD004443,PROD00247,1,1561.46,35.54,1038.05
ITEM0007691,ORD004444,PROD00454,1,22787.4,2138.6,18694.5
ITEM0007692,ORD004445,PROD00117,1,25269.37,685.63,22840.4
ITEM0007693,ORD004445,PROD00181,1,1426.28,66.72,970.45
ITEM0007694,ORD004445,PROD00318,1,2440.25,189.75,1709.5
ITEM0007695,ORD004446,PROD00050,1,19592.59,108.41,17336.88
ITEM0007696,ORD004446,PROD00381,1,23222.04,1286.96,18381.75
ITEM0007697,ORD004447,PROD00268,1,2537.74,50.26,1682.2
ITEM0007698,ORD004447,PROD00415,1,5019.73,369.27,4041.75
ITEM0007699,ORD004448,PROD00142,2,49732.82,4025.18,47307.04
ITEM0007700,ORD004448,PROD00322,1,4592.37,49.63,3017.3
ITEM0007701,ORD004448,PROD00171,1,1147.89,5.11,749.45
ITEM0007702,ORD004449,PROD00283,2,1638.83,63.17,1106.3
ITEM0007703,ORD004450,PROD00291,2,8638.67,395.33,5872.1
ITEM0007704,ORD004450,PROD00102,1,29003.96,576.04,26030.4
ITEM0007705,ORD004451,PROD00027,1,35582.8,6014.2,36605.36
ITEM0007706,ORD004452,PROD00187,3,8988.71,572.29,6214.65
ITEM0007707,ORD004453,PROD00484,1,2525.37,165.63,2018.25
ITEM0007708,ORD004453,PROD00448,1,5171.45,553.55,4293.75
ITEM0007709,ORD004454,PROD00338,1,4774.78,264.22,3779.25
ITEM0007710,ORD004454,PROD00118,1,63596.17,9963.83,64732.8
ITEM0007711,ORD004455,PROD00309,1,2240.44,142.56,1548.95
ITEM0007712,ORD004455,PROD00354,1,9946.83,1049.17,8247.0
ITEM0007713,ORD004456,PROD00180,1,3231.67,131.33,2185.95
ITEM0007714,ORD004457,PROD00237,1,2016.98,6.02,1314.95
ITEM0007715,ORD004458,PROD00246,1,791.37,56.63,551.2
ITEM0007716,ORD004459,PROD00277,3,6474.18,56.82,4245.15
ITEM0007717,ORD004459,PROD00460,1,19241.23,577.77,14864.25
ITEM0007718,ORD004460,PROD00338,1,4649.94,389.06,3779.25
ITEM0007719,ORD004461,PROD00400,1,6440.65,26.35,4850.25
ITEM0007720,ORD004462,PROD00441,1,16362.34,454.66,12612.75
ITEM0007721,ORD004463,PROD00290,1,1549.44,58.56,1045.2
ITEM0007722,ORD004463,PROD00240,2,2737.86,156.14,1881.1
ITEM0007723,ORD004463,PROD00011,1,47676.26,146.74,42084.24
ITEM0007724,ORD004464,PROD00488,1,12425.39,1110.61,10152.0
ITEM0007725,ORD004465,PROD00037,1,44664.47,1018.53,40201.04
ITEM0007726,ORD004465,PROD00289,1,505.23,4.77,331.5
ITEM0007727,ORD004466,PROD00467,1,16554.57,698.43,12939.75
ITEM0007728,ORD004466,PROD00382,2,2327.26,224.74,1914.0
ITEM0007729,ORD004467,PROD00165,1,21297.74,287.26,18994.8
ITEM0007730,ORD004467,PROD00254,1,710.11,19.89,474.5
ITEM0007731,ORD004467,PROD00082,1,62393.57,6867.43,60949.68
ITEM0007732,ORD004468,PROD00291,1,4278.12,238.88,2936.05
ITEM0007733,ORD004468,PROD00495,1,2388.87,257.13,1984.5
ITEM0007734,ORD004469,PROD00114,2,58554.87,5475.13,56346.4
ITEM0007735,ORD004469,PROD00151,2,109803.74,11666.26,106893.6
ITEM0007736,ORD004469,PROD00255,2,3533.0,61.0,2336.1
ITEM0007737,ORD004470,PROD00319,1,495.57,33.43,343.85
ITEM0007738,ORD004471,PROD00302,1,1249.24,89.76,870.35
ITEM0007739,ORD004472,PROD00437,1,21365.35,711.65,16557.75
ITEM0007740,ORD004473,PROD00373,1,13455.19,805.81,10695.75
ITEM0007741,ORD004474,PROD00462,1,7631.14,75.86,5780.25
ITEM0007742,ORD004475,PROD00083,1,41502.1,6566.9,42300.72
ITEM0007743,ORD004476,PROD00058,1,68344.41,6292.59,65680.56
ITEM0007744,ORD004476,PROD00479,1,13285.78,1450.22,11052.0
ITEM0007745,ORD004476,PROD00240,2,2815.46,78.54,1881.1
ITEM0007746,ORD004477,PROD00079,1,26056.3,1316.7,24088.24
ITEM0007747,ORD004477,PROD00153,1,30034.06,2192.94,28359.76
ITEM0007748,ORD004478,PROD00385,1,19895.97,1508.03,16053.0
ITEM0007749,ORD004479,PROD00243,1,2805.66,71.34,1870.05
ITEM0007750,ORD004479,PROD00317,1,3786.98,7.02,2466.1
ITEM0007751,ORD004479,PROD00406,1,8119.16,503.84,6467.25
ITEM0007752,ORD004480,PROD00088,1,65158.99,7777.01,64183.68
ITEM0007753,ORD004481,PROD00223,1,4588.0,372.0,3224.0
ITEM0007754,ORD004482,PROD00335,2,31651.05,80.95,23799.0
ITEM0007755,ORD004482,PROD00485,1,2073.45,87.55,1620.75
ITEM0007756,ORD004483,PROD00070,2,78879.58,8402.42,76808.16
ITEM0007757,ORD004484,PROD00134,1,31734.8,5477.2,32746.56
ITEM0007758,ORD004484,PROD00081,1,45723.53,7895.47,47184.72
ITEM0007759,ORD004485,PROD00152,1,55355.62,5082.38,53185.44
ITEM0007760,ORD004486,PROD00163,1,42878.62,3856.38,41126.8
ITEM0007761,ORD004486,PROD00459,2,17929.47,830.53,14070.0
ITEM0007762,ORD004487,PROD00311,1,2164.07,66.93,1450.15
ITEM0007763,ORD004487,PROD00153,1,32132.18,94.82,28359.76
ITEM0007764,ORD004488,PROD00289,1,496.07,13.93,331.5
ITEM0007765,ORD004488,PROD00251,1,4255.99,226.01,2913.3
ITEM0007766,ORD004489,PROD00456,1,16327.87,225.13,12414.75
ITEM0007767,ORD004489,PROD00267,1,3423.0,171.0,2336.1
ITEM0007768,ORD004490,PROD00285,1,1449.7,69.3,987.35
ITEM0007769,ORD004491,PROD00320,1,1853.21,68.79,1249.3
ITEM0007770,ORD004492,PROD00434,1,12315.4,848.6,9873.0
ITEM0007771,ORD004492,PROD00179,3,8588.89,654.11,6007.95
ITEM0007772,ORD004493,PROD00235,1,2399.76,61.24,1599.65
ITEM0007773,ORD004493,PROD00098,1,19620.93,3422.07,20277.84
ITEM0007774,ORD004494,PROD00010,1,50107.86,8447.14,51528.4
ITEM0007775,ORD004494,PROD00108,1,63891.37,10460.63,65429.76
ITEM0007776,ORD004495,PROD00227,1,3234.37,269.63,2277.6
ITEM0007777,ORD004496,PROD00287,1,1992.09,54.91,1330.55
ITEM0007778,ORD004496,PROD00277,1,2037.21,139.79,1415.05
ITEM0007779,ORD004497,PROD00158,1,70955.11,181.89,62600.56
ITEM0007780,ORD004497,PROD00442,1,23053.79,1361.21,18311.25
ITEM0007781,ORD004497,PROD00048,1,8261.8,538.2,7744.0
ITEM0007782,ORD004498,PROD00256,1,4743.48,218.52,3225.3
ITEM0007783,ORD004499,PROD00119,1,53773.55,2503.45,49523.76
ITEM0007784,ORD004500,PROD00436,1,18381.29,667.71,14286.75
ITEM0007785,ORD004500,PROD00258,2,6904.13,291.87,4677.4
ITEM0007786,ORD004501,PROD00361,1,16061.26,1106.74,12876.0
ITEM0007787,ORD004502,PROD00161,1,62324.05,3581.95,57997.28
ITEM0007788,ORD004502,PROD00122,1,15057.59,820.41,13972.64
ITEM0007789,ORD004502,PROD00404,2,44614.83,323.17,33703.5
ITEM0007790,ORD004502,PROD00432,1,5720.61,507.39,4671.0
ITEM0007791,ORD004503,PROD00128,1,65742.25,5157.75,62392.0
ITEM0007792,ORD004504,PROD00480,1,4165.77,100.23,3199.5
ITEM0007793,ORD004504,PROD00096,1,65497.24,10125.76,66548.24
ITEM0007794,ORD004504,PROD00064,1,73205.34,2612.66,66719.84
ITEM0007795,ORD004505,PROD00274,1,1271.59,86.41,882.7
ITEM0007796,ORD004505,PROD00312,1,623.09,53.91,440.05
ITEM0007797,ORD004506,PROD00032,1,55831.77,7192.23,55461.12
ITEM0007798,ORD004507,PROD00415,1,5074.63,314.37,4041.75
ITEM0007799,ORD004507,PROD00412,1,12040.08,627.92,9501.0
ITEM0007800,ORD004508,PROD00125,1,8003.77,886.23,7823.2
ITEM0007801,ORD004508,PROD00282,1,2631.01,43.99,1738.75
ITEM0007802,ORD004509,PROD00172,1,544.14,40.86,380.25
ITEM0007803,ORD004510,PROD00341,2,13669.68,1210.32,11160.0
ITEM0007804,ORD004511,PROD00225,1,3716.53,307.47,2615.6
ITEM0007805,ORD004511,PROD00495,1,2589.91,56.09,1984.5
ITEM0007806,ORD004512,PROD00309,1,2194.4,188.6,1548.95
ITEM0007807,ORD004512,PROD00453,1,19086.09,1160.91,15185.25
ITEM0007808,ORD004513,PROD00360,1,17057.04,563.96,13215.75
ITEM0007809,ORD004513,PROD00068,1,37173.28,5507.72,37559.28
ITEM0007810,ORD004513,PROD00366,2,43597.87,1124.13,33541.5
ITEM0007811,ORD004514,PROD00434,1,12953.2,210.8,9873.0
ITEM0007812,ORD004515,PROD00065,1,56538.4,2147.6,51643.68
ITEM0007813,ORD004515,PROD00252,1,1950.96,37.04,1292.2
ITEM0007814,ORD004515,PROD00242,1,3417.4,193.6,2347.15
ITEM0007815,ORD004516,PROD00133,1,15160.32,575.68,13847.68
ITEM0007816,ORD004516,PROD00298,1,2128.43,79.57,1435.2
ITEM0007817,ORD004517,PROD00334,1,18561.07,55.93,13962.75
ITEM0007818,ORD004517,PROD00114,1,31614.92,400.08,28173.2
ITEM0007819,ORD004518,PROD00386,1,4464.9,228.1,3519.75
ITEM0007820,ORD004518,PROD00133,1,15215.47,520.53,13847.68
ITEM0007821,ORD004519,PROD00418,1,9547.48,610.52,7618.5
ITEM0007822,ORD004519,PROD00138,2,72309.79,9806.21,72262.08
ITEM0007823,ORD004520,PROD00190,1,4435.53,178.47,2999.1
ITEM0007824,ORD004520,PROD00104,1,15271.61,469.39,13852.08
ITEM0007825,ORD004521,PROD00026,2,84519.62,2166.38,76283.68
ITEM0007826,ORD004521,PROD00360,2,32357.93,2884.07,26431.5
ITEM0007827,ORD004522,PROD00410,1,23889.25,839.75,18546.75
ITEM0007828,ORD004523,PROD00073,1,68557.18,3891.82,63755.12
ITEM0007829,ORD004523,PROD00190,1,4399.54,214.46,2999.1
ITEM0007830,ORD004524,PROD00131,1,68689.43,6613.57,66266.64
ITEM0007831,ORD004524,PROD00105,1,56230.59,9340.41,57702.48
ITEM0007832,ORD004525,PROD00397,1,5247.07,118.93,4024.5
ITEM0007833,ORD004526,PROD00129,1,49653.11,135.89,43814.32
ITEM0007834,ORD004527,PROD00313,1,3851.26,21.74,2517.45
ITEM0007835,ORD004528,PROD00283,1,817.01,33.99,553.15
ITEM0007836,ORD004529,PROD00405,1,6379.19,203.81,4937.25
ITEM0007837,ORD004530,PROD00012,1,32769.48,109.52,28933.52
ITEM0007838,ORD004530,PROD00238,3,10008.92,266.08,6678.75
ITEM0007839,ORD004530,PROD00054,1,46421.06,3179.94,43648.88
ITEM0007840,ORD004531,PROD00349,1,13364.61,209.39,10180.5
ITEM0007841,ORD004532,PROD00294,1,2566.04,96.96,1730.95
ITEM0007842,ORD004532,PROD00221,1,527.16,30.84,362.7
ITEM0007843,ORD004532,PROD00491,1,3925.4,325.6,3188.25
ITEM0007844,ORD004533,PROD00195,1,980.47,18.53,649.35
ITEM0007845,ORD004534,PROD00229,2,8091.48,286.52,5445.7
ITEM0007846,ORD004534,PROD00282,1,2470.75,204.25,1738.75
ITEM0007847,ORD004535,PROD00255,1,1693.28,103.72,1168.05
ITEM0007848,ORD004535,PROD00397,3,15691.39,406.61,12073.5
ITEM0007849,ORD004535,PROD00210,1,3988.57,114.43,2666.95
ITEM0007850,ORD004536,PROD00307,1,1353.74,96.26,942.5
ITEM0007851,ORD004537,PROD00045,1,36808.6,2530.4,34618.32
ITEM0007852,ORD004537,PROD00178,3,4494.86,308.14,3121.95
ITEM0007853,ORD004538,PROD00064,1,72879.25,2938.75,66719.84
ITEM0007854,ORD004538,PROD00323,1,4592.66,302.34,3181.75
ITEM0007855,ORD004538,PROD00098,1,21379.33,1663.67,20277.84
ITEM0007856,ORD004539,PROD00299,1,3726.8,231.2,2572.7
ITEM0007857,ORD004540,PROD00489,2,35724.42,735.58,27345.0
ITEM0007858,ORD004540,PROD00081,1,52748.84,870.16,47184.72
ITEM0007859,ORD004540,PROD00346,2,37811.75,884.25,29022.0
ITEM0007860,ORD004541,PROD00231,1,1122.45,81.55,782.6
ITEM0007861,ORD004542,PROD00038,1,32435.91,1987.09,30292.24
ITEM0007862,ORD004542,PROD00393,2,13881.05,326.95,10656.0
ITEM0007863,ORD004543,PROD00478,1,6015.8,632.2,4986.0
ITEM0007864,ORD004544,PROD00176,1,4285.72,99.28,2850.25
ITEM0007865,ORD004545,PROD00448,1,5427.66,297.34,4293.75
ITEM0007866,ORD004545,PROD00156,1,16565.17,155.83,14714.48
ITEM0007867,ORD004546,PROD00459,1,8701.34,678.66,7035.0
ITEM0007868,ORD004547,PROD00273,1,762.02,23.98,510.9
ITEM0007869,ORD004547,PROD00200,1,2149.3,42.7,1424.8
ITEM0007870,ORD004548,PROD00422,1,23446.77,729.23,18132.0
ITEM0007871,ORD004549,PROD00228,1,2833.98,57.02,1879.15
ITEM0007872,ORD004549,PROD00235,1,2409.07,51.93,1599.65
ITEM0007873,ORD004549,PROD00098,1,21975.66,1067.34,20277.84
ITEM0007874,ORD004550,PROD00275,1,4126.22,156.78,2783.95
ITEM0007875,ORD004550,PROD00283,1,809.18,41.82,553.15
ITEM0007876,ORD004551,PROD00037,1,39143.48,6539.52,40201.04
ITEM0007877,ORD004552,PROD00478,2,13221.14,74.86,9972.0
ITEM0007878,ORD004552,PROD00383,1,20089.18,736.82,15619.5
ITEM0007879,ORD004552,PROD00205,1,4548.18,15.82,2966.6
ITEM0007880,ORD004552,PROD00256,3,13702.06,1183.94,9675.9
ITEM0007881,ORD004553,PROD00017,1,11380.14,172.86,10166.64
ITEM0007882,ORD004554,PROD00038,1,34377.09,45.91,30292.24
ITEM0007883,ORD004555,PROD00325,1,4376.02,293.98,3035.5
ITEM0007884,ORD004556,PROD00210,2,7871.98,334.02,5333.9
ITEM0007885,ORD004557,PROD00044,1,53363.84,7998.16,53998.56
ITEM0007886,ORD004557,PROD00308,1,4791.05,40.95,3140.8
ITEM0007887,ORD004557,PROD00491,1,4139.26,111.74,3188.25
ITEM0007888,ORD004558,PROD00297,1,3729.25,208.75,2559.7
ITEM0007889,ORD004558,PROD00086,1,67193.47,5950.53,64366.72
ITEM0007890,ORD004559,PROD00101,1,73679.84,2157.16,66736.56
ITEM0007891,ORD004559,PROD00271,1,3659.17,216.83,2519.4
ITEM0007892,ORD004560,PROD00206,1,2070.37,113.63,1419.6
ITEM0007893,ORD004560,PROD00121,2,34872.02,2601.98,32977.12
ITEM0007894,ORD004561,PROD00263,1,2783.3,132.7,1895.4
ITEM0007895,ORD004561,PROD00241,2,2561.4,96.6,1727.7
ITEM0007896,ORD004562,PROD00186,1,4536.45,313.55,3152.5
ITEM0007897,ORD004562,PROD00197,1,2829.72,122.28,1918.8
ITEM0007898,ORD004563,PROD00179,1,2987.12,93.88,2002.65
ITEM0007899,ORD004563,PROD00074,2,123934.8,21515.2,127996.0
ITEM0007900,ORD004564,PROD00384,3,3834.78,389.22,3168.0
ITEM0007901,ORD004564,PROD00138,1,40288.33,769.67,36131.04
ITEM0007902,ORD004565,PROD00410,2,46186.63,3271.37,37093.5
ITEM0007903,ORD004566,PROD00081,2,101355.22,5882.78,94369.44
ITEM0007904,ORD004566,PROD00075,1,40183.41,3815.59,38719.12
ITEM0007905,ORD004566,PROD00416,3,3480.64,236.36,2787.75
ITEM0007906,ORD004567,PROD00178,1,1491.29,109.71,1040.65
ITEM0007907,ORD004568,PROD00469,1,5470.1,252.9,4292.25
ITEM0007908,ORD004569,PROD00019,1,68133.36,3959.64,63441.84
ITEM0007909,ORD004570,PROD00374,1,9405.94,898.06,7728.0
ITEM0007910,ORD004570,PROD00335,3,47149.83,448.17,35698.5
ITEM0007911,ORD004571,PROD00408,1,20108.58,919.42,15771.0
ITEM0007912,ORD004572,PROD00372,1,7436.73,590.27,6020.25
ITEM0007913,ORD004572,PROD00093,1,12872.24,1493.76,12642.08
ITEM0007914,ORD004573,PROD00488,1,12519.17,1016.83,10152.0
ITEM0007915,ORD004573,PROD00494,3,22993.27,1150.73,18108.0
ITEM0007916,ORD004574,PROD00073,2,141221.68,3676.32,127510.24
ITEM0007917,ORD004575,PROD00343,1,21819.51,210.49,16522.5
ITEM0007918,ORD004576,PROD00339,1,15504.85,355.15,11895.0
ITEM0007919,ORD004577,PROD00276,1,3074.81,73.19,2046.2
ITEM0007920,ORD004577,PROD00203,1,3244.89,66.11,2152.15
ITEM0007921,ORD004578,PROD00132,1,18177.32,1774.68,17557.76
ITEM0007922,ORD004578,PROD00078,2,116876.18,7951.82,109848.64
ITEM0007923,ORD004579,PROD00445,2,8239.08,234.92,6355.5
ITEM0007924,ORD004580,PROD00320,1,1899.23,22.77,1249.3
ITEM0007925,ORD004581,PROD00329,1,3201.42,170.58,2191.8
ITEM0007926,ORD004582,PROD00320,3,5357.29,408.71,3747.9
ITEM0007927,ORD004582,PROD00413,1,15639.65,112.35,11814.0
ITEM0007928,ORD004583,PROD00200,1,2088.76,103.24,1424.8
ITEM0007929,ORD004583,PROD00058,1,73618.93,1018.07,65680.56
ITEM0007930,ORD004584,PROD00335,2,28781.26,2950.74,23799.0
ITEM0007931,ORD004585,PROD00081,1,49356.06,4262.94,47184.72
ITEM0007932,ORD004586,PROD00493,1,12298.01,1201.99,10125.0
ITEM0007933,ORD004587,PROD00389,1,16343.0,1455.0,13348.5
ITEM0007934,ORD004588,PROD00054,2,94554.77,4647.23,87297.76
ITEM0007935,ORD004588,PROD00123,2,52537.46,5230.54,50835.84
ITEM0007936,ORD004588,PROD00159,1,71846.94,3730.06,66507.76
ITEM0007937,ORD004589,PROD00115,2,104483.59,17046.41,106946.4
ITEM0007938,ORD004590,PROD00422,1,23754.29,421.71,18132.0
ITEM0007939,ORD004590,PROD00315,1,3768.26,158.74,2552.55
ITEM0007940,ORD004591,PROD00154,1,29541.31,4426.69,29891.84
ITEM0007941,ORD004592,PROD00199,2,8017.44,534.56,5558.8
ITEM0007942,ORD004592,PROD00239,1,3165.65,174.35,2171.0
ITEM0007943,ORD004592,PROD00476,2,44823.73,1310.27,34600.5
ITEM0007944,ORD004593,PROD00197,1,2936.75,15.25,1918.8
ITEM0007945,ORD004594,PROD00072,1,36038.37,5259.63,36342.24
ITEM0007946,ORD004594,PROD00212,3,6536.21,294.79,4440.15
ITEM0007947,ORD004594,PROD00249,2,4756.55,173.45,3204.5
ITEM0007948,ORD004594,PROD00093,1,12696.26,1669.74,12642.08
ITEM0007949,ORD004595,PROD00200,1,2067.93,124.07,1424.8
ITEM0007950,ORD004595,PROD00282,3,7891.37,133.63,5216.25
ITEM0007951,ORD004595,PROD00305,1,2575.47,140.53,1765.4
ITEM0007952,ORD004596,PROD00388,1,6826.29,497.71,5493.0
ITEM0007953,ORD004597,PROD00070,2,77036.54,10245.46,76808.16
ITEM0007954,ORD004597,PROD00453,1,19079.81,1167.19,15185.25
ITEM0007955,ORD004598,PROD00155,1,46514.1,7462.9,47499.76
ITEM0007956,ORD004598,PROD00069,1,25644.23,1663.77,24031.04
ITEM0007957,ORD004599,PROD00203,1,3056.4,254.6,2152.15
ITEM0007958,ORD004600,PROD00361,1,17155.11,12.89,12876.0
ITEM0007959,ORD004601,PROD00204,2,9005.76,692.24,6303.7
ITEM0007960,ORD004601,PROD00061,1,22731.4,3727.6,23283.92
ITEM0007961,ORD004601,PROD00005,2,80752.64,11417.36,81109.6
ITEM0007962,ORD004602,PROD00368,1,17770.19,5.81,13332.0
ITEM0007963,ORD004603,PROD00203,2,6546.04,75.96,4304.3
ITEM0007964,ORD004603,PROD00139,1,42460.73,6652.27,43219.44
ITEM0007965,ORD004604,PROD00126,2,55289.34,9738.66,57224.64
ITEM0007966,ORD004605,PROD00432,1,6081.66,146.34,4671.0
ITEM0007967,ORD004605,PROD00255,1,1770.4,26.6,1168.05
ITEM0007968,ORD004606,PROD00277,1,2075.79,101.21,1415.05
ITEM0007969,ORD004606,PROD00302,1,1243.6,95.4,870.35
ITEM0007970,ORD004606,PROD00050,1,18786.8,914.2,17336.88
ITEM0007971,ORD004607,PROD00349,2,26120.0,1028.0,20361.0
ITEM0007972,ORD004608,PROD00095,1,59138.09,6515.91,57775.52
ITEM0007973,ORD004609,PROD00248,3,13647.03,338.97,9090.9
ITEM0007974,ORD004609,PROD00286,1,747.1,58.9,523.9
ITEM0007975,ORD004609,PROD00425,1,21786.92,1805.08,17694.0
ITEM0007976,ORD004610,PROD00449,1,9393.66,684.34,7558.5
ITEM0007977,ORD004610,PROD00466,1,3253.7,306.3,2670.0
ITEM0007978,ORD004611,PROD00020,1,77190.96,1802.04,69513.84
ITEM0007979,ORD004612,PROD00387,1,11796.32,642.68,9329.25
ITEM0007980,ORD004613,PROD00281,1,3707.48,147.52,2505.75
ITEM0007981,ORD004614,PROD00337,1,16086.24,1000.76,12815.25
ITEM0007982,ORD004615,PROD00019,1,67949.88,4143.12,63441.84
ITEM0007983,ORD004615,PROD00387,1,11629.8,809.2,9329.25
ITEM0007984,ORD004616,PROD00370,2,46399.94,3590.06,37492.5
ITEM0007985,ORD004617,PROD00201,2,7190.23,369.77,4914.0
ITEM0007986,ORD004617,PROD00217,1,2078.19,133.81,1437.8
ITEM0007987,ORD004618,PROD00472,2,2832.22,83.78,2187.0
ITEM0007988,ORD004618,PROD00272,3,3272.88,108.12,2197.65
ITEM0007989,ORD004618,PROD00474,1,22388.94,1348.06,17802.75
ITEM0007990,ORD004619,PROD00473,1,8893.18,790.82,7263.0
ITEM0007991,ORD004620,PROD00151,1,54347.98,6387.02,53446.8
ITEM0007992,ORD004620,PROD00316,1,4531.08,25.92,2962.05
ITEM0007993,ORD004620,PROD00486,2,14045.83,564.17,10957.5
ITEM0007994,ORD004621,PROD00329,2,6451.74,292.26,4383.6
ITEM0007995,ORD004621,PROD00460,1,19672.16,146.84,14864.25
ITEM0007996,ORD004622,PROD00057,1,6353.17,869.83,6356.24
ITEM0007997,ORD004623,PROD00202,2,2138.09,1.91,1391.0
ITEM0007998,ORD004624,PROD00482,1,17222.9,1261.1,13863.0
ITEM0007999,ORD004625,PROD00454,2,46657.48,3194.52,37389.0
ITEM0008000,ORD004626,PROD00283,1,800.35,50.65,553.15
ITEM0008001,ORD004627,PROD00411,2,40308.59,4443.41,33564.0
ITEM0008002,ORD004627,PROD00069,1,26734.02,573.98,24031.04
ITEM0008003,ORD004627,PROD00258,1,3551.99,46.01,2338.7
ITEM0008004,ORD004628,PROD00482,2,33982.7,2985.3,27726.0
ITEM0008005,ORD004629,PROD00139,1,43254.26,5858.74,43219.44
ITEM0008006,ORD004629,PROD00269,1,2474.98,125.02,1690.0
ITEM0008007,ORD004630,PROD00386,3,13788.81,290.19,10559.25
ITEM0008008,ORD004630,PROD00494,1,7580.41,467.59,6036.0
ITEM0008009,ORD004631,PROD00096,1,73273.01,2349.99,66548.24
ITEM0008010,ORD004632,PROD00130,1,57859.18,4079.82,54506.32
ITEM0008011,ORD004633,PROD00386,1,4409.62,283.38,3519.75
ITEM0008012,ORD004634,PROD00266,1,1160.22,12.78,762.45
ITEM0008013,ORD004635,PROD00038,1,30571.9,3851.1,30292.24
ITEM0008014,ORD004635,PROD00098,1,21580.23,1462.77,20277.84
ITEM0008015,ORD004636,PROD00223,1,4715.56,244.44,3224.0
ITEM0008016,ORD004636,PROD00419,2,5969.64,374.36,4758.0
ITEM0008017,ORD004636,PROD00007,2,39107.11,2932.89,36995.2
ITEM0008018,ORD004637,PROD00166,1,3556.65,175.35,2425.8
ITEM0008019,ORD004637,PROD00342,1,1542.33,154.67,1272.75
ITEM0008020,ORD004637,PROD00250,1,4325.47,36.53,2835.3
ITEM0008021,ORD004638,PROD00368,1,16438.84,1337.16,13332.0
ITEM0008022,ORD004639,PROD00016,1,69152.23,2937.77,63439.2
ITEM0008023,ORD004639,PROD00035,1,48934.75,8164.25,50247.12
ITEM0008024,ORD004640,PROD00424,1,16766.01,444.99,12908.25
ITEM0008025,ORD004641,PROD00316,1,4460.97,96.03,2962.05
ITEM0008026,ORD004642,PROD00044,1,53727.93,7634.07,53998.56
ITEM0008027,ORD004642,PROD00471,1,10090.93,399.07,7867.5
ITEM0008028,ORD004642,PROD00261,2,6447.56,172.44,4303.0
ITEM0008029,ORD004643,PROD00114,1,29793.68,2221.32,28173.2
ITEM0008030,ORD004643,PROD00432,1,5925.51,302.49,4671.0
ITEM0008031,ORD004643,PROD00090,1,11625.21,103.79,10321.52
ITEM0008032,ORD004644,PROD00173,2,4713.92,358.08,3296.8
ITEM0008033,ORD004645,PROD00317,1,3547.79,246.21,2466.1
ITEM0008034,ORD004645,PROD00040,1,55015.71,1895.29,50081.68
ITEM0008035,ORD004646,PROD00229,1,3990.06,198.94,2722.85
ITEM0008036,ORD004647,PROD00440,1,19522.5,1838.5,16020.75
ITEM0008037,ORD004647,PROD00252,2,3708.14,267.86,2584.4
ITEM0008038,ORD004647,PROD00027,1,38572.93,3024.07,36605.36
ITEM0008039,ORD004648,PROD00214,1,4369.67,305.33,3038.75
ITEM0008040,ORD004648,PROD00335,1,14838.69,1027.31,11899.5
ITEM0008041,ORD004649,PROD00232,1,3043.1,194.9,2104.7
ITEM0008042,ORD004650,PROD00383,1,19681.16,1144.84,15619.5
ITEM0008043,ORD004651,PROD00011,1,42416.39,5406.61,42084.24
ITEM0008044,ORD004651,PROD00375,1,16275.46,285.54,12420.75
ITEM0008045,ORD004652,PROD00130,1,54054.25,7884.75,54506.32
ITEM0008046,ORD004653,PROD00443,1,21166.67,22.33,15891.75
ITEM0008047,ORD004653,PROD00260,1,501.85,36.15,349.7
ITEM0008048,ORD004654,PROD00388,1,6826.76,497.24,5493.0
ITEM0008049,ORD004654,PROD00234,2,6655.51,496.49,4648.8
ITEM0008050,ORD004654,PROD00387,1,11772.18,666.82,9329.25
ITEM0008051,ORD004655,PROD00349,1,13385.91,188.09,10180.5
ITEM0008052,ORD004655,PROD00286,1,755.62,50.38,523.9
ITEM0008053,ORD004655,PROD00241,1,1255.26,73.74,863.85
ITEM0008054,ORD004656,PROD00424,1,16227.11,983.89,12908.25
ITEM0008055,ORD004657,PROD00025,1,25650.41,3989.59,26083.2
ITEM0008056,ORD004658,PROD00174,1,4675.12,187.88,3160.95
ITEM0008057,ORD004658,PROD00098,1,19798.25,3244.75,20277.84
ITEM0008058,ORD004658,PROD00360,1,16500.85,1120.15,13215.75
ITEM0008059,ORD004659,PROD00121,1,15945.14,2791.86,16488.56
ITEM0008060,ORD004659,PROD00074,1,62812.18,9912.82,63998.0
ITEM0008061,ORD004660,PROD00074,2,142837.8,2612.2,127996.0
ITEM0008062,ORD004660,PROD00480,1,4174.47,91.53,3199.5
ITEM0008063,ORD004660,PROD00425,1,21944.62,1647.38,17694.0
ITEM0008064,ORD004661,PROD00109,1,42687.21,1535.79,38916.24
ITEM0008065,ORD004661,PROD00197,1,2751.25,200.75,1918.8
ITEM0008066,ORD004661,PROD00227,1,3341.09,162.91,2277.6
ITEM0008067,ORD004662,PROD00049,1,8842.58,997.42,8659.2
ITEM0008068,ORD004663,PROD00445,1,4064.38,172.62,3177.75
ITEM0008069,ORD004663,PROD00361,1,15834.29,1333.71,12876.0
ITEM0008070,ORD004663,PROD00373,1,13860.06,400.94,10695.75
ITEM0008071,ORD004664,PROD00455,1,18556.37,728.63,14463.75
ITEM0008072,ORD004665,PROD00464,1,6690.69,123.31,5110.5
ITEM0008073,ORD004666,PROD00298,1,2127.45,80.55,1435.2
ITEM0008074,ORD004666,PROD00464,1,6451.17,362.83,5110.5
ITEM0008075,ORD004667,PROD00465,1,12129.05,1098.95,9921.0
ITEM0008076,ORD004668,PROD00345,1,17844.56,1269.44,14335.5
ITEM0008077,ORD004669,PROD00073,1,62816.49,9632.51,63755.12
ITEM0008078,ORD004669,PROD00381,1,23775.7,733.3,18381.75
ITEM0008079,ORD004670,PROD00376,1,15442.84,286.16,11796.75
ITEM0008080,ORD004671,PROD00054,1,44171.65,5429.35,43648.88
ITEM0008081,ORD004671,PROD00340,2,18152.1,1271.9,14568.0
ITEM0008082,ORD004672,PROD00213,1,3270.36,85.64,2181.4
ITEM0008083,ORD004672,PROD00472,1,1380.5,77.5,1093.5
ITEM0008084,ORD004673,PROD00004,1,12562.06,641.94,11619.52
ITEM0008085,ORD004673,PROD00093,1,14007.42,358.58,12642.08
ITEM0008086,ORD004673,PROD00333,1,10895.61,873.39,8826.75
ITEM0008087,ORD004674,PROD00159,2,147654.44,3499.56,133015.52
ITEM0008088,ORD004675,PROD00381,1,22709.25,1799.75,18381.75
ITEM0008089,ORD004676,PROD00267,1,3552.08,41.92,2336.1
ITEM0008090,ORD004676,PROD00028,2,101436.13,8575.87,96810.56
ITEM0008091,ORD004676,PROD00210,1,3874.0,229.0,2666.95
ITEM0008092,ORD004677,PROD00350,1,9144.82,734.18,7409.25
ITEM0008093,ORD004677,PROD00129,1,48099.23,1689.77,43814.32
ITEM0008094,ORD004677,PROD00427,1,23285.33,787.67,18054.75
ITEM0008095,ORD004678,PROD00426,1,18799.24,1584.76,15288.0
ITEM0008096,ORD004678,PROD00308,1,4794.71,37.29,3140.8
ITEM0008097,ORD004679,PROD00067,2,78680.35,7473.65,75815.52
ITEM0008098,ORD004680,PROD00247,1,1562.23,34.77,1038.05
ITEM0008099,ORD004680,PROD00055,1,63393.11,4480.89,59729.12
ITEM0008100,ORD004681,PROD00202,1,1016.05,53.95,695.5
ITEM0008101,ORD004682,PROD00003,2,91442.13,1385.87,81688.64
ITEM0008102,ORD004683,PROD00447,1,5390.03,342.97,4299.75
ITEM0008103,ORD004683,PROD00332,1,8602.44,167.56,6577.5
ITEM0008104,ORD004683,PROD00219,1,2477.34,4.66,1613.3
ITEM0008105,ORD004683,PROD00467,3,51004.57,754.43,38819.25
ITEM0008106,ORD004684,PROD00344,1,14689.41,230.59,11190.0
ITEM0008107,ORD004684,PROD00244,1,2380.02,135.98,1635.4
ITEM0008108,ORD004684,PROD00196,1,1587.23,23.77,1047.15
ITEM0008109,ORD004685,PROD00327,3,7788.81,335.19,5280.6
ITEM0008110,ORD004686,PROD00431,1,7999.58,48.42,6036.0
ITEM0008111,ORD004686,PROD00123,1,25047.16,3836.84,25417.92
ITEM0008112,ORD004687,PROD00382,1,1155.26,120.74,957.0
ITEM0008113,ORD004688,PROD00233,1,3405.28,254.72,2379.0
ITEM0008114,ORD004689,PROD00212,1,2126.24,150.76,1480.05
ITEM0008115,ORD004689,PROD00210,2,8159.88,46.12,5333.9
ITEM0008116,ORD004690,PROD00205,1,4319.75,244.25,2966.6
ITEM0008117,ORD004691,PROD00065,2,109900.03,7471.97,103287.36
ITEM0008118,ORD004691,PROD00446,2,42516.26,1051.74,32676.0
ITEM0008119,ORD004692,PROD00122,1,13742.81,2135.19,13972.64
ITEM0008120,ORD004693,PROD00239,1,3192.46,147.54,2171.0
ITEM0008121,ORD004693,PROD00075,1,40671.51,3327.49,38719.12
ITEM0008122,ORD004693,PROD00282,2,5061.5,288.5,3477.5
ITEM0008123,ORD004694,PROD00122,1,14941.93,936.07,13972.64
ITEM0008124,ORD004694,PROD00261,1,3294.65,15.35,2151.5
ITEM0008125,ORD004695,PROD00237,1,2008.81,14.19,1314.95
ITEM0008126,ORD004696,PROD00064,1,72911.35,2906.65,66719.84
ITEM0008127,ORD004696,PROD00135,1,63445.42,6000.58,61112.48
ITEM0008128,ORD004696,PROD00471,1,9875.26,614.74,7867.5
ITEM0008129,ORD004697,PROD00076,1,56247.94,8759.06,57206.16
ITEM0008130,ORD004698,PROD00003,2,91810.33,1017.67,81688.64
ITEM0008131,ORD004698,PROD00402,1,9118.43,465.57,7188.0
ITEM0008132,ORD004699,PROD00466,1,3301.43,258.57,2670.0
ITEM0008133,ORD004700,PROD00192,1,793.51,55.49,551.85
ITEM0008134,ORD004701,PROD00445,1,4109.17,127.83,3177.75
ITEM0008135,ORD004701,PROD00370,3,74341.49,643.51,56238.75
ITEM0008136,ORD004701,PROD00472,1,1378.61,79.39,1093.5
ITEM0008137,ORD004702,PROD00176,2,8760.24,9.76,5700.5
ITEM0008138,ORD004703,PROD00464,1,6521.39,292.61,5110.5
ITEM0008139,ORD004704,PROD00043,3,149686.68,13189.32,143330.88
ITEM0008140,ORD004705,PROD00027,1,36971.52,4625.48,36605.36
ITEM0008141,ORD004706,PROD00193,2,5439.27,202.73,3667.3
ITEM0008142,ORD004706,PROD00020,1,73672.24,5320.76,69513.84
ITEM0008143,ORD004706,PROD00157,1,40671.88,5364.12,40511.68
ITEM0008144,ORD004707,PROD00275,1,3952.56,330.44,2783.95
ITEM0008145,ORD004708,PROD00363,1,18269.25,699.75,14226.75
ITEM0008146,ORD004708,PROD00267,1,3355.5,238.5,2336.1
ITEM0008147,ORD004708,PROD00469,1,5236.78,486.22,4292.25
ITEM0008148,ORD004708,PROD00081,1,46507.83,7111.17,47184.72
ITEM0008149,ORD004709,PROD00193,1,2711.75,109.25,1833.65
ITEM0008150,ORD004709,PROD00238,1,3320.09,104.91,2226.25
ITEM0008151,ORD004709,PROD00182,1,2469.09,23.91,1620.45
ITEM0008152,ORD004710,PROD00061,1,22523.1,3935.9,23283.92
ITEM0008153,ORD004710,PROD00445,1,4190.04,46.96,3177.75
ITEM0008154,ORD004711,PROD00026,2,73724.79,12961.21,76283.68
ITEM0008155,ORD004711,PROD00105,1,63437.18,2133.82,57702.48
ITEM0008156,ORD004712,PROD00298,2,4299.59,116.41,2870.4
ITEM0008157,ORD004713,PROD00153,1,28304.65,3922.35,28359.76
ITEM0008158,ORD004713,PROD00084,1,76510.61,3333.39,70262.72
ITEM0008159,ORD004714,PROD00429,1,3998.17,268.83,3200.25
ITEM0008160,ORD004714,PROD00322,1,4366.0,276.0,3017.3
ITEM0008161,ORD004715,PROD00076,3,177120.89,17900.11,171618.48
ITEM0008162,ORD004716,PROD00188,1,4596.36,285.64,3173.3
ITEM0008163,ORD004717,PROD00165,1,21502.26,82.74,18994.8
ITEM0008164,ORD004717,PROD00005,2,90985.84,1184.16,81109.6
ITEM0008165,ORD004718,PROD00049,1,8400.37,1439.63,8659.2
ITEM0008166,ORD004719,PROD00411,1,22250.99,125.01,16782.0
ITEM0008167,ORD004719,PROD00436,3,53297.73,3849.27,42860.25
ITEM0008168,ORD004720,PROD00435,3,25323.24,1286.76,19957.5
ITEM0008169,ORD004720,PROD00351,1,24162.59,457.41,18465.0
ITEM0008170,ORD004721,PROD00407,2,7161.27,408.73,5677.5
ITEM0008171,ORD004721,PROD00140,2,11215.73,1760.27,11418.88
ITEM0008172,ORD004721,PROD00376,1,15342.62,386.38,11796.75
ITEM0008173,ORD004721,PROD00369,1,7546.8,742.2,6216.75
ITEM0008174,ORD004722,PROD00217,1,2043.79,168.21,1437.8
ITEM0008175,ORD004723,PROD00340,1,8907.38,804.62,7284.0
ITEM0008176,ORD004723,PROD00270,1,1053.54,8.46,690.3
ITEM0008177,ORD004724,PROD00454,1,24698.34,227.66,18694.5
ITEM0008178,ORD004724,PROD00057,1,7189.19,33.81,6356.24
ITEM0008179,ORD004725,PROD00242,2,7203.57,18.43,4694.3
ITEM0008180,ORD004726,PROD00249,2,4575.14,354.86,3204.5
ITEM0008181,ORD004727,PROD00482,1,17277.65,1206.35,13863.0
ITEM0008182,ORD004727,PROD00339,1,14997.9,862.1,11895.0
ITEM0008183,ORD004728,PROD00335,2,29861.7,1870.3,23799.0
ITEM0008184,ORD004728,PROD00167,1,655.33,7.67,430.95
ITEM0008185,ORD004729,PROD00331,1,23750.5,413.5,18123.0
ITEM0008186,ORD004729,PROD00101,1,73856.19,1980.81,66736.56
ITEM0008187,ORD004730,PROD00408,1,19645.19,1382.81,15771.0
ITEM0008188,ORD004730,PROD00004,2,25432.95,975.05,23239.04
ITEM0008189,ORD004730,PROD00073,1,68103.18,4345.82,63755.12
ITEM0008190,ORD004731,PROD00376,1,14327.8,1401.2,11796.75
ITEM0008191,ORD004732,PROD00135,1,62628.48,6817.52,61112.48
ITEM0008192,ORD004732,PROD00153,1,29302.0,2925.0,28359.76
ITEM0008193,ORD004733,PROD00228,2,5448.42,333.58,3758.3
ITEM0008194,ORD004734,PROD00423,1,22893.91,720.09,17710.5
ITEM0008195,ORD004734,PROD00195,1,924.89,74.11,649.35
ITEM0008196,ORD004735,PROD00348,1,4329.4,132.6,3346.5
ITEM0008197,ORD004735,PROD00398,1,11454.56,970.44,9318.75
ITEM0008198,ORD004736,PROD00102,3,77191.99,11548.01,78091.2
ITEM0008199,ORD004736,PROD00380,1,8436.77,183.23,6465.0
ITEM0008200,ORD004737,PROD00031,1,58072.57,9735.43,59671.04
ITEM0008201,ORD004738,PROD00203,1,3048.9,262.1,2152.15
ITEM0008202,ORD004739,PROD00445,1,3847.4,389.6,3177.75
ITEM0008203,ORD004740,PROD00180,2,6596.25,129.75,4371.9
ITEM0008204,ORD004741,PROD00402,1,9161.83,422.17,7188.0
ITEM0008205,ORD004741,PROD00444,1,10112.53,1030.47,8357.25
ITEM0008206,ORD004742,PROD00070,1,43470.46,170.54,38404.08
ITEM0008207,ORD004742,PROD00326,1,4118.88,102.12,2743.65
ITEM0008208,ORD004743,PROD00434,2,26318.29,9.71,19746.0
ITEM0008209,ORD004744,PROD00136,3,207293.12,19557.88,199628.88
ITEM0008210,ORD004745,PROD00291,2,8577.5,456.5,5872.1
ITEM0008211,ORD004746,PROD00484,1,2486.85,204.15,2018.25
ITEM0008212,ORD004746,PROD00269,1,2556.14,43.86,1690.0
ITEM0008213,ORD004747,PROD00402,1,9298.22,285.78,7188.0
ITEM0008214,ORD004748,PROD00105,1,64652.86,918.14,57702.48
ITEM0008215,ORD004749,PROD00332,1,8624.75,145.25,6577.5
ITEM0008216,ORD004749,PROD00026,1,43333.5,9.5,38141.84
ITEM0008217,ORD004749,PROD00149,1,23901.25,471.75,21448.24
ITEM0008218,ORD004750,PROD00252,1,1983.8,4.2,1292.2
ITEM0008219,ORD004751,PROD00430,1,18878.65,635.35,14635.5
ITEM0008220,ORD004752,PROD00004,1,12882.93,321.07,11619.52
ITEM0008221,ORD004753,PROD00246,1,790.24,57.76,551.2
ITEM0008222,ORD004753,PROD00145,1,64074.35,2268.65,58381.84
ITEM0008223,ORD004753,PROD00155,1,50578.54,3398.46,47499.76
ITEM0008224,ORD004754,PROD00301,3,13460.64,549.36,9106.5
ITEM0008225,ORD004755,PROD00071,1,52398.25,3701.75,49368.0
ITEM0008226,ORD004755,PROD00235,1,2269.04,191.96,1599.65
ITEM0008227,ORD004755,PROD00337,1,16150.08,936.92,12815.25
ITEM0008228,ORD004756,PROD00119,1,52959.71,3317.29,49523.76
ITEM0008229,ORD004756,PROD00256,2,9874.29,49.71,6450.6
ITEM0008230,ORD004757,PROD00121,1,17160.51,1576.49,16488.56
ITEM0008231,ORD004758,PROD00124,1,29902.14,3623.86,29502.88
ITEM0008232,ORD004758,PROD00364,1,15553.48,843.52,12297.75
ITEM0008233,ORD004759,PROD00454,1,23587.81,1338.19,18694.5
ITEM0008234,ORD004759,PROD00145,1,58747.9,7595.1,58381.84
ITEM0008235,ORD004760,PROD00257,1,3782.53,172.47,2570.75
ITEM0008236,ORD004760,PROD00005,1,45607.93,477.07,40554.8
ITEM0008237,ORD004761,PROD00207,1,3445.16,159.84,2343.25
ITEM0008238,ORD004762,PROD00181,1,1444.59,48.41,970.45
ITEM0008239,ORD004763,PROD00477,1,7999.04,11.96,6008.25
ITEM0008240,ORD004763,PROD00062,1,15570.38,1907.62,15380.64
ITEM0008241,ORD004764,PROD00265,1,4467.69,301.31,3099.85
ITEM0008242,ORD004765,PROD00376,2,30162.48,1295.52,23593.5
ITEM0008243,ORD004766,PROD00117,1,24438.35,1516.65,22840.4
ITEM0008244,ORD004767,PROD00139,1,47760.18,1352.82,43219.44
ITEM0008245,ORD004767,PROD00351,1,23724.34,895.66,18465.0
ITEM0008246,ORD004767,PROD00148,1,41740.13,4628.87,40804.72
ITEM0008247,ORD004768,PROD00174,1,4532.01,330.99,3160.95
ITEM0008248,ORD004769,PROD00282,1,2476.37,198.63,1738.75
ITEM0008249,ORD004770,PROD00307,1,1348.34,101.66,942.5
ITEM0008250,ORD004771,PROD00206,1,2060.58,123.42,1419.6
ITEM0008251,ORD004772,PROD00217,1,2125.41,86.59,1437.8
ITEM0008252,ORD004773,PROD00016,1,62175.95,9914.05,63439.2
ITEM0008253,ORD004773,PROD00079,1,24393.03,2979.97,24088.24
ITEM0008254,ORD004773,PROD00326,2,7930.87,511.13,5487.3
ITEM0008255,ORD004774,PROD00457,1,5486.13,461.87,4461.0
ITEM0008256,ORD004775,PROD00289,1,484.41,25.59,331.5
ITEM0008257,ORD004776,PROD00479,2,29181.1,290.9,22104.0
ITEM0008258,ORD004777,PROD00352,2,4158.54,141.46,3225.0
ITEM0008259,ORD004778,PROD00090,3,32027.85,3159.15,30964.56
ITEM0008260,ORD004779,PROD00128,1,68972.96,1927.04,62392.0
ITEM0008261,ORD004780,PROD00161,1,65140.33,765.67,57997.28
ITEM0008262,ORD004780,PROD00422,1,23104.08,1071.92,18132.0
ITEM0008263,ORD004781,PROD00209,1,1588.41,56.59,1069.25
ITEM0008264,ORD004782,PROD00456,1,15808.29,744.71,12414.75
ITEM0008265,ORD004782,PROD00285,1,1441.04,77.96,987.35
ITEM0008266,ORD004783,PROD00457,2,10979.96,916.04,8922.0
ITEM0008267,ORD004783,PROD00417,1,9327.24,471.76,7349.25
ITEM0008268,ORD004784,PROD00375,1,15843.14,717.86,12420.75
ITEM0008269,ORD004784,PROD00228,1,2745.4,145.6,1879.15
ITEM0008270,ORD004785,PROD00211,1,1105.4,40.6,744.9
ITEM0008271,ORD004786,PROD00120,1,63046.16,10552.84,64767.12
ITEM0008272,ORD004786,PROD00214,1,4591.9,83.1,3038.75
ITEM0008273,ORD004787,PROD00358,3,49898.14,4485.86,40788.0
ITEM0008274,ORD004788,PROD00015,1,61817.09,6441.91,60067.92
ITEM0008275,ORD004789,PROD00093,1,12985.16,1380.84,12642.08
ITEM0008276,ORD004789,PROD00380,2,16993.39,246.61,12930.0
ITEM0008277,ORD004789,PROD00433,1,8962.13,908.87,7403.25
ITEM0008278,ORD004790,PROD00147,1,52874.68,674.32,47123.12
ITEM0008279,ORD004791,PROD00436,1,17569.26,1479.74,14286.75
ITEM0008280,ORD004791,PROD00438,1,3228.52,237.48,2599.5
ITEM0008281,ORD004792,PROD00177,1,2890.71,127.29,1961.7
ITEM0008282,ORD004793,PROD00065,1,56984.54,1701.46,51643.68
ITEM0008283,ORD004793,PROD00019,1,71283.3,809.7,63441.84
ITEM0008284,ORD004793,PROD00179,1,2895.67,185.33,2002.65
ITEM0008285,ORD004794,PROD00279,1,4826.45,59.55,3175.9
ITEM0008286,ORD004794,PROD00097,1,12862.72,1833.28,12932.48
ITEM0008287,ORD004794,PROD00145,3,169857.85,29171.15,175145.52
ITEM0008288,ORD004795,PROD00373,1,13404.75,856.25,10695.75
ITEM0008289,ORD004795,PROD00333,1,11425.98,343.02,8826.75
ITEM0008290,ORD004796,PROD00024,2,129053.5,6346.5,119152.0
ITEM0008291,ORD004796,PROD00121,1,17942.81,794.19,16488.56
ITEM0008292,ORD004796,PROD00400,3,17554.62,1846.38,14550.75
ITEM0008293,ORD004797,PROD00391,1,13738.62,995.38,11050.5
ITEM0008294,ORD004797,PROD00354,1,10956.39,39.61,8247.0
ITEM0008295,ORD004797,PROD00383,1,20171.59,654.41,15619.5
ITEM0008296,ORD004798,PROD00386,1,4636.26,56.74,3519.75
ITEM0008297,ORD004799,PROD00465,1,12639.64,588.36,9921.0
ITEM0008298,ORD004800,PROD00180,1,3159.23,203.77,2185.95
ITEM0008299,ORD004800,PROD00088,1,64677.49,8258.51,64183.68
ITEM0008300,ORD004801,PROD00370,1,22761.28,2233.72,18746.25
ITEM0008301,ORD004802,PROD00124,1,28733.75,4792.25,29502.88
ITEM0008302,ORD004802,PROD00217,1,2093.59,118.41,1437.8
ITEM0008303,ORD004803,PROD00193,1,2819.81,1.19,1833.65
ITEM0008304,ORD004804,PROD00117,1,23386.52,2568.48,22840.4
ITEM0008305,ORD004804,PROD00198,1,2182.6,55.4,1454.7
ITEM0008306,ORD004804,PROD00419,1,2972.38,199.62,2379.0
ITEM0008307,ORD004805,PROD00415,1,4895.83,493.17,4041.75
ITEM0008308,ORD004805,PROD00392,1,1697.3,61.7,1319.25
ITEM0008309,ORD004805,PROD00038,1,29405.54,5017.46,30292.24
ITEM0008310,ORD004805,PROD00418,1,9193.38,964.62,7618.5
ITEM0008311,ORD004806,PROD00027,1,36665.35,4931.65,36605.36
ITEM0008312,ORD004807,PROD00460,2,36682.76,2955.24,29728.5
ITEM0008313,ORD004808,PROD00311,1,2227.77,3.23,1450.15
ITEM0008314,ORD004809,PROD00312,1,673.16,3.84,440.05
ITEM0008315,ORD004810,PROD00205,1,4407.47,156.53,2966.6
ITEM0008316,ORD004810,PROD00225,1,4022.04,1.96,2615.6
ITEM0008317,ORD004811,PROD00226,1,1169.02,70.98,806.0
ITEM0008318,ORD004812,PROD00079,1,26206.05,1166.95,24088.24
ITEM0008319,ORD004812,PROD00201,1,3715.02,64.98,2457.0
ITEM0008320,ORD004812,PROD00012,3,94482.53,4154.47,86800.56
ITEM0008321,ORD004813,PROD00227,1,3420.77,83.23,2277.6
ITEM0008322,ORD004814,PROD00430,1,18458.35,1055.65,14635.5
ITEM0008323,ORD004815,PROD00075,1,40964.25,3034.75,38719.12
ITEM0008324,ORD004816,PROD00392,1,1653.35,105.65,1319.25
ITEM0008325,ORD004816,PROD00052,1,71597.56,3167.44,65793.2
ITEM0008326,ORD004816,PROD00254,1,698.8,31.2,474.5
ITEM0008327,ORD004817,PROD00002,1,26507.67,2603.33,25617.68
ITEM0008328,ORD004818,PROD00064,1,72828.74,2989.26,66719.84
ITEM0008329,ORD004818,PROD00131,1,70022.15,5280.85,66266.64
ITEM0008330,ORD004819,PROD00439,1,2713.09,235.91,2211.75
ITEM0008331,ORD004819,PROD00116,1,68146.27,1909.73,61649.28
ITEM0008332,ORD004820,PROD00270,1,1052.06,9.94,690.3
ITEM0008333,ORD004821,PROD00431,1,7675.51,372.49,6036.0
ITEM0008334,ORD004822,PROD00198,2,4383.95,92.05,2909.4
ITEM0008335,ORD004823,PROD00058,1,69852.46,4784.54,65680.56
ITEM0008336,ORD004824,PROD00350,2,18666.01,1091.99,14818.5
ITEM0008337,ORD004825,PROD00163,1,43252.29,3482.71,41126.8
ITEM0008338,ORD004826,PROD00387,1,11629.62,809.38,9329.25
ITEM0008339,ORD004826,PROD00327,2,5046.24,369.76,3520.4
ITEM0008340,ORD004827,PROD00316,1,4241.48,315.52,2962.05
ITEM0008341,ORD004828,PROD00395,2,9803.0,567.0,7777.5
ITEM0008342,ORD004829,PROD00263,1,2725.36,190.64,1895.4
ITEM0008343,ORD004830,PROD00201,1,3740.67,39.33,2457.0
ITEM0008344,ORD004830,PROD00361,1,16295.65,872.35,12876.0
ITEM0008345,ORD004831,PROD00483,1,19707.08,1669.92,16032.75
ITEM0008346,ORD004831,PROD00396,1,13321.82,650.18,10479.0
ITEM0008347,ORD004832,PROD00359,2,5950.59,309.41,4695.0
ITEM0008348,ORD004833,PROD00452,1,1911.24,10.76,1441.5
ITEM0008349,ORD004834,PROD00436,1,17212.57,1836.43,14286.75
ITEM0008350,ORD004834,PROD00105,1,58173.57,7397.43,57702.48
ITEM0008351,ORD004835,PROD00353,1,7155.39,499.61,5741.25
ITEM0008352,ORD004836,PROD00036,2,23406.11,3711.89,23863.84
ITEM0008353,ORD004836,PROD00142,3,75296.94,5340.06,70960.56
ITEM0008354,ORD004837,PROD00200,1,2056.26,135.74,1424.8
ITEM0008355,ORD004838,PROD00348,1,4029.4,432.6,3346.5
ITEM0008356,ORD004839,PROD00387,1,11423.81,1015.19,9329.25
ITEM0008357,ORD004840,PROD00098,1,22864.14,178.86,20277.84
ITEM0008358,ORD004840,PROD00388,1,7189.42,134.58,5493.0
ITEM0008359,ORD004841,PROD00346,1,18159.3,1188.7,14511.0
ITEM0008360,ORD004841,PROD00364,1,15456.87,940.13,12297.75
ITEM0008361,ORD004842,PROD00362,1,7509.94,225.06,5801.25
ITEM0008362,ORD004842,PROD00382,1,1240.34,35.66,957.0
ITEM0008363,ORD004843,PROD00160,1,6957.43,750.57,6783.04
ITEM0008364,ORD004843,PROD00424,1,16600.16,610.84,12908.25
ITEM0008365,ORD004844,PROD00171,1,1072.32,80.68,749.45
ITEM0008366,ORD004844,PROD00073,1,62982.58,9466.42,63755.12
ITEM0008367,ORD004844,PROD00300,1,1586.81,13.19,1040.0
ITEM0008368,ORD004844,PROD00392,1,1731.88,27.12,1319.25
ITEM0008369,ORD004845,PROD00022,1,49955.7,1737.3,45489.84
ITEM0008370,ORD004845,PROD00021,1,18855.44,218.56,16785.12
ITEM0008371,ORD004846,PROD00012,1,31463.37,1415.63,28933.52
ITEM0008372,ORD004846,PROD00331,2,44486.11,3841.89,36246.0
ITEM0008373,ORD004847,PROD00094,2,114052.43,11579.57,110556.16
ITEM0008374,ORD004848,PROD00462,1,7249.2,457.8,5780.25
ITEM0008375,ORD004849,PROD00004,1,12501.01,702.99,11619.52
ITEM0008376,ORD004850,PROD00406,1,8528.62,94.38,6467.25
ITEM0008377,ORD004850,PROD00435,1,8017.5,852.5,6652.5
ITEM0008378,ORD004851,PROD00420,2,3024.04,263.96,2466.0
ITEM0008379,ORD004851,PROD00185,1,916.91,66.09,638.95
ITEM0008380,ORD004852,PROD00127,1,68816.8,5410.2,65319.76
ITEM0008381,ORD004853,PROD00243,1,2670.19,206.81,1870.05
ITEM0008382,ORD004853,PROD00100,1,70466.32,3846.68,65395.44
ITEM0008383,ORD004854,PROD00240,1,1384.22,62.78,940.55
ITEM0008384,ORD004855,PROD00254,1,680.26,49.74,474.5
ITEM0008385,ORD004856,PROD00149,1,24290.27,82.73,21448.24
ITEM0008386,ORD004857,PROD00234,1,3483.3,92.7,2324.4
ITEM0008387,ORD004858,PROD00092,2,40775.51,6830.49,41893.28
ITEM0008388,ORD004858,PROD00081,1,46956.67,6662.33,47184.72
ITEM0008389,ORD004858,PROD00443,2,40910.99,1467.01,31783.5
ITEM0008390,ORD004859,PROD00352,1,2149.96,0.04,1612.5
ITEM0008391,ORD004859,PROD00349,3,39021.71,1700.29,30541.5
ITEM0008392,ORD004859,PROD00130,3,162483.2,23333.8,163518.96
ITEM0008393,ORD004860,PROD00420,1,1638.85,5.15,1233.0
ITEM0008394,ORD004860,PROD00364,2,32043.69,750.31,24595.5
ITEM0008395,ORD004861,PROD00472,1,1438.96,19.04,1093.5
ITEM0008396,ORD004861,PROD00164,2,52013.11,9144.89,53819.04
ITEM0008397,ORD004862,PROD00134,1,32699.08,4512.92,32746.56
ITEM0008398,ORD004862,PROD00276,1,3104.33,43.67,2046.2
ITEM0008399,ORD004862,PROD00458,2,25136.63,2407.37,20658.0
ITEM0008400,ORD004863,PROD00181,1,1489.45,3.55,970.45
ITEM0008401,ORD004863,PROD00088,1,72071.37,864.63,64183.68
ITEM0008402,ORD004863,PROD00351,1,22343.64,2276.36,18465.0
ITEM0008403,ORD004864,PROD00239,1,3336.94,3.06,2171.0
ITEM0008404,ORD004864,PROD00328,3,9222.63,137.37,6084.0
ITEM0008405,ORD004865,PROD00417,1,9343.48,455.52,7349.25
ITEM0008406,ORD004865,PROD00253,1,4057.53,185.47,2757.95
ITEM0008407,ORD004865,PROD00171,1,1062.79,90.21,749.45
ITEM0008408,ORD004866,PROD00210,2,7746.02,459.98,5333.9
ITEM0008409,ORD004867,PROD00386,1,4489.71,203.29,3519.75
ITEM0008410,ORD004867,PROD00323,1,4701.93,193.07,3181.75
ITEM0008411,ORD004868,PROD00434,1,12032.43,1131.57,9873.0
ITEM0008412,ORD004869,PROD00375,1,15132.4,1428.6,12420.75
ITEM0008413,ORD004869,PROD00434,1,12089.47,1074.53,9873.0
ITEM0008414,ORD004869,PROD00167,1,631.29,31.71,430.95
ITEM0008415,ORD004870,PROD00350,1,9627.37,251.63,7409.25
ITEM0008416,ORD004871,PROD00111,1,46329.42,1757.58,42316.56
ITEM0008417,ORD004872,PROD00267,1,3502.64,91.36,2336.1
ITEM0008418,ORD004872,PROD00166,1,3471.3,260.7,2425.8
ITEM0008419,ORD004873,PROD00289,2,961.74,58.26,663.0
ITEM0008420,ORD004873,PROD00125,1,8139.82,750.18,7823.2
ITEM0008421,ORD004874,PROD00144,1,59465.91,3899.09,55761.2
ITEM0008422,ORD004874,PROD00470,1,6603.64,475.36,5309.25
ITEM0008423,ORD004875,PROD00257,2,7872.38,37.62,5141.5
ITEM0008424,ORD004875,PROD00481,1,4507.45,27.55,3401.25
ITEM0008425,ORD004875,PROD00325,2,8895.36,444.64,6071.0
ITEM0008426,ORD004876,PROD00076,1,63196.25,1810.75,57206.16
ITEM0008427,ORD004876,PROD00026,1,41254.6,2088.4,38141.84
ITEM0008428,ORD004876,PROD00416,1,1117.99,121.01,929.25
ITEM0008429,ORD004876,PROD00214,1,4379.71,295.29,3038.75
ITEM0008430,ORD004877,PROD00163,2,87203.59,6266.41,82253.6
ITEM0008431,ORD004878,PROD00075,1,43432.6,566.4,38719.12
ITEM0008432,ORD004879,PROD00212,1,2218.79,58.21,1480.05
ITEM0008433,ORD004879,PROD00089,1,17597.44,1972.56,17221.6
ITEM0008434,ORD004880,PROD00451,1,15303.12,953.88,12192.75
ITEM0008435,ORD004880,PROD00289,1,502.96,7.04,331.5
ITEM0008436,ORD004881,PROD00149,1,21581.14,2791.86,21448.24
ITEM0008437,ORD004881,PROD00330,1,1413.69,2.31,920.4
ITEM0008438,ORD004882,PROD00170,1,2424.31,50.69,1608.75
ITEM0008439,ORD004882,PROD00070,3,128761.78,2161.22,115212.24
ITEM0008440,ORD004883,PROD00182,2,4672.78,313.22,3240.9
ITEM0008441,ORD004884,PROD00166,2,7434.69,29.31,4851.6
ITEM0008442,ORD004884,PROD00136,1,67463.54,8153.46,66542.96
ITEM0008443,ORD004885,PROD00154,1,31411.28,2556.72,29891.84
ITEM0008444,ORD004885,PROD00029,1,65590.33,4494.67,61674.8
ITEM0008445,ORD004886,PROD00445,1,4212.64,24.36,3177.75
ITEM0008446,ORD004886,PROD00437,1,21482.2,594.8,16557.75
ITEM0008447,ORD004887,PROD00213,1,3345.41,10.59,2181.4
ITEM0008448,ORD004888,PROD00222,1,3028.0,207.0,2102.75
ITEM0008449,ORD004888,PROD00461,1,12921.61,1410.39,10749.0
ITEM0008450,ORD004888,PROD00238,1,3324.32,100.68,2226.25
ITEM0008451,ORD004889,PROD00155,3,153299.46,8631.54,142499.28
ITEM0008452,ORD004890,PROD00234,1,3319.82,256.18,2324.4
ITEM0008453,ORD004891,PROD00124,1,31181.0,2345.0,29502.88
ITEM0008454,ORD004891,PROD00319,2,978.23,79.77,687.7
ITEM0008455,ORD004892,PROD00164,1,30482.45,96.55,26909.52
ITEM0008456,ORD004892,PROD00476,1,22732.44,334.56,17300.25
ITEM0008457,ORD004893,PROD00381,1,23495.4,1013.6,18381.75
ITEM0008458,ORD004894,PROD00091,1,25226.89,3254.11,25063.28
ITEM0008459,ORD004895,PROD00136,1,70087.67,5529.33,66542.96
ITEM0008460,ORD004896,PROD00099,1,41014.19,3206.81,38914.48
ITEM0008461,ORD004897,PROD00014,1,32959.52,1718.48,30516.64
ITEM0008462,ORD004898,PROD00473,3,28334.06,717.94,21789.0
ITEM0008463,ORD004898,PROD00120,1,69389.08,4209.92,64767.12
ITEM0008464,ORD004899,PROD00375,1,15814.63,746.37,12420.75
ITEM0008465,ORD004899,PROD00390,1,21080.02,789.98,16402.5
ITEM0008466,ORD004900,PROD00351,1,22533.99,2086.01,18465.0
ITEM0008467,ORD004900,PROD00090,1,11495.68,233.32,10321.52
ITEM0008468,ORD004900,PROD00478,1,6630.61,17.39,4986.0
ITEM0008469,ORD004901,PROD00097,3,39647.71,4440.29,38797.44
ITEM0008470,ORD004901,PROD00018,1,16079.88,2227.12,16110.16
ITEM0008471,ORD004902,PROD00474,1,21999.36,1737.64,17802.75
ITEM0008472,ORD004903,PROD00430,1,18300.51,1213.49,14635.5
ITEM0008473,ORD004903,PROD00388,1,6637.57,686.43,5493.0
ITEM0008474,ORD004904,PROD00458,1,12565.65,1206.35,10329.0
ITEM0008475,ORD004904,PROD00035,1,48794.76,8304.24,50247.12
ITEM0008476,ORD004905,PROD00358,1,17084.95,1043.05,13596.0
ITEM0008477,ORD004906,PROD00493,1,12883.66,616.34,10125.0
ITEM0008478,ORD004907,PROD00288,1,4820.97,158.03,3236.35
ITEM0008479,ORD004908,PROD00377,1,1311.34,144.66,1092.0
ITEM0008480,ORD004909,PROD00231,1,1112.74,91.26,782.6
ITEM0008481,ORD004910,PROD00447,1,5194.23,538.77,4299.75
ITEM0008482,ORD004910,PROD00308,1,4775.77,56.23,3140.8
ITEM0008483,ORD004910,PROD00271,1,3582.0,294.0,2519.4
ITEM0008484,ORD004911,PROD00316,1,4428.76,128.24,2962.05
ITEM0008485,ORD004912,PROD00167,1,649.02,13.98,430.95
ITEM0008486,ORD004913,PROD00436,1,17961.4,1087.6,14286.75
ITEM0008487,ORD004914,PROD00191,1,1469.5,37.5,979.55
ITEM0008488,ORD004915,PROD00144,1,62726.18,638.82,55761.2
ITEM0008489,ORD004916,PROD00217,1,2184.91,27.09,1437.8
ITEM0008490,ORD004917,PROD00208,1,3656.61,136.39,2465.45
ITEM0008491,ORD004917,PROD00395,2,9375.7,994.3,7777.5
ITEM0008492,ORD004918,PROD00311,2,4134.09,327.91,2900.3
ITEM0008493,ORD004919,PROD00226,3,3690.59,29.41,2418.0
ITEM0008494,ORD004919,PROD00369,1,7643.46,645.54,6216.75
ITEM0008495,ORD004919,PROD00487,1,10916.1,92.9,8256.75
ITEM0008496,ORD004920,PROD00152,2,118022.89,2853.11,106370.88
ITEM0008497,ORD004921,PROD00485,1,2114.11,46.89,1620.75
ITEM0008498,ORD004922,PROD00472,2,2734.33,181.67,2187.0
ITEM0008499,ORD004923,PROD00138,1,39157.72,1900.28,36131.04
ITEM0008500,ORD004923,PROD00424,2,33922.34,499.66,25816.5
ITEM0008501,ORD004924,PROD00055,1,60494.69,7379.31,59729.12
ITEM0008502,ORD004924,PROD00288,2,9707.61,250.39,6472.7
ITEM0008503,ORD004924,PROD00238,1,3306.61,118.39,2226.25
ITEM0008504,ORD004924,PROD00098,1,19847.55,3195.45,20277.84
ITEM0008505,ORD004925,PROD00064,1,75069.95,748.05,66719.84
ITEM0008506,ORD004925,PROD00303,1,2514.61,141.39,1726.4
ITEM0008507,ORD004926,PROD00077,1,47868.95,5720.05,47158.32
ITEM0008508,ORD004927,PROD00115,2,114378.06,7151.94,106946.4
ITEM0008509,ORD004927,PROD00318,1,2522.3,107.7,1709.5
ITEM0008510,ORD004928,PROD00154,1,30343.51,3624.49,29891.84
ITEM0008511,ORD004929,PROD00118,1,73016.1,543.9,64732.8
ITEM0008512,ORD004929,PROD00244,1,2369.97,146.03,1635.4
ITEM0008513,ORD004930,PROD00290,2,3018.4,197.6,2090.4
ITEM0008514,ORD004931,PROD00217,1,2156.16,55.84,1437.8
ITEM0008515,ORD004932,PROD00246,1,785.8,62.2,551.2
ITEM0008516,ORD004932,PROD00058,1,64911.46,9725.54,65680.56
ITEM0008517,ORD004932,PROD00298,2,4392.58,23.42,2870.4
ITEM0008518,ORD004933,PROD00281,1,3645.36,209.64,2505.75
ITEM0008519,ORD004933,PROD00174,1,4659.31,203.69,3160.95
ITEM0008520,ORD004933,PROD00448,1,5274.83,450.17,4293.75
ITEM0008521,ORD004934,PROD00030,2,29342.09,3625.91,29011.84
ITEM0008522,ORD004935,PROD00114,1,29330.5,2684.5,28173.2
ITEM0008523,ORD004936,PROD00169,2,2877.73,118.27,1947.4
ITEM0008524,ORD004937,PROD00486,1,7074.15,230.85,5478.75
ITEM0008525,ORD004937,PROD00056,1,31231.92,3636.08,30683.84
ITEM0008526,ORD004937,PROD00176,2,8073.72,696.28,5700.5
ITEM0008527,ORD004938,PROD00488,1,12977.84,558.16,10152.0
ITEM0008528,ORD004939,PROD00167,3,1881.51,107.49,1292.85
ITEM0008529,ORD004939,PROD00494,1,7494.15,553.85,6036.0
ITEM0008530,ORD004940,PROD00335,1,14537.83,1328.17,11899.5
ITEM0008531,ORD004940,PROD00193,2,5559.14,82.86,3667.3
ITEM0008532,ORD004941,PROD00094,1,57009.12,5806.88,55278.08
ITEM0008533,ORD004942,PROD00170,1,2317.31,157.69,1608.75
ITEM0008534,ORD004942,PROD00070,1,40524.38,3116.62,38404.08
ITEM0008535,ORD004943,PROD00061,1,26067.94,391.06,23283.92
ITEM0008536,ORD004944,PROD00257,1,3905.97,49.03,2570.75
ITEM0008537,ORD004945,PROD00411,1,20744.13,1631.87,16782.0
ITEM0008538,ORD004945,PROD00088,2,135539.78,10332.22,128367.36
ITEM0008539,ORD004946,PROD00017,1,11388.08,164.92,10166.64
ITEM0008540,ORD004947,PROD00284,1,3513.75,44.25,2312.7
ITEM0008541,ORD004947,PROD00313,1,3625.68,247.32,2517.45
ITEM0008542,ORD004948,PROD00087,1,19514.57,2054.43,18980.72
ITEM0008543,ORD004948,PROD00443,1,20680.72,508.28,15891.75
ITEM0008544,ORD004948,PROD00368,2,33312.27,2239.73,26664.0
ITEM0008545,ORD004949,PROD00110,3,106667.9,11625.1,104097.84
ITEM0008546,ORD004950,PROD00202,1,1017.71,52.29,695.5
ITEM0008547,ORD004951,PROD00100,1,69536.88,4776.12,65395.44
ITEM0008548,ORD004952,PROD00166,1,3542.8,189.2,2425.8
ITEM0008549,ORD004952,PROD00467,1,16789.32,463.68,12939.75
ITEM0008550,ORD004952,PROD00392,1,1589.93,169.07,1319.25
ITEM0008551,ORD004953,PROD00108,1,65517.94,8834.06,65429.76
ITEM0008552,ORD004954,PROD00401,1,2249.9,44.1,1720.5
ITEM0008553,ORD004955,PROD00012,1,31546.76,1332.24,28933.52
ITEM0008554,ORD004955,PROD00268,1,2386.64,201.36,1682.2
ITEM0008555,ORD004956,PROD00318,3,7419.69,470.31,5128.5
ITEM0008556,ORD004956,PROD00447,1,5732.75,0.25,4299.75
ITEM0008557,ORD004956,PROD00072,1,35977.04,5320.96,36342.24
ITEM0008558,ORD004956,PROD00255,1,1742.82,54.18,1168.05
ITEM0008559,ORD004957,PROD00489,1,18029.62,200.38,13672.5
ITEM0008560,ORD004957,PROD00243,3,8268.5,362.5,5610.15
ITEM0008561,ORD004958,PROD00083,2,90506.18,5631.82,84601.44
ITEM0008562,ORD004959,PROD00057,1,6653.94,569.06,6356.24
ITEM0008563,ORD004959,PROD00377,1,1334.9,121.1,1092.0
ITEM0008564,ORD004960,PROD00164,1,27221.84,3357.16,26909.52
ITEM0008565,ORD004961,PROD00187,2,5972.89,401.11,4143.1
ITEM0008566,ORD004961,PROD00296,1,4397.26,88.74,2915.9
ITEM0008567,ORD004962,PROD00344,1,13462.92,1457.08,11190.0
ITEM0008568,ORD004962,PROD00275,2,7944.07,621.93,5567.9
ITEM0008569,ORD004962,PROD00130,1,57598.49,4340.51,54506.32
ITEM0008570,ORD004963,PROD00480,2,8133.15,398.85,6399.0
ITEM0008571,ORD004963,PROD00118,1,66945.94,6614.06,64732.8
ITEM0008572,ORD004964,PROD00268,2,4889.74,286.26,3364.4
ITEM0008573,ORD004965,PROD00462,1,7375.8,331.2,5780.25
ITEM0008574,ORD004965,PROD00463,1,6507.37,499.63,5255.25
ITEM0008575,ORD004965,PROD00477,1,7734.75,276.25,6008.25
ITEM0008576,ORD004965,PROD00111,1,46787.52,1299.48,42316.56
ITEM0008577,ORD004966,PROD00064,1,66906.61,8911.39,66719.84
ITEM0008578,ORD004966,PROD00096,2,150989.9,256.1,133096.48
ITEM0008579,ORD004966,PROD00494,1,7714.22,333.78,6036.0
ITEM0008580,ORD004967,PROD00014,1,33226.02,1451.98,30516.64
ITEM0008581,ORD004967,PROD00225,1,3784.56,239.44,2615.6
ITEM0008582,ORD004967,PROD00127,1,66375.89,7851.11,65319.76
ITEM0008583,ORD004968,PROD00265,1,4666.08,102.92,3099.85
ITEM0008584,ORD004968,PROD00180,2,6406.23,319.77,4371.9
ITEM0008585,ORD004969,PROD00127,2,139968.65,8485.35,130639.52
ITEM0008586,ORD004969,PROD00130,1,58161.91,3777.09,54506.32
ITEM0008587,ORD004969,PROD00273,1,778.11,7.89,510.9
ITEM0008588,ORD004970,PROD00200,1,2067.84,124.16,1424.8
ITEM0008589,ORD004970,PROD00186,1,4591.9,258.1,3152.5
ITEM0008590,ORD004971,PROD00352,1,2093.2,56.8,1612.5
ITEM0008591,ORD004971,PROD00344,2,29148.48,691.52,22380.0
ITEM0008592,ORD004972,PROD00354,1,10092.7,903.3,8247.0
ITEM0008593,ORD004973,PROD00175,1,1453.99,75.01,993.85
ITEM0008594,ORD004973,PROD00096,1,71375.69,4247.31,66548.24
ITEM0008595,ORD004974,PROD00312,1,656.43,20.57,440.05
ITEM0008596,ORD004974,PROD00054,1,47884.85,1716.15,43648.88
ITEM0008597,ORD004974,PROD00097,1,13833.28,862.72,12932.48
ITEM0008598,ORD004975,PROD00257,1,3922.07,32.93,2570.75
ITEM0008599,ORD004976,PROD00061,1,25169.21,1289.79,23283.92
ITEM0008600,ORD004977,PROD00092,1,21539.66,2263.34,20946.64
ITEM0008601,ORD004978,PROD00321,1,1867.24,50.76,1246.7
ITEM0008602,ORD004978,PROD00269,1,2592.7,7.3,1690.0
ITEM0008603,ORD004979,PROD00313,1,3750.67,122.33,2517.45
ITEM0008604,ORD004979,PROD00410,1,23528.24,1200.76,18546.75
ITEM0008605,ORD004980,PROD00174,1,4860.45,2.55,3160.95
ITEM0008606,ORD004981,PROD00459,1,9350.27,29.73,7035.0
ITEM0008607,ORD004982,PROD00174,3,13899.11,689.89,9482.85
ITEM0008608,ORD004983,PROD00032,1,60574.81,2449.19,55461.12
ITEM0008609,ORD004984,PROD00164,1,26566.92,4012.08,26909.52
ITEM0008610,ORD004985,PROD00074,1,67395.9,5329.1,63998.0
ITEM0008611,ORD004985,PROD00134,1,37188.2,23.8,32746.56
ITEM0008612,ORD004986,PROD00281,1,3767.2,87.8,2505.75
ITEM0008613,ORD004987,PROD00215,2,7036.84,531.16,4919.2
ITEM0008614,ORD004988,PROD00191,2,2994.82,19.18,1959.1
ITEM0008615,ORD004988,PROD00414,1,16058.55,74.45,12099.75
ITEM0008616,ORD004989,PROD00232,3,9625.34,88.66,6314.1
ITEM0008617,ORD004990,PROD00061,1,25915.23,543.77,23283.92
ITEM0008618,ORD004991,PROD00282,1,2574.89,100.11,1738.75
ITEM0008619,ORD004992,PROD00419,1,2944.95,227.05,2379.0
ITEM0008620,ORD004993,PROD00051,1,11081.02,238.98,9961.6
ITEM0008621,ORD004993,PROD00162,1,5582.92,975.08,5771.04
ITEM0008622,ORD004994,PROD00157,2,84794.74,7277.26,81023.36
ITEM0008623,ORD004994,PROD00471,2,18943.9,2036.1,15735.0
ITEM0008624,ORD004994,PROD00203,1,3180.2,130.8,2152.15
ITEM0008625,ORD004995,PROD00028,1,49143.97,5862.03,48405.28
ITEM0008626,ORD004995,PROD00107,1,44759.3,3253.7,42251.44
ITEM0008627,ORD004996,PROD00466,1,3379.79,180.21,2670.0
ITEM0008628,ORD004996,PROD00009,2,88790.18,1353.82,79326.72
ITEM0008629,ORD004997,PROD00333,1,11044.2,724.8,8826.75
ITEM0008630,ORD004998,PROD00378,1,8678.13,548.87,6920.25
ITEM0008631,ORD004999,PROD00027,2,81154.29,2039.71,73210.72
ITEM0008632,ORD004999,PROD00106,1,6326.93,558.07,6058.8
ITEM0008633,ORD005000,PROD00271,1,3800.84,75.16,2519.4
ITEM0008634,ORD005001,PROD00117,1,24278.93,1676.07,22840.4
ITEM0008635,ORD005001,PROD00125,1,8009.94,880.06,7823.2
ITEM0008636,ORD005001,PROD00038,1,33722.52,700.48,30292.24
ITEM0008637,ORD005002,PROD00382,1,1213.78,62.22,957.0
ITEM0008638,ORD005002,PROD00143,2,37369.45,250.55,33105.6
ITEM0008639,ORD005003,PROD00471,1,9753.7,736.3,7867.5
ITEM0008640,ORD005004,PROD00004,2,22925.71,3482.29,23239.04
ITEM0008641,ORD005005,PROD00014,1,31486.46,3191.54,30516.64
ITEM0008642,ORD005006,PROD00057,1,6749.82,473.18,6356.24
ITEM0008643,ORD005006,PROD00271,1,3800.15,75.85,2519.4
ITEM0008644,ORD005006,PROD00466,2,6701.3,418.7,5340.0
ITEM0008645,ORD005007,PROD00463,2,13776.31,237.69,10510.5
ITEM0008646,ORD005007,PROD00296,1,4194.38,291.62,2915.9
ITEM0008647,ORD005008,PROD00036,1,12711.53,847.47,11931.92
ITEM0008648,ORD005009,PROD00421,3,8043.79,518.21,6421.5
ITEM0008649,ORD005010,PROD00198,1,2222.48,15.52,1454.7
ITEM0008650,ORD005011,PROD00427,1,23538.08,534.92,18054.75
ITEM0008651,ORD005012,PROD00265,1,4709.37,59.63,3099.85
ITEM0008652,ORD005012,PROD00331,1,22690.89,1473.11,18123.0
ITEM0008653,ORD005013,PROD00396,2,27479.23,464.77,20958.0
ITEM0008654,ORD005014,PROD00120,1,68955.53,4643.47,64767.12
ITEM0008655,ORD005015,PROD00439,1,2890.26,58.74,2211.75
ITEM0008656,ORD005016,PROD00120,1,65308.84,8290.16,64767.12
ITEM0008657,ORD005016,PROD00203,1,3076.58,234.42,2152.15
ITEM0008658,ORD005017,PROD00148,1,40297.63,6071.37,40804.72
ITEM0008659,ORD005017,PROD00005,3,118457.65,19797.35,121664.4
ITEM0008660,ORD005017,PROD00221,1,516.73,41.27,362.7
ITEM0008661,ORD005017,PROD00364,1,14845.77,1551.23,12297.75
ITEM0008662,ORD005018,PROD00161,1,64353.5,1552.5,57997.28
ITEM0008663,ORD005019,PROD00377,1,1413.39,42.61,1092.0
ITEM0008664,ORD005020,PROD00378,2,17315.55,1138.45,13840.5
ITEM0008665,ORD005021,PROD00122,1,15487.0,391.0,13972.64
ITEM0008666,ORD005022,PROD00198,1,2184.19,53.81,1454.7
ITEM0008667,ORD005023,PROD00023,1,55489.46,5196.54,53403.68
ITEM0008668,ORD005024,PROD00139,3,128811.52,18527.48,129658.32
ITEM0008669,ORD005024,PROD00010,1,54971.16,3583.84,51528.4
ITEM0008670,ORD005024,PROD00473,1,9363.05,320.95,7263.0
ITEM0008671,ORD005024,PROD00201,1,3579.49,200.51,2457.0
ITEM0008672,ORD005025,PROD00270,1,982.14,79.86,690.3
ITEM0008673,ORD005026,PROD00137,1,13706.63,1750.37,13602.16
ITEM0008674,ORD005026,PROD00413,2,30006.58,1497.42,23628.0
ITEM0008675,ORD005026,PROD00152,2,106107.65,14768.35,106370.88
ITEM0008676,ORD005027,PROD00011,1,40879.05,6943.95,42084.24
ITEM0008677,ORD005027,PROD00101,1,72788.38,3048.62,66736.56
ITEM0008678,ORD005028,PROD00222,1,3001.23,233.77,2102.75
ITEM0008679,ORD005029,PROD00222,2,6002.12,467.88,4205.5
ITEM0008680,ORD005030,PROD00079,2,47984.14,6761.86,48176.48
ITEM0008681,ORD005030,PROD00428,1,9092.61,823.39,7437.0
ITEM0008682,ORD005031,PROD00289,1,491.48,18.52,331.5
ITEM0008683,ORD005031,PROD00250,2,8560.72,163.28,5670.6
ITEM0008684,ORD005032,PROD00455,2,36742.94,1827.06,28927.5
ITEM0008685,ORD005032,PROD00097,1,12731.92,1964.08,12932.48
ITEM0008686,ORD005033,PROD00207,1,3406.52,198.48,2343.25
ITEM0008687,ORD005034,PROD00164,1,26014.51,4564.49,26909.52
ITEM0008688,ORD005035,PROD00185,1,905.54,77.46,638.95
ITEM0008689,ORD005035,PROD00033,1,50753.95,3909.05,48103.44
ITEM0008690,ORD005036,PROD00361,1,17160.92,7.08,12876.0
ITEM0008691,ORD005036,PROD00030,1,16068.4,415.6,14505.92
ITEM0008692,ORD005037,PROD00227,2,6573.88,434.12,4555.2
ITEM0008693,ORD005038,PROD00448,1,5639.17,85.83,4293.75
ITEM0008694,ORD005038,PROD00390,2,43157.81,582.19,32805.0
ITEM0008695,ORD005039,PROD00369,1,8098.84,190.16,6216.75
ITEM0008696,ORD005039,PROD00422,1,23824.28,351.72,18132.0
ITEM0008697,ORD005040,PROD00233,2,7152.43,167.57,4758.0
ITEM0008698,ORD005041,PROD00400,1,5882.19,584.81,4850.25
ITEM0008699,ORD005041,PROD00490,1,14187.38,955.62,11357.25
ITEM0008700,ORD005041,PROD00106,1,6731.02,153.98,6058.8
ITEM0008701,ORD005041,PROD00086,1,71077.18,2066.82,64366.72
ITEM0008702,ORD005042,PROD00041,1,20253.27,2644.73,20150.24
ITEM0008703,ORD005042,PROD00361,1,15960.64,1207.36,12876.0
ITEM0008704,ORD005043,PROD00069,2,52895.55,1720.45,48062.08
ITEM0008705,ORD005043,PROD00363,1,17400.06,1568.94,14226.75
ITEM0008706,ORD005044,PROD00202,1,1052.37,17.63,695.5
ITEM0008707,ORD005045,PROD00125,1,8193.87,696.13,7823.2
ITEM0008708,ORD005045,PROD00383,2,39628.48,2023.52,31239.0
ITEM0008709,ORD005045,PROD00227,1,3243.01,260.99,2277.6
ITEM0008710,ORD005046,PROD00443,1,19497.45,1691.55,15891.75
ITEM0008711,ORD005047,PROD00445,1,3960.89,276.11,3177.75
ITEM0008712,ORD005048,PROD00043,2,106267.14,2316.86,95553.92
ITEM0008713,ORD005048,PROD00192,1,784.78,64.22,551.85
ITEM0008714,ORD005049,PROD00156,1,15528.86,1192.14,14714.48
ITEM0008715,ORD005049,PROD00060,1,47782.57,1831.43,43660.32
ITEM0008716,ORD005050,PROD00180,1,3360.9,2.1,2185.95
ITEM0008717,ORD005051,PROD00114,1,29181.84,2833.16,28173.2
ITEM0008718,ORD005051,PROD00190,1,4541.68,72.32,2999.1
ITEM0008719,ORD005052,PROD00385,1,19657.15,1746.85,16053.0
ITEM0008720,ORD005053,PROD00436,1,18718.56,330.44,14286.75
ITEM0008721,ORD005053,PROD00072,1,39053.12,2244.88,36342.24
ITEM0008722,ORD005054,PROD00411,1,20578.81,1797.19,16782.0
ITEM0008723,ORD005055,PROD00480,1,3943.54,322.46,3199.5
ITEM0008724,ORD005056,PROD00084,3,233800.13,5731.87,210788.16
ITEM0008725,ORD005056,PROD00109,1,42201.19,2021.81,38916.24
ITEM0008726,ORD005057,PROD00107,2,85918.6,10107.4,84502.88
ITEM0008727,ORD005058,PROD00361,1,16996.58,171.42,12876.0
ITEM0008728,ORD005059,PROD00085,1,47772.21,2909.79,44600.16
ITEM0008729,ORD005059,PROD00129,1,42667.2,7121.8,43814.32
ITEM0008730,ORD005059,PROD00161,1,59766.96,6139.04,57997.28
ITEM0008731,ORD005060,PROD00112,1,16010.93,1949.07,15804.8
ITEM0008732,ORD005061,PROD00358,1,17296.6,831.4,13596.0
ITEM0008733,ORD005062,PROD00181,1,1438.09,54.91,970.45
ITEM0008734,ORD005062,PROD00323,1,4871.6,23.4,3181.75
ITEM0008735,ORD005063,PROD00103,2,117370.89,11079.11,113036.0
ITEM0008736,ORD005063,PROD00354,1,10597.88,398.12,8247.0
ITEM0008737,ORD005064,PROD00321,1,1808.35,109.65,1246.7
ITEM0008738,ORD005064,PROD00437,1,21572.7,504.3,16557.75
ITEM0008739,ORD005065,PROD00310,1,2921.53,174.47,2012.4
ITEM0008740,ORD005066,PROD00273,1,734.92,51.08,510.9
ITEM0008741,ORD005066,PROD00493,1,12788.25,711.75,10125.0
ITEM0008742,ORD005066,PROD00008,1,54308.36,9040.64,55747.12
ITEM0008743,ORD005067,PROD00109,2,85991.92,2454.08,77832.48
ITEM0008744,ORD005067,PROD00464,1,6390.28,423.72,5110.5
ITEM0008745,ORD005068,PROD00471,1,10278.99,211.01,7867.5
ITEM0008746,ORD005069,PROD00006,1,26974.24,1819.76,25338.72
ITEM0008747,ORD005069,PROD00053,1,70489.77,7137.23,68311.76
ITEM0008748,ORD005070,PROD00144,3,167550.95,22544.05,167283.6
ITEM0008749,ORD005071,PROD00288,2,9886.01,71.99,6472.7
ITEM0008750,ORD005071,PROD00092,1,23118.5,684.5,20946.64
ITEM0008751,ORD005072,PROD00405,3,17840.07,1908.93,14811.75
ITEM0008752,ORD005073,PROD00081,1,52129.18,1489.82,47184.72
ITEM0008753,ORD005073,PROD00311,1,2121.11,109.89,1450.15
ITEM0008754,ORD005074,PROD00301,1,4516.66,153.34,3035.5
ITEM0008755,ORD005074,PROD00206,2,4327.05,40.95,2839.2
ITEM0008756,ORD005075,PROD00006,1,27446.01,1347.99,25338.72
ITEM0008757,ORD005075,PROD00384,2,2566.06,249.94,2112.0
ITEM0008758,ORD005076,PROD00103,1,59597.55,4627.45,56518.0
ITEM0008759,ORD005076,PROD00470,1,6711.06,367.94,5309.25
ITEM0008760,ORD005077,PROD00422,2,48142.54,209.46,36264.0
ITEM0008761,ORD005078,PROD00153,1,30203.54,2023.46,28359.76
ITEM0008762,ORD005078,PROD00253,1,4041.52,201.48,2757.95
ITEM0008763,ORD005079,PROD00067,1,41132.56,1944.44,37907.76
ITEM0008764,ORD005080,PROD00063,1,13896.49,2242.51,14202.32
ITEM0008765,ORD005080,PROD00259,1,3657.14,199.86,2507.05
ITEM0008766,ORD005081,PROD00034,1,25762.45,547.55,23152.8
ITEM0008767,ORD005081,PROD00387,1,11666.66,772.34,9329.25
ITEM0008768,ORD005082,PROD00400,2,12260.73,673.27,9700.5
ITEM0008769,ORD005082,PROD00454,3,70031.38,4746.62,56083.5
ITEM0008770,ORD005083,PROD00125,1,8783.36,106.64,7823.2
ITEM0008771,ORD005084,PROD00332,1,8322.85,447.15,6577.5
ITEM0008772,ORD005085,PROD00058,1,72936.98,1700.02,65680.56
ITEM0008773,ORD005085,PROD00486,1,7290.05,14.95,5478.75
ITEM0008774,ORD005085,PROD00101,1,64948.93,10888.07,66736.56
ITEM0008775,ORD005086,PROD00410,1,22865.44,1863.56,18546.75
ITEM0008776,ORD005087,PROD00191,1,1433.05,73.95,979.55
ITEM0008777,ORD005087,PROD00405,1,6317.36,265.64,4937.25
ITEM0008778,ORD005087,PROD00170,1,2452.72,22.28,1608.75
ITEM0008779,ORD005087,PROD00380,1,8341.61,278.39,6465.0
ITEM0008780,ORD005088,PROD00201,1,3580.81,199.19,2457.0
ITEM0008781,ORD005088,PROD00300,2,3148.77,51.23,2080.0
ITEM0008782,ORD005089,PROD00056,2,66201.79,3534.21,61367.68
ITEM0008783,ORD005089,PROD00281,1,3589.62,265.38,2505.75
ITEM0008784,ORD005090,PROD00356,1,20263.38,90.62,15265.5
ITEM0008785,ORD005091,PROD00463,1,6369.67,637.33,5255.25
ITEM0008786,ORD005091,PROD00335,1,15596.94,269.06,11899.5
ITEM0008787,ORD005092,PROD00436,1,19012.58,36.42,14286.75
ITEM0008788,ORD005092,PROD00369,1,7852.84,436.16,6216.75
ITEM0008789,ORD005093,PROD00318,1,2561.84,68.16,1709.5
ITEM0008790,ORD005094,PROD00243,1,2696.23,180.77,1870.05
ITEM0008791,ORD005094,PROD00279,1,4591.33,294.67,3175.9
ITEM0008792,ORD005095,PROD00406,1,8107.73,515.27,6467.25
ITEM0008793,ORD005095,PROD00281,1,3563.02,291.98,2505.75
ITEM0008794,ORD005095,PROD00354,1,10648.51,347.49,8247.0
ITEM0008795,ORD005095,PROD00470,1,6536.3,542.7,5309.25
ITEM0008796,ORD005096,PROD00216,1,2310.73,198.27,1630.85
ITEM0008797,ORD005097,PROD00255,1,1702.89,94.11,1168.05
ITEM0008798,ORD005097,PROD00007,1,19958.03,1061.97,18497.6
ITEM0008799,ORD005098,PROD00321,2,3782.02,53.98,2493.4
ITEM0008800,ORD005098,PROD00046,1,42543.5,7211.5,43784.4
ITEM0008801,ORD005099,PROD00157,1,42203.45,3832.55,40511.68
ITEM0008802,ORD005099,PROD00064,1,71781.06,4036.94,66719.84
ITEM0008803,ORD005099,PROD00116,1,67247.46,2808.54,61649.28
ITEM0008804,ORD005100,PROD00063,1,16054.9,84.1,14202.32
ITEM0008805,ORD005100,PROD00296,1,4375.47,110.53,2915.9
ITEM0008806,ORD005101,PROD00259,1,3846.22,10.78,2507.05
ITEM0008807,ORD005101,PROD00353,1,7571.55,83.45,5741.25
ITEM0008808,ORD005102,PROD00183,1,3837.18,156.82,2596.1
ITEM0008809,ORD005103,PROD00164,1,26729.31,3849.69,26909.52
ITEM0008810,ORD005104,PROD00369,1,7845.98,443.02,6216.75
ITEM0008811,ORD005104,PROD00432,1,5861.04,366.96,4671.0
ITEM0008812,ORD005105,PROD00044,1,61155.63,206.37,53998.56
ITEM0008813,ORD005106,PROD00244,1,2416.54,99.46,1635.4
ITEM0008814,ORD005107,PROD00419,1,3032.58,139.42,2379.0
ITEM0008815,ORD005107,PROD00239,1,3117.44,222.56,2171.0
ITEM0008816,ORD005108,PROD00119,1,51241.94,5035.06,49523.76
ITEM0008817,ORD005108,PROD00054,2,84620.9,14581.1,87297.76
ITEM0008818,ORD005109,PROD00104,1,15421.73,319.27,13852.08
ITEM0008819,ORD005110,PROD00086,2,133683.57,12604.43,128733.44
ITEM0008820,ORD005111,PROD00380,1,8217.5,402.5,6465.0
ITEM0008821,ORD005111,PROD00329,1,3304.63,67.37,2191.8
ITEM0008822,ORD005112,PROD00111,1,42452.74,5634.26,42316.56
ITEM0008823,ORD005112,PROD00040,1,53673.02,3237.98,50081.68
ITEM0008824,ORD005113,PROD00293,2,1090.82,43.18,737.1
ITEM0008825,ORD005114,PROD00325,1,4572.81,97.19,3035.5
ITEM0008826,ORD005114,PROD00027,1,37758.59,3838.41,36605.36
ITEM0008827,ORD005115,PROD00154,2,60872.96,7063.04,59783.68
ITEM0008828,ORD005116,PROD00205,1,4507.15,56.85,2966.6
ITEM0008829,ORD005117,PROD00236,1,4236.24,255.76,2919.8
ITEM0008830,ORD005118,PROD00064,2,134891.94,16744.06,133439.68
ITEM0008831,ORD005119,PROD00436,1,17417.88,1631.12,14286.75
ITEM0008832,ORD005120,PROD00374,1,9574.88,729.12,7728.0
ITEM0008833,ORD005120,PROD00382,1,1224.9,51.1,957.0
ITEM0008834,ORD005120,PROD00091,2,53905.11,3056.89,50126.56
ITEM0008835,ORD005121,PROD00438,1,3444.71,21.29,2599.5
ITEM0008836,ORD005121,PROD00297,1,3789.47,148.53,2559.7
ITEM0008837,ORD005122,PROD00050,1,18258.98,1442.02,17336.88
ITEM0008838,ORD005122,PROD00217,1,2119.01,92.99,1437.8
ITEM0008839,ORD005123,PROD00434,1,12303.44,860.56,9873.0
ITEM0008840,ORD005124,PROD00187,1,2966.93,220.07,2071.55
ITEM0008841,ORD005124,PROD00378,1,8524.81,702.19,6920.25
ITEM0008842,ORD005125,PROD00405,2,12578.1,587.9,9874.5
ITEM0008843,ORD005126,PROD00389,3,52208.12,1185.88,40045.5
ITEM0008844,ORD005127,PROD00144,1,60739.31,2625.69,55761.2
ITEM0008845,ORD005127,PROD00045,1,34969.98,4369.02,34618.32
ITEM0008846,ORD005127,PROD00185,3,2822.21,126.79,1916.85
ITEM0008847,ORD005128,PROD00124,1,29730.71,3795.29,29502.88
ITEM0008848,ORD005128,PROD00405,2,12454.81,711.19,9874.5
ITEM0008849,ORD005128,PROD00481,1,4214.54,320.46,3401.25
ITEM0008850,ORD005128,PROD00270,1,1023.43,38.57,690.3
ITEM0008851,ORD005129,PROD00010,1,50451.09,8103.91,51528.4
ITEM0008852,ORD005129,PROD00013,1,42645.38,5271.62,42166.96
ITEM0008853,ORD005129,PROD00476,1,21490.03,1576.97,17300.25
ITEM0008854,ORD005130,PROD00338,3,14919.4,197.6,11337.75
ITEM0008855,ORD005131,PROD00274,1,1343.89,14.11,882.7
ITEM0008856,ORD005132,PROD00074,1,70598.27,2126.73,63998.0
ITEM0008857,ORD005133,PROD00012,1,30224.27,2654.73,28933.52
ITEM0008858,ORD005133,PROD00161,2,130583.2,1228.8,115994.56
ITEM0008859,ORD005134,PROD00398,2,22889.14,1960.86,18637.5
ITEM0008860,ORD005134,PROD00060,1,44294.43,5319.57,43660.32
ITEM0008861,ORD005134,PROD00201,1,3734.22,45.78,2457.0
ITEM0008862,ORD005135,PROD00055,1,67494.76,379.24,59729.12
ITEM0008863,ORD005135,PROD00280,1,2775.71,178.29,1920.1
ITEM0008864,ORD005136,PROD00177,1,2947.84,70.16,1961.7
ITEM0008865,ORD005136,PROD00035,1,53950.62,3148.38,50247.12
ITEM0008866,ORD005136,PROD00134,1,33335.94,3876.06,32746.56
ITEM0008867,ORD005136,PROD00224,1,2938.95,196.05,2037.75
ITEM0008868,ORD005137,PROD00210,1,3963.29,139.71,2666.95
ITEM0008869,ORD005138,PROD00400,1,6214.69,252.31,4850.25
ITEM0008870,ORD005139,PROD00056,1,32370.91,2497.09,30683.84
ITEM0008871,ORD005140,PROD00406,1,8001.78,621.22,6467.25
ITEM0008872,ORD005141,PROD00186,1,4714.35,135.65,3152.5
ITEM0008873,ORD005142,PROD00093,1,12225.8,2140.2,12642.08
ITEM0008874,ORD005142,PROD00300,1,1598.73,1.27,1040.0
ITEM0008875,ORD005143,PROD00349,1,12668.23,905.77,10180.5
ITEM0008876,ORD005144,PROD00120,2,134812.1,12385.9,129534.24
ITEM0008877,ORD005144,PROD00291,1,4406.69,110.31,2936.05
ITEM0008878,ORD005145,PROD00232,1,3012.4,225.6,2104.7
ITEM0008879,ORD005145,PROD00337,1,16176.05,910.95,12815.25
ITEM0008880,ORD005146,PROD00025,1,28242.14,1397.86,26083.2
ITEM0008881,ORD005147,PROD00258,1,3406.52,191.48,2338.7
ITEM0008882,ORD005148,PROD00146,1,9782.74,1376.26,9819.92
ITEM0008883,ORD005149,PROD00093,1,13306.35,1059.65,12642.08
ITEM0008884,ORD005149,PROD00077,3,148454.79,12312.21,141474.96
ITEM0008885,ORD005150,PROD00165,1,18985.1,2599.9,18994.8
ITEM0008886,ORD005150,PROD00105,1,64680.06,890.94,57702.48
ITEM0008887,ORD005150,PROD00261,1,3300.34,9.66,2151.5
ITEM0008888,ORD005151,PROD00264,1,1928.69,21.31,1267.5
ITEM0008889,ORD005152,PROD00033,1,52303.7,2359.3,48103.44
ITEM0008890,ORD005153,PROD00071,1,51407.06,4692.94,49368.0
ITEM0008891,ORD005154,PROD00493,1,12781.99,718.01,10125.0
ITEM0008892,ORD005155,PROD00362,1,7503.79,231.21,5801.25
ITEM0008893,ORD005155,PROD00405,1,6361.87,221.13,4937.25
ITEM0008894,ORD005155,PROD00200,1,2142.08,49.92,1424.8
ITEM0008895,ORD005156,PROD00030,2,30704.73,2263.27,29011.84
ITEM0008896,ORD005156,PROD00055,1,62324.67,5549.33,59729.12
ITEM0008897,ORD005156,PROD00440,1,20091.92,1269.08,16020.75
ITEM0008898,ORD005157,PROD00027,1,39289.08,2307.92,36605.36
ITEM0008899,ORD005158,PROD00242,1,3538.13,72.87,2347.15
ITEM0008900,ORD005158,PROD00233,1,3451.97,208.03,2379.0
ITEM0008901,ORD005159,PROD00098,1,21290.68,1752.32,20277.84
ITEM0008902,ORD005160,PROD00252,1,1964.25,23.75,1292.2
ITEM0008903,ORD005160,PROD00359,1,3098.09,31.91,2347.5
ITEM0008904,ORD005161,PROD00278,2,6022.38,461.62,4214.6
ITEM0008905,ORD005162,PROD00307,1,1429.78,20.22,942.5
ITEM0008906,ORD005162,PROD00044,1,55140.05,6221.95,53998.56
ITEM0008907,ORD005163,PROD00432,1,5644.24,583.76,4671.0
ITEM0008908,ORD005163,PROD00220,1,951.75,42.25,646.1
ITEM0008909,ORD005164,PROD00077,1,47271.28,6317.72,47158.32
ITEM0008910,ORD005164,PROD00210,1,4063.91,39.09,2666.95
ITEM0008911,ORD005165,PROD00173,1,2469.66,66.34,1648.4
ITEM0008912,ORD005166,PROD00007,1,18575.15,2444.85,18497.6
ITEM0008913,ORD005166,PROD00490,1,13863.36,1279.64,11357.25
ITEM0008914,ORD005166,PROD00336,1,4983.25,465.75,4086.75
ITEM0008915,ORD005167,PROD00155,3,150640.6,11290.4,142499.28
ITEM0008916,ORD005168,PROD00483,1,20500.81,876.19,16032.75
ITEM0008917,ORD005169,PROD00023,1,58315.34,2370.66,53403.68
ITEM0008918,ORD005170,PROD00378,1,8545.12,681.88,6920.25
ITEM0008919,ORD005171,PROD00007,1,18550.38,2469.62,18497.6
ITEM0008920,ORD005171,PROD00039,1,32212.95,299.05,28610.56
ITEM0008921,ORD005172,PROD00062,1,17274.85,203.15,15380.64
ITEM0008922,ORD005173,PROD00092,2,45326.61,2279.39,41893.28
ITEM0008923,ORD005173,PROD00275,1,4131.51,151.49,2783.95
ITEM0008924,ORD005174,PROD00064,1,71433.15,4384.85,66719.84
ITEM0008925,ORD005175,PROD00068,3,126590.3,1452.7,112677.84
ITEM0008926,ORD005176,PROD00188,2,9760.08,3.92,6346.6
ITEM0008927,ORD005176,PROD00206,1,2148.73,35.27,1419.6
ITEM0008928,ORD005176,PROD00309,1,2371.98,11.02,1548.95
ITEM0008929,ORD005177,PROD00097,1,13647.19,1048.81,12932.48
ITEM0008930,ORD005178,PROD00257,1,3840.75,114.25,2570.75
ITEM0008931,ORD005179,PROD00387,1,12192.25,246.75,9329.25
ITEM0008932,ORD005180,PROD00307,1,1354.02,95.98,942.5
ITEM0008933,ORD005181,PROD00200,1,2033.97,158.03,1424.8
ITEM0008934,ORD005181,PROD00455,1,19027.45,257.55,14463.75
ITEM0008935,ORD005182,PROD00314,1,862.3,4.7,563.55
ITEM0008936,ORD005182,PROD00253,1,3990.66,252.34,2757.95
ITEM0008937,ORD005183,PROD00143,1,18546.0,264.0,16552.8
ITEM0008938,ORD005184,PROD00442,1,22501.54,1913.46,18311.25
ITEM0008939,ORD005184,PROD00375,1,16131.49,429.51,12420.75
ITEM0008940,ORD005184,PROD00094,1,55011.96,7804.04,55278.08
ITEM0008941,ORD005184,PROD00276,1,2981.54,166.46,2046.2
ITEM0008942,ORD005185,PROD00048,1,8022.06,777.94,7744.0
ITEM0008943,ORD005186,PROD00467,1,16031.14,1221.86,12939.75
ITEM0008944,ORD005186,PROD00357,1,17189.68,321.32,13133.25
ITEM0008945,ORD005187,PROD00057,2,13730.22,715.78,12712.48
ITEM0008946,ORD005188,PROD00340,1,9002.07,709.93,7284.0
ITEM0008947,ORD005188,PROD00306,1,4030.8,182.2,2738.45
ITEM0008948,ORD005189,PROD00125,2,15168.58,2611.42,15646.4
ITEM0008949,ORD005190,PROD00238,1,3322.52,102.48,2226.25
ITEM0008950,ORD005191,PROD00186,2,9240.28,459.72,6305.0
ITEM0008951,ORD005191,PROD00218,1,3314.9,78.1,2205.45
ITEM0008952,ORD005191,PROD00245,1,3453.42,264.58,2416.7
ITEM0008953,ORD005192,PROD00210,1,3942.59,160.41,2666.95
ITEM0008954,ORD005193,PROD00368,1,17372.49,403.51,13332.0
ITEM0008955,ORD005194,PROD00304,1,2413.58,209.42,1704.95
ITEM0008956,ORD005195,PROD00085,2,90967.88,10396.12,89200.32
ITEM0008957,ORD005195,PROD00194,1,2989.42,194.58,2069.6
ITEM0008958,ORD005196,PROD00304,1,2537.68,85.32,1704.95
ITEM0008959,ORD005197,PROD00257,1,3811.71,143.29,2570.75
ITEM0008960,ORD005198,PROD00236,1,4435.74,56.26,2919.8
ITEM0008961,ORD005199,PROD00355,1,7329.35,494.65,5868.0
ITEM0008962,ORD005200,PROD00423,1,23369.6,244.4,17710.5
ITEM0008963,ORD005201,PROD00144,1,54231.0,9134.0,55761.2
ITEM0008964,ORD005202,PROD00043,1,46237.38,8054.62,47776.96
ITEM0008965,ORD005202,PROD00444,1,11094.32,48.68,8357.25
ITEM0008966,ORD005202,PROD00086,1,64173.72,8970.28,64366.72
ITEM0008967,ORD005202,PROD00443,1,20040.1,1148.9,15891.75
ITEM0008968,ORD005203,PROD00308,1,4506.16,325.84,3140.8
ITEM0008969,ORD005204,PROD00013,1,43062.66,4854.34,42166.96
ITEM0008970,ORD005204,PROD00281,1,3656.83,198.17,2505.75
ITEM0008971,ORD005204,PROD00371,3,24570.34,1433.66,19503.0
ITEM0008972,ORD005205,PROD00248,1,4564.25,97.75,3030.3
ITEM0008973,ORD005206,PROD00373,1,13394.77,866.23,10695.75
ITEM0008974,ORD005206,PROD00171,1,1092.06,60.94,749.45
ITEM0008975,ORD005206,PROD00089,1,17868.77,1701.23,17221.6
ITEM0008976,ORD005207,PROD00025,1,27110.91,2529.09,26083.2
ITEM0008977,ORD005208,PROD00014,1,34298.42,379.58,30516.64
ITEM0008978,ORD005209,PROD00126,2,62132.16,2895.84,57224.64
ITEM0008979,ORD005209,PROD00388,1,6596.06,727.94,5493.0
ITEM0008980,ORD005210,PROD00171,1,1124.05,28.95,749.45
ITEM0008981,ORD005210,PROD00114,1,27774.48,4240.52,28173.2
ITEM0008982,ORD005210,PROD00014,2,62649.87,6706.13,61033.28
ITEM0008983,ORD005211,PROD00285,2,2978.75,59.25,1974.7
ITEM0008984,ORD005211,PROD00482,1,17928.62,555.38,13863.0
ITEM0008985,ORD005211,PROD00322,1,4277.99,364.01,3017.3
ITEM0008986,ORD005212,PROD00046,2,95631.28,3878.72,87568.8
ITEM0008987,ORD005212,PROD00446,1,20366.81,1417.19,16338.0
ITEM0008988,ORD005212,PROD00059,1,34901.09,762.91,31384.32
ITEM0008989,ORD005212,PROD00066,1,66549.97,6878.03,64616.64
ITEM0008990,ORD005213,PROD00341,1,7011.75,428.25,5580.0
ITEM0008991,ORD005213,PROD00212,1,2142.6,134.4,1480.05
ITEM0008992,ORD005213,PROD00004,1,11225.31,1978.69,11619.52
ITEM0008993,ORD005214,PROD00202,3,3073.67,136.33,2086.5
ITEM0008994,ORD005214,PROD00106,1,6266.3,618.7,6058.8
ITEM0008995,ORD005215,PROD00414,1,14553.83,1579.17,12099.75
ITEM0008996,ORD005215,PROD00358,1,17154.23,973.77,13596.0
ITEM0008997,ORD005216,PROD00012,1,32684.57,194.43,28933.52
ITEM0008998,ORD005217,PROD00302,1,1249.26,89.74,870.35
ITEM0008999,ORD005218,PROD00479,1,13952.04,783.96,11052.0
ITEM0009000,ORD005218,PROD00128,1,61299.97,9600.03,62392.0
ITEM0009001,ORD005218,PROD00033,1,52065.04,2597.96,48103.44
ITEM0009002,ORD005219,PROD00194,1,2978.77,205.23,2069.6
ITEM0009003,ORD005220,PROD00025,1,26302.39,3337.61,26083.2
ITEM0009004,ORD005221,PROD00046,1,45047.42,4707.58,43784.4
ITEM0009005,ORD005221,PROD00426,3,60827.25,324.75,45864.0
ITEM0009006,ORD005222,PROD00336,1,5245.96,203.04,4086.75
ITEM0009007,ORD005223,PROD00137,2,27453.05,3460.95,27204.32
ITEM0009008,ORD005223,PROD00285,1,1475.16,43.84,987.35
ITEM0009009,ORD005224,PROD00271,1,3830.33,45.67,2519.4
ITEM0009010,ORD005225,PROD00223,1,4679.8,280.2,3224.0
ITEM0009011,ORD005225,PROD00261,2,6214.41,405.59,4303.0
ITEM0009012,ORD005226,PROD00054,3,132424.3,16378.7,130946.64
ITEM0009013,ORD005226,PROD00419,2,5948.01,395.99,4758.0
ITEM0009014,ORD005227,PROD00135,1,64121.51,5324.49,61112.48
ITEM0009015,ORD005227,PROD00087,1,20510.52,1058.48,18980.72
ITEM0009016,ORD005227,PROD00270,1,1028.41,33.59,690.3
ITEM0009017,ORD005228,PROD00184,1,837.63,8.37,549.9
ITEM0009018,ORD005229,PROD00292,1,2101.9,151.1,1464.45
ITEM0009019,ORD005230,PROD00220,1,926.05,67.95,646.1
ITEM0009020,ORD005230,PROD00406,2,16791.91,454.09,12934.5
ITEM0009021,ORD005230,PROD00392,2,3304.59,213.41,2638.5
ITEM0009022,ORD005231,PROD00305,2,5011.53,420.47,3530.8
ITEM0009023,ORD005232,PROD00055,2,115464.82,20283.18,119458.24
ITEM0009024,ORD005233,PROD00370,2,46160.4,3829.6,37492.5
ITEM0009025,ORD005234,PROD00258,1,3475.6,122.4,2338.7
ITEM0009026,ORD005235,PROD00484,1,2460.04,230.96,2018.25
ITEM0009027,ORD005236,PROD00194,2,6126.39,241.61,4139.2
ITEM0009028,ORD005236,PROD00343,2,40637.0,3423.0,33045.0
ITEM0009029,ORD005237,PROD00024,1,62449.92,5250.08,59576.0
ITEM0009030,ORD005237,PROD00315,1,3677.43,249.57,2552.55
ITEM0009031,ORD005237,PROD00234,1,3352.66,223.34,2324.4
ITEM0009032,ORD005238,PROD00341,1,7169.16,270.84,5580.0
ITEM0009033,ORD005239,PROD00277,1,2175.31,1.69,1415.05
ITEM0009034,ORD005239,PROD00433,1,9835.16,35.84,7403.25
ITEM0009035,ORD005239,PROD00184,1,812.25,33.75,549.9
ITEM0009036,ORD005240,PROD00388,1,7121.48,202.52,5493.0
ITEM0009037,ORD005240,PROD00193,1,2748.23,72.77,1833.65
ITEM0009038,ORD005241,PROD00416,1,1137.2,101.8,929.25
ITEM0009039,ORD005242,PROD00128,1,68085.87,2814.13,62392.0
ITEM0009040,ORD005243,PROD00241,1,1241.76,87.24,863.85
ITEM0009041,ORD005243,PROD00015,1,67363.82,895.18,60067.92
ITEM0009042,ORD005243,PROD00118,1,67972.93,5587.07,64732.8
ITEM0009043,ORD005243,PROD00443,2,39701.67,2676.33,31783.5
ITEM0009044,ORD005244,PROD00476,1,22880.5,186.5,17300.25
ITEM0009045,ORD005245,PROD00205,1,4219.11,344.89,2966.6
ITEM0009046,ORD005245,PROD00256,2,9290.92,633.08,6450.6
ITEM0009047,ORD005246,PROD00273,1,785.42,0.58,510.9
ITEM0009048,ORD005247,PROD00353,1,6924.98,730.02,5741.25
ITEM0009049,ORD005247,PROD00205,1,4343.72,220.28,2966.6
ITEM0009050,ORD005248,PROD00384,1,1325.99,82.01,1056.0
ITEM0009051,ORD005248,PROD00375,1,16290.67,270.33,12420.75
ITEM0009052,ORD005249,PROD00115,1,57582.36,3182.64,53473.2
ITEM0009053,ORD005250,PROD00361,1,16000.17,1167.83,12876.0
ITEM0009054,ORD005251,PROD00065,1,50245.7,8440.3,51643.68
ITEM0009055,ORD005251,PROD00008,1,55395.03,7953.97,55747.12
ITEM0009056,ORD005252,PROD00488,1,13199.79,336.21,10152.0
ITEM0009057,ORD005253,PROD00473,1,8927.32,756.68,7263.0
ITEM0009058,ORD005254,PROD00402,1,8805.44,778.56,7188.0
ITEM0009059,ORD005254,PROD00176,1,4355.09,29.91,2850.25
ITEM0009060,ORD005255,PROD00359,1,2968.94,161.06,2347.5
ITEM0009061,ORD005255,PROD00167,1,635.57,27.43,430.95
ITEM0009062,ORD005256,PROD00041,1,20931.49,1966.51,20150.24
ITEM0009063,ORD005256,PROD00219,1,2290.67,191.33,1613.3
ITEM0009064,ORD005256,PROD00328,1,2951.15,168.85,2028.0
ITEM0009065,ORD005257,PROD00205,1,4283.73,280.27,2966.6
ITEM0009066,ORD005257,PROD00274,1,1255.75,102.25,882.7
ITEM0009067,ORD005257,PROD00434,1,13125.13,38.87,9873.0
ITEM0009068,ORD005257,PROD00393,1,6894.14,209.86,5328.0
ITEM0009069,ORD005258,PROD00441,1,15171.51,1645.49,12612.75
ITEM0009070,ORD005259,PROD00053,1,70340.75,7286.25,68311.76
ITEM0009071,ORD005259,PROD00327,1,2658.47,49.53,1760.2
ITEM0009072,ORD005260,PROD00169,1,1487.16,10.84,973.7
ITEM0009073,ORD005261,PROD00382,1,1228.78,47.22,957.0
ITEM0009074,ORD005262,PROD00167,2,1300.86,25.14,861.9
ITEM0009075,ORD005262,PROD00385,1,20760.58,643.42,16053.0
ITEM0009076,ORD005262,PROD00071,1,50142.2,5957.8,49368.0
ITEM0009077,ORD005263,PROD00334,1,18105.42,511.58,13962.75
ITEM0009078,ORD005263,PROD00338,1,5032.94,6.06,3779.25
ITEM0009079,ORD005264,PROD00340,1,8917.87,794.13,7284.0
ITEM0009080,ORD005265,PROD00396,1,13376.72,595.28,10479.0
ITEM0009081,ORD005265,PROD00330,3,4076.49,171.51,2761.2
ITEM0009082,ORD005266,PROD00337,1,15378.79,1708.21,12815.25
ITEM0009083,ORD005266,PROD00421,2,5577.4,130.6,4281.0
ITEM0009084,ORD005267,PROD00419,3,8574.15,941.85,7137.0
ITEM0009085,ORD005267,PROD00301,1,4524.82,145.18,3035.5
ITEM0009086,ORD005268,PROD00189,1,1258.35,68.65,862.55
ITEM0009087,ORD005268,PROD00151,1,57645.36,3089.64,53446.8
ITEM0009088,ORD005268,PROD00133,1,14882.95,853.05,13847.68
ITEM0009089,ORD005269,PROD00373,1,14088.81,172.19,10695.75
ITEM0009090,ORD005269,PROD00140,1,5999.09,488.91,5709.44
ITEM0009091,ORD005270,PROD00462,1,7301.47,405.53,5780.25
ITEM0009092,ORD005271,PROD00181,1,1430.96,62.04,970.45
ITEM0009093,ORD005272,PROD00284,1,3545.08,12.92,2312.7
ITEM0009094,ORD005273,PROD00299,1,3695.0,263.0,2572.7
ITEM0009095,ORD005273,PROD00417,1,8840.94,958.06,7349.25
ITEM0009096,ORD005274,PROD00259,1,3614.16,242.84,2507.05
ITEM0009097,ORD005274,PROD00249,1,2435.42,29.58,1602.25
ITEM0009098,ORD005274,PROD00087,1,19280.48,2288.52,18980.72
ITEM0009099,ORD005275,PROD00055,1,59288.44,8585.56,59729.12
ITEM0009100,ORD005275,PROD00421,1,2703.28,150.72,2140.5
ITEM0009101,ORD005276,PROD00270,1,1003.15,58.85,690.3
ITEM0009102,ORD005276,PROD00016,1,71047.56,1042.44,63439.2
ITEM0009103,ORD005277,PROD00380,1,8546.85,73.15,6465.0
ITEM0009104,ORD005278,PROD00001,1,58818.72,3170.28,54550.32
ITEM0009105,ORD005278,PROD00461,1,13387.49,944.51,10749.0
ITEM0009106,ORD005279,PROD00202,1,1046.09,23.91,695.5
ITEM0009107,ORD005280,PROD00259,1,3575.14,281.86,2507.05
ITEM0009108,ORD005280,PROD00459,3,26120.5,2019.5,21105.0
ITEM0009109,ORD005281,PROD00330,1,1342.89,73.11,920.4
ITEM0009110,ORD005282,PROD00386,1,4645.79,47.21,3519.75
ITEM0009111,ORD005283,PROD00016,1,70828.07,1261.93,63439.2
ITEM0009112,ORD005283,PROD00043,1,50263.14,4028.86,47776.96
ITEM0009113,ORD005284,PROD00278,1,3241.47,0.53,2107.3
ITEM0009114,ORD005285,PROD00385,1,19732.6,1671.4,16053.0
ITEM0009115,ORD005286,PROD00232,1,2997.31,240.69,2104.7
ITEM0009116,ORD005287,PROD00284,1,3279.69,278.31,2312.7
ITEM0009117,ORD005288,PROD00348,1,4207.36,254.64,3346.5
ITEM0009118,ORD005289,PROD00381,3,71720.23,1806.77,55145.25
ITEM0009119,ORD005289,PROD00470,3,20621.92,615.08,15927.75
ITEM0009120,ORD005289,PROD00136,2,150049.43,1184.57,133085.92
ITEM0009121,ORD005290,PROD00426,1,20300.32,83.68,15288.0
ITEM0009122,ORD005291,PROD00179,1,2875.5,205.5,2002.65
ITEM0009123,ORD005291,PROD00030,2,31123.25,1844.75,29011.84
ITEM0009124,ORD005292,PROD00089,2,34896.13,4243.87,34443.2
ITEM0009125,ORD005292,PROD00176,1,4235.6,149.4,2850.25
ITEM0009126,ORD005292,PROD00358,1,17976.38,151.62,13596.0
ITEM0009127,ORD005293,PROD00070,2,84954.68,2327.32,76808.16
ITEM0009128,ORD005294,PROD00442,1,22825.0,1590.0,18311.25
ITEM0009129,ORD005294,PROD00112,1,16401.32,1558.68,15804.8
ITEM0009130,ORD005295,PROD00349,1,12970.99,603.01,10180.5
ITEM0009131,ORD005296,PROD00169,2,2957.52,38.48,1947.4
ITEM0009132,ORD005296,PROD00049,1,8878.98,961.02,8659.2
ITEM0009133,ORD005296,PROD00477,1,7237.99,773.01,6008.25
ITEM0009134,ORD005297,PROD00485,2,4147.66,174.34,3241.5
ITEM0009135,ORD005297,PROD00229,1,3964.67,224.33,2722.85
ITEM0009136,ORD005298,PROD00053,1,69770.1,7856.9,68311.76
ITEM0009137,ORD005298,PROD00119,1,50198.22,6078.78,49523.76
ITEM0009138,ORD005298,PROD00481,2,8990.16,79.84,6802.5
ITEM0009139,ORD005299,PROD00261,1,3115.4,194.6,2151.5
ITEM0009140,ORD005300,PROD00039,2,58637.42,6386.58,57221.12
ITEM0009141,ORD005301,PROD00495,1,2488.3,157.7,1984.5
ITEM0009142,ORD005302,PROD00198,1,2233.68,4.32,1454.7
ITEM0009143,ORD005302,PROD00367,1,11929.33,838.67,9576.0
ITEM0009144,ORD005303,PROD00257,1,3854.1,100.9,2570.75
ITEM0009145,ORD005304,PROD00041,1,20936.42,1961.58,20150.24
ITEM0009146,ORD005304,PROD00185,1,928.65,54.35,638.95
ITEM0009147,ORD005305,PROD00152,2,105349.96,15526.04,106370.88
ITEM0009148,ORD005305,PROD00217,1,2062.75,149.25,1437.8
ITEM0009149,ORD005306,PROD00288,1,4697.82,281.18,3236.35
ITEM0009150,ORD005306,PROD00012,1,32040.55,838.45,28933.52
ITEM0009151,ORD005307,PROD00397,1,5192.85,173.15,4024.5
ITEM0009152,ORD005307,PROD00288,1,4703.5,275.5,3236.35
ITEM0009153,ORD005308,PROD00476,1,22272.08,794.92,17300.25
ITEM0009154,ORD005309,PROD00443,1,21079.22,109.78,15891.75
ITEM0009155,ORD005310,PROD00020,1,72852.97,6140.03,69513.84
ITEM0009156,ORD005311,PROD00449,2,19463.05,692.95,15117.0
ITEM0009157,ORD005312,PROD00426,1,19263.66,1120.34,15288.0
ITEM0009158,ORD005312,PROD00435,2,16129.71,1610.29,13305.0
ITEM0009159,ORD005313,PROD00136,1,69300.2,6316.8,66542.96
ITEM0009160,ORD005314,PROD00177,1,2934.75,83.25,1961.7
ITEM0009161,ORD005315,PROD00207,1,3590.91,14.09,2343.25
ITEM0009162,ORD005315,PROD00217,2,4090.96,333.04,2875.6
ITEM0009163,ORD005316,PROD00375,1,16348.48,212.52,12420.75
ITEM0009164,ORD005316,PROD00249,1,2410.25,54.75,1602.25
ITEM0009165,ORD005317,PROD00223,2,9252.07,667.93,6448.0
ITEM0009166,ORD005318,PROD00014,2,64053.41,5302.59,61033.28
ITEM0009167,ORD005318,PROD00376,1,15192.6,536.4,11796.75
ITEM0009168,ORD005319,PROD00352,2,4203.56,96.44,3225.0
ITEM0009169,ORD005319,PROD00403,2,6378.7,65.3,4833.0
ITEM0009170,ORD005320,PROD00208,1,3495.47,297.53,2465.45
ITEM0009171,ORD005321,PROD00315,1,3891.18,35.82,2552.55
ITEM0009172,ORD005322,PROD00409,1,2139.28,1.72,1605.75
ITEM0009173,ORD005322,PROD00053,1,66899.23,10727.77,68311.76
ITEM0009174,ORD005322,PROD00234,2,6649.88,502.12,4648.8
ITEM0009175,ORD005322,PROD00340,1,8881.4,830.6,7284.0
ITEM0009176,ORD005323,PROD00326,1,4082.3,138.7,2743.65
ITEM0009177,ORD005324,PROD00360,1,16013.06,1607.94,13215.75
ITEM0009178,ORD005325,PROD00081,2,100340.66,6897.34,94369.44
ITEM0009179,ORD005326,PROD00092,1,22581.28,1221.72,20946.64
ITEM0009180,ORD005327,PROD00072,1,36669.15,4628.85,36342.24
ITEM0009181,ORD005328,PROD00254,1,709.69,20.31,474.5
ITEM0009182,ORD005328,PROD00080,2,154556.86,2515.14,138223.36
ITEM0009183,ORD005329,PROD00436,1,18447.48,601.52,14286.75
ITEM0009184,ORD005330,PROD00024,3,187953.0,15147.0,178728.0
ITEM0009185,ORD005330,PROD00468,1,10524.36,257.64,8086.5
ITEM0009186,ORD005331,PROD00244,1,2389.31,126.69,1635.4
ITEM0009187,ORD005331,PROD00204,1,4469.91,379.09,3151.85
ITEM0009188,ORD005332,PROD00418,1,9229.25,928.75,7618.5
ITEM0009189,ORD005333,PROD00029,1,65553.37,4531.63,61674.8
ITEM0009190,ORD005333,PROD00061,1,24513.5,1945.5,23283.92
ITEM0009191,ORD005334,PROD00264,2,3841.41,58.59,2535.0
ITEM0009192,ORD005335,PROD00058,3,200010.02,23900.98,197041.68
ITEM0009193,ORD005336,PROD00042,1,36633.02,2045.98,34037.52
ITEM0009194,ORD005336,PROD00146,2,21559.97,758.03,19639.84
ITEM0009195,ORD005337,PROD00330,2,2703.69,128.31,1840.8
ITEM0009196,ORD005338,PROD00066,2,139624.24,7231.76,129233.28
ITEM0009197,ORD005339,PROD00154,1,30506.99,3461.01,29891.84
ITEM0009198,ORD005340,PROD00095,1,64527.34,1126.66,57775.52
ITEM0009199,ORD005341,PROD00086,1,67396.74,5747.26,64366.72
ITEM0009200,ORD005342,PROD00006,1,27089.89,1704.11,25338.72
ITEM0009201,ORD005343,PROD00065,1,54211.4,4474.6,51643.68
ITEM0009202,ORD005344,PROD00475,1,20664.16,1492.84,16617.75
ITEM0009203,ORD005345,PROD00286,2,1503.63,108.37,1047.8
ITEM0009204,ORD005346,PROD00487,1,10462.68,546.32,8256.75
ITEM0009205,ORD005347,PROD00410,1,23514.33,1214.67,18546.75
ITEM0009206,ORD005348,PROD00117,1,24465.69,1489.31,22840.4
ITEM0009207,ORD005348,PROD00312,1,665.05,11.95,440.05
ITEM0009208,ORD005348,PROD00228,1,2693.01,197.99,1879.15
ITEM0009209,ORD005349,PROD00085,1,46235.08,4446.92,44600.16
ITEM0009210,ORD005350,PROD00301,1,4465.32,204.68,3035.5
ITEM0009211,ORD005350,PROD00173,3,7601.76,6.24,4945.2
ITEM0009212,ORD005350,PROD00226,1,1237.2,2.8,806.0
ITEM0009213,ORD005351,PROD00305,1,2511.52,204.48,1765.4
ITEM0009214,ORD005351,PROD00207,1,3516.68,88.32,2343.25
ITEM0009215,ORD005352,PROD00275,1,4048.73,234.27,2783.95
ITEM0009216,ORD005352,PROD00378,1,8530.28,696.72,6920.25
ITEM0009217,ORD005353,PROD00317,1,3518.86,275.14,2466.1
ITEM0009218,ORD005353,PROD00010,1,52350.97,6204.03,51528.4
ITEM0009219,ORD005353,PROD00382,1,1194.71,81.29,957.0
ITEM0009220,ORD005354,PROD00360,2,33911.64,1330.36,26431.5
ITEM0009221,ORD005354,PROD00211,1,1099.85,46.15,744.9
ITEM0009222,ORD005354,PROD00470,1,6744.53,334.47,5309.25
ITEM0009223,ORD005354,PROD00052,3,191577.39,32717.61,197379.6
ITEM0009224,ORD005355,PROD00446,1,21540.46,243.54,16338.0
ITEM0009225,ORD005355,PROD00151,1,59012.39,1722.61,53446.8
ITEM0009226,ORD005356,PROD00424,1,15857.78,1353.22,12908.25
ITEM0009227,ORD005357,PROD00389,1,17605.71,192.29,13348.5
ITEM0009228,ORD005358,PROD00437,1,21711.42,365.58,16557.75
ITEM0009229,ORD005359,PROD00024,1,60840.49,6859.51,59576.0
ITEM0009230,ORD005359,PROD00406,1,7852.02,770.98,6467.25
ITEM0009231,ORD005359,PROD00105,1,58367.06,7203.94,57702.48
ITEM0009232,ORD005360,PROD00011,1,46364.29,1458.71,42084.24
ITEM0009233,ORD005361,PROD00369,1,7722.46,566.54,6216.75
ITEM0009234,ORD005362,PROD00110,3,117473.11,819.89,104097.84
ITEM0009235,ORD005362,PROD00385,1,21125.02,278.98,16053.0
ITEM0009236,ORD005363,PROD00346,1,19305.28,42.72,14511.0
ITEM0009237,ORD005363,PROD00353,1,7453.49,201.51,5741.25
ITEM0009238,ORD005364,PROD00272,1,1048.68,78.32,732.55
ITEM0009239,ORD005364,PROD00091,3,77230.66,8212.34,75189.84
ITEM0009240,ORD005365,PROD00348,2,8867.72,56.28,6693.0
ITEM0009241,ORD005366,PROD00115,1,54005.2,6759.8,53473.2
ITEM0009242,ORD005367,PROD00265,1,4628.37,140.63,3099.85
ITEM0009243,ORD005368,PROD00408,1,19259.7,1768.3,15771.0
ITEM0009244,ORD005368,PROD00465,1,11960.54,1267.46,9921.0
ITEM0009245,ORD005369,PROD00275,2,8236.65,329.35,5567.9
ITEM0009246,ORD005370,PROD00137,1,14593.67,863.33,13602.16
ITEM0009247,ORD005371,PROD00331,3,72044.67,447.33,54369.0
ITEM0009248,ORD005372,PROD00202,1,1038.47,31.53,695.5
ITEM0009249,ORD005372,PROD00367,1,12678.69,89.31,9576.0
ITEM0009250,ORD005373,PROD00125,1,8611.1,278.9,7823.2
ITEM0009251,ORD005374,PROD00319,1,501.18,27.82,343.85
ITEM0009252,ORD005374,PROD00270,1,984.77,77.23,690.3
ITEM0009253,ORD005375,PROD00137,1,13654.24,1802.76,13602.16
ITEM0009254,ORD005376,PROD00069,3,77631.33,4292.67,72093.12
ITEM0009255,ORD005376,PROD00230,1,2437.87,79.13,1636.05
ITEM0009256,ORD005376,PROD00408,1,20072.19,955.81,15771.0
ITEM0009257,ORD005377,PROD00312,1,666.06,10.94,440.05
ITEM0009258,ORD005377,PROD00341,2,13843.79,1036.21,11160.0
ITEM0009259,ORD005378,PROD00419,1,3133.06,38.94,2379.0
ITEM0009260,ORD005378,PROD00422,1,22430.41,1745.59,18132.0
ITEM0009261,ORD005378,PROD00089,1,18146.26,1423.74,17221.6
ITEM0009262,ORD005378,PROD00302,1,1269.53,69.47,870.35
ITEM0009263,ORD005379,PROD00036,1,13110.73,448.27,11931.92
ITEM0009264,ORD005379,PROD00090,1,11522.0,207.0,10321.52
ITEM0009265,ORD005380,PROD00375,3,47713.16,1969.84,37262.25
ITEM0009266,ORD005380,PROD00240,1,1349.48,97.52,940.55
ITEM0009267,ORD005380,PROD00331,2,44811.28,3516.72,36246.0
ITEM0009268,ORD005381,PROD00034,2,47453.28,5166.72,46305.6
ITEM0009269,ORD005381,PROD00211,3,3173.3,264.7,2234.7
ITEM0009270,ORD005382,PROD00196,1,1523.75,87.25,1047.15
ITEM0009271,ORD005383,PROD00018,1,15896.53,2410.47,16110.16
ITEM0009272,ORD005383,PROD00480,2,8094.57,437.43,6399.0
ITEM0009273,ORD005383,PROD00328,1,2961.84,158.16,2028.0
ITEM0009274,ORD005384,PROD00225,2,7480.96,567.04,5231.2
ITEM0009275,ORD005385,PROD00383,1,19102.81,1723.19,15619.5
ITEM0009276,ORD005385,PROD00391,1,13360.48,1373.52,11050.5
ITEM0009277,ORD005386,PROD00162,2,11939.66,1176.34,11542.08
ITEM0009278,ORD005387,PROD00354,3,32944.96,43.04,24741.0
ITEM0009279,ORD005388,PROD00476,1,21070.25,1996.75,17300.25
ITEM0009280,ORD005388,PROD00088,1,71106.79,1829.21,64183.68
ITEM0009281,ORD005389,PROD00436,2,35153.96,2944.04,28573.5
ITEM0009282,ORD005390,PROD00289,1,493.22,16.78,331.5
ITEM0009283,ORD005391,PROD00448,3,15572.5,1602.5,12881.25
ITEM0009284,ORD005392,PROD00447,2,10398.11,1067.89,8599.5
ITEM0009285,ORD005392,PROD00250,1,4310.17,51.83,2835.3
ITEM0009286,ORD005393,PROD00462,1,7549.97,157.03,5780.25
ITEM0009287,ORD005393,PROD00431,1,7788.21,259.79,6036.0
ITEM0009288,ORD005393,PROD00007,1,20176.14,843.86,18497.6
ITEM0009289,ORD005394,PROD00248,1,4465.08,196.92,3030.3
ITEM0009290,ORD005394,PROD00492,1,22585.49,943.51,17646.75
ITEM0009291,ORD005395,PROD00081,1,50125.73,3493.27,47184.72
ITEM0009292,ORD005395,PROD00129,1,43336.99,6452.01,43814.32
ITEM0009293,ORD005396,PROD00206,1,2077.97,106.03,1419.6
ITEM0009294,ORD005397,PROD00024,3,197419.76,5680.24,178728.0
ITEM0009295,ORD005397,PROD00345,2,34742.24,3485.76,28671.0
ITEM0009296,ORD005398,PROD00068,1,38325.66,4355.34,37559.28
ITEM0009297,ORD005398,PROD00235,1,2290.66,170.34,1599.65
ITEM0009298,ORD005398,PROD00283,2,1672.88,29.12,1106.3
ITEM0009299,ORD005399,PROD00116,1,69266.72,789.28,61649.28
ITEM0009300,ORD005399,PROD00228,1,2765.55,125.45,1879.15
ITEM0009301,ORD005400,PROD00177,1,2970.13,47.87,1961.7
ITEM0009302,ORD005401,PROD00494,3,23859.9,284.1,18108.0
ITEM0009303,ORD005402,PROD00456,2,29889.83,3216.17,24829.5
ITEM0009304,ORD005403,PROD00173,1,2482.53,53.47,1648.4
ITEM0009305,ORD005404,PROD00120,1,63505.81,10093.19,64767.12
ITEM0009306,ORD005404,PROD00224,1,2925.36,209.64,2037.75
ITEM0009307,ORD005405,PROD00283,1,805.45,45.55,553.15
ITEM0009308,ORD005406,PROD00135,1,61400.17,8045.83,61112.48
ITEM0009309,ORD005406,PROD00315,1,3682.72,244.28,2552.55
ITEM0009310,ORD005406,PROD00154,1,30625.3,3342.7,29891.84
ITEM0009311,ORD005407,PROD00266,1,1125.09,47.91,762.45
ITEM0009312,ORD005408,PROD00059,1,31956.24,3707.76,31384.32
ITEM0009313,ORD005408,PROD00128,1,63439.36,7460.64,62392.0
ITEM0009314,ORD005409,PROD00149,1,21405.79,2967.21,21448.24
ITEM0009315,ORD005409,PROD00368,2,32648.57,2903.43,26664.0
ITEM0009316,ORD005410,PROD00395,1,4673.45,511.55,3888.75
ITEM0009317,ORD005411,PROD00378,3,27676.02,4.98,20760.75
ITEM0009318,ORD005412,PROD00325,1,4415.96,254.04,3035.5
ITEM0009319,ORD005413,PROD00028,1,53208.13,1797.87,48405.28
ITEM0009320,ORD005413,PROD00005,1,45467.91,617.09,40554.8
ITEM0009321,ORD005414,PROD00420,1,1616.33,27.67,1233.0
ITEM0009322,ORD005415,PROD00432,1,6019.83,208.17,4671.0
ITEM0009323,ORD005415,PROD00472,2,2885.35,30.65,2187.0
ITEM0009324,ORD005415,PROD00272,1,1051.03,75.97,732.55
ITEM0009325,ORD005415,PROD00247,1,1560.53,36.47,1038.05
ITEM0009326,ORD005416,PROD00091,1,24784.39,3696.61,25063.28
ITEM0009327,ORD005417,PROD00470,1,6675.16,403.84,5309.25
ITEM0009328,ORD005417,PROD00114,3,94759.1,1285.9,84519.6
ITEM0009329,ORD005417,PROD00262,1,2509.68,32.32,1652.3
ITEM0009330,ORD005418,PROD00185,2,1854.54,111.46,1277.9
ITEM0009331,ORD005418,PROD00282,1,2661.6,13.4,1738.75
ITEM0009332,ORD005418,PROD00339,1,15019.25,840.75,11895.0
ITEM0009333,ORD005418,PROD00103,1,61218.93,3006.07,56518.0
ITEM0009334,ORD005419,PROD00150,2,147342.74,9529.26,138047.36
ITEM0009335,ORD005419,PROD00473,1,9508.36,175.64,7263.0
ITEM0009336,ORD005420,PROD00429,1,4260.79,6.21,3200.25
ITEM0009337,ORD005421,PROD00494,1,7532.24,515.76,6036.0
ITEM0009338,ORD005422,PROD00333,1,11756.04,12.96,8826.75
ITEM0009339,ORD005422,PROD00024,1,58064.84,9635.16,59576.0
ITEM0009340,ORD005422,PROD00131,2,136690.01,13915.99,132533.28
ITEM0009341,ORD005423,PROD00190,1,4549.41,64.59,2999.1
ITEM0009342,ORD005424,PROD00062,3,46467.88,5966.12,46141.92
ITEM0009343,ORD005425,PROD00489,1,17241.56,988.44,13672.5
ITEM0009344,ORD005426,PROD00376,1,14572.39,1156.61,11796.75
ITEM0009345,ORD005426,PROD00447,1,5546.21,186.79,4299.75
ITEM0009346,ORD005427,PROD00292,1,2091.6,161.4,1464.45
ITEM0009347,ORD005427,PROD00055,2,132703.83,3044.17,119458.24
ITEM0009348,ORD005427,PROD00368,1,17088.25,687.75,13332.0
ITEM0009349,ORD005428,PROD00217,1,2178.88,33.12,1437.8
ITEM0009350,ORD005428,PROD00066,1,65667.54,7760.46,64616.64
ITEM0009351,ORD005429,PROD00340,1,9629.79,82.21,7284.0
ITEM0009352,ORD005430,PROD00164,1,27860.05,2718.95,26909.52
ITEM0009353,ORD005430,PROD00290,2,3147.47,68.53,2090.4
ITEM0009354,ORD005431,PROD00399,1,9438.48,228.52,7250.25
ITEM0009355,ORD005432,PROD00441,2,32319.82,1314.18,25225.5
ITEM0009356,ORD005432,PROD00391,2,26938.37,2529.63,22101.0
ITEM0009357,ORD005433,PROD00049,2,18032.13,1647.87,17318.4
ITEM0009358,ORD005434,PROD00495,1,2516.8,129.2,1984.5
ITEM0009359,ORD005435,PROD00289,1,474.73,35.27,331.5
ITEM0009360,ORD005436,PROD00102,2,53669.1,5490.9,52060.8
ITEM0009361,ORD005437,PROD00411,2,41289.35,3462.65,33564.0
ITEM0009362,ORD005437,PROD00176,1,4105.46,279.54,2850.25
ITEM0009363,ORD005438,PROD00083,1,40866.87,7202.13,42300.72
ITEM0009364,ORD005438,PROD00183,1,3816.05,177.95,2596.1
ITEM0009365,ORD005439,PROD00310,1,3042.68,53.32,2012.4
ITEM0009366,ORD005439,PROD00383,3,61262.48,1215.52,46858.5
ITEM0009367,ORD005440,PROD00260,1,495.95,42.05,349.7
ITEM0009368,ORD005440,PROD00171,1,1128.33,24.67,749.45
ITEM0009369,ORD005441,PROD00477,1,7948.07,62.93,6008.25
ITEM0009370,ORD005441,PROD00472,1,1392.74,65.26,1093.5
ITEM0009371,ORD005441,PROD00323,1,4798.6,96.4,3181.75
ITEM0009372,ORD005442,PROD00155,1,49813.72,4163.28,47499.76
ITEM0009373,ORD005442,PROD00096,1,71167.91,4455.09,66548.24
ITEM0009374,ORD005443,PROD00135,3,180282.81,28055.19,183337.44
ITEM0009375,ORD005444,PROD00249,1,2398.58,66.42,1602.25
ITEM0009376,ORD005445,PROD00061,1,23090.45,3368.55,23283.92
ITEM0009377,ORD005446,PROD00185,1,979.15,3.85,638.95
ITEM0009378,ORD005446,PROD00168,1,1401.57,93.43,971.75
ITEM0009379,ORD005447,PROD00352,1,2047.14,102.86,1612.5
ITEM0009380,ORD005447,PROD00060,1,47238.07,2375.93,43660.32
ITEM0009381,ORD005448,PROD00237,1,2008.7,14.3,1314.95
ITEM0009382,ORD005448,PROD00054,1,47302.6,2298.4,43648.88
ITEM0009383,ORD005448,PROD00106,1,5868.69,1016.31,6058.8
ITEM0009384,ORD005449,PROD00420,1,1573.13,70.87,1233.0
ITEM0009385,ORD005450,PROD00384,1,1329.5,78.5,1056.0
ITEM0009386,ORD005450,PROD00242,1,3442.27,168.73,2347.15
ITEM0009387,ORD005451,PROD00032,1,54840.36,8183.64,55461.12
ITEM0009388,ORD005451,PROD00202,3,3043.17,166.83,2086.5
ITEM0009389,ORD005452,PROD00386,2,9216.72,169.28,7039.5
ITEM0009390,ORD005453,PROD00193,1,2745.02,75.98,1833.65
ITEM0009391,ORD005453,PROD00412,2,23612.34,1723.66,19002.0
ITEM0009392,ORD005454,PROD00196,1,1609.07,1.93,1047.15
ITEM0009393,ORD005455,PROD00180,1,3317.13,45.87,2185.95
ITEM0009394,ORD005456,PROD00002,2,52818.07,5403.93,51235.36
ITEM0009395,ORD005457,PROD00374,1,10213.92,90.08,7728.0
ITEM0009396,ORD005457,PROD00403,1,3158.19,63.81,2416.5
ITEM0009397,ORD005457,PROD00439,1,2802.88,146.12,2211.75
ITEM0009398,ORD005458,PROD00337,1,15596.65,1490.35,12815.25
ITEM0009399,ORD005458,PROD00397,1,5106.83,259.17,4024.5
ITEM0009400,ORD005458,PROD00475,1,21829.52,327.48,16617.75
ITEM0009401,ORD005459,PROD00158,1,62968.65,8168.35,62600.56
ITEM0009402,ORD005460,PROD00457,1,5608.57,339.43,4461.0
ITEM0009403,ORD005461,PROD00181,1,1474.79,18.21,970.45
ITEM0009404,ORD005461,PROD00312,1,645.31,31.69,440.05
ITEM0009405,ORD005462,PROD00303,1,2653.18,2.82,1726.4
ITEM0009406,ORD005463,PROD00459,1,8544.5,835.5,7035.0
ITEM0009407,ORD005464,PROD00121,1,18262.95,474.05,16488.56
ITEM0009408,ORD005464,PROD00459,1,9282.99,97.01,7035.0
ITEM0009409,ORD005465,PROD00369,3,22809.23,2057.77,18650.25
ITEM0009410,ORD005466,PROD00461,1,13600.25,731.75,10749.0
ITEM0009411,ORD005467,PROD00282,1,2587.38,87.62,1738.75
ITEM0009412,ORD005467,PROD00029,2,131832.96,8337.04,123349.6
ITEM0009413,ORD005467,PROD00111,1,47944.48,142.52,42316.56
ITEM0009414,ORD005467,PROD00015,1,61768.99,6490.01,60067.92
ITEM0009415,ORD005468,PROD00170,2,4555.13,394.87,3217.5
ITEM0009416,ORD005468,PROD00213,1,3334.45,21.55,2181.4
ITEM0009417,ORD005469,PROD00433,1,9060.5,810.5,7403.25
ITEM0009418,ORD005469,PROD00493,1,12859.15,640.85,10125.0
ITEM0009419,ORD005470,PROD00178,1,1576.27,24.73,1040.65
ITEM0009420,ORD005470,PROD00042,3,111074.4,4962.6,102112.56
ITEM0009421,ORD005471,PROD00061,1,26106.04,352.96,23283.92
ITEM0009422,ORD005472,PROD00329,1,3210.87,161.13,2191.8
ITEM0009423,ORD005473,PROD00207,1,3563.9,41.1,2343.25
ITEM0009424,ORD005473,PROD00382,1,1251.41,24.59,957.0
ITEM0009425,ORD005474,PROD00003,1,42232.19,4181.81,40844.32
ITEM0009426,ORD005474,PROD00182,2,4873.58,112.42,3240.9
ITEM0009427,ORD005475,PROD00159,1,72554.35,3022.65,66507.76
ITEM0009428,ORD005476,PROD00429,1,4192.74,74.26,3200.25
ITEM0009429,ORD005477,PROD00208,3,10952.36,426.64,7396.35
ITEM0009430,ORD005477,PROD00258,1,3393.42,204.58,2338.7
ITEM0009431,ORD005477,PROD00039,2,65020.46,3.54,57221.12
ITEM0009432,ORD005478,PROD00290,1,1495.08,112.92,1045.2
ITEM0009433,ORD005478,PROD00181,1,1394.45,98.55,970.45
ITEM0009434,ORD005479,PROD00190,2,8622.89,605.11,5998.2
ITEM0009435,ORD005479,PROD00089,1,17410.12,2159.88,17221.6
ITEM0009436,ORD005480,PROD00287,1,2013.03,33.97,1330.55
ITEM0009437,ORD005480,PROD00256,3,13841.65,1044.35,9675.9
ITEM0009438,ORD005481,PROD00038,3,90874.62,12394.38,90876.72
ITEM0009439,ORD005481,PROD00101,2,144655.03,7018.97,133473.12
ITEM0009440,ORD005482,PROD00062,1,16595.8,882.2,15380.64
ITEM0009441,ORD005483,PROD00051,1,10374.91,945.09,9961.6
ITEM0009442,ORD005483,PROD00287,1,1971.96,75.04,1330.55
ITEM0009443,ORD005484,PROD00183,2,7540.82,447.18,5192.2
ITEM0009444,ORD005485,PROD00247,1,1582.22,14.78,1038.05
ITEM0009445,ORD005486,PROD00483,1,20599.7,777.3,16032.75
ITEM0009446,ORD005486,PROD00301,1,4585.61,84.39,3035.5
ITEM0009447,ORD005487,PROD00330,1,1381.98,34.02,920.4
ITEM0009448,ORD005487,PROD00456,1,16144.0,409.0,12414.75
ITEM0009449,ORD005488,PROD00026,3,112903.84,17125.16,114425.52
ITEM0009450,ORD005488,PROD00246,1,784.74,63.26,551.2
ITEM0009451,ORD005489,PROD00112,3,47598.4,6281.6,47414.4
ITEM0009452,ORD005489,PROD00168,1,1494.13,0.87,971.75
ITEM0009453,ORD005490,PROD00267,1,3446.35,147.65,2336.1
ITEM0009454,ORD005491,PROD00034,2,47164.3,5455.7,46305.6
ITEM0009455,ORD005492,PROD00366,1,22211.19,149.81,16770.75
ITEM0009456,ORD005492,PROD00200,1,2183.24,8.76,1424.8
ITEM0009457,ORD005493,PROD00120,1,65123.41,8475.59,64767.12
ITEM0009458,ORD005494,PROD00140,1,6011.62,476.38,5709.44
ITEM0009459,ORD005494,PROD00330,1,1314.2,101.8,920.4
ITEM0009460,ORD005494,PROD00468,1,10747.34,34.66,8086.5
ITEM0009461,ORD005495,PROD00161,1,58254.91,7651.09,57997.28
ITEM0009462,ORD005496,PROD00203,1,3165.68,145.32,2152.15
ITEM0009463,ORD005496,PROD00258,1,3456.95,141.05,2338.7
ITEM0009464,ORD005497,PROD00030,3,48042.35,1409.65,43517.76
ITEM0009465,ORD005497,PROD00045,1,36193.32,3145.68,34618.32
ITEM0009466,ORD005497,PROD00415,1,5026.87,362.13,4041.75
ITEM0009467,ORD005498,PROD00128,1,70216.66,683.34,62392.0
ITEM0009468,ORD005499,PROD00200,1,2123.62,68.38,1424.8
ITEM0009469,ORD005500,PROD00421,1,2692.54,161.46,2140.5
ITEM0009470,ORD005501,PROD00269,1,2548.55,51.45,1690.0
ITEM0009471,ORD005501,PROD00048,1,8630.01,169.99,7744.0
ITEM0009472,ORD005502,PROD00030,1,14638.96,1845.04,14505.92
ITEM0009473,ORD005502,PROD00324,1,2772.84,6.16,1806.35
ITEM0009474,ORD005502,PROD00339,1,15687.33,172.67,11895.0
ITEM0009475,ORD005503,PROD00472,1,1441.32,16.68,1093.5
ITEM0009476,ORD005503,PROD00215,2,7034.29,533.71,4919.2
ITEM0009477,ORD005503,PROD00383,1,18903.61,1922.39,15619.5
ITEM0009478,ORD005504,PROD00134,1,33982.58,3229.42,32746.56
ITEM0009479,ORD005505,PROD00327,1,2667.58,40.42,1760.2
ITEM0009480,ORD005506,PROD00173,1,2481.96,54.04,1648.4
ITEM0009481,ORD005507,PROD00165,1,21244.97,340.03,18994.8
ITEM0009482,ORD005508,PROD00468,1,10204.35,577.65,8086.5
ITEM0009483,ORD005509,PROD00481,2,8679.95,390.05,6802.5
ITEM0009484,ORD005510,PROD00039,1,29866.66,2645.34,28610.56
ITEM0009485,ORD005511,PROD00080,2,143667.6,13404.4,138223.36
ITEM0009486,ORD005511,PROD00248,1,4552.42,109.58,3030.3
ITEM0009487,ORD005511,PROD00348,1,4337.9,124.1,3346.5
ITEM0009488,ORD005512,PROD00366,1,20529.03,1831.97,16770.75
ITEM0009489,ORD005513,PROD00117,1,23209.15,2745.85,22840.4
ITEM0009490,ORD005514,PROD00213,1,3089.32,266.68,2181.4
ITEM0009491,ORD005515,PROD00299,1,3669.81,288.19,2572.7
ITEM0009492,ORD005515,PROD00176,1,4306.7,78.3,2850.25
ITEM0009493,ORD005516,PROD00109,1,43830.4,392.6,38916.24
ITEM0009494,ORD005516,PROD00139,1,44034.23,5078.77,43219.44
ITEM0009495,ORD005516,PROD00061,1,24571.57,1887.43,23283.92
ITEM0009496,ORD005517,PROD00064,1,73689.7,2128.3,66719.84
ITEM0009497,ORD005517,PROD00475,1,20983.8,1173.2,16617.75
ITEM0009498,ORD005518,PROD00228,1,2693.8,197.2,1879.15
ITEM0009499,ORD005518,PROD00240,1,1397.31,49.69,940.55
ITEM0009500,ORD005518,PROD00132,1,17522.62,2429.38,17557.76
ITEM0009501,ORD005519,PROD00019,1,66106.99,5986.01,63441.84
ITEM0009502,ORD005520,PROD00133,3,41772.85,5435.15,41543.04
ITEM0009503,ORD005520,PROD00492,2,45841.01,1216.99,35293.5
ITEM0009504,ORD005521,PROD00030,1,16146.29,337.71,14505.92
ITEM0009505,ORD005521,PROD00178,1,1590.93,10.07,1040.65
ITEM0009506,ORD005522,PROD00191,3,4284.46,236.54,2938.65
ITEM0009507,ORD005523,PROD00458,2,26090.95,1453.05,20658.0
ITEM0009508,ORD005523,PROD00106,1,6340.39,544.61,6058.8
ITEM0009509,ORD005524,PROD00272,3,3250.35,130.65,2197.65
ITEM0009510,ORD005524,PROD00066,1,66403.92,7024.08,64616.64
ITEM0009511,ORD005525,PROD00078,1,53175.36,9238.64,54924.32
ITEM0009512,ORD005526,PROD00183,2,7926.79,61.21,5192.2
ITEM0009513,ORD005527,PROD00051,1,11015.23,304.77,9961.6
ITEM0009514,ORD005527,PROD00361,2,32350.72,1985.28,25752.0
ITEM0009515,ORD005528,PROD00035,1,50377.86,6721.14,50247.12
ITEM0009516,ORD005528,PROD00107,1,47557.88,455.12,42251.44
ITEM0009517,ORD005529,PROD00092,1,20317.17,3485.83,20946.64
ITEM0009518,ORD005530,PROD00238,1,3256.7,168.3,2226.25
ITEM0009519,ORD005530,PROD00165,2,42420.94,749.06,37989.6
ITEM0009520,ORD005531,PROD00224,2,5830.91,439.09,4075.5
ITEM0009521,ORD005532,PROD00494,3,22415.81,1728.19,18108.0
ITEM0009522,ORD005532,PROD00309,1,2361.77,21.23,1548.95
ITEM0009523,ORD005533,PROD00152,3,178395.13,2918.87,159556.32
ITEM0009524,ORD005534,PROD00465,1,11913.75,1314.25,9921.0
ITEM0009525,ORD005535,PROD00430,1,19395.64,118.36,14635.5
ITEM0009526,ORD005536,PROD00318,1,2601.73,28.27,1709.5
ITEM0009527,ORD005537,PROD00265,1,4726.57,42.43,3099.85
ITEM0009528,ORD005537,PROD00211,1,1129.81,16.19,744.9
ITEM0009529,ORD005537,PROD00275,1,4052.41,230.59,2783.95
ITEM0009530,ORD005537,PROD00450,1,18550.68,274.32,14118.75
ITEM0009531,ORD005538,PROD00241,1,1260.33,68.67,863.85
ITEM0009532,ORD005538,PROD00308,1,4670.92,161.08,3140.8
ITEM0009533,ORD005539,PROD00207,1,3368.06,236.94,2343.25
ITEM0009534,ORD005539,PROD00310,1,3066.63,29.37,2012.4
ITEM0009535,ORD005540,PROD00468,1,10526.27,255.73,8086.5
ITEM0009536,ORD005541,PROD00202,1,1054.62,15.38,695.5
ITEM0009537,ORD005542,PROD00447,1,5287.14,445.86,4299.75
ITEM0009538,ORD005542,PROD00144,1,54087.09,9277.91,55761.2
ITEM0009539,ORD005543,PROD00100,2,143105.85,5520.15,130790.88
ITEM0009540,ORD005543,PROD00399,1,8759.96,907.04,7250.25
ITEM0009541,ORD005543,PROD00039,2,62594.77,2429.23,57221.12
ITEM0009542,ORD005544,PROD00320,1,1777.36,144.64,1249.3
ITEM0009543,ORD005544,PROD00149,1,21950.92,2422.08,21448.24
ITEM0009544,ORD005544,PROD00474,1,23478.15,258.85,17802.75
ITEM0009545,ORD005545,PROD00040,1,48642.41,8268.59,50081.68
ITEM0009546,ORD005546,PROD00069,1,24174.21,3133.79,24031.04
ITEM0009547,ORD005547,PROD00408,1,19388.82,1639.18,15771.0
ITEM0009548,ORD005547,PROD00452,1,1757.4,164.6,1441.5
ITEM0009549,ORD005548,PROD00058,3,217525.07,6385.93,197041.68
ITEM0009550,ORD005548,PROD00359,1,3017.91,112.09,2347.5
ITEM0009551,ORD005548,PROD00084,1,78088.86,1755.14,70262.72
ITEM0009552,ORD005549,PROD00471,2,19180.82,1799.18,15735.0
ITEM0009553,ORD005550,PROD00339,2,30499.14,1220.86,23790.0
ITEM0009554,ORD005551,PROD00381,1,24504.16,4.84,18381.75
ITEM0009555,ORD005552,PROD00483,2,39409.82,3344.18,32065.5
ITEM0009556,ORD005552,PROD00444,1,10043.33,1099.67,8357.25
ITEM0009557,ORD005553,PROD00027,1,41345.71,251.29,36605.36
ITEM0009558,ORD005554,PROD00402,1,9028.83,555.17,7188.0
ITEM0009559,ORD005555,PROD00157,1,42805.21,3230.79,40511.68
ITEM0009560,ORD005556,PROD00315,1,3801.49,125.51,2552.55
ITEM0009561,ORD005556,PROD00050,1,19374.21,326.79,17336.88
ITEM0009562,ORD005556,PROD00091,1,27053.19,1427.81,25063.28
ITEM0009563,ORD005557,PROD00268,1,2430.54,157.46,1682.2
ITEM0009564,ORD005558,PROD00323,2,9071.05,718.95,6363.5
ITEM0009565,ORD005558,PROD00028,1,47835.0,7171.0,48405.28
ITEM0009566,ORD005558,PROD00442,1,23547.67,867.33,18311.25
ITEM0009567,ORD005559,PROD00393,1,6527.06,576.94,5328.0
ITEM0009568,ORD005559,PROD00079,1,23727.37,3645.63,24088.24
ITEM0009569,ORD005559,PROD00122,1,13734.17,2143.83,13972.64
ITEM0009570,ORD005560,PROD00008,1,60155.95,3193.05,55747.12
ITEM0009571,ORD005560,PROD00360,1,17435.41,185.59,13215.75
ITEM0009572,ORD005561,PROD00288,1,4872.52,106.48,3236.35
ITEM0009573,ORD005561,PROD00400,2,12796.87,137.13,9700.5
ITEM0009574,ORD005561,PROD00047,1,11336.55,565.45,10473.76
ITEM0009575,ORD005561,PROD00111,1,43992.5,4094.5,42316.56
ITEM0009576,ORD005562,PROD00207,1,3425.86,179.14,2343.25
ITEM0009577,ORD005562,PROD00409,1,2105.9,35.1,1605.75
ITEM0009578,ORD005563,PROD00374,2,19074.82,1533.18,15456.0
ITEM0009579,ORD005564,PROD00417,1,9538.7,260.3,7349.25
ITEM0009580,ORD005564,PROD00147,1,50759.42,2789.58,47123.12
ITEM0009581,ORD005565,PROD00478,1,6247.03,400.97,4986.0
ITEM0009582,ORD005565,PROD00257,2,7424.36,485.64,5141.5
ITEM0009583,ORD005566,PROD00360,1,17233.24,387.76,13215.75
ITEM0009584,ORD005566,PROD00357,1,16613.35,897.65,13133.25
ITEM0009585,ORD005567,PROD00180,1,3323.45,39.55,2185.95
ITEM0009586,ORD005567,PROD00420,1,1643.47,0.53,1233.0
ITEM0009587,ORD005568,PROD00404,1,22088.06,380.94,16851.75
ITEM0009588,ORD005568,PROD00426,1,18987.59,1396.41,15288.0
ITEM0009589,ORD005569,PROD00082,1,66200.58,3060.42,60949.68
ITEM0009590,ORD005569,PROD00188,1,4774.79,107.21,3173.3
ITEM0009591,ORD005570,PROD00221,1,524.8,33.2,362.7
ITEM0009592,ORD005570,PROD00107,2,84106.26,11919.74,84502.88
ITEM0009593,ORD005571,PROD00312,1,652.0,25.0,440.05
ITEM0009594,ORD005572,PROD00449,1,9500.76,577.24,7558.5
ITEM0009595,ORD005572,PROD00081,1,49501.18,4117.82,47184.72
ITEM0009596,ORD005572,PROD00278,1,3172.24,69.76,2107.3
ITEM0009597,ORD005572,PROD00204,1,4828.36,20.64,3151.85
ITEM0009598,ORD005573,PROD00059,2,63644.59,7683.41,62768.64
ITEM0009599,ORD005573,PROD00006,1,28719.77,74.23,25338.72
ITEM0009600,ORD005573,PROD00468,1,10570.67,211.33,8086.5
ITEM0009601,ORD005573,PROD00078,1,54956.7,7457.3,54924.32
ITEM0009602,ORD005574,PROD00276,1,3018.33,129.67,2046.2
ITEM0009603,ORD005575,PROD00103,3,184703.12,7971.88,169554.0
ITEM0009604,ORD005576,PROD00412,1,12454.76,213.24,9501.0
ITEM0009605,ORD005576,PROD00416,2,2329.38,148.62,1858.5
ITEM0009606,ORD005577,PROD00017,1,10563.24,989.76,10166.64
ITEM0009607,ORD005577,PROD00467,1,16843.1,409.9,12939.75
ITEM0009608,ORD005578,PROD00132,2,35049.21,4854.79,35115.52
ITEM0009609,ORD005578,PROD00371,1,8442.35,225.65,6501.0
ITEM0009610,ORD005578,PROD00385,1,21262.48,141.52,16053.0
ITEM0009611,ORD005579,PROD00327,1,2630.02,77.98,1760.2
ITEM0009612,ORD005580,PROD00046,2,98108.42,1401.58,87568.8
ITEM0009613,ORD005581,PROD00347,2,9579.09,272.91,7389.0
ITEM0009614,ORD005582,PROD00118,1,67166.39,6393.61,64732.8
ITEM0009615,ORD005582,PROD00273,1,766.59,19.41,510.9
ITEM0009616,ORD005583,PROD00323,3,14013.73,671.27,9545.25
ITEM0009617,ORD005583,PROD00316,1,4223.35,333.65,2962.05
ITEM0009618,ORD005583,PROD00440,1,20306.36,1054.64,16020.75
ITEM0009619,ORD005584,PROD00057,1,6669.0,554.0,6356.24
ITEM0009620,ORD005584,PROD00221,1,517.57,40.43,362.7
ITEM0009621,ORD005585,PROD00338,1,4615.42,423.58,3779.25
ITEM0009622,ORD005586,PROD00336,1,4952.54,496.46,4086.75
ITEM0009623,ORD005587,PROD00248,3,13127.29,858.71,9090.9
ITEM0009624,ORD005587,PROD00366,2,41915.96,2806.04,33541.5
ITEM0009625,ORD005587,PROD00363,1,17499.95,1469.05,14226.75
ITEM0009626,ORD005588,PROD00291,1,4288.85,228.15,2936.05
ITEM0009627,ORD005588,PROD00029,2,121684.47,18485.53,123349.6
ITEM0009628,ORD005589,PROD00341,2,14119.72,760.28,11160.0
ITEM0009629,ORD005590,PROD00046,1,45384.28,4370.72,43784.4
ITEM0009630,ORD005590,PROD00236,1,4280.43,211.57,2919.8
ITEM0009631,ORD005591,PROD00059,1,31063.65,4600.35,31384.32
ITEM0009632,ORD005592,PROD00425,1,21789.27,1802.73,17694.0
ITEM0009633,ORD005593,PROD00030,1,16414.02,69.98,14505.92
ITEM0009634,ORD005594,PROD00095,1,59528.56,6125.44,57775.52
ITEM0009635,ORD005594,PROD00167,2,1275.63,50.37,861.9
ITEM0009636,ORD005595,PROD00204,1,4572.39,276.61,3151.85
ITEM0009637,ORD005595,PROD00276,2,6047.01,248.99,4092.4
ITEM0009638,ORD005596,PROD00066,1,70230.08,3197.92,64616.64
ITEM0009639,ORD005597,PROD00409,1,2033.86,107.14,1605.75
ITEM0009640,ORD005597,PROD00120,3,208492.89,12304.11,194301.36
ITEM0009641,ORD005598,PROD00277,1,2012.87,164.13,1415.05
ITEM0009642,ORD005598,PROD00225,1,3785.47,238.53,2615.6
ITEM0009643,ORD005599,PROD00384,3,3972.18,251.82,3168.0
ITEM0009644,ORD005600,PROD00494,1,7430.41,617.59,6036.0
ITEM0009645,ORD005600,PROD00327,1,2499.73,208.27,1760.2
ITEM0009646,ORD005600,PROD00467,3,47781.24,3977.76,38819.25
ITEM0009647,ORD005601,PROD00485,1,2068.68,92.32,1620.75
ITEM0009648,ORD005601,PROD00461,1,13162.78,1169.22,10749.0
ITEM0009649,ORD005601,PROD00229,1,4032.38,156.62,2722.85
ITEM0009650,ORD005602,PROD00134,1,34442.95,2769.05,32746.56
ITEM0009651,ORD005602,PROD00059,2,64453.33,6874.67,62768.64
ITEM0009652,ORD005603,PROD00022,1,49871.41,1821.59,45489.84
ITEM0009653,ORD005604,PROD00190,1,4336.31,277.69,2999.1
ITEM0009654,ORD005605,PROD00477,1,7632.65,378.35,6008.25
ITEM0009655,ORD005606,PROD00178,2,3042.91,159.09,2081.3
ITEM0009656,ORD005606,PROD00194,2,5898.93,469.07,4139.2
ITEM0009657,ORD005606,PROD00008,1,54405.91,8943.09,55747.12
ITEM0009658,ORD005606,PROD00351,3,72744.35,1115.65,55395.0
ITEM0009659,ORD005607,PROD00128,1,68277.52,2622.48,62392.0
ITEM0009660,ORD005607,PROD00333,1,11494.67,274.33,8826.75
ITEM0009661,ORD005607,PROD00178,1,1529.27,71.73,1040.65
ITEM0009662,ORD005608,PROD00283,1,796.78,54.22,553.15
ITEM0009663,ORD005609,PROD00328,1,3062.05,57.95,2028.0
ITEM0009664,ORD005609,PROD00426,1,20210.31,173.69,15288.0
ITEM0009665,ORD005609,PROD00407,1,3676.13,108.87,2838.75
ITEM0009666,ORD005610,PROD00230,1,2429.49,87.51,1636.05
ITEM0009667,ORD005611,PROD00375,1,15498.11,1062.89,12420.75
ITEM0009668,ORD005612,PROD00304,1,2600.5,22.5,1704.95
ITEM0009669,ORD005613,PROD00013,1,44255.26,3661.74,42166.96
ITEM0009670,ORD005614,PROD00208,1,3510.85,282.15,2465.45
ITEM0009671,ORD005614,PROD00027,3,107925.56,16865.44,109816.08
ITEM0009672,ORD005615,PROD00080,1,78054.03,481.97,69111.68
ITEM0009673,ORD005615,PROD00420,1,1614.81,29.19,1233.0
ITEM0009674,ORD005615,PROD00368,1,17343.2,432.8,13332.0
ITEM0009675,ORD005616,PROD00320,2,3773.36,70.64,2498.6
ITEM0009676,ORD005616,PROD00370,1,24704.5,290.5,18746.25
ITEM0009677,ORD005616,PROD00359,1,2911.81,218.19,2347.5
ITEM0009678,ORD005616,PROD00193,1,2599.4,221.6,1833.65
ITEM0009679,ORD005617,PROD00264,1,1830.68,119.32,1267.5
ITEM0009680,ORD005618,PROD00391,1,13926.58,807.42,11050.5
ITEM0009681,ORD005619,PROD00198,1,2211.09,26.91,1454.7
ITEM0009682,ORD005619,PROD00434,1,11961.65,1202.35,9873.0
ITEM0009683,ORD005620,PROD00420,1,1531.95,112.05,1233.0
ITEM0009684,ORD005621,PROD00047,1,11185.75,716.25,10473.76
ITEM0009685,ORD005622,PROD00445,2,7724.98,749.02,6355.5
ITEM0009686,ORD005623,PROD00326,1,3917.55,303.45,2743.65
ITEM0009687,ORD005623,PROD00240,1,1401.59,45.41,940.55
ITEM0009688,ORD005624,PROD00378,3,25050.09,2630.91,20760.75
ITEM0009689,ORD005624,PROD00005,1,39734.73,6350.27,40554.8
ITEM0009690,ORD005625,PROD00212,1,2250.17,26.83,1480.05
ITEM0009691,ORD005626,PROD00309,1,2323.97,59.03,1548.95
ITEM0009692,ORD005626,PROD00054,1,43257.6,6343.4,43648.88
ITEM0009693,ORD005627,PROD00279,1,4846.5,39.5,3175.9
ITEM0009694,ORD005627,PROD00139,1,45340.85,3772.15,43219.44
ITEM0009695,ORD005628,PROD00418,2,19785.74,530.26,15237.0
ITEM0009696,ORD005628,PROD00129,1,45020.65,4768.35,43814.32
ITEM0009697,ORD005629,PROD00468,1,10574.12,207.88,8086.5
ITEM0009698,ORD005630,PROD00122,2,30503.59,1252.41,27945.28
ITEM0009699,ORD005630,PROD00047,1,10934.09,967.91,10473.76
ITEM0009700,ORD005630,PROD00023,1,58669.18,2016.82,53403.68
ITEM0009701,ORD005631,PROD00152,1,57774.52,2663.48,53185.44
ITEM0009702,ORD005632,PROD00489,1,17643.68,586.32,13672.5
ITEM0009703,ORD005632,PROD00113,1,36814.33,3033.67,35066.24
ITEM0009704,ORD005633,PROD00243,1,2768.13,108.87,1870.05
ITEM0009705,ORD005633,PROD00077,1,49954.71,3634.29,47158.32
ITEM0009706,ORD005634,PROD00044,2,109775.7,12948.3,107997.12
ITEM0009707,ORD005634,PROD00310,1,3046.18,49.82,2012.4
ITEM0009708,ORD005635,PROD00495,1,2401.95,244.05,1984.5
ITEM0009709,ORD005636,PROD00176,1,4383.4,1.6,2850.25
ITEM0009710,ORD005636,PROD00068,2,73689.92,11672.08,75118.56
ITEM0009711,ORD005637,PROD00251,1,4243.05,238.95,2913.3
ITEM0009712,ORD005638,PROD00177,2,5870.71,165.29,3923.4
ITEM0009713,ORD005638,PROD00399,1,9491.27,175.73,7250.25
ITEM0009714,ORD005638,PROD00372,1,7588.68,438.32,6020.25
ITEM0009715,ORD005639,PROD00059,1,32604.09,3059.91,31384.32
ITEM0009716,ORD005639,PROD00048,1,8321.52,478.48,7744.0
ITEM0009717,ORD005640,PROD00403,1,2983.03,238.97,2416.5
ITEM0009718,ORD005641,PROD00467,2,34468.73,37.27,25879.5
ITEM0009719,ORD005641,PROD00071,1,50963.44,5136.56,49368.0
ITEM0009720,ORD005642,PROD00351,2,49224.56,15.44,36930.0
ITEM0009721,ORD005642,PROD00092,1,21293.04,2509.96,20946.64
ITEM0009722,ORD005642,PROD00256,2,9596.11,327.89,6450.6
ITEM0009723,ORD005643,PROD00169,1,1437.0,61.0,973.7
ITEM0009724,ORD005643,PROD00007,1,20419.16,600.84,18497.6
ITEM0009725,ORD005644,PROD00136,3,207397.85,19453.15,199628.88
ITEM0009726,ORD005644,PROD00079,1,26253.81,1119.19,24088.24
ITEM0009727,ORD005645,PROD00138,2,79808.15,2307.85,72262.08
ITEM0009728,ORD005646,PROD00240,1,1358.1,88.9,940.55
ITEM0009729,ORD005646,PROD00096,1,65386.66,10236.34,66548.24
ITEM0009730,ORD005647,PROD00056,1,29662.99,5205.01,30683.84
ITEM0009731,ORD005647,PROD00330,1,1328.38,87.62,920.4
ITEM0009732,ORD005647,PROD00261,1,3081.15,228.85,2151.5
ITEM0009733,ORD005648,PROD00235,1,2356.89,104.11,1599.65
ITEM0009734,ORD005649,PROD00312,1,672.45,4.55,440.05
ITEM0009735,ORD005649,PROD00024,1,58787.71,8912.29,59576.0
ITEM0009736,ORD005649,PROD00120,1,64505.3,9093.7,64767.12
ITEM0009737,ORD005649,PROD00473,2,18541.03,826.97,14526.0
ITEM0009738,ORD005650,PROD00193,1,2718.42,102.58,1833.65
ITEM0009739,ORD005651,PROD00448,1,5308.11,416.89,4293.75
ITEM0009740,ORD005651,PROD00367,1,11539.14,1228.86,9576.0
ITEM0009741,ORD005652,PROD00215,1,3556.51,227.49,2459.6
ITEM0009742,ORD005652,PROD00014,1,32860.02,1817.98,30516.64
ITEM0009743,ORD005652,PROD00189,2,2506.96,147.04,1725.1
ITEM0009744,ORD005653,PROD00262,2,4814.88,269.12,3304.6
ITEM0009745,ORD005654,PROD00169,1,1443.05,54.95,973.7
ITEM0009746,ORD005655,PROD00336,1,5247.28,201.72,4086.75
ITEM0009747,ORD005656,PROD00223,1,4598.0,362.0,3224.0
ITEM0009748,ORD005657,PROD00388,1,7205.75,118.25,5493.0
ITEM0009749,ORD005658,PROD00005,1,44633.03,1451.97,40554.8
ITEM0009750,ORD005658,PROD00095,1,65353.35,300.65,57775.52
ITEM0009751,ORD005659,PROD00140,1,6196.08,291.92,5709.44
ITEM0009752,ORD005660,PROD00256,2,9444.16,479.84,6450.6
ITEM0009753,ORD005660,PROD00493,1,13403.75,96.25,10125.0
ITEM0009754,ORD005660,PROD00372,1,7885.58,141.42,6020.25
ITEM0009755,ORD005661,PROD00350,1,9025.99,853.01,7409.25
ITEM0009756,ORD005662,PROD00197,2,5602.66,301.34,3837.6
ITEM0009757,ORD005662,PROD00466,2,6880.43,239.57,5340.0
ITEM0009758,ORD005663,PROD00287,1,1889.65,157.35,1330.55
ITEM0009759,ORD005663,PROD00084,1,75207.67,4636.33,70262.72
ITEM0009760,ORD005664,PROD00383,2,38825.12,2826.88,31239.0
ITEM0009761,ORD005665,PROD00002,1,25642.96,3468.04,25617.68
ITEM0009762,ORD005665,PROD00260,1,535.72,2.28,349.7
ITEM0009763,ORD005665,PROD00410,1,23898.66,830.34,18546.75
ITEM0009764,ORD005666,PROD00259,1,3594.36,262.64,2507.05
ITEM0009765,ORD005667,PROD00345,1,17501.03,1612.97,14335.5
ITEM0009766,ORD005667,PROD00148,1,41496.42,4872.58,40804.72
ITEM0009767,ORD005668,PROD00006,1,26952.08,1841.92,25338.72
ITEM0009768,ORD005668,PROD00095,1,57785.38,7868.62,57775.52
ITEM0009769,ORD005668,PROD00341,1,6699.35,740.65,5580.0
ITEM0009770,ORD005669,PROD00236,1,4386.86,105.14,2919.8
ITEM0009771,ORD005670,PROD00394,1,17677.93,1178.07,14142.0
ITEM0009772,ORD005670,PROD00337,1,16135.66,951.34,12815.25
ITEM0009773,ORD005671,PROD00298,1,2168.63,39.37,1435.2
ITEM0009774,ORD005672,PROD00140,1,6407.87,80.13,5709.44
ITEM0009775,ORD005673,PROD00342,1,1670.37,26.63,1272.75
ITEM0009776,ORD005673,PROD00007,1,20807.98,212.02,18497.6
ITEM0009777,ORD005674,PROD00225,2,7716.49,331.51,5231.2
ITEM0009778,ORD005675,PROD00268,1,2464.7,123.3,1682.2
ITEM0009779,ORD005675,PROD00312,2,1306.21,47.79,880.1
ITEM0009780,ORD005676,PROD00284,1,3549.49,8.51,2312.7
ITEM0009781,ORD005677,PROD00023,1,60565.69,120.31,53403.68
ITEM0009782,ORD005678,PROD00074,1,66472.55,6252.45,63998.0
ITEM0009783,ORD005679,PROD00068,2,81917.09,3444.91,75118.56
ITEM0009784,ORD005679,PROD00399,1,8721.65,945.35,7250.25
ITEM0009785,ORD005680,PROD00190,1,4464.09,149.91,2999.1
ITEM0009786,ORD005680,PROD00173,2,4950.97,121.03,3296.8
ITEM0009787,ORD005681,PROD00162,1,5639.76,918.24,5771.04
ITEM0009788,ORD005681,PROD00412,2,23558.16,1777.84,19002.0
ITEM0009789,ORD005681,PROD00466,1,3486.45,73.55,2670.0
ITEM0009790,ORD005682,PROD00440,1,19519.77,1841.23,16020.75
ITEM0009791,ORD005683,PROD00354,1,9924.4,1071.6,8247.0
ITEM0009792,ORD005684,PROD00261,2,6439.03,180.97,4303.0
ITEM0009793,ORD005685,PROD00241,1,1247.98,81.02,863.85
ITEM0009794,ORD005686,PROD00084,1,68035.5,11808.5,70262.72
ITEM0009795,ORD005686,PROD00419,1,2927.57,244.43,2379.0
ITEM0009796,ORD005687,PROD00177,1,2814.85,203.15,1961.7
ITEM0009797,ORD005687,PROD00144,1,59962.81,3402.19,55761.2
ITEM0009798,ORD005688,PROD00300,1,1530.09,69.91,1040.0
ITEM0009799,ORD005688,PROD00100,1,69365.28,4947.72,65395.44
ITEM0009800,ORD005688,PROD00185,2,1944.48,21.52,1277.9
ITEM0009801,ORD005688,PROD00268,2,4801.65,374.35,3364.4
ITEM0009802,ORD005689,PROD00142,1,26392.62,486.38,23653.52
ITEM0009803,ORD005690,PROD00315,1,3696.85,230.15,2552.55
ITEM0009804,ORD005691,PROD00484,1,2545.24,145.76,2018.25
ITEM0009805,ORD005691,PROD00424,1,17172.92,38.08,12908.25
ITEM0009806,ORD005692,PROD00117,1,23051.75,2903.25,22840.4
ITEM0009807,ORD005692,PROD00167,1,610.46,52.54,430.95
ITEM0009808,ORD005693,PROD00492,1,21580.45,1948.55,17646.75
ITEM0009809,ORD005694,PROD00017,1,11356.67,196.33,10166.64
ITEM0009810,ORD005695,PROD00262,2,4878.21,205.79,3304.6
ITEM0009811,ORD005696,PROD00001,1,60486.79,1502.21,54550.32
ITEM0009812,ORD005697,PROD00054,1,45866.14,3734.86,43648.88
ITEM0009813,ORD005698,PROD00398,1,11816.65,608.35,9318.75
ITEM0009814,ORD005699,PROD00289,1,492.05,17.95,331.5
ITEM0009815,ORD005700,PROD00094,1,54659.72,8156.28,55278.08
ITEM0009816,ORD005700,PROD00231,2,2257.98,150.02,1565.2
ITEM0009817,ORD005701,PROD00299,2,7823.23,92.77,5145.4
ITEM0009818,ORD005702,PROD00109,1,38306.47,5916.53,38916.24
ITEM0009819,ORD005703,PROD00261,1,3077.35,232.65,2151.5
ITEM0009820,ORD005704,PROD00289,1,483.02,26.98,331.5
ITEM0009821,ORD005704,PROD00154,2,61609.01,6326.99,59783.68
ITEM0009822,ORD005705,PROD00037,1,40356.35,5326.65,40201.04
ITEM0009823,ORD005705,PROD00043,1,50948.59,3343.41,47776.96
ITEM0009824,ORD005706,PROD00111,1,46476.99,1610.01,42316.56
ITEM0009825,ORD005706,PROD00095,1,64861.04,792.96,57775.52
ITEM0009826,ORD005707,PROD00441,1,15903.73,913.27,12612.75
ITEM0009827,ORD005707,PROD00397,2,10417.81,314.19,8049.0
ITEM0009828,ORD005708,PROD00202,1,1054.4,15.6,695.5
ITEM0009829,ORD005709,PROD00152,1,53559.48,6878.52,53185.44
ITEM0009830,ORD005710,PROD00403,1,2904.02,317.98,2416.5
ITEM0009831,ORD005711,PROD00059,1,31548.92,4115.08,31384.32
ITEM0009832,ORD005712,PROD00444,1,11087.85,55.15,8357.25
ITEM0009833,ORD005712,PROD00098,1,22010.1,1032.9,20277.84
ITEM0009834,ORD005713,PROD00464,2,13391.8,236.2,10221.0
ITEM0009835,ORD005714,PROD00170,1,2469.2,5.8,1608.75
ITEM0009836,ORD005714,PROD00271,1,3686.99,189.01,2519.4
ITEM0009837,ORD005714,PROD00304,1,2568.27,54.73,1704.95
ITEM0009838,ORD005715,PROD00050,1,18320.69,1380.31,17336.88
ITEM0009839,ORD005715,PROD00348,3,12975.31,410.69,10039.5
ITEM0009840,ORD005715,PROD00380,2,16615.81,624.19,12930.0
ITEM0009841,ORD005715,PROD00126,2,61854.2,3173.8,57224.64
ITEM0009842,ORD005716,PROD00004,1,13014.95,189.05,11619.52
ITEM0009843,ORD005716,PROD00107,1,47220.71,792.29,42251.44
ITEM0009844,ORD005717,PROD00204,1,4706.03,142.97,3151.85
ITEM0009845,ORD005718,PROD00379,1,3711.35,377.65,3066.75
ITEM0009846,ORD005719,PROD00257,2,7707.39,202.61,5141.5
ITEM0009847,ORD005719,PROD00058,1,63765.06,10871.94,65680.56
ITEM0009848,ORD005720,PROD00411,1,21258.51,1117.49,16782.0
ITEM0009849,ORD005720,PROD00367,2,25114.63,421.37,19152.0
ITEM0009850,ORD005721,PROD00389,1,16380.41,1417.59,13348.5
ITEM0009851,ORD005722,PROD00237,1,2001.46,21.54,1314.95
ITEM0009852,ORD005723,PROD00280,2,5632.07,275.93,3840.2
ITEM0009853,ORD005724,PROD00140,1,5870.09,617.91,5709.44
ITEM0009854,ORD005725,PROD00402,1,8792.55,791.45,7188.0
ITEM0009855,ORD005726,PROD00263,2,5474.0,358.0,3790.8
ITEM0009856,ORD005727,PROD00100,1,73391.51,921.49,65395.44
ITEM0009857,ORD005728,PROD00438,1,3260.77,205.23,2599.5
ITEM0009858,ORD005728,PROD00060,1,45089.73,4524.27,43660.32
ITEM0009859,ORD005729,PROD00350,1,8960.23,918.77,7409.25
ITEM0009860,ORD005730,PROD00253,1,3988.69,254.31,2757.95
ITEM0009861,ORD005730,PROD00202,1,1038.07,31.93,695.5
ITEM0009862,ORD005730,PROD00121,1,17536.58,1200.42,16488.56
ITEM0009863,ORD005731,PROD00294,1,2468.65,194.35,1730.95
ITEM0009864,ORD005732,PROD00460,1,19569.36,249.64,14864.25
ITEM0009865,ORD005732,PROD00143,2,34484.22,3135.78,33105.6
ITEM0009866,ORD005733,PROD00453,1,18515.66,1731.34,15185.25
ITEM0009867,ORD005733,PROD00290,1,1566.97,41.03,1045.2
ITEM0009868,ORD005734,PROD00253,1,4078.36,164.64,2757.95
ITEM0009869,ORD005735,PROD00395,1,4893.4,291.6,3888.75
ITEM0009870,ORD005735,PROD00350,2,18785.78,972.22,14818.5
ITEM0009871,ORD005735,PROD00235,1,2307.75,153.25,1599.65
ITEM0009872,ORD005736,PROD00025,2,57461.23,1818.77,52166.4
ITEM0009873,ORD005737,PROD00263,1,2879.47,36.53,1895.4
ITEM0009874,ORD005737,PROD00383,1,20042.98,783.02,15619.5
ITEM0009875,ORD005737,PROD00490,1,13665.23,1477.77,11357.25
ITEM0009876,ORD005737,PROD00119,3,149109.96,19721.04,148571.28
ITEM0009877,ORD005738,PROD00173,1,2498.25,37.75,1648.4
ITEM0009878,ORD005739,PROD00431,1,7567.11,480.89,6036.0
ITEM0009879,ORD005739,PROD00120,3,198081.77,22715.23,194301.36
ITEM0009880,ORD005739,PROD00481,3,13119.18,485.82,10203.75
ITEM0009881,ORD005740,PROD00248,1,4482.08,179.92,3030.3
ITEM0009882,ORD005740,PROD00494,1,7639.07,408.93,6036.0
ITEM0009883,ORD005741,PROD00356,1,19301.65,1052.35,15265.5
ITEM0009884,ORD005741,PROD00259,1,3842.01,14.99,2507.05
ITEM0009885,ORD005741,PROD00228,2,5679.92,102.08,3758.3
ITEM0009886,ORD005742,PROD00114,2,61806.02,2223.98,56346.4
ITEM0009887,ORD005742,PROD00066,1,69073.58,4354.42,64616.64
ITEM0009888,ORD005743,PROD00442,1,24003.36,411.64,18311.25
ITEM0009889,ORD005744,PROD00258,1,3462.65,135.35,2338.7
ITEM0009890,ORD005745,PROD00311,1,2230.61,0.39,1450.15
ITEM0009891,ORD005746,PROD00391,1,13877.76,856.24,11050.5
ITEM0009892,ORD005747,PROD00139,2,98195.33,30.67,86438.88
ITEM0009893,ORD005747,PROD00138,1,37516.05,3541.95,36131.04
ITEM0009894,ORD005748,PROD00111,1,42907.55,5179.45,42316.56
ITEM0009895,ORD005748,PROD00170,1,2439.95,35.05,1608.75
ITEM0009896,ORD005749,PROD00405,1,6260.42,322.58,4937.25
ITEM0009897,ORD005749,PROD00159,2,143712.98,7441.02,133015.52
ITEM0009898,ORD005749,PROD00437,1,21841.85,235.15,16557.75
ITEM0009899,ORD005749,PROD00296,2,8772.48,199.52,5831.8
ITEM0009900,ORD005750,PROD00250,1,4241.54,120.46,2835.3
ITEM0009901,ORD005751,PROD00126,1,30785.78,1728.22,28612.32
ITEM0009902,ORD005751,PROD00484,1,2612.02,78.98,2018.25
ITEM0009903,ORD005752,PROD00108,1,70472.74,3879.26,65429.76
ITEM0009904,ORD005752,PROD00476,1,21666.46,1400.54,17300.25
ITEM0009905,ORD005753,PROD00094,1,62046.9,769.1,55278.08
ITEM0009906,ORD005754,PROD00260,1,502.21,35.79,349.7
ITEM0009907,ORD005755,PROD00226,1,1185.29,54.71,806.0
ITEM0009908,ORD005755,PROD00115,1,54852.12,5912.88,53473.2
ITEM0009909,ORD005755,PROD00421,1,2732.45,121.55,2140.5
ITEM0009910,ORD005756,PROD00153,2,56227.69,8226.31,56719.52
ITEM0009911,ORD005756,PROD00093,1,13675.25,690.75,12642.08
ITEM0009912,ORD005756,PROD00194,2,6139.16,228.84,4139.2
ITEM0009913,ORD005756,PROD00067,1,39413.47,3663.53,37907.76
ITEM0009914,ORD005757,PROD00459,1,9300.82,79.18,7035.0
ITEM0009915,ORD005758,PROD00047,1,11032.97,869.03,10473.76
ITEM0009916,ORD005758,PROD00485,1,2064.14,96.86,1620.75
ITEM0009917,ORD005759,PROD00444,1,10289.09,853.91,8357.25
ITEM0009918,ORD005760,PROD00472,1,1360.17,97.83,1093.5
ITEM0009919,ORD005761,PROD00495,1,2505.17,140.83,1984.5
ITEM0009920,ORD005761,PROD00469,1,5626.24,96.76,4292.25
ITEM0009921,ORD005762,PROD00476,2,44777.75,1356.25,34600.5
ITEM0009922,ORD005762,PROD00261,1,3151.48,158.52,2151.5
ITEM0009923,ORD005763,PROD00211,1,1080.78,65.22,744.9
ITEM0009924,ORD005763,PROD00128,3,206243.02,6456.98,187176.0
ITEM0009925,ORD005764,PROD00324,1,2584.04,194.96,1806.35
ITEM0009926,ORD005764,PROD00239,1,3336.37,3.63,2171.0
ITEM0009927,ORD005764,PROD00141,1,7849.2,120.8,7013.6
ITEM0009928,ORD005765,PROD00240,1,1376.05,70.95,940.55
ITEM0009929,ORD005765,PROD00468,1,10056.46,725.54,8086.5
ITEM0009930,ORD005766,PROD00295,2,3314.7,23.3,2169.7
ITEM0009931,ORD005767,PROD00366,1,22235.06,125.94,16770.75
ITEM0009932,ORD005767,PROD00431,2,15152.49,943.51,12072.0
ITEM0009933,ORD005768,PROD00256,1,4650.4,311.6,3225.3
ITEM0009934,ORD005768,PROD00174,1,4713.48,149.52,3160.95
ITEM0009935,ORD005768,PROD00242,1,3552.65,58.35,2347.15
ITEM0009936,ORD005769,PROD00108,1,68923.55,5428.45,65429.76
ITEM0009937,ORD005769,PROD00389,1,17598.31,199.69,13348.5
ITEM0009938,ORD005770,PROD00493,1,13159.09,340.91,10125.0
ITEM0009939,ORD005771,PROD00278,1,3095.61,146.39,2107.3
ITEM0009940,ORD005771,PROD00093,1,13886.01,479.99,12642.08
ITEM0009941,ORD005771,PROD00236,1,4313.09,178.91,2919.8
ITEM0009942,ORD005772,PROD00151,2,103734.89,17735.11,106893.6
ITEM0009943,ORD005772,PROD00357,1,15777.96,1733.04,13133.25
ITEM0009944,ORD005773,PROD00430,1,19302.83,211.17,14635.5
ITEM0009945,ORD005773,PROD00494,1,7493.36,554.64,6036.0
ITEM0009946,ORD005774,PROD00062,1,15497.37,1980.63,15380.64
ITEM0009947,ORD005775,PROD00281,1,3663.63,191.37,2505.75
ITEM0009948,ORD005776,PROD00128,1,61847.28,9052.72,62392.0
ITEM0009949,ORD005777,PROD00462,1,7277.66,429.34,5780.25
ITEM0009950,ORD005777,PROD00330,2,2720.22,111.78,1840.8
ITEM0009951,ORD005778,PROD00291,1,4160.4,356.6,2936.05
ITEM0009952,ORD005778,PROD00471,1,9884.94,605.06,7867.5
ITEM0009953,ORD005778,PROD00288,1,4882.22,96.78,3236.35
ITEM0009954,ORD005779,PROD00318,1,2502.43,127.57,1709.5
ITEM0009955,ORD005780,PROD00394,2,37336.47,375.53,28284.0
ITEM0009956,ORD005781,PROD00225,1,4016.58,7.42,2615.6
ITEM0009957,ORD005782,PROD00300,1,1490.69,109.31,1040.0
ITEM0009958,ORD005783,PROD00065,2,109780.63,7591.37,103287.36
ITEM0009959,ORD005784,PROD00117,2,51764.05,145.95,45680.8
ITEM0009960,ORD005784,PROD00228,1,2724.79,166.21,1879.15
ITEM0009961,ORD005784,PROD00146,1,10427.52,731.48,9819.92
ITEM0009962,ORD005785,PROD00169,1,1480.45,17.55,973.7
ITEM0009963,ORD005785,PROD00444,1,10773.71,369.29,8357.25
ITEM0009964,ORD005786,PROD00110,2,68115.03,10746.97,69398.56
ITEM0009965,ORD005786,PROD00306,1,4054.9,158.1,2738.45
ITEM0009966,ORD005787,PROD00447,1,5505.25,227.75,4299.75
ITEM0009967,ORD005788,PROD00186,1,4578.45,271.55,3152.5
ITEM0009968,ORD005788,PROD00349,1,13435.77,138.23,10180.5
ITEM0009969,ORD005789,PROD00101,2,151180.37,493.63,133473.12
ITEM0009970,ORD005790,PROD00289,3,1454.14,75.86,994.5
ITEM0009971,ORD005791,PROD00204,1,4725.71,123.29,3151.85
ITEM0009972,ORD005791,PROD00222,3,9232.05,472.95,6308.25
ITEM0009973,ORD005792,PROD00045,2,75548.34,3129.66,69236.64
ITEM0009974,ORD005793,PROD00053,1,75367.07,2259.93,68311.76
ITEM0009975,ORD005793,PROD00206,1,2078.94,105.06,1419.6
ITEM0009976,ORD005794,PROD00315,2,7731.57,122.43,5105.1
ITEM0009977,ORD005795,PROD00025,1,26049.32,3590.68,26083.2
ITEM0009978,ORD005795,PROD00110,1,36447.9,2983.1,34699.28
ITEM0009979,ORD005795,PROD00208,2,7195.48,390.52,4930.9
ITEM0009980,ORD005796,PROD00445,2,8179.36,294.64,6355.5
ITEM0009981,ORD005796,PROD00411,1,21468.01,907.99,16782.0
ITEM0009982,ORD005796,PROD00279,1,4524.36,361.64,3175.9
ITEM0009983,ORD005797,PROD00252,1,1967.24,20.76,1292.2
ITEM0009984,ORD005797,PROD00376,2,31173.78,284.22,23593.5
ITEM0009985,ORD005797,PROD00173,2,4733.48,338.52,3296.8
ITEM0009986,ORD005797,PROD00071,2,105207.69,6992.31,98736.0
ITEM0009987,ORD005798,PROD00286,1,757.85,48.15,523.9
ITEM0009988,ORD005798,PROD00473,1,8778.2,905.8,7263.0
ITEM0009989,ORD005799,PROD00418,1,9215.15,942.85,7618.5
ITEM0009990,ORD005800,PROD00345,2,37193.62,1034.38,28671.0
ITEM0009991,ORD005801,PROD00062,1,15615.37,1862.63,15380.64
ITEM0009992,ORD005802,PROD00376,1,14999.06,729.94,11796.75
ITEM0009993,ORD005803,PROD00457,1,5680.57,267.43,4461.0
ITEM0009994,ORD005803,PROD00317,1,3735.59,58.41,2466.1
ITEM0009995,ORD005804,PROD00302,1,1236.33,102.67,870.35
ITEM0009996,ORD005805,PROD00103,1,64183.85,41.15,56518.0
ITEM0009997,ORD005805,PROD00393,1,6752.24,351.76,5328.0
ITEM0009998,ORD005806,PROD00169,2,2846.87,149.13,1947.4
ITEM0009999,ORD005807,PROD00322,1,4486.24,155.76,3017.3
ITEM0010000,ORD005808,PROD00249,1,2446.18,18.82,1602.25
ITEM0010001,ORD005809,PROD00299,1,3693.46,264.54,2572.7
ITEM0010002,ORD005809,PROD00473,2,18445.72,922.28,14526.0
ITEM0010003,ORD005809,PROD00446,1,19931.03,1852.97,16338.0
ITEM0010004,ORD005809,PROD00268,1,2445.86,142.14,1682.2
ITEM0010005,ORD005810,PROD00389,2,35066.35,529.65,26697.0
ITEM0010006,ORD005810,PROD00153,1,30042.22,2184.78,28359.76
ITEM0010007,ORD005810,PROD00026,2,84960.58,1725.42,76283.68
ITEM0010008,ORD005811,PROD00160,1,6765.27,942.73,6783.04
ITEM0010009,ORD005812,PROD00294,1,2576.28,86.72,1730.95
ITEM0010010,ORD005813,PROD00246,2,1608.88,87.12,1102.4
ITEM0010011,ORD005813,PROD00357,1,17061.68,449.32,13133.25
ITEM0010012,ORD005814,PROD00024,1,59884.28,7815.72,59576.0
ITEM0010013,ORD005814,PROD00016,1,69204.95,2885.05,63439.2
ITEM0010014,ORD005814,PROD00493,1,13046.39,453.61,10125.0
ITEM0010015,ORD005815,PROD00143,1,16617.1,2192.9,16552.8
ITEM0010016,ORD005816,PROD00441,1,15147.25,1669.75,12612.75
ITEM0010017,ORD005816,PROD00224,1,3072.19,62.81,2037.75
ITEM0010018,ORD005817,PROD00297,1,3869.08,68.92,2559.7
ITEM0010019,ORD005818,PROD00297,1,3813.12,124.88,2559.7
ITEM0010020,ORD005818,PROD00185,1,947.49,35.51,638.95
ITEM0010021,ORD005819,PROD00279,1,4667.2,218.8,3175.9
ITEM0010022,ORD005819,PROD00377,1,1417.17,38.83,1092.0
ITEM0010023,ORD005820,PROD00302,1,1319.34,19.66,870.35
ITEM0010024,ORD005820,PROD00129,2,92352.37,7225.63,87628.64
ITEM0010025,ORD005821,PROD00155,1,48365.12,5611.88,47499.76
ITEM0010026,ORD005822,PROD00099,1,40436.72,3784.28,38914.48
ITEM0010027,ORD005823,PROD00216,1,2336.22,172.78,1630.85
ITEM0010028,ORD005823,PROD00364,1,15889.35,507.65,12297.75
ITEM0010029,ORD005824,PROD00061,1,22991.06,3467.94,23283.92
ITEM0010030,ORD005824,PROD00116,1,61395.19,8660.81,61649.28
ITEM0010031,ORD005825,PROD00064,1,67333.72,8484.28,66719.84
ITEM0010032,ORD005826,PROD00272,1,1082.53,44.47,732.55
ITEM0010033,ORD005827,PROD00289,1,474.29,35.71,331.5
ITEM0010034,ORD005828,PROD00444,1,10575.42,567.58,8357.25
ITEM0010035,ORD005829,PROD00228,1,2874.75,16.25,1879.15
ITEM0010036,ORD005829,PROD00075,1,38536.13,5462.87,38719.12
ITEM0010037,ORD005829,PROD00119,1,51681.07,4595.93,49523.76
ITEM0010038,ORD005830,PROD00172,1,540.09,44.91,380.25
ITEM0010039,ORD005831,PROD00130,1,61655.09,283.91,54506.32
ITEM0010040,ORD005832,PROD00455,1,17992.88,1292.12,14463.75
ITEM0010041,ORD005832,PROD00230,1,2460.02,56.98,1636.05
ITEM0010042,ORD005833,PROD00413,3,43738.61,3517.39,35442.0
ITEM0010043,ORD005834,PROD00329,1,3221.63,150.37,2191.8
ITEM0010044,ORD005834,PROD00201,1,3625.67,154.33,2457.0
ITEM0010045,ORD005834,PROD00041,1,20964.16,1933.84,20150.24
ITEM0010046,ORD005835,PROD00492,1,22325.74,1203.26,17646.75
ITEM0010047,ORD005836,PROD00176,1,4216.09,168.91,2850.25
ITEM0010048,ORD005836,PROD00456,1,16497.82,55.18,12414.75
ITEM0010049,ORD005837,PROD00010,1,51306.58,7248.42,51528.4
ITEM0010050,ORD005837,PROD00133,1,13815.49,1920.51,13847.68
ITEM0010051,ORD005838,PROD00065,3,160318.79,15739.21,154931.04
ITEM0010052,ORD005839,PROD00285,1,1490.14,28.86,987.35
ITEM0010053,ORD005840,PROD00357,1,16353.85,1157.15,13133.25
ITEM0010054,ORD005840,PROD00142,1,23507.12,3371.88,23653.52
ITEM0010055,ORD005841,PROD00043,1,49774.13,4517.87,47776.96
ITEM0010056,ORD005841,PROD00159,1,66885.5,8691.5,66507.76
ITEM0010057,ORD005842,PROD00187,1,3038.16,148.84,2071.55
ITEM0010058,ORD005842,PROD00062,1,15879.03,1598.97,15380.64
ITEM0010059,ORD005842,PROD00215,1,3621.95,162.05,2459.6
ITEM0010060,ORD005843,PROD00426,1,19044.79,1339.21,15288.0
ITEM0010061,ORD005844,PROD00446,1,21675.12,108.88,16338.0
ITEM0010062,ORD005844,PROD00276,1,3031.05,116.95,2046.2
ITEM0010063,ORD005845,PROD00086,2,142391.26,3896.74,128733.44
ITEM0010064,ORD005846,PROD00071,1,47779.57,8320.43,49368.0
ITEM0010065,ORD005847,PROD00157,2,85750.34,6321.66,81023.36
ITEM0010066,ORD005848,PROD00170,1,2457.08,17.92,1608.75
ITEM0010067,ORD005849,PROD00157,1,39173.88,6862.12,40511.68
ITEM0010068,ORD005850,PROD00007,2,36352.49,5687.51,36995.2
ITEM0010069,ORD005851,PROD00233,1,3600.45,59.55,2379.0
ITEM0010070,ORD005852,PROD00192,1,781.76,67.24,551.85
ITEM0010071,ORD005852,PROD00243,1,2769.71,107.29,1870.05
ITEM0010072,ORD005852,PROD00326,3,11977.05,685.95,8230.95
ITEM0010073,ORD005853,PROD00052,1,64194.56,10570.44,65793.2
ITEM0010074,ORD005854,PROD00117,1,24038.65,1916.35,22840.4
ITEM0010075,ORD005854,PROD00300,1,1595.39,4.61,1040.0
ITEM0010076,ORD005855,PROD00225,1,3756.42,267.58,2615.6
ITEM0010077,ORD005856,PROD00221,1,528.34,29.66,362.7
ITEM0010078,ORD005857,PROD00435,2,16867.38,872.62,13305.0
ITEM0010079,ORD005858,PROD00142,1,23308.26,3570.74,23653.52
ITEM0010080,ORD005859,PROD00102,1,27735.43,1844.57,26030.4
ITEM0010081,ORD005860,PROD00438,1,3264.94,201.06,2599.5
ITEM0010082,ORD005860,PROD00478,1,6468.88,179.12,4986.0
ITEM0010083,ORD005860,PROD00105,1,59175.88,6395.12,57702.48
ITEM0010084,ORD005861,PROD00048,1,8418.82,381.18,7744.0
ITEM0010085,ORD005861,PROD00490,1,13787.23,1355.77,11357.25
ITEM0010086,ORD005861,PROD00351,3,73565.85,294.15,55395.0
ITEM0010087,ORD005861,PROD00391,1,14433.18,300.82,11050.5
ITEM0010088,ORD005862,PROD00377,1,1382.43,73.57,1092.0
ITEM0010089,ORD005862,PROD00071,1,48305.87,7794.13,49368.0
ITEM0010090,ORD005863,PROD00076,2,119687.82,10326.18,114412.32
ITEM0010091,ORD005863,PROD00460,2,38439.5,1198.5,29728.5
ITEM0010092,ORD005864,PROD00072,1,38792.55,2505.45,36342.24
ITEM0010093,ORD005864,PROD00367,1,12060.62,707.38,9576.0
ITEM0010094,ORD005865,PROD00178,1,1597.27,3.73,1040.65
ITEM0010095,ORD005866,PROD00280,1,2824.39,129.61,1920.1
ITEM0010096,ORD005867,PROD00189,1,1236.7,90.3,862.55
ITEM0010097,ORD005867,PROD00335,1,15426.8,439.2,11899.5
ITEM0010098,ORD005867,PROD00168,1,1396.19,98.81,971.75
ITEM0010099,ORD005867,PROD00118,1,69525.99,4034.01,64732.8
ITEM0010100,ORD005868,PROD00041,1,20420.74,2477.26,20150.24
ITEM0010101,ORD005869,PROD00366,1,20316.96,2044.04,16770.75
ITEM0010102,ORD005869,PROD00144,1,55867.97,7497.03,55761.2
ITEM0010103,ORD005870,PROD00466,1,3341.15,218.85,2670.0
ITEM0010104,ORD005871,PROD00316,1,4295.69,261.31,2962.05
ITEM0010105,ORD005871,PROD00179,1,2894.87,186.13,2002.65
ITEM0010106,ORD005872,PROD00319,1,504.63,24.37,343.85
ITEM0010107,ORD005873,PROD00480,1,3998.93,267.07,3199.5
ITEM0010108,ORD005873,PROD00435,1,8455.38,414.62,6652.5
ITEM0010109,ORD005873,PROD00385,1,20442.75,961.25,16053.0
ITEM0010110,ORD005874,PROD00026,1,40951.48,2391.52,38141.84
ITEM0010111,ORD005875,PROD00091,1,26065.68,2415.32,25063.28
ITEM0010112,ORD005875,PROD00041,1,22803.38,94.62,20150.24
ITEM0010113,ORD005876,PROD00223,1,4592.52,367.48,3224.0
ITEM0010114,ORD005876,PROD00214,1,4467.99,207.01,3038.75
ITEM0010115,ORD005876,PROD00359,1,2982.53,147.47,2347.5
ITEM0010116,ORD005877,PROD00325,3,13930.62,79.38,9106.5
ITEM0010117,ORD005878,PROD00075,1,43734.97,264.03,38719.12
ITEM0010118,ORD005879,PROD00126,2,60328.68,4699.32,57224.64
ITEM0010119,ORD005879,PROD00255,1,1790.18,6.82,1168.05
ITEM0010120,ORD005879,PROD00193,1,2810.15,10.85,1833.65
ITEM0010121,ORD005880,PROD00154,3,95725.66,6178.34,89675.52
ITEM0010122,ORD005880,PROD00423,1,22973.83,640.17,17710.5
ITEM0010123,ORD005881,PROD00276,1,2996.84,151.16,2046.2
ITEM0010124,ORD005881,PROD00081,1,48528.36,5090.64,47184.72
ITEM0010125,ORD005882,PROD00155,1,48140.13,5836.87,47499.76
ITEM0010126,ORD005882,PROD00350,1,9737.53,141.47,7409.25
ITEM0010127,ORD005883,PROD00192,3,2408.88,138.12,1655.55
ITEM0010128,ORD005884,PROD00483,1,20331.11,1045.89,16032.75
ITEM0010129,ORD005885,PROD00146,1,10808.74,350.26,9819.92
ITEM0010130,ORD005885,PROD00250,1,4147.1,214.9,2835.3
ITEM0010131,ORD005885,PROD00058,1,70353.88,4283.12,65680.56
ITEM0010132,ORD005886,PROD00218,1,3198.0,195.0,2205.45
ITEM0010133,ORD005887,PROD00301,1,4594.69,75.31,3035.5
ITEM0010134,ORD005887,PROD00387,3,34569.64,2747.36,27987.75
ITEM0010135,ORD005888,PROD00444,1,10441.57,701.43,8357.25
ITEM0010136,ORD005889,PROD00053,1,70266.03,7360.97,68311.76
ITEM0010137,ORD005890,PROD00131,1,71593.07,3709.93,66266.64
ITEM0010138,ORD005890,PROD00418,1,9400.17,757.83,7618.5
ITEM0010139,ORD005890,PROD00044,2,114165.13,8558.87,107997.12
ITEM0010140,ORD005891,PROD00364,1,15195.5,1201.5,12297.75
ITEM0010141,ORD005892,PROD00008,2,117061.88,9636.12,111494.24
ITEM0010142,ORD005892,PROD00259,1,3803.08,53.92,2507.05
ITEM0010143,ORD005892,PROD00241,1,1320.56,8.44,863.85
ITEM0010144,ORD005893,PROD00092,1,21640.0,2163.0,20946.64
ITEM0010145,ORD005893,PROD00494,1,7998.68,49.32,6036.0
ITEM0010146,ORD005893,PROD00329,1,3236.74,135.26,2191.8
ITEM0010147,ORD005894,PROD00494,2,15477.18,618.82,12072.0
ITEM0010148,ORD005895,PROD00376,2,29622.3,1835.7,23593.5
ITEM0010149,ORD005896,PROD00407,1,3429.49,355.51,2838.75
ITEM0010150,ORD005896,PROD00093,1,12409.38,1956.62,12642.08
ITEM0010151,ORD005897,PROD00424,1,15580.53,1630.47,12908.25
ITEM0010152,ORD005898,PROD00277,1,2016.49,160.51,1415.05
ITEM0010153,ORD005899,PROD00377,1,1314.51,141.49,1092.0
ITEM0010154,ORD005900,PROD00159,1,65471.46,10105.54,66507.76
ITEM0010155,ORD005901,PROD00357,2,34964.37,57.63,26266.5
ITEM0010156,ORD005901,PROD00140,1,5678.02,809.98,5709.44
ITEM0010157,ORD005902,PROD00114,1,31817.01,197.99,28173.2
ITEM0010158,ORD005902,PROD00298,1,2146.52,61.48,1435.2
ITEM0010159,ORD005902,PROD00051,1,9687.14,1632.86,9961.6
ITEM0010160,ORD005903,PROD00075,2,77414.98,10583.02,77438.24
ITEM0010161,ORD005904,PROD00084,1,73264.52,6579.48,70262.72
ITEM0010162,ORD005904,PROD00457,1,5488.05,459.95,4461.0
ITEM0010163,ORD005905,PROD00028,1,52773.92,2232.08,48405.28
ITEM0010164,ORD005905,PROD00215,1,3722.97,61.03,2459.6
ITEM0010165,ORD005906,PROD00221,1,513.44,44.56,362.7
ITEM0010166,ORD005907,PROD00288,1,4806.42,172.58,3236.35
ITEM0010167,ORD005907,PROD00084,1,75451.1,4392.9,70262.72
ITEM0010168,ORD005907,PROD00093,1,13415.54,950.46,12642.08
ITEM0010169,ORD005908,PROD00189,1,1317.48,9.52,862.55
ITEM0010170,ORD005908,PROD00344,1,14152.3,767.7,11190.0
ITEM0010171,ORD005909,PROD00020,1,68028.9,10964.1,69513.84
ITEM0010172,ORD005910,PROD00058,2,143595.66,5678.34,131361.12
ITEM0010173,ORD005910,PROD00056,1,33715.74,1152.26,30683.84
ITEM0010174,ORD005911,PROD00295,1,1543.61,125.39,1084.85
ITEM0010175,ORD005911,PROD00340,1,9592.14,119.86,7284.0
ITEM0010176,ORD005912,PROD00101,1,73616.53,2220.47,66736.56
ITEM0010177,ORD005912,PROD00289,1,496.28,13.72,331.5
ITEM0010178,ORD005913,PROD00038,2,60776.87,8069.13,60584.48
ITEM0010179,ORD005914,PROD00003,1,46121.13,292.87,40844.32
ITEM0010180,ORD005915,PROD00058,1,64153.44,10483.56,65680.56
ITEM0010181,ORD005916,PROD00285,2,2926.8,111.2,1974.7
ITEM0010182,ORD005917,PROD00316,1,4301.57,255.43,2962.05
ITEM0010183,ORD005918,PROD00231,1,1109.45,94.55,782.6
ITEM0010184,ORD005918,PROD00342,1,1588.67,108.33,1272.75
ITEM0010185,ORD005918,PROD00238,2,6442.29,407.71,4452.5
ITEM0010186,ORD005919,PROD00195,1,964.48,34.52,649.35
ITEM0010187,ORD005920,PROD00148,1,40778.94,5590.06,40804.72
ITEM0010188,ORD005921,PROD00168,1,1381.75,113.25,971.75
ITEM0010189,ORD005922,PROD00354,2,19992.72,1999.28,16494.0
ITEM0010190,ORD005922,PROD00411,1,22121.67,254.33,16782.0
ITEM0010191,ORD005923,PROD00268,2,4820.62,355.38,3364.4
ITEM0010192,ORD005924,PROD00132,1,19363.65,588.35,17557.76
ITEM0010193,ORD005924,PROD00068,1,37953.49,4727.51,37559.28
ITEM0010194,ORD005925,PROD00090,3,33928.34,1258.66,30964.56
ITEM0010195,ORD005925,PROD00075,1,41766.3,2232.7,38719.12
ITEM0010196,ORD005926,PROD00079,1,25128.29,2244.71,24088.24
ITEM0010197,ORD005926,PROD00116,3,201684.36,8483.64,184947.84
ITEM0010198,ORD005926,PROD00413,1,15657.1,94.9,11814.0
ITEM0010199,ORD005926,PROD00076,1,63077.76,1929.24,57206.16
ITEM0010200,ORD005927,PROD00230,1,2356.64,160.36,1636.05
ITEM0010201,ORD005927,PROD00029,1,69607.53,477.47,61674.8
ITEM0010202,ORD005927,PROD00184,1,833.83,12.17,549.9
ITEM0010203,ORD005928,PROD00157,1,45672.61,363.39,40511.68
ITEM0010204,ORD005929,PROD00101,2,133628.01,18045.99,133473.12
ITEM0010205,ORD005930,PROD00086,1,63614.94,9529.06,64366.72
ITEM0010206,ORD005931,PROD00044,1,54805.3,6556.7,53998.56
ITEM0010207,ORD005932,PROD00328,1,3023.51,96.49,2028.0
ITEM0010208,ORD005932,PROD00147,1,53207.43,341.57,47123.12
ITEM0010209,ORD005933,PROD00115,1,53693.23,7071.77,53473.2
ITEM0010210,ORD005934,PROD00028,1,48415.32,6590.68,48405.28
ITEM0010211,ORD005935,PROD00435,2,16518.93,1221.07,13305.0
ITEM0010212,ORD005935,PROD00028,1,53654.85,1351.15,48405.28
ITEM0010213,ORD005936,PROD00453,1,19790.39,456.61,15185.25
ITEM0010214,ORD005936,PROD00189,1,1250.16,76.84,862.55
ITEM0010215,ORD005936,PROD00116,1,63309.75,6746.25,61649.28
ITEM0010216,ORD005937,PROD00366,1,22073.7,287.3,16770.75
ITEM0010217,ORD005937,PROD00275,3,12844.99,4.01,8351.85
ITEM0010218,ORD005937,PROD00174,1,4789.6,73.4,3160.95
ITEM0010219,ORD005938,PROD00296,1,4268.81,217.19,2915.9
ITEM0010220,ORD005938,PROD00289,1,492.12,17.88,331.5
ITEM0010221,ORD005939,PROD00394,1,17197.57,1658.43,14142.0
ITEM0010222,ORD005940,PROD00223,3,13746.97,1133.03,9672.0
ITEM0010223,ORD005941,PROD00054,1,42510.79,7090.21,43648.88
ITEM0010224,ORD005942,PROD00043,3,156091.25,6784.75,143330.88
ITEM0010225,ORD005942,PROD00100,1,72537.9,1775.1,65395.44
ITEM0010226,ORD005943,PROD00492,1,22638.7,890.3,17646.75
ITEM0010227,ORD005943,PROD00206,1,2146.62,37.38,1419.6
ITEM0010228,ORD005943,PROD00458,1,12768.08,1003.92,10329.0
ITEM0010229,ORD005944,PROD00139,1,43228.38,5884.62,43219.44
ITEM0010230,ORD005944,PROD00264,1,1819.13,130.87,1267.5
ITEM0010231,ORD005945,PROD00349,1,12282.73,1291.27,10180.5
ITEM0010232,ORD005946,PROD00322,3,13520.27,405.73,9051.9
ITEM0010233,ORD005946,PROD00204,1,4815.47,33.53,3151.85
ITEM0010234,ORD005947,PROD00165,1,21313.56,271.44,18994.8
ITEM0010235,ORD005947,PROD00289,1,484.98,25.02,331.5
ITEM0010236,ORD005948,PROD00048,2,16978.43,621.57,15488.0
ITEM0010237,ORD005948,PROD00009,2,84302.82,5841.18,79326.72
ITEM0010238,ORD005949,PROD00093,1,13384.42,981.58,12642.08
ITEM0010239,ORD005949,PROD00478,1,6123.47,524.53,4986.0
ITEM0010240,ORD005949,PROD00245,1,3440.09,277.91,2416.7
ITEM0010241,ORD005949,PROD00118,2,130089.86,17030.14,129465.6
ITEM0010242,ORD005950,PROD00370,1,24283.21,711.79,18746.25
ITEM0010243,ORD005950,PROD00098,1,21270.89,1772.11,20277.84
ITEM0010244,ORD005950,PROD00208,1,3628.91,164.09,2465.45
ITEM0010245,ORD005951,PROD00152,2,116704.45,4171.55,106370.88
ITEM0010246,ORD005952,PROD00129,1,44124.54,5664.46,43814.32
ITEM0010247,ORD005953,PROD00343,2,43579.94,480.06,33045.0
ITEM0010248,ORD005954,PROD00366,1,22108.77,252.23,16770.75
ITEM0010249,ORD005954,PROD00215,2,7423.78,144.22,4919.2
ITEM0010250,ORD005955,PROD00384,1,1354.9,53.1,1056.0
ITEM0010251,ORD005956,PROD00145,1,58678.77,7664.23,58381.84
ITEM0010252,ORD005957,PROD00187,1,3038.88,148.12,2071.55
ITEM0010253,ORD005958,PROD00465,1,13209.62,18.38,9921.0
ITEM0010254,ORD005959,PROD00324,1,2732.56,46.44,1806.35
ITEM0010255,ORD005959,PROD00477,1,7552.7,458.3,6008.25
ITEM0010256,ORD005959,PROD00149,1,22281.61,2091.39,21448.24
ITEM0010257,ORD005960,PROD00407,1,3669.61,115.39,2838.75
ITEM0010258,ORD005961,PROD00120,1,71301.93,2297.07,64767.12
ITEM0010259,ORD005962,PROD00211,1,1067.95,78.05,744.9
ITEM0010260,ORD005962,PROD00358,1,18056.74,71.26,13596.0
ITEM0010261,ORD005963,PROD00293,1,561.37,5.63,368.55
ITEM0010262,ORD005964,PROD00424,1,15947.26,1263.74,12908.25
ITEM0010263,ORD005965,PROD00335,1,14603.14,1262.86,11899.5
ITEM0010264,ORD005966,PROD00360,2,33291.93,1950.07,26431.5
ITEM0010265,ORD005967,PROD00475,3,64215.93,2255.07,49853.25
ITEM0010266,ORD005967,PROD00446,1,21162.77,621.23,16338.0
ITEM0010267,ORD005968,PROD00185,1,936.51,46.49,638.95
ITEM0010268,ORD005969,PROD00144,1,58821.55,4543.45,55761.2
ITEM0010269,ORD005969,PROD00163,1,43450.9,3284.1,41126.8
ITEM0010270,ORD005969,PROD00126,1,30470.61,2043.39,28612.32
ITEM0010271,ORD005969,PROD00064,1,74057.94,1760.06,66719.84
ITEM0010272,ORD005970,PROD00492,1,22875.29,653.71,17646.75
ITEM0010273,ORD005971,PROD00079,1,24161.09,3211.91,24088.24
ITEM0010274,ORD005972,PROD00216,1,2503.84,5.16,1630.85
ITEM0010275,ORD005973,PROD00480,1,3840.23,425.77,3199.5
ITEM0010276,ORD005974,PROD00428,2,18741.09,1090.91,14874.0
ITEM0010277,ORD005975,PROD00352,1,2088.27,61.73,1612.5
ITEM0010278,ORD005975,PROD00058,1,66542.37,8094.63,65680.56
ITEM0010279,ORD005976,PROD00162,1,5897.95,660.05,5771.04
ITEM0010280,ORD005977,PROD00486,1,7272.72,32.28,5478.75
ITEM0010281,ORD005977,PROD00068,1,39910.44,2770.56,37559.28
ITEM0010282,ORD005978,PROD00035,1,49583.44,7515.56,50247.12
ITEM0010283,ORD005979,PROD00175,2,2842.02,215.98,1987.7
ITEM0010284,ORD005980,PROD00246,1,822.24,25.76,551.2
ITEM0010285,ORD005980,PROD00022,1,47072.44,4620.56,45489.84
ITEM0010286,ORD005981,PROD00127,1,72543.36,1683.64,65319.76
ITEM0010287,ORD005982,PROD00171,1,1065.96,87.04,749.45
ITEM0010288,ORD005982,PROD00124,2,61416.74,5635.26,59005.76
ITEM0010289,ORD005983,PROD00210,1,4008.5,94.5,2666.95
ITEM0010290,ORD005984,PROD00414,1,14894.42,1238.58,12099.75
ITEM0010291,ORD005985,PROD00341,2,14654.29,225.71,11160.0
ITEM0010292,ORD005986,PROD00327,1,2625.25,82.75,1760.2
ITEM0010293,ORD005987,PROD00095,3,181993.43,14968.57,173326.56
ITEM0010294,ORD005987,PROD00110,1,35607.5,3823.5,34699.28
ITEM0010295,ORD005988,PROD00495,1,2519.75,126.25,1984.5
ITEM0010296,ORD005988,PROD00144,3,167601.89,22493.11,167283.6
ITEM0010297,ORD005989,PROD00381,2,44611.5,4406.5,36763.5
ITEM0010298,ORD005990,PROD00388,1,6794.99,529.01,5493.0
ITEM0010299,ORD005990,PROD00493,1,12714.63,785.37,10125.0
ITEM0010300,ORD005991,PROD00360,2,32616.22,2625.78,26431.5
ITEM0010301,ORD005992,PROD00286,1,789.9,16.1,523.9
ITEM0010302,ORD005992,PROD00016,1,64228.94,7861.06,63439.2
ITEM0010303,ORD005993,PROD00216,1,2427.78,81.22,1630.85
ITEM0010304,ORD005994,PROD00028,2,98281.21,11730.79,96810.56
ITEM0010305,ORD005994,PROD00295,2,3124.46,213.54,2169.7
ITEM0010306,ORD005995,PROD00323,1,4829.82,65.18,3181.75
ITEM0010307,ORD005996,PROD00024,1,66776.0,924.0,59576.0
ITEM0010308,ORD005996,PROD00083,1,46061.99,2007.01,42300.72
ITEM0010309,ORD005996,PROD00026,1,37988.13,5354.87,38141.84
ITEM0010310,ORD005997,PROD00001,3,185218.33,748.67,163650.96
ITEM0010311,ORD005998,PROD00235,1,2300.81,160.19,1599.65
ITEM0010312,ORD005998,PROD00083,1,45530.24,2538.76,42300.72
ITEM0010313,ORD005999,PROD00164,1,30295.55,283.45,26909.52
ITEM0010314,ORD006000,PROD00239,1,3293.85,46.15,2171.0
ITEM0010315,ORD006001,PROD00476,1,22184.52,882.48,17300.25
ITEM0010316,ORD006002,PROD00273,1,731.05,54.95,510.9
ITEM0010317,ORD006003,PROD00494,1,7973.91,74.09,6036.0
ITEM0010318,ORD006003,PROD00060,1,45853.37,3760.63,43660.32
ITEM0010319,ORD006003,PROD00422,2,43957.55,4394.45,36264.0
ITEM0010320,ORD006004,PROD00393,1,6851.81,252.19,5328.0
ITEM0010321,ORD006005,PROD00260,2,1032.39,43.61,699.4
ITEM0010322,ORD006005,PROD00067,2,85263.68,890.32,75815.52
ITEM0010323,ORD006006,PROD00336,3,16079.33,267.67,12260.25
ITEM0010324,ORD006006,PROD00096,2,139743.46,11502.54,133096.48
ITEM0010325,ORD006007,PROD00290,1,1509.32,98.68,1045.2
ITEM0010326,ORD006008,PROD00118,1,69930.91,3629.09,64732.8
ITEM0010327,ORD006008,PROD00089,1,18203.76,1366.24,17221.6
ITEM0010328,ORD006008,PROD00276,1,3016.95,131.05,2046.2
ITEM0010329,ORD006009,PROD00089,1,19017.58,552.42,17221.6
ITEM0010330,ORD006010,PROD00229,1,3926.88,262.12,2722.85
ITEM0010331,ORD006011,PROD00013,1,44385.62,3531.38,42166.96
ITEM0010332,ORD006011,PROD00255,2,3495.37,98.63,2336.1
ITEM0010333,ORD006011,PROD00327,2,5158.83,257.17,3520.4
ITEM0010334,ORD006012,PROD00198,1,2127.05,110.95,1454.7
ITEM0010335,ORD006013,PROD00288,1,4929.57,49.43,3236.35
ITEM0010336,ORD006013,PROD00129,1,45066.24,4722.76,43814.32
ITEM0010337,ORD006013,PROD00408,1,19519.53,1508.47,15771.0
ITEM0010338,ORD006014,PROD00415,2,10771.7,6.3,8083.5
ITEM0010339,ORD006015,PROD00166,1,3647.2,84.8,2425.8
ITEM0010340,ORD006016,PROD00065,1,49944.74,8741.26,51643.68
ITEM0010341,ORD006017,PROD00316,1,4411.9,145.1,2962.05
ITEM0010342,ORD006017,PROD00427,1,22251.51,1821.49,18054.75
ITEM0010343,ORD006017,PROD00224,1,2998.32,136.68,2037.75
ITEM0010344,ORD006017,PROD00125,1,7975.52,914.48,7823.2
ITEM0010345,ORD006018,PROD00479,1,13936.31,799.69,11052.0
ITEM0010346,ORD006019,PROD00393,2,12899.43,1308.57,10656.0
ITEM0010347,ORD006020,PROD00469,3,16706.85,462.15,12876.75
ITEM0010348,ORD006020,PROD00387,1,11457.76,981.24,9329.25
ITEM0010349,ORD006020,PROD00343,1,21915.01,114.99,16522.5
ITEM0010350,ORD006021,PROD00446,1,19744.39,2039.61,16338.0
ITEM0010351,ORD006021,PROD00337,1,15919.67,1167.33,12815.25
ITEM0010352,ORD006022,PROD00211,1,1112.67,33.33,744.9
ITEM0010353,ORD006023,PROD00044,1,58513.37,2848.63,53998.56
ITEM0010354,ORD006024,PROD00154,1,29576.44,4391.56,29891.84
ITEM0010355,ORD006025,PROD00484,1,2432.17,258.83,2018.25
ITEM0010356,ORD006025,PROD00142,2,51019.5,2738.5,47307.04
ITEM0010357,ORD006025,PROD00007,2,38512.64,3527.36,36995.2
ITEM0010358,ORD006025,PROD00053,1,67575.42,10051.58,68311.76
ITEM0010359,ORD006026,PROD00452,1,1787.11,134.89,1441.5
ITEM0010360,ORD006027,PROD00279,2,9536.47,235.53,6351.8
ITEM0010361,ORD006028,PROD00115,2,104350.76,17179.24,106946.4
ITEM0010362,ORD006028,PROD00212,1,2159.75,117.25,1480.05
ITEM0010363,ORD006029,PROD00050,1,17610.83,2090.17,17336.88
ITEM0010364,ORD006029,PROD00489,2,35088.38,1371.62,27345.0
ITEM0010365,ORD006030,PROD00008,1,58845.69,4503.31,55747.12
ITEM0010366,ORD006030,PROD00390,1,20344.72,1525.28,16402.5
ITEM0010367,ORD006030,PROD00348,2,8412.67,511.33,6693.0
ITEM0010368,ORD006031,PROD00056,1,32591.04,2276.96,30683.84
ITEM0010369,ORD006031,PROD00035,2,99141.86,15056.14,100494.24
ITEM0010370,ORD006031,PROD00387,2,24413.02,464.98,18658.5
ITEM0010371,ORD006032,PROD00144,2,113276.92,13453.08,111522.4
ITEM0010372,ORD006032,PROD00060,1,44763.15,4850.85,43660.32
ITEM0010373,ORD006033,PROD00347,1,4559.02,366.98,3694.5
ITEM0010374,ORD006033,PROD00234,1,3362.89,213.11,2324.4
ITEM0010375,ORD006034,PROD00089,1,17066.37,2503.63,17221.6
ITEM0010376,ORD006035,PROD00052,1,67638.61,7126.39,65793.2
ITEM0010377,ORD006036,PROD00445,1,4211.15,25.85,3177.75
ITEM0010378,ORD006036,PROD00129,1,48214.84,1574.16,43814.32
ITEM0010379,ORD006037,PROD00140,1,6392.18,95.82,5709.44
ITEM0010380,ORD006037,PROD00233,1,3380.01,279.99,2379.0
ITEM0010381,ORD006037,PROD00066,2,146408.38,447.62,129233.28
ITEM0010382,ORD006038,PROD00003,1,43081.6,3332.4,40844.32
ITEM0010383,ORD006038,PROD00299,1,3862.3,95.7,2572.7
ITEM0010384,ORD006039,PROD00044,1,58808.21,2553.79,53998.56
ITEM0010385,ORD006039,PROD00206,1,2165.31,18.69,1419.6
ITEM0010386,ORD006040,PROD00080,3,206619.87,28988.13,207335.04
ITEM0010387,ORD006040,PROD00370,1,22676.78,2318.22,18746.25
ITEM0010388,ORD006041,PROD00093,2,26616.33,2115.67,25284.16
ITEM0010389,ORD006041,PROD00235,1,2280.41,180.59,1599.65
ITEM0010390,ORD006041,PROD00003,1,44668.77,1745.23,40844.32
ITEM0010391,ORD006041,PROD00307,1,1403.28,46.72,942.5
ITEM0010392,ORD006042,PROD00279,1,4577.46,308.54,3175.9
ITEM0010393,ORD006042,PROD00236,1,4285.65,206.35,2919.8
ITEM0010394,ORD006043,PROD00035,1,49523.58,7575.42,50247.12
ITEM0010395,ORD006044,PROD00278,1,2995.31,246.69,2107.3
ITEM0010396,ORD006045,PROD00017,1,11471.15,81.85,10166.64
ITEM0010397,ORD006046,PROD00022,1,45018.75,6674.25,45489.84
ITEM0010398,ORD006047,PROD00073,1,63107.55,9341.45,63755.12
ITEM0010399,ORD006048,PROD00432,1,5643.99,584.01,4671.0
ITEM0010400,ORD006049,PROD00085,1,48962.93,1719.07,44600.16
ITEM0010401,ORD006050,PROD00222,1,3149.23,85.77,2102.75
ITEM0010402,ORD006051,PROD00270,1,1050.84,11.16,690.3
ITEM0010403,ORD006052,PROD00248,1,4575.91,86.09,3030.3
ITEM0010404,ORD006052,PROD00072,1,39835.08,1462.92,36342.24
ITEM0010405,ORD006053,PROD00042,1,35172.84,3506.16,34037.52
ITEM0010406,ORD006054,PROD00467,3,48221.97,3537.03,38819.25
ITEM0010407,ORD006055,PROD00071,1,53957.11,2142.89,49368.0
ITEM0010408,ORD006056,PROD00392,1,1634.43,124.57,1319.25
ITEM0010409,ORD006056,PROD00358,1,17938.76,189.24,13596.0
ITEM0010410,ORD006057,PROD00449,1,9982.43,95.57,7558.5
ITEM0010411,ORD006057,PROD00291,1,4359.89,157.11,2936.05
ITEM0010412,ORD006057,PROD00313,1,3765.3,107.7,2517.45
ITEM0010413,ORD006058,PROD00299,1,3864.57,93.43,2572.7
ITEM0010414,ORD006059,PROD00380,1,7859.49,760.51,6465.0
ITEM0010415,ORD006059,PROD00309,1,2192.6,190.4,1548.95
ITEM0010416,ORD006060,PROD00338,1,4711.88,327.12,3779.25
ITEM0010417,ORD006060,PROD00436,1,18541.54,507.46,14286.75
ITEM0010418,ORD006060,PROD00456,1,16148.64,404.36,12414.75
ITEM0010419,ORD006061,PROD00116,2,123866.78,16245.22,123298.56
ITEM0010420,ORD006061,PROD00117,1,24850.95,1104.05,22840.4
ITEM0010421,ORD006062,PROD00273,2,1509.8,62.2,1021.8
ITEM0010422,ORD006062,PROD00378,1,9140.66,86.34,6920.25
ITEM0010423,ORD006063,PROD00359,1,3066.05,63.95,2347.5
ITEM0010424,ORD006064,PROD00439,1,2934.07,14.93,2211.75
ITEM0010425,ORD006064,PROD00395,1,4871.81,313.19,3888.75
ITEM0010426,ORD006064,PROD00198,2,4448.64,27.36,2909.4
ITEM0010427,ORD006065,PROD00425,1,23039.0,553.0,17694.0
ITEM0010428,ORD006066,PROD00043,1,48099.54,6192.46,47776.96
ITEM0010429,ORD006066,PROD00372,1,7827.52,199.48,6020.25
ITEM0010430,ORD006067,PROD00337,1,15462.84,1624.16,12815.25
ITEM0010431,ORD006067,PROD00380,1,8545.4,74.6,6465.0
ITEM0010432,ORD006068,PROD00041,1,22444.27,453.73,20150.24
ITEM0010433,ORD006068,PROD00425,1,22632.38,959.62,17694.0
ITEM0010434,ORD006068,PROD00150,3,231565.79,3742.21,207071.04
ITEM0010435,ORD006069,PROD00408,3,59982.92,3101.08,47313.0
ITEM0010436,ORD006070,PROD00008,1,62875.32,473.68,55747.12
ITEM0010437,ORD006070,PROD00215,1,3518.17,265.83,2459.6
ITEM0010438,ORD006071,PROD00412,1,11932.06,735.94,9501.0
ITEM0010439,ORD006072,PROD00195,2,1960.12,37.88,1298.7
ITEM0010440,ORD006073,PROD00145,2,124182.53,8503.47,116763.68
ITEM0010441,ORD006074,PROD00305,1,2707.77,8.23,1765.4
ITEM0010442,ORD006075,PROD00332,1,8568.82,201.18,6577.5
ITEM0010443,ORD006075,PROD00073,1,72379.2,69.8,63755.12
ITEM0010444,ORD006076,PROD00042,1,35297.34,3381.66,34037.52
ITEM0010445,ORD006076,PROD00284,1,3373.33,184.67,2312.7
ITEM0010446,ORD006077,PROD00431,1,7572.72,475.28,6036.0
ITEM0010447,ORD006077,PROD00388,1,6790.27,533.73,5493.0
ITEM0010448,ORD006078,PROD00492,1,23380.74,148.26,17646.75
ITEM0010449,ORD006078,PROD00482,2,36223.59,744.41,27726.0
ITEM0010450,ORD006079,PROD00112,1,16802.53,1157.47,15804.8
ITEM0010451,ORD006080,PROD00242,1,3441.27,169.73,2347.15
ITEM0010452,ORD006080,PROD00326,1,4134.11,86.89,2743.65
ITEM0010453,ORD006081,PROD00084,2,159508.35,179.65,140525.44
ITEM0010454,ORD006081,PROD00231,1,1176.32,27.68,782.6
ITEM0010455,ORD006081,PROD00334,3,51405.65,4445.35,41888.25
ITEM0010456,ORD006082,PROD00397,1,5041.72,324.28,4024.5
ITEM0010457,ORD006083,PROD00364,1,14938.7,1458.3,12297.75
ITEM0010458,ORD006083,PROD00410,1,22365.38,2363.62,18546.75
ITEM0010459,ORD006083,PROD00365,1,13980.82,1541.18,11641.5
ITEM0010460,ORD006084,PROD00033,1,51538.52,3124.48,48103.44
ITEM0010461,ORD006084,PROD00455,2,37107.03,1462.97,28927.5
ITEM0010462,ORD006084,PROD00144,1,59993.38,3371.62,55761.2
ITEM0010463,ORD006085,PROD00378,2,17829.74,624.26,13840.5
ITEM0010464,ORD006085,PROD00262,1,2436.48,105.52,1652.3
ITEM0010465,ORD006086,PROD00298,1,2062.18,145.82,1435.2
ITEM0010466,ORD006087,PROD00444,1,10968.88,174.12,8357.25
ITEM0010467,ORD006088,PROD00428,2,19413.9,418.1,14874.0
ITEM0010468,ORD006089,PROD00238,1,3231.3,193.7,2226.25
ITEM0010469,ORD006090,PROD00004,1,11561.16,1642.84,11619.52
ITEM0010470,ORD006091,PROD00076,1,56175.64,8831.36,57206.16
ITEM0010471,ORD006091,PROD00377,1,1359.93,96.07,1092.0
ITEM0010472,ORD006092,PROD00155,1,50385.41,3591.59,47499.76
ITEM0010473,ORD006092,PROD00457,1,5772.58,175.42,4461.0
ITEM0010474,ORD006093,PROD00409,1,1929.16,211.84,1605.75
ITEM0010475,ORD006094,PROD00457,1,5643.31,304.69,4461.0
ITEM0010476,ORD006095,PROD00417,3,26684.99,2712.01,22047.75
ITEM0010477,ORD006096,PROD00026,1,41020.79,2322.21,38141.84
ITEM0010478,ORD006096,PROD00206,1,2093.8,90.2,1419.6
ITEM0010479,ORD006097,PROD00219,1,2440.97,41.03,1613.3
ITEM0010480,ORD006097,PROD00283,1,790.44,60.56,553.15
ITEM0010481,ORD006097,PROD00437,2,44120.5,33.5,33115.5
ITEM0010482,ORD006097,PROD00419,1,3104.96,67.04,2379.0
ITEM0010483,ORD006098,PROD00096,1,70935.34,4687.66,66548.24
ITEM0010484,ORD006098,PROD00310,1,2974.12,121.88,2012.4
ITEM0010485,ORD006099,PROD00399,1,9561.21,105.79,7250.25
ITEM0010486,ORD006099,PROD00278,1,3182.16,59.84,2107.3
ITEM0010487,ORD006100,PROD00437,1,22025.85,51.15,16557.75
ITEM0010488,ORD006101,PROD00273,1,762.51,23.49,510.9
ITEM0010489,ORD006101,PROD00250,2,8176.7,547.3,5670.6
ITEM0010490,ORD006102,PROD00257,1,3882.12,72.88,2570.75
ITEM0010491,ORD006102,PROD00343,1,20308.89,1721.11,16522.5
ITEM0010492,ORD006103,PROD00175,1,1441.59,87.41,993.85
ITEM0010493,ORD006103,PROD00079,1,26044.9,1328.1,24088.24
ITEM0010494,ORD006103,PROD00251,1,4279.39,202.61,2913.3
ITEM0010495,ORD006104,PROD00363,1,17445.85,1523.15,14226.75
ITEM0010496,ORD006105,PROD00256,2,9669.34,254.66,6450.6
ITEM0010497,ORD006105,PROD00364,1,16070.02,326.98,12297.75
ITEM0010498,ORD006106,PROD00294,1,2466.47,196.53,1730.95
ITEM0010499,ORD006106,PROD00071,1,50646.22,5453.78,49368.0
ITEM0010500,ORD006106,PROD00175,1,1425.54,103.46,993.85
ITEM0010501,ORD006107,PROD00088,1,64500.28,8435.72,64183.68
ITEM0010502,ORD006108,PROD00386,1,4659.97,33.03,3519.75
ITEM0010503,ORD006109,PROD00317,1,3680.61,113.39,2466.1
ITEM0010504,ORD006109,PROD00297,1,3854.85,83.15,2559.7
ITEM0010505,ORD006110,PROD00309,1,2195.75,187.25,1548.95
ITEM0010506,ORD006111,PROD00405,2,12563.16,602.84,9874.5
ITEM0010507,ORD006112,PROD00147,2,104488.73,2609.27,94246.24
ITEM0010508,ORD006113,PROD00020,1,76925.88,2067.12,69513.84
ITEM0010509,ORD006113,PROD00110,2,74397.7,4464.3,69398.56
ITEM0010510,ORD006113,PROD00053,1,69840.29,7786.71,68311.76
ITEM0010511,ORD006114,PROD00220,1,955.88,38.12,646.1
ITEM0010512,ORD006115,PROD00204,2,9109.06,588.94,6303.7
ITEM0010513,ORD006115,PROD00202,1,1018.5,51.5,695.5
ITEM0010514,ORD006116,PROD00101,2,129816.69,21857.31,133473.12
ITEM0010515,ORD006116,PROD00302,1,1262.67,76.33,870.35
ITEM0010516,ORD006116,PROD00072,1,36349.39,4948.61,36342.24
ITEM0010517,ORD006117,PROD00001,1,61705.55,283.45,54550.32
ITEM0010518,ORD006118,PROD00413,1,14816.09,935.91,11814.0
ITEM0010519,ORD006119,PROD00048,1,7564.12,1235.88,7744.0
ITEM0010520,ORD006119,PROD00199,1,4103.73,172.27,2779.4
ITEM0010521,ORD006119,PROD00039,3,85135.19,12400.81,85831.68
ITEM0010522,ORD006120,PROD00179,1,2959.43,121.57,2002.65
ITEM0010523,ORD006120,PROD00442,1,22681.44,1733.56,18311.25
ITEM0010524,ORD006121,PROD00457,1,5549.02,398.98,4461.0
ITEM0010525,ORD006121,PROD00338,1,4936.44,102.56,3779.25
ITEM0010526,ORD006122,PROD00238,1,3258.38,166.62,2226.25
ITEM0010527,ORD006122,PROD00280,1,2871.99,82.01,1920.1
ITEM0010528,ORD006123,PROD00351,1,23551.29,1068.71,18465.0
ITEM0010529,ORD006123,PROD00266,1,1134.79,38.21,762.45
ITEM0010530,ORD006124,PROD00085,1,49183.77,1498.23,44600.16
ITEM0010531,ORD006124,PROD00385,3,58684.74,5527.26,48159.0
ITEM0010532,ORD006125,PROD00245,1,3462.91,255.09,2416.7
ITEM0010533,ORD006126,PROD00133,1,15442.78,293.22,13847.68
ITEM0010534,ORD006127,PROD00235,1,2421.69,39.31,1599.65
ITEM0010535,ORD006128,PROD00212,1,2175.59,101.41,1480.05
ITEM0010536,ORD006129,PROD00211,1,1075.82,70.18,744.9
ITEM0010537,ORD006130,PROD00325,1,4546.72,123.28,3035.5
ITEM0010538,ORD006130,PROD00349,2,24987.12,2160.88,20361.0
ITEM0010539,ORD006130,PROD00241,2,2639.67,18.33,1727.7
ITEM0010540,ORD006131,PROD00328,1,2885.85,234.15,2028.0
ITEM0010541,ORD006132,PROD00061,1,22895.17,3563.83,23283.92
ITEM0010542,ORD006132,PROD00348,1,4423.73,38.27,3346.5
ITEM0010543,ORD006132,PROD00199,1,4089.27,186.73,2779.4
ITEM0010544,ORD006132,PROD00109,1,40483.79,3739.21,38916.24
ITEM0010545,ORD006133,PROD00265,1,4579.19,189.81,3099.85
ITEM0010546,ORD006133,PROD00434,3,36319.39,3172.61,29619.0
ITEM0010547,ORD006134,PROD00341,1,7243.84,196.16,5580.0
ITEM0010548,ORD006134,PROD00262,1,2499.17,42.83,1652.3
ITEM0010549,ORD006134,PROD00229,1,3871.33,317.67,2722.85
ITEM0010550,ORD006135,PROD00034,2,51709.85,910.15,46305.6
ITEM0010551,ORD006135,PROD00203,1,3172.13,138.87,2152.15
ITEM0010552,ORD006136,PROD00321,1,1858.08,59.92,1246.7
ITEM0010553,ORD006136,PROD00494,1,7636.05,411.95,6036.0
ITEM0010554,ORD006136,PROD00303,1,2489.74,166.26,1726.4
ITEM0010555,ORD006137,PROD00356,1,18945.22,1408.78,15265.5
ITEM0010556,ORD006138,PROD00104,1,13851.29,1889.71,13852.08
ITEM0010557,ORD006138,PROD00375,1,15787.9,773.1,12420.75
ITEM0010558,ORD006138,PROD00372,1,7517.75,509.25,6020.25
ITEM0010559,ORD006139,PROD00098,2,40980.56,5105.44,40555.68
ITEM0010560,ORD006139,PROD00104,2,27790.46,3691.54,27704.16
ITEM0010561,ORD006140,PROD00150,1,74033.93,4402.07,69023.68
ITEM0010562,ORD006140,PROD00255,1,1657.78,139.22,1168.05
ITEM0010563,ORD006141,PROD00231,1,1121.56,82.44,782.6
ITEM0010564,ORD006141,PROD00395,1,5129.93,55.07,3888.75
ITEM0010565,ORD006142,PROD00402,1,8700.57,883.43,7188.0
ITEM0010566,ORD006143,PROD00385,1,20942.81,461.19,16053.0
ITEM0010567,ORD006143,PROD00242,1,3376.99,234.01,2347.15
ITEM0010568,ORD006144,PROD00307,2,2733.04,166.96,1885.0
ITEM0010569,ORD006144,PROD00086,1,67528.93,5615.07,64366.72
ITEM0010570,ORD006145,PROD00068,1,39543.47,3137.53,37559.28
ITEM0010571,ORD006146,PROD00025,3,82121.19,6798.81,78249.6
ITEM0010572,ORD006147,PROD00302,3,3726.33,290.67,2611.05
ITEM0010573,ORD006148,PROD00249,2,4679.07,250.93,3204.5
ITEM0010574,ORD006149,PROD00094,2,122804.64,2827.36,110556.16
ITEM0010575,ORD006149,PROD00336,1,5182.9,266.1,4086.75
ITEM0010576,ORD006150,PROD00046,1,43649.8,6105.2,43784.4
ITEM0010577,ORD006151,PROD00355,1,7390.39,433.61,5868.0
ITEM0010578,ORD006151,PROD00250,1,4023.35,338.65,2835.3
ITEM0010579,ORD006152,PROD00381,1,22469.78,2039.22,18381.75
ITEM0010580,ORD006153,PROD00078,1,56496.41,5917.59,54924.32
ITEM0010581,ORD006154,PROD00213,1,3281.46,74.54,2181.4
ITEM0010582,ORD006155,PROD00264,1,1798.98,151.02,1267.5
ITEM0010583,ORD006155,PROD00379,2,8044.92,133.08,6133.5
ITEM0010584,ORD006156,PROD00066,1,62964.13,10463.87,64616.64
ITEM0010585,ORD006157,PROD00456,2,30729.93,2376.07,24829.5
ITEM0010586,ORD006157,PROD00176,1,4335.62,49.38,2850.25
ITEM0010587,ORD006158,PROD00366,1,21543.4,817.6,16770.75
ITEM0010588,ORD006158,PROD00351,3,72899.11,960.89,55395.0
ITEM0010589,ORD006159,PROD00428,1,9802.24,113.76,7437.0
ITEM0010590,ORD006160,PROD00317,1,3612.94,181.06,2466.1
ITEM0010591,ORD006160,PROD00439,1,2923.57,25.43,2211.75
ITEM0010592,ORD006161,PROD00492,1,21874.65,1654.35,17646.75
ITEM0010593,ORD006161,PROD00213,1,3252.75,103.25,2181.4
ITEM0010594,ORD006162,PROD00175,1,1493.25,35.75,993.85
ITEM0010595,ORD006163,PROD00042,1,34834.83,3844.17,34037.52
ITEM0010596,ORD006163,PROD00488,1,12846.11,689.89,10152.0
ITEM0010597,ORD006164,PROD00365,1,14997.78,524.22,11641.5
ITEM0010598,ORD006164,PROD00373,2,27916.47,605.53,21391.5
ITEM0010599,ORD006164,PROD00239,2,6537.46,142.54,4342.0
ITEM0010600,ORD006164,PROD00135,1,68000.35,1445.65,61112.48
ITEM0010601,ORD006165,PROD00009,1,41128.04,3943.96,39663.36
ITEM0010602,ORD006165,PROD00042,2,75210.83,2147.17,68075.04
ITEM0010603,ORD006166,PROD00214,2,9056.41,293.59,6077.5
ITEM0010604,ORD006166,PROD00335,1,15653.86,212.14,11899.5
ITEM0010605,ORD006166,PROD00469,1,5715.22,7.78,4292.25
ITEM0010606,ORD006166,PROD00125,3,23538.7,3131.3,23469.6
ITEM0010607,ORD006167,PROD00091,1,26087.27,2393.73,25063.28
ITEM0010608,ORD006167,PROD00362,1,7158.66,576.34,5801.25
ITEM0010609,ORD006168,PROD00038,1,29404.56,5018.44,30292.24
ITEM0010610,ORD006168,PROD00402,1,9344.97,239.03,7188.0
ITEM0010611,ORD006169,PROD00346,1,17417.02,1930.98,14511.0
ITEM0010612,ORD006170,PROD00199,1,4026.48,249.52,2779.4
ITEM0010613,ORD006171,PROD00266,2,2218.72,127.28,1524.9
ITEM0010614,ORD006172,PROD00341,1,7056.05,383.95,5580.0
ITEM0010615,ORD006173,PROD00330,1,1364.25,51.75,920.4
ITEM0010616,ORD006174,PROD00439,1,2855.67,93.33,2211.75
ITEM0010617,ORD006174,PROD00109,1,43481.21,741.79,38916.24
ITEM0010618,ORD006175,PROD00267,2,7156.93,31.07,4672.2
ITEM0010619,ORD006176,PROD00069,3,81526.97,397.03,72093.12
ITEM0010620,ORD006176,PROD00230,1,2376.76,140.24,1636.05
ITEM0010621,ORD006177,PROD00475,1,21121.4,1035.6,16617.75
ITEM0010622,ORD006177,PROD00395,2,10094.1,275.9,7777.5
ITEM0010623,ORD006177,PROD00218,1,3199.1,193.9,2205.45
ITEM0010624,ORD006178,PROD00300,2,2988.54,211.46,2080.0
ITEM0010625,ORD006178,PROD00078,1,55212.58,7201.42,54924.32
ITEM0010626,ORD006178,PROD00415,1,5325.09,63.91,4041.75
ITEM0010627,ORD006179,PROD00398,2,23844.48,1005.52,18637.5
ITEM0010628,ORD006179,PROD00013,1,43701.3,4215.7,42166.96
ITEM0010629,ORD006180,PROD00398,3,36436.67,838.33,27956.25
ITEM0010630,ORD006181,PROD00043,1,53177.17,1114.83,47776.96
ITEM0010631,ORD006182,PROD00258,1,3357.86,240.14,2338.7
ITEM0010632,ORD006182,PROD00422,1,23778.99,397.01,18132.0
ITEM0010633,ORD006182,PROD00430,3,55540.03,3001.97,43906.5
ITEM0010634,ORD006182,PROD00047,1,11302.12,599.88,10473.76
ITEM0010635,ORD006183,PROD00063,1,14104.11,2034.89,14202.32
ITEM0010636,ORD006184,PROD00484,1,2492.15,198.85,2018.25
ITEM0010637,ORD006185,PROD00371,1,8600.54,67.46,6501.0
ITEM0010638,ORD006186,PROD00005,1,40014.56,6070.44,40554.8
ITEM0010639,ORD006186,PROD00081,1,50706.92,2912.08,47184.72
ITEM0010640,ORD006187,PROD00145,1,64068.93,2274.07,58381.84
ITEM0010641,ORD006188,PROD00390,1,21797.75,72.25,16402.5
ITEM0010642,ORD006189,PROD00463,1,6608.59,398.41,5255.25
ITEM0010643,ORD006190,PROD00334,2,34746.86,2487.14,27925.5
ITEM0010644,ORD006190,PROD00009,1,40377.6,4694.4,39663.36
ITEM0010645,ORD006191,PROD00459,1,8980.22,399.78,7035.0
ITEM0010646,ORD006191,PROD00259,1,3789.95,67.05,2507.05
ITEM0010647,ORD006192,PROD00479,1,14403.84,332.16,11052.0
ITEM0010648,ORD006193,PROD00427,1,23020.18,1052.82,18054.75
ITEM0010649,ORD006193,PROD00224,2,5975.43,294.57,4075.5
ITEM0010650,ORD006193,PROD00207,3,9974.95,840.05,7029.75
ITEM0010651,ORD006193,PROD00121,1,17294.13,1442.87,16488.56
ITEM0010652,ORD006194,PROD00211,1,1110.36,35.64,744.9
ITEM0010653,ORD006194,PROD00139,1,46625.59,2487.41,43219.44
ITEM0010654,ORD006195,PROD00269,1,2586.71,13.29,1690.0
ITEM0010655,ORD006195,PROD00078,1,54317.64,8096.36,54924.32
ITEM0010656,ORD006196,PROD00108,1,65462.05,8889.95,65429.76
ITEM0010657,ORD006197,PROD00423,1,22806.6,807.4,17710.5
ITEM0010658,ORD006198,PROD00025,1,27388.49,2251.51,26083.2
ITEM0010659,ORD006199,PROD00334,1,17958.05,658.95,13962.75
ITEM0010660,ORD006199,PROD00486,2,13903.27,706.73,10957.5
ITEM0010661,ORD006200,PROD00372,1,7583.4,443.6,6020.25
ITEM0010662,ORD006200,PROD00090,1,10209.7,1519.3,10321.52
ITEM0010663,ORD006200,PROD00116,1,59947.12,10108.88,61649.28
ITEM0010664,ORD006201,PROD00481,1,4260.38,274.62,3401.25
ITEM0010665,ORD006202,PROD00162,1,6380.19,177.81,5771.04
ITEM0010666,ORD006203,PROD00191,1,1440.47,66.53,979.55
ITEM0010667,ORD006204,PROD00342,1,1677.14,19.86,1272.75
ITEM0010668,ORD006205,PROD00334,3,53246.38,2604.62,41888.25
ITEM0010669,ORD006205,PROD00077,2,100716.74,6461.26,94316.64
ITEM0010670,ORD006206,PROD00095,1,59377.39,6276.61,57775.52
ITEM0010671,ORD006207,PROD00383,2,39878.13,1773.87,31239.0
ITEM0010672,ORD006208,PROD00272,1,1071.06,55.94,732.55
ITEM0010673,ORD006209,PROD00404,1,21330.0,1139.0,16851.75
ITEM0010674,ORD006210,PROD00465,1,13087.1,140.9,9921.0
ITEM0010675,ORD006210,PROD00390,2,42435.27,1304.73,32805.0
ITEM0010676,ORD006210,PROD00421,2,5689.85,18.15,4281.0
ITEM0010677,ORD006211,PROD00219,1,2306.1,175.9,1613.3
ITEM0010678,ORD006211,PROD00128,2,141306.44,493.56,124784.0
ITEM0010679,ORD006212,PROD00288,1,4713.5,265.5,3236.35
ITEM0010680,ORD006212,PROD00092,1,23331.37,471.63,20946.64
ITEM0010681,ORD006213,PROD00396,1,12689.04,1282.96,10479.0
ITEM0010682,ORD006213,PROD00011,1,43391.8,4431.2,42084.24
ITEM0010683,ORD006214,PROD00314,2,1619.65,114.35,1127.1
ITEM0010684,ORD006215,PROD00306,1,3882.27,330.73,2738.45
ITEM0010685,ORD006215,PROD00444,1,10572.38,570.62,8357.25
ITEM0010686,ORD006215,PROD00365,1,14983.6,538.4,11641.5
ITEM0010687,ORD006216,PROD00017,1,10406.56,1146.44,10166.64
ITEM0010688,ORD006217,PROD00047,1,10518.89,1383.11,10473.76
ITEM0010689,ORD006217,PROD00466,1,3347.93,212.07,2670.0
ITEM0010690,ORD006218,PROD00350,1,9871.31,7.69,7409.25
ITEM0010691,ORD006218,PROD00162,2,11441.2,1674.8,11542.08
ITEM0010692,ORD006219,PROD00129,1,49216.11,572.89,43814.32
ITEM0010693,ORD006220,PROD00175,1,1488.1,40.9,993.85
ITEM0010694,ORD006220,PROD00185,2,1944.61,21.39,1277.9
ITEM0010695,ORD006221,PROD00355,3,21142.35,2329.65,17604.0
ITEM0010696,ORD006222,PROD00098,1,21420.61,1622.39,20277.84
ITEM0010697,ORD006222,PROD00368,1,16890.3,885.7,13332.0
ITEM0010698,ORD006223,PROD00256,1,4628.17,333.83,3225.3
ITEM0010699,ORD006223,PROD00474,3,67135.01,4075.99,53408.25
ITEM0010700,ORD006224,PROD00384,1,1347.33,60.67,1056.0
ITEM0010701,ORD006225,PROD00131,1,70195.64,5107.36,66266.64
ITEM0010702,ORD006226,PROD00202,1,1058.05,11.95,695.5
ITEM0010703,ORD006227,PROD00179,1,2966.4,114.6,2002.65
ITEM0010704,ORD006227,PROD00474,1,23418.38,318.62,17802.75
ITEM0010705,ORD006227,PROD00395,1,4835.24,349.76,3888.75
ITEM0010706,ORD006228,PROD00171,1,1101.98,51.02,749.45
ITEM0010707,ORD006229,PROD00247,1,1496.31,100.69,1038.05
ITEM0010708,ORD006229,PROD00362,1,7523.48,211.52,5801.25
ITEM0010709,ORD006229,PROD00209,3,4679.98,255.02,3207.75
ITEM0010710,ORD006230,PROD00246,2,1594.9,101.1,1102.4
ITEM0010711,ORD006231,PROD00180,3,9680.03,408.97,6557.85
ITEM0010712,ORD006232,PROD00347,1,4495.17,430.83,3694.5
ITEM0010713,ORD006232,PROD00413,1,14761.66,990.34,11814.0
ITEM0010714,ORD006233,PROD00135,1,65212.12,4233.88,61112.48
ITEM0010715,ORD006234,PROD00429,2,8041.53,492.47,6400.5
ITEM0010716,ORD006234,PROD00210,2,8058.55,147.45,5333.9
ITEM0010717,ORD006235,PROD00208,1,3543.14,249.86,2465.45
ITEM0010718,ORD006235,PROD00466,3,9883.86,796.14,8010.0
ITEM0010719,ORD006235,PROD00043,1,50471.22,3820.78,47776.96
ITEM0010720,ORD006235,PROD00137,1,14205.06,1251.94,13602.16
ITEM0010721,ORD006236,PROD00351,1,22552.27,2067.73,18465.0
ITEM0010722,ORD006237,PROD00299,1,3647.5,310.5,2572.7
ITEM0010723,ORD006237,PROD00166,1,3655.32,76.68,2425.8
ITEM0010724,ORD006238,PROD00404,1,20669.01,1799.99,16851.75
ITEM0010725,ORD006238,PROD00443,1,20535.01,653.99,15891.75
ITEM0010726,ORD006239,PROD00421,1,2828.63,25.37,2140.5
ITEM0010727,ORD006239,PROD00493,1,13114.45,385.55,10125.0
ITEM0010728,ORD006239,PROD00259,1,3668.41,188.59,2507.05
ITEM0010729,ORD006240,PROD00065,1,57454.87,1231.13,51643.68
ITEM0010730,ORD006240,PROD00379,1,4061.58,27.42,3066.75
ITEM0010731,ORD006241,PROD00031,1,61712.2,6095.8,59671.04
ITEM0010732,ORD006241,PROD00038,1,31643.29,2779.71,30292.24
ITEM0010733,ORD006242,PROD00401,1,2122.36,171.64,1720.5
ITEM0010734,ORD006242,PROD00156,1,14307.1,2413.9,14714.48
ITEM0010735,ORD006243,PROD00207,1,3336.15,268.85,2343.25
ITEM0010736,ORD006243,PROD00424,1,16363.28,847.72,12908.25
ITEM0010737,ORD006243,PROD00037,1,45148.22,534.78,40201.04
ITEM0010738,ORD006244,PROD00219,1,2473.3,8.7,1613.3
ITEM0010739,ORD006244,PROD00366,1,21393.85,967.15,16770.75
ITEM0010740,ORD006245,PROD00051,1,10083.55,1236.45,9961.6
ITEM0010741,ORD006245,PROD00233,1,3598.3,61.7,2379.0
ITEM0010742,ORD006245,PROD00399,1,9638.42,28.58,7250.25
ITEM0010743,ORD006245,PROD00237,1,1919.89,103.11,1314.95
ITEM0010744,ORD006246,PROD00322,2,8637.93,646.07,6034.6
ITEM0010745,ORD006246,PROD00312,1,658.74,18.26,440.05
ITEM0010746,ORD006247,PROD00098,1,20387.0,2656.0,20277.84
ITEM0010747,ORD006247,PROD00024,1,65043.56,2656.44,59576.0
ITEM0010748,ORD006248,PROD00098,1,20036.14,3006.86,20277.84
ITEM0010749,ORD006249,PROD00367,1,12142.87,625.13,9576.0
ITEM0010750,ORD006250,PROD00298,1,2048.04,159.96,1435.2
ITEM0010751,ORD006251,PROD00171,1,1112.77,40.23,749.45
ITEM0010752,ORD006251,PROD00401,1,2234.34,59.66,1720.5
ITEM0010753,ORD006251,PROD00178,1,1586.58,14.42,1040.65
ITEM0010754,ORD006251,PROD00133,1,14204.69,1531.31,13847.68
ITEM0010755,ORD006252,PROD00312,1,674.22,2.78,440.05
ITEM0010756,ORD006252,PROD00172,1,551.73,33.27,380.25
ITEM0010757,ORD006253,PROD00253,1,4038.35,204.65,2757.95
ITEM0010758,ORD006254,PROD00234,1,3530.72,45.28,2324.4
ITEM0010759,ORD006255,PROD00353,1,7228.41,426.59,5741.25
ITEM0010760,ORD006256,PROD00389,3,51855.28,1538.72,40045.5
ITEM0010761,ORD006257,PROD00214,3,13672.39,352.61,9116.25
ITEM0010762,ORD006258,PROD00230,2,4818.63,215.37,3272.1
ITEM0010763,ORD006258,PROD00328,1,2894.85,225.15,2028.0
ITEM0010764,ORD006259,PROD00280,1,2860.95,93.05,1920.1
ITEM0010765,ORD006259,PROD00061,1,23322.82,3136.18,23283.92
ITEM0010766,ORD006259,PROD00266,2,2324.95,21.05,1524.9
ITEM0010767,ORD006260,PROD00361,1,16440.74,727.26,12876.0
ITEM0010768,ORD006261,PROD00433,1,9399.54,471.46,7403.25
ITEM0010769,ORD006261,PROD00008,1,61391.54,1957.46,55747.12
ITEM0010770,ORD006262,PROD00085,1,46672.91,4009.09,44600.16
ITEM0010771,ORD006262,PROD00314,1,817.8,49.2,563.55
ITEM0010772,ORD006262,PROD00269,1,2454.86,145.14,1690.0
ITEM0010773,ORD006263,PROD00351,1,22843.69,1776.31,18465.0
ITEM0010774,ORD006264,PROD00199,1,4146.36,129.64,2779.4
ITEM0010775,ORD006264,PROD00326,1,4000.45,220.55,2743.65
ITEM0010776,ORD006265,PROD00362,1,7328.35,406.65,5801.25
ITEM0010777,ORD006265,PROD00415,1,5343.19,45.81,4041.75
ITEM0010778,ORD006266,PROD00124,3,89845.89,10732.11,88508.64
ITEM0010779,ORD006267,PROD00390,2,39607.88,4132.12,32805.0
ITEM0010780,ORD006268,PROD00298,1,2197.75,10.25,1435.2
ITEM0010781,ORD006268,PROD00136,1,72717.28,2899.72,66542.96
ITEM0010782,ORD006269,PROD00079,1,23607.95,3765.05,24088.24
ITEM0010783,ORD006269,PROD00068,1,39153.62,3527.38,37559.28
ITEM0010784,ORD006270,PROD00160,1,6915.84,792.16,6783.04
ITEM0010785,ORD006270,PROD00082,1,63395.97,5865.03,60949.68
ITEM0010786,ORD006270,PROD00073,1,67105.87,5343.13,63755.12
ITEM0010787,ORD006271,PROD00119,1,51277.45,4999.55,49523.76
ITEM0010788,ORD006272,PROD00242,2,6895.15,326.85,4694.3
ITEM0010789,ORD006272,PROD00406,1,7839.95,783.05,6467.25
ITEM0010790,ORD006273,PROD00017,1,11053.13,499.87,10166.64
ITEM0010791,ORD006274,PROD00169,2,2840.12,155.88,1947.4
ITEM0010792,ORD006274,PROD00397,1,4846.23,519.77,4024.5
ITEM0010793,ORD006274,PROD00009,3,118101.78,17114.22,118990.08
ITEM0010794,ORD006275,PROD00060,1,44725.82,4888.18,43660.32
ITEM0010795,ORD006276,PROD00057,3,20917.6,751.4,19068.72
ITEM0010796,ORD006276,PROD00062,1,16315.0,1163.0,15380.64
ITEM0010797,ORD006276,PROD00400,3,19077.32,323.68,14550.75
ITEM0010798,ORD006277,PROD00324,1,2737.77,41.23,1806.35
ITEM0010799,ORD006277,PROD00167,1,612.86,50.14,430.95
ITEM0010800,ORD006277,PROD00236,1,4388.95,103.05,2919.8
ITEM0010801,ORD006278,PROD00027,1,41584.16,12.84,36605.36
ITEM0010802,ORD006278,PROD00396,1,12850.54,1121.46,10479.0
ITEM0010803,ORD006278,PROD00051,1,10524.95,795.05,9961.6
ITEM0010804,ORD006278,PROD00101,2,132980.37,18693.63,133473.12
ITEM0010805,ORD006279,PROD00058,1,65298.62,9338.38,65680.56
ITEM0010806,ORD006280,PROD00051,1,10422.14,897.86,9961.6
ITEM0010807,ORD006280,PROD00220,2,1869.83,118.17,1292.2
ITEM0010808,ORD006280,PROD00130,1,53078.51,8860.49,54506.32
ITEM0010809,ORD006280,PROD00334,1,17155.55,1461.45,13962.75
ITEM0010810,ORD006281,PROD00421,1,2629.19,224.81,2140.5
ITEM0010811,ORD006282,PROD00425,1,22575.2,1016.8,17694.0
ITEM0010812,ORD006283,PROD00291,1,4412.37,104.63,2936.05
ITEM0010813,ORD006283,PROD00098,1,21868.79,1174.21,20277.84
ITEM0010814,ORD006283,PROD00420,1,1483.79,160.21,1233.0
ITEM0010815,ORD006284,PROD00193,1,2791.89,29.11,1833.65
ITEM0010816,ORD006285,PROD00010,3,171929.06,3735.94,154585.2
ITEM0010817,ORD006286,PROD00167,1,646.85,16.15,430.95
ITEM0010818,ORD006287,PROD00256,1,4909.65,52.35,3225.3
ITEM0010819,ORD006287,PROD00452,2,3812.84,31.16,2883.0
ITEM0010820,ORD006287,PROD00092,1,20602.46,3200.54,20946.64
ITEM0010821,ORD006288,PROD00297,3,10935.87,878.13,7679.1
ITEM0010822,ORD006289,PROD00059,1,30716.33,4947.67,31384.32
ITEM0010823,ORD006290,PROD00438,1,3443.13,22.87,2599.5
ITEM0010824,ORD006291,PROD00161,1,63399.6,2506.4,57997.28
ITEM0010825,ORD006292,PROD00333,1,11604.88,164.12,8826.75
ITEM0010826,ORD006292,PROD00411,1,21550.69,825.31,16782.0
ITEM0010827,ORD006292,PROD00443,3,59897.78,3669.22,47675.25
ITEM0010828,ORD006293,PROD00171,1,1133.28,19.72,749.45
ITEM0010829,ORD006294,PROD00187,1,3120.11,66.89,2071.55
ITEM0010830,ORD006295,PROD00076,1,63142.32,1864.68,57206.16
ITEM0010831,ORD006295,PROD00482,1,17443.89,1040.11,13863.0
ITEM0010832,ORD006296,PROD00013,1,41848.15,6068.85,42166.96
ITEM0010833,ORD006297,PROD00326,1,4180.77,40.23,2743.65
ITEM0010834,ORD006298,PROD00119,2,95795.55,16758.45,99047.52
ITEM0010835,ORD006298,PROD00109,1,41672.54,2550.46,38916.24
ITEM0010836,ORD006299,PROD00383,1,20403.18,422.82,15619.5
ITEM0010837,ORD006299,PROD00428,1,9674.06,241.94,7437.0
ITEM0010838,ORD006300,PROD00042,1,34340.24,4338.76,34037.52
ITEM0010839,ORD006301,PROD00139,1,42490.9,6622.1,43219.44
ITEM0010840,ORD006302,PROD00338,1,4940.14,98.86,3779.25
ITEM0010841,ORD006303,PROD00463,2,13230.38,783.62,10510.5
ITEM0010842,ORD006304,PROD00187,1,3135.74,51.26,2071.55
ITEM0010843,ORD006305,PROD00341,1,7397.89,42.11,5580.0
ITEM0010844,ORD006305,PROD00493,1,13340.69,159.31,10125.0
ITEM0010845,ORD006306,PROD00176,1,4075.73,309.27,2850.25
ITEM0010846,ORD006306,PROD00450,2,34332.28,3317.72,28237.5
ITEM0010847,ORD006306,PROD00492,1,22123.46,1405.54,17646.75
ITEM0010848,ORD006307,PROD00001,1,53079.89,8909.11,54550.32
ITEM0010849,ORD006307,PROD00355,3,21804.11,1667.89,17604.0
ITEM0010850,ORD006308,PROD00483,1,19346.01,2030.99,16032.75
ITEM0010851,ORD006308,PROD00153,1,29800.14,2426.86,28359.76
ITEM0010852,ORD006309,PROD00258,1,3405.24,192.76,2338.7
ITEM0010853,ORD006309,PROD00305,1,2596.58,119.42,1765.4
ITEM0010854,ORD006309,PROD00211,1,1085.01,60.99,744.9
ITEM0010855,ORD006309,PROD00006,1,25327.72,3466.28,25338.72
ITEM0010856,ORD006310,PROD00183,1,3716.96,277.04,2596.1
ITEM0010857,ORD006311,PROD00207,1,3343.31,261.69,2343.25
ITEM0010858,ORD006311,PROD00494,1,7789.26,258.74,6036.0
ITEM0010859,ORD006312,PROD00232,1,3002.97,235.03,2104.7
ITEM0010860,ORD006313,PROD00362,1,7427.47,307.53,5801.25
ITEM0010861,ORD006313,PROD00065,1,50131.01,8554.99,51643.68
ITEM0010862,ORD006314,PROD00384,2,2676.69,139.31,2112.0
ITEM0010863,ORD006315,PROD00298,1,2116.25,91.75,1435.2
ITEM0010864,ORD006316,PROD00036,1,11847.15,1711.85,11931.92
ITEM0010865,ORD006317,PROD00127,1,65855.78,8371.22,65319.76
ITEM0010866,ORD006318,PROD00231,1,1118.51,85.49,782.6
ITEM0010867,ORD006319,PROD00370,1,24503.79,491.21,18746.25
ITEM0010868,ORD006319,PROD00156,1,14547.77,2173.23,14714.48
ITEM0010869,ORD006320,PROD00207,1,3422.65,182.35,2343.25
ITEM0010870,ORD006320,PROD00432,2,11927.41,528.59,9342.0
ITEM0010871,ORD006321,PROD00371,1,8278.19,389.81,6501.0
ITEM0010872,ORD006322,PROD00171,1,1087.06,65.94,749.45
ITEM0010873,ORD006323,PROD00440,1,21032.03,328.97,16020.75
ITEM0010874,ORD006324,PROD00127,1,70312.61,3914.39,65319.76
ITEM0010875,ORD006325,PROD00038,3,100804.54,2464.46,90876.72
ITEM0010876,ORD006326,PROD00165,2,39577.13,3592.87,37989.6
ITEM0010877,ORD006327,PROD00214,1,4371.78,303.22,3038.75
ITEM0010878,ORD006327,PROD00321,1,1789.75,128.25,1246.7
ITEM0010879,ORD006328,PROD00338,1,4592.7,446.3,3779.25
ITEM0010880,ORD006328,PROD00203,1,3104.51,206.49,2152.15
ITEM0010881,ORD006329,PROD00281,2,7162.05,547.95,5011.5
ITEM0010882,ORD006329,PROD00366,1,20525.1,1835.9,16770.75
ITEM0010883,ORD006330,PROD00263,1,2777.58,138.42,1895.4
ITEM0010884,ORD006331,PROD00360,1,15971.49,1649.51,13215.75
ITEM0010885,ORD006332,PROD00091,3,76525.12,8917.88,75189.84
ITEM0010886,ORD006332,PROD00458,1,12939.8,832.2,10329.0
ITEM0010887,ORD006333,PROD00089,1,17171.38,2398.62,17221.6
ITEM0010888,ORD006334,PROD00270,2,2102.54,21.46,1380.6
ITEM0010889,ORD006335,PROD00263,2,5379.35,452.65,3790.8
ITEM0010890,ORD006335,PROD00057,2,12741.31,1704.69,12712.48
ITEM0010891,ORD006335,PROD00451,1,15879.35,377.65,12192.75
ITEM0010892,ORD006336,PROD00188,1,4772.78,109.22,3173.3
ITEM0010893,ORD006336,PROD00303,1,2596.69,59.31,1726.4
ITEM0010894,ORD006337,PROD00228,1,2804.58,86.42,1879.15
ITEM0010895,ORD006337,PROD00101,1,71497.52,4339.48,66736.56
ITEM0010896,ORD006337,PROD00010,1,50986.43,7568.57,51528.4
ITEM0010897,ORD006337,PROD00224,1,3038.01,96.99,2037.75
ITEM0010898,ORD006338,PROD00436,1,18212.95,836.05,14286.75
ITEM0010899,ORD006339,PROD00080,1,67729.67,10806.33,69111.68
ITEM0010900,ORD006340,PROD00417,1,9664.25,134.75,7349.25
ITEM0010901,ORD006341,PROD00367,1,12548.83,219.17,9576.0
ITEM0010902,ORD006341,PROD00425,1,23500.4,91.6,17694.0
ITEM0010903,ORD006341,PROD00442,1,24014.21,400.79,18311.25
ITEM0010904,ORD006342,PROD00330,1,1376.94,39.06,920.4
ITEM0010905,ORD006343,PROD00340,2,19290.09,133.91,14568.0
ITEM0010906,ORD006344,PROD00353,1,7541.91,113.09,5741.25
ITEM0010907,ORD006345,PROD00172,1,565.28,19.72,380.25
ITEM0010908,ORD006345,PROD00184,3,2499.12,38.88,1649.7
ITEM0010909,ORD006346,PROD00314,1,851.1,15.9,563.55
ITEM0010910,ORD006346,PROD00425,1,22100.83,1491.17,17694.0
ITEM0010911,ORD006347,PROD00413,1,15588.45,163.55,11814.0
ITEM0010912,ORD006348,PROD00435,1,8300.96,569.04,6652.5
ITEM0010913,ORD006348,PROD00475,1,20733.97,1423.03,16617.75
ITEM0010914,ORD006349,PROD00473,1,9399.66,284.34,7263.0
ITEM0010915,ORD006350,PROD00016,2,134444.2,9735.8,126878.4
ITEM0010916,ORD006350,PROD00092,1,23173.67,629.33,20946.64
ITEM0010917,ORD006351,PROD00379,1,3911.11,177.89,3066.75
ITEM0010918,ORD006351,PROD00492,1,22181.56,1347.44,17646.75
ITEM0010919,ORD006352,PROD00423,1,23331.44,282.56,17710.5
ITEM0010920,ORD006353,PROD00410,2,46212.9,3245.1,37093.5
ITEM0010921,ORD006353,PROD00463,1,6473.19,533.81,5255.25
ITEM0010922,ORD006354,PROD00178,1,1528.75,72.25,1040.65
ITEM0010923,ORD006354,PROD00311,1,2145.93,85.07,1450.15
ITEM0010924,ORD006355,PROD00436,2,34571.66,3526.34,28573.5
ITEM0010925,ORD006355,PROD00404,1,22303.88,165.12,16851.75
ITEM0010926,ORD006355,PROD00222,1,3001.59,233.41,2102.75
ITEM0010927,ORD006356,PROD00061,1,23318.26,3140.74,23283.92
ITEM0010928,ORD006356,PROD00044,1,55908.2,5453.8,53998.56
ITEM0010929,ORD006356,PROD00265,1,4550.38,218.62,3099.85
ITEM0010930,ORD006357,PROD00369,1,7626.43,662.57,6216.75
ITEM0010931,ORD006358,PROD00221,3,1548.02,125.98,1088.1
ITEM0010932,ORD006359,PROD00058,2,131875.64,17398.36,131361.12
ITEM0010933,ORD006359,PROD00391,1,13657.77,1076.23,11050.5
ITEM0010934,ORD006359,PROD00400,1,6371.24,95.76,4850.25
ITEM0010935,ORD006360,PROD00108,1,70854.92,3497.08,65429.76
ITEM0010936,ORD006361,PROD00425,1,22839.69,752.31,17694.0
ITEM0010937,ORD006362,PROD00205,1,4270.18,293.82,2966.6
ITEM0010938,ORD006363,PROD00101,3,194005.59,33505.41,200209.68
ITEM0010939,ORD006363,PROD00059,1,31807.07,3856.93,31384.32
ITEM0010940,ORD006364,PROD00377,1,1313.67,142.33,1092.0
ITEM0010941,ORD006365,PROD00108,1,73353.45,998.55,65429.76
ITEM0010942,ORD006366,PROD00152,1,55720.37,4717.63,53185.44
ITEM0010943,ORD006367,PROD00431,3,22378.59,1765.41,18108.0
ITEM0010944,ORD006368,PROD00206,1,2136.41,47.59,1419.6
ITEM0010945,ORD006369,PROD00420,1,1634.48,9.52,1233.0
ITEM0010946,ORD006370,PROD00123,1,25030.7,3853.3,25417.92
ITEM0010947,ORD006370,PROD00348,2,8405.81,518.19,6693.0
ITEM0010948,ORD006371,PROD00307,1,1429.05,20.95,942.5
ITEM0010949,ORD006372,PROD00288,1,4776.76,202.24,3236.35
ITEM0010950,ORD006372,PROD00309,1,2217.71,165.29,1548.95
ITEM0010951,ORD006372,PROD00202,1,1029.62,40.38,695.5
ITEM0010952,ORD006373,PROD00404,2,43333.25,1604.75,33703.5
ITEM0010953,ORD006374,PROD00492,2,46592.39,465.61,35293.5
ITEM0010954,ORD006375,PROD00056,1,32572.07,2295.93,30683.84
ITEM0010955,ORD006375,PROD00122,1,15442.08,435.92,13972.64
ITEM0010956,ORD006376,PROD00407,1,3641.35,143.65,2838.75
ITEM0010957,ORD006376,PROD00474,1,21394.24,2342.76,17802.75
ITEM0010958,ORD006377,PROD00059,1,31303.98,4360.02,31384.32
ITEM0010959,ORD006378,PROD00073,1,64113.45,8335.55,63755.12
ITEM0010960,ORD006378,PROD00362,1,7351.79,383.21,5801.25
ITEM0010961,ORD006379,PROD00142,1,25578.14,1300.86,23653.52
ITEM0010962,ORD006379,PROD00004,1,11970.98,1233.02,11619.52
ITEM0010963,ORD006380,PROD00187,2,6277.44,96.56,4143.1
ITEM0010964,ORD006380,PROD00354,1,10402.25,593.75,8247.0
ITEM0010965,ORD006380,PROD00130,1,58006.77,3932.23,54506.32
ITEM0010966,ORD006381,PROD00036,3,37456.8,3220.2,35795.76
ITEM0010967,ORD006382,PROD00470,1,6674.17,404.83,5309.25
ITEM0010968,ORD006382,PROD00292,1,2154.36,98.64,1464.45
ITEM0010969,ORD006383,PROD00468,1,9988.45,793.55,8086.5
ITEM0010970,ORD006384,PROD00186,2,9029.07,670.93,6305.0
ITEM0010971,ORD006384,PROD00283,1,824.97,26.03,553.15
ITEM0010972,ORD006384,PROD00417,1,8908.26,890.74,7349.25
ITEM0010973,ORD006384,PROD00122,1,15743.58,134.42,13972.64
ITEM0010974,ORD006385,PROD00119,1,52611.24,3665.76,49523.76
ITEM0010975,ORD006385,PROD00424,1,17025.86,185.14,12908.25
ITEM0010976,ORD006386,PROD00465,1,12474.89,753.11,9921.0
ITEM0010977,ORD006386,PROD00227,3,9719.55,792.45,6832.8
ITEM0010978,ORD006387,PROD00046,1,47415.9,2339.1,43784.4
ITEM0010979,ORD006388,PROD00011,1,46212.84,1610.16,42084.24
ITEM0010980,ORD006389,PROD00468,1,10115.68,666.32,8086.5
ITEM0010981,ORD006390,PROD00161,1,60612.25,5293.75,57997.28
ITEM0010982,ORD006390,PROD00009,1,42102.12,2969.88,39663.36
ITEM0010983,ORD006391,PROD00490,2,27959.9,2326.1,22714.5
ITEM0010984,ORD006391,PROD00413,1,14613.32,1138.68,11814.0
ITEM0010985,ORD006392,PROD00470,1,6898.67,180.33,5309.25
ITEM0010986,ORD006392,PROD00233,1,3433.4,226.6,2379.0
ITEM0010987,ORD006393,PROD00283,1,784.49,66.51,553.15
ITEM0010988,ORD006394,PROD00489,1,16942.47,1287.53,13672.5
ITEM0010989,ORD006394,PROD00260,1,529.56,8.44,349.7
ITEM0010990,ORD006394,PROD00349,1,13362.27,211.73,10180.5
ITEM0010991,ORD006395,PROD00475,1,20727.35,1429.65,16617.75
ITEM0010992,ORD006396,PROD00210,1,4095.79,7.21,2666.95
ITEM0010993,ORD006397,PROD00223,1,4956.2,3.8,3224.0
ITEM0010994,ORD006397,PROD00218,1,3244.33,148.67,2205.45
ITEM0010995,ORD006398,PROD00113,1,38745.8,1102.2,35066.24
ITEM0010996,ORD006399,PROD00472,1,1449.05,8.95,1093.5
ITEM0010997,ORD006399,PROD00101,1,66317.19,9519.81,66736.56
ITEM0010998,ORD006400,PROD00219,2,4690.01,273.99,3226.6
ITEM0010999,ORD006401,PROD00068,1,37767.56,4913.44,37559.28
ITEM0011000,ORD006402,PROD00144,1,60113.99,3251.01,55761.2
ITEM0011001,ORD006402,PROD00476,1,22269.5,797.5,17300.25
ITEM0011002,ORD006403,PROD00219,1,2315.49,166.51,1613.3
ITEM0011003,ORD006404,PROD00247,3,4534.36,256.64,3114.15
ITEM0011004,ORD006405,PROD00375,1,16118.94,442.06,12420.75
ITEM0011005,ORD006406,PROD00082,1,67933.65,1327.35,60949.68
ITEM0011006,ORD006406,PROD00398,2,23759.51,1090.49,18637.5
ITEM0011007,ORD006407,PROD00216,1,2335.26,173.74,1630.85
ITEM0011008,ORD006407,PROD00397,1,5045.58,320.42,4024.5
ITEM0011009,ORD006408,PROD00055,1,60686.28,7187.72,59729.12
ITEM0011010,ORD006409,PROD00045,1,34107.59,5231.41,34618.32
ITEM0011011,ORD006410,PROD00184,1,792.65,53.35,549.9
ITEM0011012,ORD006411,PROD00443,1,20725.1,463.9,15891.75
ITEM0011013,ORD006412,PROD00382,1,1153.77,122.23,957.0
ITEM0011014,ORD006413,PROD00081,1,46907.15,6711.85,47184.72
ITEM0011015,ORD006414,PROD00334,1,17814.88,802.12,13962.75
ITEM0011016,ORD006415,PROD00414,1,15438.8,694.2,12099.75
ITEM0011017,ORD006415,PROD00285,2,2796.76,241.24,1974.7
ITEM0011018,ORD006415,PROD00140,1,6270.27,217.73,5709.44
ITEM0011019,ORD006415,PROD00280,1,2779.57,174.43,1920.1
ITEM0011020,ORD006416,PROD00163,1,44556.5,2178.5,41126.8
ITEM0011021,ORD006416,PROD00276,1,3102.61,45.39,2046.2
ITEM0011022,ORD006417,PROD00343,3,61009.85,5080.15,49567.5
ITEM0011023,ORD006417,PROD00272,1,1045.52,81.48,732.55
ITEM0011024,ORD006417,PROD00064,1,66479.7,9338.3,66719.84
ITEM0011025,ORD006418,PROD00262,1,2454.99,87.01,1652.3
ITEM0011026,ORD006418,PROD00040,1,54774.72,2136.28,50081.68
ITEM0011027,ORD006419,PROD00391,1,13906.77,827.23,11050.5
ITEM0011028,ORD006420,PROD00388,1,6746.34,577.66,5493.0
ITEM0011029,ORD006420,PROD00356,1,19861.88,492.12,15265.5
ITEM0011030,ORD006421,PROD00295,1,1563.41,105.59,1084.85
ITEM0011031,ORD006421,PROD00045,1,34092.07,5246.93,34618.32
ITEM0011032,ORD006422,PROD00490,3,42331.49,3097.51,34071.75
ITEM0011033,ORD006422,PROD00293,1,560.21,6.79,368.55
ITEM0011034,ORD006423,PROD00461,1,12984.91,1347.09,10749.0
ITEM0011035,ORD006423,PROD00230,1,2433.63,83.37,1636.05
ITEM0011036,ORD006424,PROD00058,1,74625.07,11.93,65680.56
ITEM0011037,ORD006424,PROD00436,1,17616.73,1432.27,14286.75
ITEM0011038,ORD006425,PROD00490,1,15047.37,95.63,11357.25
ITEM0011039,ORD006425,PROD00021,2,35689.43,2458.57,33570.24
ITEM0011040,ORD006426,PROD00161,1,56690.84,9215.16,57997.28
ITEM0011041,ORD006426,PROD00291,1,4401.24,115.76,2936.05
ITEM0011042,ORD006427,PROD00458,1,12901.85,870.15,10329.0
ITEM0011043,ORD006427,PROD00254,1,695.85,34.15,474.5
ITEM0011044,ORD006427,PROD00277,1,2021.05,155.95,1415.05
ITEM0011045,ORD006428,PROD00293,3,1610.84,90.16,1105.65
ITEM0011046,ORD006429,PROD00046,2,88741.07,10768.93,87568.8
ITEM0011047,ORD006430,PROD00306,1,3881.36,331.64,2738.45
ITEM0011048,ORD006431,PROD00439,1,2946.71,2.29,2211.75
ITEM0011049,ORD006432,PROD00377,1,1391.81,64.19,1092.0
ITEM0011050,ORD006433,PROD00210,1,3824.77,278.23,2666.95
ITEM0011051,ORD006434,PROD00248,1,4482.29,179.71,3030.3
ITEM0011052,ORD006434,PROD00019,2,127841.08,16344.92,126883.68
ITEM0011053,ORD006434,PROD00095,2,114705.27,16602.73,115551.04
ITEM0011054,ORD006434,PROD00399,2,18078.48,1255.52,14500.5
ITEM0011055,ORD006435,PROD00337,1,16123.28,963.72,12815.25
ITEM0011056,ORD006435,PROD00229,1,4098.71,90.29,2722.85
ITEM0011057,ORD006436,PROD00045,1,36805.15,2533.85,34618.32
ITEM0011058,ORD006436,PROD00230,1,2477.31,39.69,1636.05
ITEM0011059,ORD006437,PROD00349,1,12357.54,1216.46,10180.5
ITEM0011060,ORD006437,PROD00201,1,3642.38,137.62,2457.0
ITEM0011061,ORD006437,PROD00293,1,532.94,34.06,368.55
ITEM0011062,ORD006438,PROD00274,1,1273.27,84.73,882.7
ITEM0011063,ORD006439,PROD00010,1,56616.22,1938.78,51528.4
ITEM0011064,ORD006440,PROD00138,2,80355.11,1760.89,72262.08
ITEM0011065,ORD006440,PROD00026,2,83400.42,3285.58,76283.68
ITEM0011066,ORD006440,PROD00136,2,136307.3,14926.7,133085.92
ITEM0011067,ORD006441,PROD00216,1,2333.33,175.67,1630.85
ITEM0011068,ORD006442,PROD00136,1,70332.89,5284.11,66542.96
ITEM0011069,ORD006443,PROD00265,1,4694.34,74.66,3099.85
ITEM0011070,ORD006443,PROD00006,1,25466.67,3327.33,25338.72
ITEM0011071,ORD006444,PROD00237,1,1951.72,71.28,1314.95
ITEM0011072,ORD006444,PROD00232,1,3175.61,62.39,2104.7
ITEM0011073,ORD006445,PROD00302,1,1236.89,102.11,870.35
ITEM0011074,ORD006445,PROD00251,1,4328.65,153.35,2913.3
ITEM0011075,ORD006446,PROD00282,1,2525.81,149.19,1738.75
ITEM0011076,ORD006446,PROD00259,2,7103.31,610.69,5014.1
ITEM0011077,ORD006447,PROD00166,1,3646.41,85.59,2425.8
ITEM0011078,ORD006448,PROD00423,1,21383.4,2230.6,17710.5
ITEM0011079,ORD006448,PROD00338,3,14043.75,1073.25,11337.75
ITEM0011080,ORD006449,PROD00388,2,13908.25,739.75,10986.0
ITEM0011081,ORD006449,PROD00254,1,702.14,27.86,474.5
ITEM0011082,ORD006450,PROD00393,1,7029.13,74.87,5328.0
ITEM0011083,ORD006450,PROD00116,1,62965.64,7090.36,61649.28
ITEM0011084,ORD006450,PROD00222,1,3180.17,54.83,2102.75
ITEM0011085,ORD006451,PROD00168,1,1435.0,60.0,971.75
ITEM0011086,ORD006452,PROD00100,1,73959.7,353.3,65395.44
ITEM0011087,ORD006452,PROD00044,1,55517.96,5844.04,53998.56
ITEM0011088,ORD006452,PROD00270,1,1000.06,61.94,690.3
ITEM0011089,ORD006452,PROD00022,2,97338.61,6047.39,90979.68
ITEM0011090,ORD006453,PROD00410,1,24503.16,225.84,18546.75
ITEM0011091,ORD006453,PROD00457,2,11278.2,617.8,8922.0
ITEM0011092,ORD006454,PROD00390,1,21434.29,435.71,16402.5
ITEM0011093,ORD006455,PROD00447,1,5264.85,468.15,4299.75
ITEM0011094,ORD006456,PROD00089,3,54644.56,4065.44,51664.8
ITEM0011095,ORD006457,PROD00048,1,8122.84,677.16,7744.0
ITEM0011096,ORD006457,PROD00173,1,2422.74,113.26,1648.4
ITEM0011097,ORD006457,PROD00454,1,24041.63,884.37,18694.5
ITEM0011098,ORD006457,PROD00325,1,4398.55,271.45,3035.5
ITEM0011099,ORD006458,PROD00485,2,4267.49,54.51,3241.5
ITEM0011100,ORD006458,PROD00312,3,1946.13,84.87,1320.15
ITEM0011101,ORD006458,PROD00415,1,4955.31,433.69,4041.75
ITEM0011102,ORD006459,PROD00486,1,6892.33,412.67,5478.75
ITEM0011103,ORD006459,PROD00357,1,16635.93,875.07,13133.25
ITEM0011104,ORD006460,PROD00074,1,61951.73,10773.27,63998.0
ITEM0011105,ORD006460,PROD00298,1,2180.09,27.91,1435.2
ITEM0011106,ORD006461,PROD00054,1,46446.25,3154.75,43648.88
ITEM0011107,ORD006461,PROD00313,1,3800.52,72.48,2517.45
ITEM0011108,ORD006462,PROD00303,1,2619.03,36.97,1726.4
ITEM0011109,ORD006463,PROD00116,1,69005.8,1050.2,61649.28
ITEM0011110,ORD006463,PROD00312,1,661.77,15.23,440.05
ITEM0011111,ORD006464,PROD00144,1,59615.8,3749.2,55761.2
ITEM0011112,ORD006465,PROD00149,2,48200.73,545.27,42896.48
ITEM0011113,ORD006466,PROD00356,2,38594.27,2113.73,30531.0
ITEM0011114,ORD006466,PROD00183,1,3676.3,317.7,2596.1
ITEM0011115,ORD006466,PROD00109,1,41628.06,2594.94,38916.24
ITEM0011116,ORD006467,PROD00395,1,5081.66,103.34,3888.75
ITEM0011117,ORD006467,PROD00080,1,66897.85,11638.15,69111.68
ITEM0011118,ORD006467,PROD00419,1,3111.58,60.42,2379.0
ITEM0011119,ORD006468,PROD00115,1,52030.06,8734.94,53473.2
ITEM0011120,ORD006468,PROD00261,1,3250.36,59.64,2151.5
ITEM0011121,ORD006468,PROD00152,1,54571.1,5866.9,53185.44
ITEM0011122,ORD006469,PROD00214,3,13722.78,302.22,9116.25
ITEM0011123,ORD006470,PROD00105,2,114390.42,16751.58,115404.96
ITEM0011124,ORD006471,PROD00360,1,17325.56,295.44,13215.75
ITEM0011125,ORD006471,PROD00427,1,23442.82,630.18,18054.75
ITEM0011126,ORD006472,PROD00465,1,11945.48,1282.52,9921.0
ITEM0011127,ORD006473,PROD00164,1,27223.38,3355.62,26909.52
ITEM0011128,ORD006473,PROD00449,2,19000.66,1155.34,15117.0
ITEM0011129,ORD006473,PROD00157,1,41713.75,4322.25,40511.68
ITEM0011130,ORD006474,PROD00232,1,2994.54,243.46,2104.7
ITEM0011131,ORD006474,PROD00221,1,547.26,10.74,362.7
ITEM0011132,ORD006475,PROD00413,1,15635.08,116.92,11814.0
ITEM0011133,ORD006476,PROD00429,2,7722.96,811.04,6400.5
ITEM0011134,ORD006476,PROD00276,2,5827.32,468.68,4092.4
ITEM0011135,ORD006477,PROD00235,1,2272.23,188.77,1599.65
ITEM0011136,ORD006478,PROD00177,2,5962.54,73.46,3923.4
ITEM0011137,ORD006478,PROD00263,2,5589.58,242.42,3790.8
ITEM0011138,ORD006479,PROD00150,2,134912.87,21959.13,138047.36
ITEM0011139,ORD006479,PROD00199,3,12286.93,541.07,8338.2
ITEM0011140,ORD006480,PROD00249,1,2322.08,142.92,1602.25
ITEM0011141,ORD006480,PROD00274,1,1276.01,81.99,882.7
ITEM0011142,ORD006481,PROD00399,2,17557.37,1776.63,14500.5
ITEM0011143,ORD006482,PROD00475,1,21116.2,1040.8,16617.75
ITEM0011144,ORD006483,PROD00324,1,2621.3,157.7,1806.35
ITEM0011145,ORD006484,PROD00340,1,8823.05,888.95,7284.0
ITEM0011146,ORD006485,PROD00116,1,63623.89,6432.11,61649.28
ITEM0011147,ORD006485,PROD00291,1,4155.68,361.32,2936.05
ITEM0011148,ORD006485,PROD00273,1,737.88,48.12,510.9
ITEM0011149,ORD006485,PROD00024,2,128646.55,6753.45,119152.0
ITEM0011150,ORD006486,PROD00320,1,1877.66,44.34,1249.3
ITEM0011151,ORD006487,PROD00365,2,30370.73,673.27,23283.0
ITEM0011152,ORD006487,PROD00186,1,4729.55,120.45,3152.5
ITEM0011153,ORD006487,PROD00275,2,8214.59,351.41,5567.9
ITEM0011154,ORD006488,PROD00072,1,37279.63,4018.37,36342.24
ITEM0011155,ORD006488,PROD00185,1,919.61,63.39,638.95
ITEM0011156,ORD006488,PROD00037,1,45562.56,120.44,40201.04
ITEM0011157,ORD006488,PROD00272,1,1078.34,48.66,732.55
ITEM0011158,ORD006489,PROD00391,1,13283.25,1450.75,11050.5
ITEM0011159,ORD006490,PROD00273,1,740.0,46.0,510.9
ITEM0011160,ORD006490,PROD00041,1,21083.33,1814.67,20150.24
ITEM0011161,ORD006491,PROD00218,1,3351.08,41.92,2205.45
ITEM0011162,ORD006492,PROD00449,1,9460.24,617.76,7558.5
ITEM0011163,ORD006493,PROD00384,3,4177.56,46.44,3168.0
ITEM0011164,ORD006493,PROD00227,1,3349.71,154.29,2277.6
ITEM0011165,ORD006493,PROD00250,1,4232.38,129.62,2835.3
ITEM0011166,ORD006494,PROD00104,1,14359.45,1381.55,13852.08
ITEM0011167,ORD006494,PROD00051,3,28888.0,5072.0,29884.8
ITEM0011168,ORD006495,PROD00091,1,27968.71,512.29,25063.28
ITEM0011169,ORD006495,PROD00101,1,72889.04,2947.96,66736.56
ITEM0011170,ORD006496,PROD00492,2,46307.69,750.31,35293.5
ITEM0011171,ORD006497,PROD00218,1,3337.09,55.91,2205.45
ITEM0011172,ORD006498,PROD00231,1,1145.09,58.91,782.6
ITEM0011173,ORD006498,PROD00371,1,8440.98,227.02,6501.0
ITEM0011174,ORD006498,PROD00493,1,13227.02,272.98,10125.0
ITEM0011175,ORD006499,PROD00466,1,3486.81,73.19,2670.0
ITEM0011176,ORD006500,PROD00488,1,13369.7,166.3,10152.0
ITEM0011177,ORD006501,PROD00272,1,1067.78,59.22,732.55
ITEM0011178,ORD006501,PROD00471,1,9939.78,550.22,7867.5
ITEM0011179,ORD006502,PROD00031,1,63943.51,3864.49,59671.04
ITEM0011180,ORD006502,PROD00433,3,28972.0,641.0,22209.75
ITEM0011181,ORD006502,PROD00318,2,5100.23,159.77,3419.0
ITEM0011182,ORD006503,PROD00276,1,2986.97,161.03,2046.2
ITEM0011183,ORD006503,PROD00079,1,26873.29,499.71,24088.24
ITEM0011184,ORD006504,PROD00349,1,12880.94,693.06,10180.5
ITEM0011185,ORD006505,PROD00112,1,15744.12,2215.88,15804.8
ITEM0011186,ORD006505,PROD00184,1,788.04,57.96,549.9
ITEM0011187,ORD006506,PROD00145,1,58431.38,7911.62,58381.84
ITEM0011188,ORD006507,PROD00177,1,2862.39,155.61,1961.7
ITEM0011189,ORD006507,PROD00288,1,4825.31,153.69,3236.35
ITEM0011190,ORD006507,PROD00468,1,10365.39,416.61,8086.5
ITEM0011191,ORD006508,PROD00256,1,4784.52,177.48,3225.3
ITEM0011192,ORD006508,PROD00236,1,4215.6,276.4,2919.8
ITEM0011193,ORD006509,PROD00450,2,36711.55,938.45,28237.5
ITEM0011194,ORD006510,PROD00239,1,3206.91,133.09,2171.0
ITEM0011195,ORD006510,PROD00426,2,36854.63,3913.37,30576.0
ITEM0011196,ORD006511,PROD00130,3,161948.2,23868.8,163518.96
ITEM0011197,ORD006512,PROD00044,1,60186.14,1175.86,53998.56
ITEM0011198,ORD006513,PROD00325,1,4393.15,276.85,3035.5
ITEM0011199,ORD006514,PROD00226,1,1168.21,71.79,806.0
ITEM0011200,ORD006515,PROD00135,1,66238.03,3207.97,61112.48
ITEM0011201,ORD006515,PROD00437,1,21861.52,215.48,16557.75
ITEM0011202,ORD006516,PROD00171,1,1096.49,56.51,749.45
ITEM0011203,ORD006516,PROD00308,1,4499.03,332.97,3140.8
ITEM0011204,ORD006517,PROD00372,2,15409.45,644.55,12040.5
ITEM0011205,ORD006517,PROD00228,1,2691.43,199.57,1879.15
ITEM0011206,ORD006517,PROD00164,1,26578.83,4000.17,26909.52
ITEM0011207,ORD006518,PROD00314,1,808.78,58.22,563.55
ITEM0011208,ORD006519,PROD00264,1,1841.28,108.72,1267.5
ITEM0011209,ORD006520,PROD00378,3,26822.7,858.3,20760.75
ITEM0011210,ORD006521,PROD00375,2,30260.81,2861.19,24841.5
ITEM0011211,ORD006522,PROD00473,1,8973.04,710.96,7263.0
ITEM0011212,ORD006523,PROD00063,1,14989.52,1149.48,14202.32
ITEM0011213,ORD006523,PROD00262,1,2469.07,72.93,1652.3
ITEM0011214,ORD006524,PROD00316,1,4459.49,97.51,2962.05
ITEM0011215,ORD006525,PROD00022,1,49567.39,2125.61,45489.84
ITEM0011216,ORD006526,PROD00222,1,3201.81,33.19,2102.75
ITEM0011217,ORD006527,PROD00061,2,52774.58,143.42,46567.84
ITEM0011218,ORD006527,PROD00267,2,6797.21,390.79,4672.2
ITEM0011219,ORD006527,PROD00302,1,1279.81,59.19,870.35
ITEM0011220,ORD006528,PROD00327,1,2625.5,82.5,1760.2
ITEM0011221,ORD006529,PROD00182,2,4707.92,278.08,3240.9
ITEM0011222,ORD006529,PROD00476,1,22734.85,332.15,17300.25
ITEM0011223,ORD006530,PROD00390,1,20882.56,987.44,16402.5
ITEM0011224,ORD006531,PROD00226,2,2354.1,125.9,1612.0
ITEM0011225,ORD006532,PROD00329,1,3218.28,153.72,2191.8
ITEM0011226,ORD006533,PROD00408,2,39060.63,2995.37,31542.0
ITEM0011227,ORD006534,PROD00259,1,3792.84,64.16,2507.05
ITEM0011228,ORD006534,PROD00087,1,19121.25,2447.75,18980.72
ITEM0011229,ORD006535,PROD00258,1,3440.33,157.67,2338.7
ITEM0011230,ORD006536,PROD00069,1,23665.1,3642.9,24031.04
ITEM0011231,ORD006537,PROD00053,1,69965.07,7661.93,68311.76
ITEM0011232,ORD006537,PROD00377,1,1360.51,95.49,1092.0
ITEM0011233,ORD006537,PROD00218,1,3238.69,154.31,2205.45
ITEM0011234,ORD006538,PROD00046,1,48877.27,877.73,43784.4
ITEM0011235,ORD006538,PROD00111,1,45535.19,2551.81,42316.56
ITEM0011236,ORD006538,PROD00299,1,3916.99,41.01,2572.7
ITEM0011237,ORD006539,PROD00132,1,19490.27,461.73,17557.76
ITEM0011238,ORD006539,PROD00248,1,4635.22,26.78,3030.3
ITEM0011239,ORD006540,PROD00122,1,13704.9,2173.1,13972.64
ITEM0011240,ORD006540,PROD00315,1,3764.51,162.49,2552.55
ITEM0011241,ORD006541,PROD00402,1,9459.99,124.01,7188.0
ITEM0011242,ORD006542,PROD00038,1,29739.51,4683.49,30292.24
ITEM0011243,ORD006542,PROD00470,1,6719.48,359.52,5309.25
ITEM0011244,ORD006542,PROD00196,1,1555.69,55.31,1047.15
ITEM0011245,ORD006543,PROD00085,1,45472.59,5209.41,44600.16
ITEM0011246,ORD006544,PROD00106,1,6308.04,576.96,6058.8
ITEM0011247,ORD006545,PROD00374,1,9917.53,386.47,7728.0
ITEM0011248,ORD006546,PROD00295,1,1536.91,132.09,1084.85
ITEM0011249,ORD006546,PROD00443,1,21183.52,5.48,15891.75
ITEM0011250,ORD006547,PROD00466,1,3427.1,132.9,2670.0
ITEM0011251,ORD006548,PROD00459,1,9256.75,123.25,7035.0
ITEM0011252,ORD006548,PROD00053,1,75664.18,1962.82,68311.76
ITEM0011253,ORD006549,PROD00299,1,3898.61,59.39,2572.7
ITEM0011254,ORD006550,PROD00431,1,8040.94,7.06,6036.0
ITEM0011255,ORD006551,PROD00395,1,5090.77,94.23,3888.75
ITEM0011256,ORD006552,PROD00032,1,56413.15,6610.85,55461.12
ITEM0011257,ORD006552,PROD00432,2,12017.93,438.07,9342.0
ITEM0011258,ORD006553,PROD00489,2,34585.54,1874.46,27345.0
ITEM0011259,ORD006554,PROD00275,1,4153.18,129.82,2783.95
ITEM0011260,ORD006555,PROD00051,2,21139.18,1500.82,19923.2
ITEM0011261,ORD006556,PROD00387,1,12200.02,238.98,9329.25
ITEM0011262,ORD006556,PROD00473,1,9316.74,367.26,7263.0
ITEM0011263,ORD006557,PROD00279,1,4573.12,312.88,3175.9
ITEM0011264,ORD006558,PROD00319,1,522.59,6.41,343.85
ITEM0011265,ORD006559,PROD00250,1,4138.72,223.28,2835.3
ITEM0011266,ORD006560,PROD00444,2,20624.57,1661.43,16714.5
ITEM0011267,ORD006561,PROD00279,1,4549.07,336.93,3175.9
ITEM0011268,ORD006561,PROD00035,1,53700.0,3399.0,50247.12
ITEM0011269,ORD006561,PROD00002,1,25243.02,3867.98,25617.68
ITEM0011270,ORD006562,PROD00281,1,3848.73,6.27,2505.75
ITEM0011271,ORD006563,PROD00473,3,27139.33,1912.67,21789.0
ITEM0011272,ORD006564,PROD00346,1,18998.62,349.38,14511.0
ITEM0011273,ORD006564,PROD00253,2,8482.66,3.34,5515.9
ITEM0011274,ORD006565,PROD00142,3,71295.04,9341.96,70960.56
ITEM0011275,ORD006566,PROD00036,1,11802.49,1756.51,11931.92
ITEM0011276,ORD006566,PROD00133,2,29774.82,1697.18,27695.36
ITEM0011277,ORD006567,PROD00425,2,42708.96,4475.04,35388.0
ITEM0011278,ORD006568,PROD00224,1,3071.16,63.84,2037.75
ITEM0011279,ORD006569,PROD00008,1,57446.81,5902.19,55747.12
ITEM0011280,ORD006569,PROD00403,1,2952.99,269.01,2416.5
ITEM0011281,ORD006570,PROD00326,1,3907.32,313.68,2743.65
ITEM0011282,ORD006570,PROD00040,3,147097.72,23635.28,150245.04
ITEM0011283,ORD006571,PROD00130,1,54638.94,7300.06,54506.32
ITEM0011284,ORD006572,PROD00289,2,961.97,58.03,663.0
ITEM0011285,ORD006572,PROD00153,1,29070.9,3156.1,28359.76
ITEM0011286,ORD006573,PROD00133,1,14198.79,1537.21,13847.68
ITEM0011287,ORD006573,PROD00436,1,17388.67,1660.33,14286.75
ITEM0011288,ORD006573,PROD00046,1,43793.59,5961.41,43784.4
ITEM0011289,ORD006574,PROD00485,2,4036.68,285.32,3241.5
ITEM0011290,ORD006575,PROD00459,1,9206.4,173.6,7035.0
ITEM0011291,ORD006576,PROD00027,1,35760.3,5836.7,36605.36
ITEM0011292,ORD006576,PROD00100,1,71743.84,2569.16,65395.44
ITEM0011293,ORD006577,PROD00402,1,8893.67,690.33,7188.0
ITEM0011294,ORD006578,PROD00267,1,3442.12,151.88,2336.1
ITEM0011295,ORD006578,PROD00033,1,49072.68,5590.32,48103.44
ITEM0011296,ORD006579,PROD00230,1,2401.24,115.76,1636.05
ITEM0011297,ORD006580,PROD00344,1,13744.54,1175.46,11190.0
ITEM0011298,ORD006580,PROD00027,2,71857.44,11336.56,73210.72
ITEM0011299,ORD006580,PROD00049,1,8704.57,1135.43,8659.2
ITEM0011300,ORD006581,PROD00260,1,515.22,22.78,349.7
ITEM0011301,ORD006581,PROD00443,2,40645.18,1732.82,31783.5
ITEM0011302,ORD006581,PROD00431,1,8017.86,30.14,6036.0
ITEM0011303,ORD006582,PROD00217,1,2136.23,75.77,1437.8
ITEM0011304,ORD006582,PROD00284,2,6646.89,469.11,4625.4
ITEM0011305,ORD006583,PROD00308,3,13518.46,977.54,9422.4
ITEM0011306,ORD006583,PROD00483,1,19744.15,1632.85,16032.75
ITEM0011307,ORD006583,PROD00301,2,9293.42,46.58,6071.0
ITEM0011308,ORD006584,PROD00262,2,5012.61,71.39,3304.6
ITEM0011309,ORD006584,PROD00257,1,3643.07,311.93,2570.75
ITEM0011310,ORD006584,PROD00321,1,1838.89,79.11,1246.7
ITEM0011311,ORD006585,PROD00152,3,166657.98,14656.02,159556.32
ITEM0011312,ORD006585,PROD00034,1,22557.0,3753.0,23152.8
ITEM0011313,ORD006586,PROD00184,1,797.24,48.76,549.9
ITEM0011314,ORD006587,PROD00292,1,2123.51,129.49,1464.45
ITEM0011315,ORD006587,PROD00383,2,38790.86,2861.14,31239.0
ITEM0011316,ORD006588,PROD00140,2,11266.09,1709.91,11418.88
ITEM0011317,ORD006588,PROD00006,3,80353.78,6028.22,76016.16
ITEM0011318,ORD006588,PROD00162,1,5748.84,809.16,5771.04
ITEM0011319,ORD006589,PROD00207,1,3586.69,18.31,2343.25
ITEM0011320,ORD006589,PROD00103,1,56291.55,7933.45,56518.0
ITEM0011321,ORD006590,PROD00329,1,3135.9,236.1,2191.8
ITEM0011322,ORD006590,PROD00482,1,17871.96,612.04,13863.0
ITEM0011323,ORD006591,PROD00274,1,1287.27,70.73,882.7
ITEM0011324,ORD006591,PROD00043,1,48831.53,5460.47,47776.96
ITEM0011325,ORD006591,PROD00442,1,23497.03,917.97,18311.25
ITEM0011326,ORD006591,PROD00202,1,997.83,72.17,695.5
ITEM0011327,ORD006592,PROD00069,1,24408.17,2899.83,24031.04
ITEM0011328,ORD006593,PROD00250,1,4338.75,23.25,2835.3
ITEM0011329,ORD006593,PROD00322,1,4561.29,80.71,3017.3
ITEM0011330,ORD006594,PROD00442,1,22212.66,2202.34,18311.25
ITEM0011331,ORD006595,PROD00164,1,26589.11,3989.89,26909.52
ITEM0011332,ORD006595,PROD00494,3,23776.08,367.92,18108.0
ITEM0011333,ORD006596,PROD00141,1,6955.32,1014.68,7013.6
ITEM0011334,ORD006597,PROD00302,2,2555.79,122.21,1740.7
ITEM0011335,ORD006598,PROD00270,1,1052.23,9.77,690.3
ITEM0011336,ORD006599,PROD00358,1,16799.71,1328.29,13596.0
ITEM0011337,ORD006600,PROD00043,1,52866.58,1425.42,47776.96
ITEM0011338,ORD006600,PROD00301,1,4445.98,224.02,3035.5
ITEM0011339,ORD006600,PROD00260,2,1024.8,51.2,699.4
ITEM0011340,ORD006601,PROD00120,1,71700.35,1898.65,64767.12
ITEM0011341,ORD006602,PROD00232,3,8974.4,739.6,6314.1
ITEM0011342,ORD006602,PROD00434,1,12170.13,993.87,9873.0
ITEM0011343,ORD006602,PROD00436,1,18609.87,439.13,14286.75
ITEM0011344,ORD006602,PROD00038,1,33416.25,1006.75,30292.24
ITEM0011345,ORD006603,PROD00064,1,69900.99,5917.01,66719.84
ITEM0011346,ORD006604,PROD00039,1,27992.8,4519.2,28610.56
ITEM0011347,ORD006604,PROD00411,2,41641.46,3110.54,33564.0
ITEM0011348,ORD006604,PROD00477,1,7525.68,485.32,6008.25
ITEM0011349,ORD006604,PROD00138,1,38653.22,2404.78,36131.04
ITEM0011350,ORD006605,PROD00241,1,1323.78,5.22,863.85
ITEM0011351,ORD006606,PROD00070,1,39390.45,4250.55,38404.08
ITEM0011352,ORD006606,PROD00181,1,1465.63,27.37,970.45
ITEM0011353,ORD006606,PROD00346,1,19280.49,67.51,14511.0
ITEM0011354,ORD006607,PROD00331,2,47632.64,695.36,36246.0
ITEM0011355,ORD006607,PROD00121,3,48376.55,7834.45,49465.68
ITEM0011356,ORD006608,PROD00076,1,55551.51,9455.49,57206.16
ITEM0011357,ORD006608,PROD00134,1,34437.36,2774.64,32746.56
ITEM0011358,ORD006609,PROD00162,3,18596.95,1077.05,17313.12
ITEM0011359,ORD006610,PROD00266,1,1088.97,84.03,762.45
ITEM0011360,ORD006611,PROD00077,1,51457.05,2131.95,47158.32
ITEM0011361,ORD006612,PROD00288,1,4838.38,140.62,3236.35
ITEM0011362,ORD006613,PROD00457,1,5772.93,175.07,4461.0
ITEM0011363,ORD006613,PROD00405,1,6260.07,322.93,4937.25
ITEM0011364,ORD006614,PROD00165,1,20612.52,972.48,18994.8
ITEM0011365,ORD006614,PROD00404,1,20460.58,2008.42,16851.75
ITEM0011366,ORD006615,PROD00483,1,20979.88,397.12,16032.75
ITEM0011367,ORD006616,PROD00171,1,1116.74,36.26,749.45
ITEM0011368,ORD006617,PROD00145,1,58768.52,7574.48,58381.84
ITEM0011369,ORD006617,PROD00026,1,38408.27,4934.73,38141.84
ITEM0011370,ORD006617,PROD00436,1,17150.43,1898.57,14286.75
ITEM0011371,ORD006617,PROD00040,1,56870.97,40.03,50081.68
ITEM0011372,ORD006618,PROD00252,1,1853.51,134.49,1292.2
ITEM0011373,ORD006618,PROD00410,1,23994.21,734.79,18546.75
ITEM0011374,ORD006619,PROD00286,1,770.1,35.9,523.9
ITEM0011375,ORD006619,PROD00379,2,7408.27,769.73,6133.5
ITEM0011376,ORD006620,PROD00170,1,2400.63,74.37,1608.75
ITEM0011377,ORD006620,PROD00414,1,15594.72,538.28,12099.75
ITEM0011378,ORD006620,PROD00096,1,67798.69,7824.31,66548.24
ITEM0011379,ORD006621,PROD00095,2,118860.1,12447.9,115551.04
ITEM0011380,ORD006621,PROD00483,1,20238.8,1138.2,16032.75
ITEM0011381,ORD006622,PROD00392,1,1659.96,99.04,1319.25
ITEM0011382,ORD006622,PROD00070,1,41608.93,2032.07,38404.08
ITEM0011383,ORD006623,PROD00151,2,119925.23,1544.77,106893.6
ITEM0011384,ORD006623,PROD00053,1,67107.74,10519.26,68311.76
ITEM0011385,ORD006624,PROD00056,1,33813.78,1054.22,30683.84
ITEM0011386,ORD006625,PROD00448,1,5364.9,360.1,4293.75
ITEM0011387,ORD006625,PROD00492,1,23116.94,412.06,17646.75
ITEM0011388,ORD006626,PROD00273,1,723.43,62.57,510.9
ITEM0011389,ORD006626,PROD00314,1,819.64,47.36,563.55
ITEM0011390,ORD006627,PROD00002,1,26981.25,2129.75,25617.68
ITEM0011391,ORD006628,PROD00065,1,51695.69,6990.31,51643.68
ITEM0011392,ORD006628,PROD00381,1,23683.69,825.31,18381.75
ITEM0011393,ORD006628,PROD00373,1,13372.2,888.8,10695.75
ITEM0011394,ORD006629,PROD00028,1,49598.76,5407.24,48405.28
ITEM0011395,ORD006629,PROD00133,1,14094.46,1641.54,13847.68
ITEM0011396,ORD006630,PROD00050,1,17294.64,2406.36,17336.88
ITEM0011397,ORD006631,PROD00132,2,37578.1,2325.9,35115.52
ITEM0011398,ORD006631,PROD00301,1,4413.78,256.22,3035.5
ITEM0011399,ORD006632,PROD00298,1,2064.87,143.13,1435.2
ITEM0011400,ORD006632,PROD00040,2,106510.74,7311.26,100163.36
ITEM0011401,ORD006632,PROD00303,1,2468.97,187.03,1726.4
ITEM0011402,ORD006633,PROD00416,1,1186.55,52.45,929.25
ITEM0011403,ORD006634,PROD00121,2,34692.78,2781.22,32977.12
ITEM0011404,ORD006635,PROD00213,2,6279.39,432.61,4362.8
ITEM0011405,ORD006636,PROD00395,2,10325.39,44.61,7777.5
ITEM0011406,ORD006637,PROD00058,2,147477.43,1796.57,131361.12
ITEM0011407,ORD006637,PROD00247,1,1592.75,4.25,1038.05
ITEM0011408,ORD006638,PROD00443,2,39314.05,3063.95,31783.5
ITEM0011409,ORD006639,PROD00017,1,10376.06,1176.94,10166.64
ITEM0011410,ORD006639,PROD00359,1,2919.0,211.0,2347.5
ITEM0011411,ORD006639,PROD00053,2,143280.1,11973.9,136623.52
ITEM0011412,ORD006639,PROD00016,2,142513.39,1666.61,126878.4
ITEM0011413,ORD006640,PROD00263,2,5554.11,277.89,3790.8
ITEM0011414,ORD006641,PROD00293,1,551.91,15.09,368.55
ITEM0011415,ORD006641,PROD00193,1,2699.05,121.95,1833.65
ITEM0011416,ORD006641,PROD00124,2,62013.63,5038.37,59005.76
ITEM0011417,ORD006642,PROD00283,1,790.45,60.55,553.15
ITEM0011418,ORD006643,PROD00472,1,1408.18,49.82,1093.5
ITEM0011419,ORD006644,PROD00451,1,15724.57,532.43,12192.75
ITEM0011420,ORD006645,PROD00350,1,9843.2,35.8,7409.25
ITEM0011421,ORD006646,PROD00282,1,2573.7,101.3,1738.75
ITEM0011422,ORD006646,PROD00185,3,2803.72,145.28,1916.85
ITEM0011423,ORD006646,PROD00049,2,18234.62,1445.38,17318.4
ITEM0011424,ORD006646,PROD00458,2,25333.39,2210.61,20658.0
ITEM0011425,ORD006647,PROD00099,1,37969.18,6251.82,38914.48
ITEM0011426,ORD006648,PROD00456,1,16101.85,451.15,12414.75
ITEM0011427,ORD006648,PROD00448,1,5344.18,380.82,4293.75
ITEM0011428,ORD006649,PROD00244,1,2316.08,199.92,1635.4
ITEM0011429,ORD006650,PROD00259,1,3580.29,276.71,2507.05
ITEM0011430,ORD006651,PROD00079,1,26243.12,1129.88,24088.24
ITEM0011431,ORD006652,PROD00190,1,4416.69,197.31,2999.1
ITEM0011432,ORD006653,PROD00306,2,7870.76,555.24,5476.9
ITEM0011433,ORD006654,PROD00251,1,4257.54,224.46,2913.3
ITEM0011434,ORD006655,PROD00092,2,46799.63,806.37,41893.28
ITEM0011435,ORD006655,PROD00098,1,20552.98,2490.02,20277.84
ITEM0011436,ORD006656,PROD00171,2,2302.93,3.07,1498.9
ITEM0011437,ORD006657,PROD00297,1,3889.01,48.99,2559.7
ITEM0011438,ORD006657,PROD00332,1,8476.59,293.41,6577.5
ITEM0011439,ORD006658,PROD00185,1,942.54,40.46,638.95
ITEM0011440,ORD006659,PROD00383,1,19229.05,1596.95,15619.5
ITEM0011441,ORD006659,PROD00032,3,164874.93,24197.07,166383.36
ITEM0011442,ORD006659,PROD00132,1,18129.0,1823.0,17557.76
ITEM0011443,ORD006660,PROD00202,1,1044.38,25.62,695.5
ITEM0011444,ORD006660,PROD00479,2,29377.46,94.54,22104.0
ITEM0011445,ORD006660,PROD00082,1,61471.35,7789.65,60949.68
ITEM0011446,ORD006661,PROD00437,1,20850.14,1226.86,16557.75
ITEM0011447,ORD006661,PROD00424,1,16336.4,874.6,12908.25
ITEM0011448,ORD006661,PROD00090,1,10085.96,1643.04,10321.52
ITEM0011449,ORD006662,PROD00353,2,14691.86,618.14,11482.5
ITEM0011450,ORD006663,PROD00031,1,61132.74,6675.26,59671.04
ITEM0011451,ORD006663,PROD00067,1,38051.32,5025.68,37907.76
ITEM0011452,ORD006664,PROD00007,2,38568.39,3471.61,36995.2
ITEM0011453,ORD006664,PROD00329,1,3347.27,24.73,2191.8
ITEM0011454,ORD006665,PROD00033,2,103633.77,5692.23,96206.88
ITEM0011455,ORD006666,PROD00101,1,69425.57,6411.43,66736.56
ITEM0011456,ORD006666,PROD00319,1,497.5,31.5,343.85
ITEM0011457,ORD006666,PROD00384,1,1315.28,92.72,1056.0
ITEM0011458,ORD006666,PROD00318,1,2545.4,84.6,1709.5
ITEM0011459,ORD006667,PROD00027,2,78827.73,4366.27,73210.72
ITEM0011460,ORD006667,PROD00154,2,61272.77,6663.23,59783.68
ITEM0011461,ORD006668,PROD00014,1,31519.93,3158.07,30516.64
ITEM0011462,ORD006669,PROD00253,2,7850.96,635.04,5515.9
ITEM0011463,ORD006669,PROD00157,1,39263.08,6772.92,40511.68
ITEM0011464,ORD006670,PROD00443,3,61359.91,2207.09,47675.25
ITEM0011465,ORD006671,PROD00007,1,18766.58,2253.42,18497.6
ITEM0011466,ORD006672,PROD00089,1,18929.7,640.3,17221.6
ITEM0011467,ORD006673,PROD00283,1,804.57,46.43,553.15
ITEM0011468,ORD006674,PROD00227,1,3269.85,234.15,2277.6
ITEM0011469,ORD006674,PROD00121,1,17879.19,857.81,16488.56
ITEM0011470,ORD006675,PROD00091,2,54162.12,2799.88,50126.56
ITEM0011471,ORD006675,PROD00434,3,38722.14,769.86,29619.0
ITEM0011472,ORD006676,PROD00304,1,2608.82,14.18,1704.95
ITEM0011473,ORD006677,PROD00251,1,4155.62,326.38,2913.3
ITEM0011474,ORD006677,PROD00146,1,10181.27,977.73,9819.92
ITEM0011475,ORD006678,PROD00240,1,1412.36,34.64,940.55
ITEM0011476,ORD006679,PROD00487,2,20645.5,1372.5,16513.5
ITEM0011477,ORD006680,PROD00137,1,14218.79,1238.21,13602.16
ITEM0011478,ORD006680,PROD00208,1,3717.16,75.84,2465.45
ITEM0011479,ORD006681,PROD00380,1,8042.18,577.82,6465.0
ITEM0011480,ORD006681,PROD00358,1,16817.87,1310.13,13596.0
ITEM0011481,ORD006681,PROD00113,2,70823.57,8872.43,70132.48
ITEM0011482,ORD006682,PROD00262,1,2407.13,134.87,1652.3
ITEM0011483,ORD006683,PROD00346,2,35577.99,3118.01,29022.0
ITEM0011484,ORD006683,PROD00220,3,2846.51,135.49,1938.3
ITEM0011485,ORD006684,PROD00258,1,3357.2,240.8,2338.7
ITEM0011486,ORD006685,PROD00185,2,1911.64,54.36,1277.9
ITEM0011487,ORD006686,PROD00110,2,75480.63,3381.37,69398.56
ITEM0011488,ORD006686,PROD00266,1,1106.46,66.54,762.45
ITEM0011489,ORD006686,PROD00174,1,4598.84,264.16,3160.95
ITEM0011490,ORD006687,PROD00478,2,12550.75,745.25,9972.0
ITEM0011491,ORD006687,PROD00177,3,8587.91,466.09,5885.1
ITEM0011492,ORD006688,PROD00312,3,1923.06,107.94,1320.15
ITEM0011493,ORD006689,PROD00418,1,9252.89,905.11,7618.5
ITEM0011494,ORD006689,PROD00201,1,3725.91,54.09,2457.0
ITEM0011495,ORD006690,PROD00268,1,2439.74,148.26,1682.2
ITEM0011496,ORD006690,PROD00314,1,832.93,34.07,563.55
ITEM0011497,ORD006691,PROD00016,1,65082.82,7007.18,63439.2
ITEM0011498,ORD006691,PROD00075,1,40645.94,3353.06,38719.12
ITEM0011499,ORD006691,PROD00492,1,22390.49,1138.51,17646.75
ITEM0011500,ORD006692,PROD00358,1,16518.13,1609.87,13596.0
ITEM0011501,ORD006692,PROD00374,1,9598.62,705.38,7728.0
ITEM0011502,ORD006692,PROD00466,1,3355.48,204.52,2670.0
ITEM0011503,ORD006692,PROD00352,2,4048.18,251.82,3225.0
ITEM0011504,ORD006693,PROD00336,1,5144.64,304.36,4086.75
ITEM0011505,ORD006693,PROD00332,1,7921.91,848.09,6577.5
ITEM0011506,ORD006694,PROD00077,1,50180.51,3408.49,47158.32
ITEM0011507,ORD006694,PROD00185,1,916.67,66.33,638.95
ITEM0011508,ORD006695,PROD00313,1,3725.96,147.04,2517.45
ITEM0011509,ORD006696,PROD00078,2,113446.52,11381.48,109848.64
ITEM0011510,ORD006697,PROD00459,1,8933.03,446.97,7035.0
ITEM0011511,ORD006697,PROD00404,2,43050.24,1887.76,33703.5
ITEM0011512,ORD006697,PROD00487,2,21934.98,83.02,16513.5
ITEM0011513,ORD006698,PROD00389,1,16401.37,1396.63,13348.5
ITEM0011514,ORD006699,PROD00459,1,9232.94,147.06,7035.0
ITEM0011515,ORD006699,PROD00079,1,24843.41,2529.59,24088.24
ITEM0011516,ORD006700,PROD00191,1,1470.22,36.78,979.55
ITEM0011517,ORD006701,PROD00233,2,6907.55,412.45,4758.0
ITEM0011518,ORD006702,PROD00198,1,2206.97,31.03,1454.7
ITEM0011519,ORD006702,PROD00355,1,7094.33,729.67,5868.0
ITEM0011520,ORD006703,PROD00169,2,2778.72,217.28,1947.4
ITEM0011521,ORD006703,PROD00309,1,2253.99,129.01,1548.95
ITEM0011522,ORD006704,PROD00313,1,3793.92,79.08,2517.45
ITEM0011523,ORD006704,PROD00429,2,8459.52,74.48,6400.5
ITEM0011524,ORD006705,PROD00113,1,35500.25,4347.75,35066.24
ITEM0011525,ORD006705,PROD00032,1,60916.72,2107.28,55461.12
ITEM0011526,ORD006706,PROD00285,1,1432.73,86.27,987.35
ITEM0011527,ORD006706,PROD00400,1,5879.95,587.05,4850.25
ITEM0011528,ORD006706,PROD00130,1,52777.32,9161.68,54506.32
ITEM0011529,ORD006707,PROD00140,1,5607.6,880.4,5709.44
ITEM0011530,ORD006708,PROD00149,1,22459.16,1913.84,21448.24
ITEM0011531,ORD006709,PROD00287,1,1972.96,74.04,1330.55
ITEM0011532,ORD006710,PROD00467,1,16852.13,400.87,12939.75
ITEM0011533,ORD006711,PROD00388,3,20306.81,1665.19,16479.0
ITEM0011534,ORD006711,PROD00365,1,14573.82,948.18,11641.5
ITEM0011535,ORD006712,PROD00071,3,160581.98,7718.02,148104.0
ITEM0011536,ORD006712,PROD00139,1,43015.32,6097.68,43219.44
ITEM0011537,ORD006712,PROD00373,1,13020.73,1240.27,10695.75
ITEM0011538,ORD006712,PROD00349,2,25551.57,1596.43,20361.0
ITEM0011539,ORD006713,PROD00495,1,2637.82,8.18,1984.5
ITEM0011540,ORD006713,PROD00004,1,12169.97,1034.03,11619.52
ITEM0011541,ORD006713,PROD00399,1,8780.92,886.08,7250.25
ITEM0011542,ORD006713,PROD00031,1,60809.8,6998.2,59671.04
ITEM0011543,ORD006714,PROD00295,1,1616.41,52.59,1084.85
ITEM0011544,ORD006714,PROD00176,2,8504.56,265.44,5700.5
ITEM0011545,ORD006715,PROD00140,1,5699.09,788.91,5709.44
ITEM0011546,ORD006715,PROD00333,3,32250.05,3056.95,26480.25
ITEM0011547,ORD006716,PROD00391,2,28083.5,1384.5,22101.0
ITEM0011548,ORD006716,PROD00477,1,7581.25,429.75,6008.25
ITEM0011549,ORD006716,PROD00460,1,18583.15,1235.85,14864.25
ITEM0011550,ORD006716,PROD00303,1,2640.51,15.49,1726.4
ITEM0011551,ORD006717,PROD00189,1,1234.66,92.34,862.55
ITEM0011552,ORD006717,PROD00239,2,6167.76,512.24,4342.0
ITEM0011553,ORD006717,PROD00232,1,3170.81,67.19,2104.7
ITEM0011554,ORD006718,PROD00125,1,7757.23,1132.77,7823.2
ITEM0011555,ORD006718,PROD00150,1,77218.44,1217.56,69023.68
ITEM0011556,ORD006719,PROD00345,1,18458.19,655.81,14335.5
ITEM0011557,ORD006720,PROD00101,2,150027.56,1646.44,133473.12
ITEM0011558,ORD006721,PROD00005,1,41087.89,4997.11,40554.8
ITEM0011559,ORD006721,PROD00181,2,2898.99,87.01,1940.9
ITEM0011560,ORD006722,PROD00074,1,71601.42,1123.58,63998.0
ITEM0011561,ORD006723,PROD00418,1,9808.25,349.75,7618.5
ITEM0011562,ORD006723,PROD00374,1,9283.35,1020.65,7728.0
ITEM0011563,ORD006724,PROD00027,1,38856.93,2740.07,36605.36
ITEM0011564,ORD006725,PROD00135,1,62579.39,6866.61,61112.48
ITEM0011565,ORD006726,PROD00061,1,25682.27,776.73,23283.92
ITEM0011566,ORD006727,PROD00190,1,4256.5,357.5,2999.1
ITEM0011567,ORD006728,PROD00324,1,2681.74,97.26,1806.35
ITEM0011568,ORD006729,PROD00474,1,23082.49,654.51,17802.75
ITEM0011569,ORD006729,PROD00110,1,37242.41,2188.59,34699.28
ITEM0011570,ORD006729,PROD00248,1,4352.38,309.62,3030.3
ITEM0011571,ORD006730,PROD00490,3,41236.81,4192.19,34071.75
ITEM0011572,ORD006730,PROD00475,1,20243.03,1913.97,16617.75
ITEM0011573,ORD006731,PROD00388,2,13851.04,796.96,10986.0
ITEM0011574,ORD006732,PROD00164,3,83072.27,8664.73,80728.56
ITEM0011575,ORD006732,PROD00013,1,45391.28,2525.72,42166.96
ITEM0011576,ORD006733,PROD00004,2,26103.05,304.95,23239.04
ITEM0011577,ORD006733,PROD00399,1,9567.85,99.15,7250.25
ITEM0011578,ORD006734,PROD00476,1,21712.74,1354.26,17300.25
ITEM0011579,ORD006735,PROD00225,1,3803.65,220.35,2615.6
ITEM0011580,ORD006736,PROD00427,2,45447.21,2698.79,36109.5
ITEM0011581,ORD006736,PROD00284,1,3462.21,95.79,2312.7
ITEM0011582,ORD006737,PROD00228,1,2668.06,222.94,1879.15
ITEM0011583,ORD006738,PROD00215,1,3615.13,168.87,2459.6
ITEM0011584,ORD006739,PROD00076,1,62353.52,2653.48,57206.16
ITEM0011585,ORD006740,PROD00094,1,53978.77,8837.23,55278.08
ITEM0011586,ORD006740,PROD00357,2,32359.76,2662.24,26266.5
ITEM0011587,ORD006741,PROD00285,1,1433.13,85.87,987.35
ITEM0011588,ORD006741,PROD00398,1,12323.91,101.09,9318.75
ITEM0011589,ORD006741,PROD00119,1,51669.57,4607.43,49523.76
ITEM0011590,ORD006742,PROD00110,2,73751.88,5110.12,69398.56
ITEM0011591,ORD006743,PROD00417,1,8994.64,804.36,7349.25
ITEM0011592,ORD006743,PROD00018,1,17842.33,464.67,16110.16
ITEM0011593,ORD006743,PROD00388,1,7117.79,206.21,5493.0
ITEM0011594,ORD006744,PROD00454,2,47858.72,1993.28,37389.0
ITEM0011595,ORD006745,PROD00265,1,4435.6,333.4,3099.85
ITEM0011596,ORD006746,PROD00010,1,51361.79,7193.21,51528.4
ITEM0011597,ORD006746,PROD00175,3,4472.38,114.62,2981.55
ITEM0011598,ORD006747,PROD00486,1,7225.51,79.49,5478.75
ITEM0011599,ORD006748,PROD00310,2,5735.11,456.89,4024.8
ITEM0011600,ORD006748,PROD00275,1,4112.69,170.31,2783.95
ITEM0011601,ORD006749,PROD00026,2,76327.42,10358.58,76283.68
ITEM0011602,ORD006749,PROD00065,1,52148.89,6537.11,51643.68
ITEM0011603,ORD006749,PROD00490,2,28965.63,1320.37,22714.5
ITEM0011604,ORD006750,PROD00242,2,6659.64,562.36,4694.3
ITEM0011605,ORD006751,PROD00232,1,3041.94,196.06,2104.7
ITEM0011606,ORD006752,PROD00444,1,10454.0,689.0,8357.25
ITEM0011607,ORD006752,PROD00092,2,46189.46,1416.54,41893.28
ITEM0011608,ORD006753,PROD00230,1,2352.67,164.33,1636.05
ITEM0011609,ORD006754,PROD00082,1,65361.57,3899.43,60949.68
ITEM0011610,ORD006754,PROD00085,2,88882.12,12481.88,89200.32
ITEM0011611,ORD006754,PROD00070,1,37929.94,5711.06,38404.08
ITEM0011612,ORD006754,PROD00168,1,1380.21,114.79,971.75
ITEM0011613,ORD006755,PROD00053,1,67502.21,10124.79,68311.76
ITEM0011614,ORD006755,PROD00308,1,4457.92,374.08,3140.8
ITEM0011615,ORD006756,PROD00390,1,21304.31,565.69,16402.5
ITEM0011616,ORD006756,PROD00357,1,16753.57,757.43,13133.25
ITEM0011617,ORD006757,PROD00232,1,3050.23,187.77,2104.7
ITEM0011618,ORD006758,PROD00147,1,50636.64,2912.36,47123.12
ITEM0011619,ORD006759,PROD00010,1,54132.03,4422.97,51528.4
ITEM0011620,ORD006759,PROD00305,1,2596.44,119.56,1765.4
ITEM0011621,ORD006760,PROD00031,2,131237.42,4378.58,119342.08
ITEM0011622,ORD006761,PROD00219,3,6986.81,459.19,4839.9
ITEM0011623,ORD006762,PROD00175,3,4469.92,117.08,2981.55
ITEM0011624,ORD006763,PROD00328,1,3025.51,94.49,2028.0
ITEM0011625,ORD006763,PROD00352,1,1937.29,212.71,1612.5
ITEM0011626,ORD006763,PROD00082,1,64903.36,4357.64,60949.68
ITEM0011627,ORD006764,PROD00303,1,2538.75,117.25,1726.4
ITEM0011628,ORD006765,PROD00373,2,26367.49,2154.51,21391.5
ITEM0011629,ORD006766,PROD00476,1,21020.8,2046.2,17300.25
ITEM0011630,ORD006766,PROD00424,1,16652.84,558.16,12908.25
ITEM0011631,ORD006767,PROD00475,1,21154.4,1002.6,16617.75
ITEM0011632,ORD006767,PROD00173,1,2530.91,5.09,1648.4
ITEM0011633,ORD006768,PROD00319,1,519.91,9.09,343.85
ITEM0011634,ORD006768,PROD00395,1,5079.74,105.26,3888.75
ITEM0011635,ORD006769,PROD00308,1,4582.8,249.2,3140.8
ITEM0011636,ORD006770,PROD00145,1,65294.45,1048.55,58381.84
ITEM0011637,ORD006771,PROD00056,1,29882.67,4985.33,30683.84
ITEM0011638,ORD006771,PROD00246,1,839.49,8.51,551.2
ITEM0011639,ORD006772,PROD00124,1,29360.75,4165.25,29502.88
ITEM0011640,ORD006773,PROD00072,1,36989.89,4308.11,36342.24
ITEM0011641,ORD006773,PROD00136,1,66665.51,8951.49,66542.96
ITEM0011642,ORD006774,PROD00182,1,2398.05,94.95,1620.45
ITEM0011643,ORD006774,PROD00279,1,4631.45,254.55,3175.9
ITEM0011644,ORD006775,PROD00078,2,124330.64,497.36,109848.64
ITEM0011645,ORD006775,PROD00334,1,17744.71,872.29,13962.75
ITEM0011646,ORD006775,PROD00265,1,4570.89,198.11,3099.85
ITEM0011647,ORD006776,PROD00168,1,1462.54,32.46,971.75
ITEM0011648,ORD006777,PROD00407,1,3573.16,211.84,2838.75
ITEM0011649,ORD006778,PROD00296,1,4385.76,100.24,2915.9
ITEM0011650,ORD006778,PROD00252,1,1912.67,75.33,1292.2
ITEM0011651,ORD006779,PROD00076,1,58024.57,6982.43,57206.16
ITEM0011652,ORD006779,PROD00039,1,30467.88,2044.12,28610.56
ITEM0011653,ORD006780,PROD00109,1,38416.06,5806.94,38916.24
ITEM0011654,ORD006781,PROD00456,2,29840.95,3265.05,24829.5
ITEM0011655,ORD006781,PROD00230,1,2404.34,112.66,1636.05
ITEM0011656,ORD006782,PROD00158,1,71098.67,38.33,62600.56
ITEM0011657,ORD006782,PROD00479,1,13747.62,988.38,11052.0
ITEM0011658,ORD006782,PROD00333,1,11073.43,695.57,8826.75
ITEM0011659,ORD006783,PROD00252,2,3749.27,226.73,2584.4
ITEM0011660,ORD006784,PROD00406,2,17148.62,97.38,12934.5
ITEM0011661,ORD006785,PROD00149,2,42615.83,6130.17,42896.48
ITEM0011662,ORD006785,PROD00206,1,2012.82,171.18,1419.6
ITEM0011663,ORD006785,PROD00224,2,6225.29,44.71,4075.5
ITEM0011664,ORD006785,PROD00373,1,14181.52,79.48,10695.75
ITEM0011665,ORD006786,PROD00433,1,8960.28,910.72,7403.25
ITEM0011666,ORD006787,PROD00066,1,71810.11,1617.89,64616.64
ITEM0011667,ORD006788,PROD00093,2,27384.23,1347.77,25284.16
ITEM0011668,ORD006788,PROD00210,1,4029.78,73.22,2666.95
ITEM0011669,ORD006789,PROD00292,1,2076.78,176.22,1464.45
ITEM0011670,ORD006789,PROD00111,1,43761.34,4325.66,42316.56
ITEM0011671,ORD006790,PROD00425,1,21548.71,2043.29,17694.0
ITEM0011672,ORD006791,PROD00380,1,8137.01,482.99,6465.0
ITEM0011673,ORD006791,PROD00281,1,3837.03,17.97,2505.75
ITEM0011674,ORD006792,PROD00237,1,1914.6,108.4,1314.95
ITEM0011675,ORD006793,PROD00008,1,60546.49,2802.51,55747.12
ITEM0011676,ORD006793,PROD00369,1,7844.94,444.06,6216.75
ITEM0011677,ORD006794,PROD00063,2,29365.43,2912.57,28404.64
ITEM0011678,ORD006794,PROD00254,1,720.19,9.81,474.5
ITEM0011679,ORD006795,PROD00463,1,6903.52,103.48,5255.25
ITEM0011680,ORD006796,PROD00170,1,2436.36,38.64,1608.75
ITEM0011681,ORD006796,PROD00215,1,3691.57,92.43,2459.6
ITEM0011682,ORD006797,PROD00425,2,45570.69,1613.31,35388.0
ITEM0011683,ORD006797,PROD00451,3,45892.15,2878.85,36578.25
ITEM0011684,ORD006797,PROD00274,1,1264.35,93.65,882.7
ITEM0011685,ORD006797,PROD00353,1,7481.7,173.3,5741.25
ITEM0011686,ORD006798,PROD00301,1,4651.55,18.45,3035.5
ITEM0011687,ORD006798,PROD00435,3,24717.04,1892.96,19957.5
ITEM0011688,ORD006799,PROD00124,1,28763.58,4762.42,29502.88
ITEM0011689,ORD006800,PROD00245,1,3584.76,133.24,2416.7
ITEM0011690,ORD006800,PROD00348,1,4232.76,229.24,3346.5
ITEM0011691,ORD006801,PROD00311,1,2118.74,112.26,1450.15
ITEM0011692,ORD006801,PROD00319,2,1032.65,25.35,687.7
ITEM0011693,ORD006802,PROD00267,1,3495.71,98.29,2336.1
ITEM0011694,ORD006802,PROD00291,1,4427.51,89.49,2936.05
ITEM0011695,ORD006803,PROD00032,1,61477.28,1546.72,55461.12
ITEM0011696,ORD006803,PROD00035,2,107378.74,6819.26,100494.24
ITEM0011697,ORD006804,PROD00379,1,3782.66,306.34,3066.75
ITEM0011698,ORD006804,PROD00225,1,3751.02,272.98,2615.6
ITEM0011699,ORD006805,PROD00274,1,1264.76,93.24,882.7
ITEM0011700,ORD006806,PROD00237,1,1979.13,43.87,1314.95
ITEM0011701,ORD006807,PROD00412,1,11713.38,954.62,9501.0
ITEM0011702,ORD006807,PROD00279,2,9556.63,215.37,6351.8
ITEM0011703,ORD006808,PROD00167,1,615.93,47.07,430.95
ITEM0011704,ORD006808,PROD00166,1,3483.81,248.19,2425.8
ITEM0011705,ORD006809,PROD00493,1,12795.12,704.88,10125.0
ITEM0011706,ORD006810,PROD00052,1,65061.1,9703.9,65793.2
ITEM0011707,ORD006810,PROD00366,1,20533.13,1827.87,16770.75
ITEM0011708,ORD006810,PROD00277,1,2016.73,160.27,1415.05
ITEM0011709,ORD006811,PROD00225,1,3785.03,238.97,2615.6
ITEM0011710,ORD006811,PROD00352,2,4150.88,149.12,3225.0
ITEM0011711,ORD006812,PROD00068,2,73894.74,11467.26,75118.56
ITEM0011712,ORD006812,PROD00164,1,28152.96,2426.04,26909.52
ITEM0011713,ORD006813,PROD00057,1,6257.53,965.47,6356.24
ITEM0011714,ORD006814,PROD00025,1,26890.23,2749.77,26083.2
ITEM0011715,ORD006815,PROD00342,1,1596.14,100.86,1272.75
ITEM0011716,ORD006816,PROD00374,1,10041.4,262.6,7728.0
ITEM0011717,ORD006816,PROD00145,3,194207.91,4821.09,175145.52
ITEM0011718,ORD006817,PROD00019,2,135760.35,8425.65,126883.68
ITEM0011719,ORD006817,PROD00256,1,4759.25,202.75,3225.3
ITEM0011720,ORD006817,PROD00198,2,4384.58,91.42,2909.4
ITEM0011721,ORD006817,PROD00125,1,8471.04,418.96,7823.2
ITEM0011722,ORD006818,PROD00324,1,2697.61,81.39,1806.35
ITEM0011723,ORD006818,PROD00254,1,723.42,6.58,474.5
ITEM0011724,ORD006819,PROD00291,1,4259.72,257.28,2936.05
ITEM0011725,ORD006819,PROD00005,1,39863.24,6221.76,40554.8
ITEM0011726,ORD006819,PROD00056,3,96540.39,8063.61,92051.52
ITEM0011727,ORD006820,PROD00452,1,1874.23,47.77,1441.5
ITEM0011728,ORD006821,PROD00365,1,14343.5,1178.5,11641.5
ITEM0011729,ORD006822,PROD00350,1,9065.08,813.92,7409.25
ITEM0011730,ORD006823,PROD00407,1,3782.38,2.62,2838.75
ITEM0011731,ORD006823,PROD00308,2,9029.35,634.65,6281.6
ITEM0011732,ORD006824,PROD00399,1,8967.43,699.57,7250.25
ITEM0011733,ORD006825,PROD00202,1,1028.33,41.67,695.5
ITEM0011734,ORD006826,PROD00084,1,69889.2,9954.8,70262.72
ITEM0011735,ORD006826,PROD00392,2,3187.03,330.97,2638.5
ITEM0011736,ORD006827,PROD00424,2,34128.14,293.86,25816.5
ITEM0011737,ORD006828,PROD00299,1,3826.1,131.9,2572.7
ITEM0011738,ORD006829,PROD00445,1,4206.89,30.11,3177.75
ITEM0011739,ORD006830,PROD00333,3,33985.73,1321.27,26480.25
ITEM0011740,ORD006830,PROD00009,1,41188.16,3883.84,39663.36
ITEM0011741,ORD006830,PROD00060,1,49549.78,64.22,43660.32
ITEM0011742,ORD006831,PROD00342,3,4771.39,319.61,3818.25
ITEM0011743,ORD006831,PROD00133,1,13709.7,2026.3,13847.68
ITEM0011744,ORD006832,PROD00111,1,45466.73,2620.27,42316.56
ITEM0011745,ORD006832,PROD00285,1,1469.07,49.93,987.35
ITEM0011746,ORD006832,PROD00406,1,8069.97,553.03,6467.25
ITEM0011747,ORD006832,PROD00290,1,1527.57,80.43,1045.2
ITEM0011748,ORD006833,PROD00268,1,2517.07,70.93,1682.2
ITEM0011749,ORD006834,PROD00296,1,4210.18,275.82,2915.9
ITEM0011750,ORD006835,PROD00006,1,26044.27,2749.73,25338.72
ITEM0011751,ORD006835,PROD00149,1,21772.73,2600.27,21448.24
ITEM0011752,ORD006836,PROD00097,1,12543.91,2152.09,12932.48
ITEM0011753,ORD006837,PROD00141,1,6872.19,1097.81,7013.6
ITEM0011754,ORD006838,PROD00238,1,3191.44,233.56,2226.25
ITEM0011755,ORD006839,PROD00113,1,37237.09,2610.91,35066.24
ITEM0011756,ORD006839,PROD00013,1,43931.9,3985.1,42166.96
ITEM0011757,ORD006840,PROD00251,1,4268.63,213.37,2913.3
ITEM0011758,ORD006840,PROD00492,1,22199.39,1329.61,17646.75
ITEM0011759,ORD006840,PROD00086,1,68561.61,4582.39,64366.72
ITEM0011760,ORD006841,PROD00203,1,3195.43,115.57,2152.15
ITEM0011761,ORD006841,PROD00294,1,2486.75,176.25,1730.95
ITEM0011762,ORD006842,PROD00435,1,8861.42,8.58,6652.5
ITEM0011763,ORD006843,PROD00034,1,24937.19,1372.81,23152.8
ITEM0011764,ORD006843,PROD00377,2,2624.22,287.78,2184.0
ITEM0011765,ORD006844,PROD00429,1,3990.13,276.87,3200.25
ITEM0011766,ORD006845,PROD00257,3,11435.8,429.2,7712.25
ITEM0011767,ORD006846,PROD00044,1,55716.3,5645.7,53998.56
ITEM0011768,ORD006847,PROD00192,1,834.57,14.43,551.85
ITEM0011769,ORD006847,PROD00097,2,29123.88,268.12,25864.96
ITEM0011770,ORD006847,PROD00225,1,3956.14,67.86,2615.6
ITEM0011771,ORD006848,PROD00384,1,1322.55,85.45,1056.0
ITEM0011772,ORD006848,PROD00286,1,748.71,57.29,523.9
ITEM0011773,ORD006849,PROD00218,1,3301.7,91.3,2205.45
ITEM0011774,ORD006849,PROD00157,1,39822.48,6213.52,40511.68
ITEM0011775,ORD006850,PROD00165,1,20888.51,696.49,18994.8
ITEM0011776,ORD006850,PROD00282,2,5143.3,206.7,3477.5
ITEM0011777,ORD006851,PROD00058,1,67764.24,6872.76,65680.56
ITEM0011778,ORD006852,PROD00322,1,4552.0,90.0,3017.3
ITEM0011779,ORD006853,PROD00418,1,10094.67,63.33,7618.5
ITEM0011780,ORD006853,PROD00462,2,14202.67,1211.33,11560.5
ITEM0011781,ORD006854,PROD00447,1,5398.3,334.7,4299.75
ITEM0011782,ORD006855,PROD00463,1,6840.87,166.13,5255.25
ITEM0011783,ORD006856,PROD00054,1,42919.13,6681.87,43648.88
ITEM0011784,ORD006856,PROD00146,1,10910.25,248.75,9819.92
ITEM0011785,ORD006856,PROD00096,1,65828.12,9794.88,66548.24
ITEM0011786,ORD006857,PROD00124,1,33045.74,480.26,29502.88
ITEM0011787,ORD006858,PROD00161,1,58768.55,7137.45,57997.28
ITEM0011788,ORD006859,PROD00138,1,39728.1,1329.9,36131.04
ITEM0011789,ORD006860,PROD00319,1,518.89,10.11,343.85
ITEM0011790,ORD006861,PROD00312,1,667.66,9.34,440.05
ITEM0011791,ORD006862,PROD00403,1,2993.92,228.08,2416.5
ITEM0011792,ORD006863,PROD00483,1,19424.46,1952.54,16032.75
ITEM0011793,ORD006864,PROD00101,1,70567.79,5269.21,66736.56
ITEM0011794,ORD006864,PROD00158,3,206984.83,6426.17,187801.68
ITEM0011795,ORD006865,PROD00222,1,3066.11,168.89,2102.75
ITEM0011796,ORD006866,PROD00371,1,8128.93,539.07,6501.0
ITEM0011797,ORD006867,PROD00208,1,3742.71,50.29,2465.45
ITEM0011798,ORD006868,PROD00164,1,26551.0,4028.0,26909.52
ITEM0011799,ORD006868,PROD00231,2,2340.62,67.38,1565.2
ITEM0011800,ORD006868,PROD00418,1,9229.84,928.16,7618.5
ITEM0011801,ORD006869,PROD00262,1,2490.35,51.65,1652.3
ITEM0011802,ORD006870,PROD00400,1,5881.07,585.93,4850.25
ITEM0011803,ORD006871,PROD00360,1,16711.25,909.75,13215.75
ITEM0011804,ORD006871,PROD00311,1,2071.17,159.83,1450.15
ITEM0011805,ORD006871,PROD00152,1,58310.91,2127.09,53185.44
ITEM0011806,ORD006871,PROD00163,1,45349.36,1385.64,41126.8
ITEM0011807,ORD006872,PROD00358,1,17750.46,377.54,13596.0
ITEM0011808,ORD006873,PROD00103,1,58269.24,5955.76,56518.0
ITEM0011809,ORD006873,PROD00272,1,1085.96,41.04,732.55
ITEM0011810,ORD006873,PROD00397,2,10487.45,244.55,8049.0
ITEM0011811,ORD006873,PROD00279,1,4591.0,295.0,3175.9
ITEM0011812,ORD006874,PROD00393,1,7035.41,68.59,5328.0
ITEM0011813,ORD006875,PROD00135,1,62548.48,6897.52,61112.48
ITEM0011814,ORD006875,PROD00067,2,74407.45,11746.55,75815.52
ITEM0011815,ORD006875,PROD00493,1,13134.66,365.34,10125.0
ITEM0011816,ORD006875,PROD00053,1,67357.48,10269.52,68311.76
ITEM0011817,ORD006876,PROD00388,1,7270.55,53.45,5493.0
ITEM0011818,ORD006877,PROD00194,2,6165.58,202.42,4139.2
ITEM0011819,ORD006878,PROD00181,1,1478.2,14.8,970.45
ITEM0011820,ORD006879,PROD00299,1,3658.34,299.66,2572.7
ITEM0011821,ORD006879,PROD00111,1,45681.45,2405.55,42316.56
ITEM0011822,ORD006879,PROD00404,1,20780.74,1688.26,16851.75
ITEM0011823,ORD006880,PROD00253,1,4111.88,131.12,2757.95
ITEM0011824,ORD006881,PROD00058,1,66883.84,7753.16,65680.56
ITEM0011825,ORD006881,PROD00480,1,3954.93,311.07,3199.5
ITEM0011826,ORD006882,PROD00210,1,4096.59,6.41,2666.95
ITEM0011827,ORD006883,PROD00124,1,29148.53,4377.47,29502.88
ITEM0011828,ORD006884,PROD00434,1,13057.77,106.23,9873.0
ITEM0011829,ORD006884,PROD00087,1,20685.93,883.07,18980.72
ITEM0011830,ORD006885,PROD00417,1,9540.48,258.52,7349.25
ITEM0011831,ORD006885,PROD00385,1,21253.2,150.8,16053.0
ITEM0011832,ORD006886,PROD00119,1,51793.26,4483.74,49523.76
ITEM0011833,ORD006886,PROD00004,1,12760.68,443.32,11619.52
ITEM0011834,ORD006887,PROD00189,1,1265.49,61.51,862.55
ITEM0011835,ORD006888,PROD00066,1,71960.51,1467.49,64616.64
ITEM0011836,ORD006889,PROD00014,1,30933.94,3744.06,30516.64
ITEM0011837,ORD006889,PROD00063,1,14623.17,1515.83,14202.32
ITEM0011838,ORD006889,PROD00245,1,3548.76,169.24,2416.7
ITEM0011839,ORD006890,PROD00167,1,634.0,29.0,430.95
ITEM0011840,ORD006891,PROD00182,1,2490.33,2.67,1620.45
ITEM0011841,ORD006892,PROD00162,1,6253.82,304.18,5771.04
ITEM0011842,ORD006892,PROD00261,2,6445.28,174.72,4303.0
ITEM0011843,ORD006892,PROD00091,3,76160.16,9282.84,75189.84
ITEM0011844,ORD006893,PROD00421,1,2788.77,65.23,2140.5
ITEM0011845,ORD006893,PROD00322,1,4451.67,190.33,3017.3
ITEM0011846,ORD006893,PROD00132,2,39436.46,467.54,35115.52
ITEM0011847,ORD006894,PROD00321,1,1908.19,9.81,1246.7
ITEM0011848,ORD006895,PROD00398,1,11629.67,795.33,9318.75
ITEM0011849,ORD006896,PROD00455,1,17795.53,1489.47,14463.75
ITEM0011850,ORD006896,PROD00176,2,8272.66,497.34,5700.5
ITEM0011851,ORD006896,PROD00157,1,44075.34,1960.66,40511.68
ITEM0011852,ORD006897,PROD00451,1,15926.56,330.44,12192.75
ITEM0011853,ORD006897,PROD00288,1,4888.94,90.06,3236.35
ITEM0011854,ORD006897,PROD00431,2,14761.06,1334.94,12072.0
ITEM0011855,ORD006898,PROD00210,2,8204.47,1.53,5333.9
ITEM0011856,ORD006899,PROD00334,1,18158.95,458.05,13962.75
ITEM0011857,ORD006899,PROD00173,1,2377.34,158.66,1648.4
ITEM0011858,ORD006900,PROD00254,3,2076.95,113.05,1423.5
ITEM0011859,ORD006901,PROD00421,1,2674.16,179.84,2140.5
ITEM0011860,ORD006901,PROD00244,1,2316.35,199.65,1635.4
ITEM0011861,ORD006901,PROD00339,1,15285.66,574.34,11895.0
ITEM0011862,ORD006901,PROD00152,3,158127.95,23186.05,159556.32
ITEM0011863,ORD006902,PROD00267,1,3541.62,52.38,2336.1
ITEM0011864,ORD006903,PROD00488,1,13150.75,385.25,10152.0
ITEM0011865,ORD006904,PROD00172,1,557.91,27.09,380.25
ITEM0011866,ORD006905,PROD00306,1,4058.28,154.72,2738.45
ITEM0011867,ORD006905,PROD00114,1,28177.21,3837.79,28173.2
ITEM0011868,ORD006906,PROD00415,1,5201.47,187.53,4041.75
ITEM0011869,ORD006907,PROD00390,1,21654.43,215.57,16402.5
ITEM0011870,ORD006907,PROD00335,1,15740.28,125.72,11899.5
ITEM0011871,ORD006907,PROD00112,2,34368.51,1551.49,31609.6
ITEM0011872,ORD006908,PROD00101,1,69694.88,6142.12,66736.56
ITEM0011873,ORD006909,PROD00366,1,21188.8,1172.2,16770.75
ITEM0011874,ORD006910,PROD00082,1,68540.74,720.26,60949.68
ITEM0011875,ORD006911,PROD00315,1,3766.07,160.93,2552.55
ITEM0011876,ORD006911,PROD00310,1,3005.97,90.03,2012.4
ITEM0011877,ORD006912,PROD00265,1,4701.85,67.15,3099.85
ITEM0011878,ORD006913,PROD00168,1,1493.94,1.06,971.75
ITEM0011879,ORD006914,PROD00196,1,1597.33,13.67,1047.15
ITEM0011880,ORD006915,PROD00001,1,54868.41,7120.59,54550.32
ITEM0011881,ORD006915,PROD00025,1,27032.4,2607.6,26083.2
ITEM0011882,ORD006916,PROD00199,1,4209.76,66.24,2779.4
ITEM0011883,ORD006916,PROD00356,1,19605.26,748.74,15265.5
ITEM0011884,ORD006916,PROD00381,1,23548.11,960.89,18381.75
ITEM0011885,ORD006917,PROD00058,1,71630.69,3006.31,65680.56
ITEM0011886,ORD006917,PROD00136,1,69741.66,5875.34,66542.96
ITEM0011887,ORD006917,PROD00394,1,18385.52,470.48,14142.0
ITEM0011888,ORD006918,PROD00424,2,32159.36,2262.64,25816.5
ITEM0011889,ORD006919,PROD00334,2,36141.31,1092.69,27925.5
ITEM0011890,ORD006920,PROD00236,1,4356.9,135.1,2919.8
ITEM0011891,ORD006921,PROD00486,3,21370.44,544.56,16436.25
ITEM0011892,ORD006922,PROD00442,1,23329.8,1085.2,18311.25
ITEM0011893,ORD006922,PROD00419,1,3022.31,149.69,2379.0
ITEM0011894,ORD006922,PROD00137,1,13549.29,1907.71,13602.16
ITEM0011895,ORD006923,PROD00338,2,9747.53,330.47,7558.5
ITEM0011896,ORD006923,PROD00055,1,61025.0,6849.0,59729.12
ITEM0011897,ORD006923,PROD00268,1,2480.99,107.01,1682.2
ITEM0011898,ORD006924,PROD00162,1,6431.79,126.21,5771.04
ITEM0011899,ORD006925,PROD00448,1,5410.69,314.31,4293.75
ITEM0011900,ORD006925,PROD00230,1,2413.09,103.91,1636.05
ITEM0011901,ORD006926,PROD00341,1,7312.83,127.17,5580.0
ITEM0011902,ORD006926,PROD00011,1,42085.16,5737.84,42084.24
ITEM0011903,ORD006927,PROD00401,1,2193.85,100.15,1720.5
ITEM0011904,ORD006927,PROD00382,2,2517.36,34.64,1914.0
ITEM0011905,ORD006928,PROD00078,1,59257.62,3156.38,54924.32
ITEM0011906,ORD006928,PROD00297,1,3634.29,303.71,2559.7
ITEM0011907,ORD006929,PROD00059,2,65862.2,5465.8,62768.64
ITEM0011908,ORD006930,PROD00191,2,2846.03,167.97,1959.1
ITEM0011909,ORD006930,PROD00323,1,4521.48,373.52,3181.75
ITEM0011910,ORD006931,PROD00424,1,16312.11,898.89,12908.25
ITEM0011911,ORD006932,PROD00419,1,2938.68,233.32,2379.0
ITEM0011912,ORD006933,PROD00053,1,73130.73,4496.27,68311.76
ITEM0011913,ORD006934,PROD00356,1,18856.14,1497.86,15265.5
ITEM0011914,ORD006934,PROD00257,1,3868.81,86.19,2570.75
ITEM0011915,ORD006934,PROD00384,2,2556.95,259.05,2112.0
ITEM0011916,ORD006935,PROD00084,1,76426.25,3417.75,70262.72
ITEM0011917,ORD006935,PROD00465,3,39637.27,46.73,29763.0
ITEM0011918,ORD006936,PROD00342,1,1691.35,5.65,1272.75
ITEM0011919,ORD006936,PROD00180,1,3111.98,251.02,2185.95
ITEM0011920,ORD006937,PROD00269,1,2568.19,31.81,1690.0
ITEM0011921,ORD006938,PROD00321,1,1777.41,140.59,1246.7
ITEM0011922,ORD006939,PROD00122,1,15049.19,828.81,13972.64
ITEM0011923,ORD006940,PROD00078,1,54433.65,7980.35,54924.32
ITEM0011924,ORD006940,PROD00150,2,156264.55,607.45,138047.36
ITEM0011925,ORD006941,PROD00412,1,12321.04,346.96,9501.0
ITEM0011926,ORD006941,PROD00351,1,24046.19,573.81,18465.0
ITEM0011927,ORD006942,PROD00270,1,982.41,79.59,690.3
ITEM0011928,ORD006942,PROD00111,1,42603.58,5483.42,42316.56
ITEM0011929,ORD006943,PROD00265,1,4436.29,332.71,3099.85
ITEM0011930,ORD006944,PROD00175,2,2950.13,107.87,1987.7
ITEM0011931,ORD006944,PROD00150,1,77736.32,699.68,69023.68
ITEM0011932,ORD006945,PROD00320,1,1832.37,89.63,1249.3
ITEM0011933,ORD006945,PROD00446,2,41726.85,1841.15,32676.0
ITEM0011934,ORD006946,PROD00181,1,1490.6,2.4,970.45
ITEM0011935,ORD006946,PROD00054,1,48558.73,1042.27,43648.88
ITEM0011936,ORD006947,PROD00431,1,7633.15,414.85,6036.0
ITEM0011937,ORD006948,PROD00318,1,2615.66,14.34,1709.5
ITEM0011938,ORD006949,PROD00002,2,54196.41,4025.59,51235.36
ITEM0011939,ORD006949,PROD00060,3,140838.77,8003.23,130980.96
ITEM0011940,ORD006950,PROD00065,1,51200.26,7485.74,51643.68
ITEM0011941,ORD006951,PROD00048,1,8313.78,486.22,7744.0
ITEM0011942,ORD006952,PROD00142,1,24471.49,2407.51,23653.52
ITEM0011943,ORD006952,PROD00004,1,11902.32,1301.68,11619.52
ITEM0011944,ORD006953,PROD00322,1,4294.13,347.87,3017.3
ITEM0011945,ORD006954,PROD00101,1,70722.04,5114.96,66736.56
ITEM0011946,ORD006955,PROD00225,1,3961.91,62.09,2615.6
ITEM0011947,ORD006956,PROD00262,1,2358.53,183.47,1652.3
ITEM0011948,ORD006956,PROD00037,1,43505.97,2177.03,40201.04
ITEM0011949,ORD006957,PROD00061,1,24539.5,1919.5,23283.92
ITEM0011950,ORD006957,PROD00043,1,48583.13,5708.87,47776.96
ITEM0011951,ORD006957,PROD00215,1,3730.06,53.94,2459.6
ITEM0011952,ORD006958,PROD00051,2,22636.38,3.62,19923.2
ITEM0011953,ORD006958,PROD00184,1,842.88,3.12,549.9
ITEM0011954,ORD006959,PROD00327,1,2674.16,33.84,1760.2
ITEM0011955,ORD006960,PROD00314,3,2517.2,83.8,1690.65
ITEM0011956,ORD006961,PROD00482,1,17469.87,1014.13,13863.0
ITEM0011957,ORD006962,PROD00313,1,3823.61,49.39,2517.45
ITEM0011958,ORD006962,PROD00310,2,5769.36,422.64,4024.8
ITEM0011959,ORD006963,PROD00213,1,3193.16,162.84,2181.4
ITEM0011960,ORD006963,PROD00439,3,8245.81,601.19,6635.25
ITEM0011961,ORD006964,PROD00465,1,12384.05,843.95,9921.0
ITEM0011962,ORD006964,PROD00302,1,1320.01,18.99,870.35
ITEM0011963,ORD006964,PROD00407,2,7125.16,444.84,5677.5
ITEM0011964,ORD006965,PROD00173,1,2342.57,193.43,1648.4
ITEM0011965,ORD006966,PROD00357,2,32918.73,2103.27,26266.5
ITEM0011966,ORD006967,PROD00462,2,15063.42,350.58,11560.5
ITEM0011967,ORD006967,PROD00480,1,4113.77,152.23,3199.5
ITEM0011968,ORD006968,PROD00036,1,13002.26,556.74,11931.92
ITEM0011969,ORD006969,PROD00004,2,22902.12,3505.88,23239.04
ITEM0011970,ORD006969,PROD00255,1,1757.72,39.28,1168.05
ITEM0011971,ORD006970,PROD00186,1,4726.52,123.48,3152.5
ITEM0011972,ORD006971,PROD00147,1,53353.97,195.03,47123.12
ITEM0011973,ORD006972,PROD00128,1,69855.21,1044.79,62392.0
ITEM0011974,ORD006972,PROD00449,1,9090.51,987.49,7558.5
ITEM0011975,ORD006972,PROD00140,1,6221.27,266.73,5709.44
ITEM0011976,ORD006973,PROD00113,3,109620.74,9923.26,105198.72
ITEM0011977,ORD006973,PROD00357,2,32196.78,2825.22,26266.5
ITEM0011978,ORD006973,PROD00034,1,26110.05,199.95,23152.8
ITEM0011979,ORD006974,PROD00118,1,64260.24,9299.76,64732.8
ITEM0011980,ORD006974,PROD00107,3,131220.38,12818.62,126754.32
ITEM0011981,ORD006975,PROD00314,1,808.19,58.81,563.55
ITEM0011982,ORD006976,PROD00271,1,3707.26,168.74,2519.4
ITEM0011983,ORD006976,PROD00019,2,142048.82,2137.18,126883.68
ITEM0011984,ORD006977,PROD00047,1,10532.09,1369.91,10473.76
ITEM0011985,ORD006978,PROD00278,2,6174.71,309.29,4214.6
ITEM0011986,ORD006979,PROD00301,1,4478.94,191.06,3035.5
ITEM0011987,ORD006979,PROD00427,1,22845.35,1227.65,18054.75
ITEM0011988,ORD006980,PROD00222,1,3218.91,16.09,2102.75
ITEM0011989,ORD006981,PROD00011,1,46954.85,868.15,42084.24
ITEM0011990,ORD006982,PROD00396,1,12575.47,1396.53,10479.0
ITEM0011991,ORD006982,PROD00488,2,24945.31,2126.69,20304.0
ITEM0011992,ORD006983,PROD00325,2,8921.88,418.12,6071.0
ITEM0011993,ORD006984,PROD00157,1,39994.61,6041.39,40511.68
ITEM0011994,ORD006985,PROD00197,2,5897.25,6.75,3837.6
ITEM0011995,ORD006985,PROD00304,1,2563.07,59.93,1704.95
ITEM0011996,ORD006986,PROD00233,1,3491.74,168.26,2379.0
ITEM0011997,ORD006986,PROD00318,2,5230.15,29.85,3419.0
ITEM0011998,ORD006987,PROD00084,1,68573.3,11270.7,70262.72
ITEM0011999,ORD006987,PROD00011,1,47333.1,489.9,42084.24
ITEM0012000,ORD006987,PROD00269,2,5088.72,111.28,3380.0
ITEM0012001,ORD006987,PROD00106,1,6762.95,122.05,6058.8
ITEM0012002,ORD006988,PROD00269,1,2458.98,141.02,1690.0
ITEM0012003,ORD006988,PROD00123,1,26229.43,2654.57,25417.92
ITEM0012004,ORD006989,PROD00243,1,2709.98,167.02,1870.05
ITEM0012005,ORD006989,PROD00340,1,9249.97,462.03,7284.0
ITEM0012006,ORD006990,PROD00466,1,3339.1,220.9,2670.0
ITEM0012007,ORD006991,PROD00004,1,12009.62,1194.38,11619.52
ITEM0012008,ORD006991,PROD00342,1,1603.94,93.06,1272.75
ITEM0012009,ORD006991,PROD00170,1,2300.72,174.28,1608.75
ITEM0012010,ORD006992,PROD00200,1,2057.71,134.29,1424.8
ITEM0012011,ORD006992,PROD00061,1,25720.93,738.07,23283.92
ITEM0012012,ORD006993,PROD00141,1,7823.47,146.53,7013.6
ITEM0012013,ORD006994,PROD00107,1,44594.77,3418.23,42251.44
ITEM0012014,ORD006995,PROD00135,1,63393.69,6052.31,61112.48
ITEM0012015,ORD006996,PROD00158,1,68990.82,2146.18,62600.56
ITEM0012016,ORD006996,PROD00333,2,22907.07,630.93,17653.5
ITEM0012017,ORD006996,PROD00138,1,35744.69,5313.31,36131.04
ITEM0012018,ORD006997,PROD00214,1,4382.97,292.03,3038.75
ITEM0012019,ORD006997,PROD00150,2,141805.59,15066.41,138047.36
ITEM0012020,ORD006997,PROD00464,1,6184.73,629.27,5110.5
ITEM0012021,ORD006998,PROD00374,1,9466.44,837.56,7728.0
ITEM0012022,ORD006999,PROD00041,1,22725.76,172.24,20150.24
ITEM0012023,ORD006999,PROD00103,1,59736.67,4488.33,56518.0
ITEM0012024,ORD007000,PROD00444,1,10879.83,263.17,8357.25
ITEM0012025,ORD007001,PROD00237,1,1882.83,140.17,1314.95
ITEM0012026,ORD007002,PROD00196,1,1533.83,77.17,1047.15
ITEM0012027,ORD007003,PROD00411,1,20395.05,1980.95,16782.0
ITEM0012028,ORD007003,PROD00319,1,492.87,36.13,343.85
ITEM0012029,ORD007003,PROD00350,1,9239.19,639.81,7409.25
ITEM0012030,ORD007003,PROD00145,1,63985.22,2357.78,58381.84
ITEM0012031,ORD007004,PROD00314,1,860.12,6.88,563.55
ITEM0012032,ORD007004,PROD00088,1,63307.55,9628.45,64183.68
ITEM0012033,ORD007005,PROD00451,2,30864.84,1649.16,24385.5
ITEM0012034,ORD007005,PROD00343,2,42340.12,1719.88,33045.0
ITEM0012035,ORD007006,PROD00223,1,4935.64,24.36,3224.0
ITEM0012036,ORD007007,PROD00221,1,535.76,22.24,362.7
ITEM0012037,ORD007007,PROD00478,2,12436.87,859.13,9972.0
ITEM0012038,ORD007008,PROD00024,1,60998.57,6701.43,59576.0
ITEM0012039,ORD007008,PROD00209,1,1547.91,97.09,1069.25
ITEM0012040,ORD007009,PROD00074,3,199971.39,18203.61,191994.0
ITEM0012041,ORD007009,PROD00154,1,33782.26,185.74,29891.84
ITEM0012042,ORD007009,PROD00101,1,64822.87,11014.13,66736.56
ITEM0012043,ORD007009,PROD00036,1,12816.92,742.08,11931.92
ITEM0012044,ORD007010,PROD00174,2,9053.45,672.55,6321.9
ITEM0012045,ORD007011,PROD00330,1,1389.49,26.51,920.4
ITEM0012046,ORD007011,PROD00209,1,1570.23,74.77,1069.25
ITEM0012047,ORD007012,PROD00033,1,49168.52,5494.48,48103.44
ITEM0012048,ORD007013,PROD00191,1,1437.42,69.58,979.55
ITEM0012049,ORD007013,PROD00231,1,1188.24,15.76,782.6
ITEM0012050,ORD007014,PROD00456,1,15006.32,1546.68,12414.75
ITEM0012051,ORD007014,PROD00280,2,5453.37,454.63,3840.2
ITEM0012052,ORD007015,PROD00291,2,8914.54,119.46,5872.1
ITEM0012053,ORD007016,PROD00298,1,2182.15,25.85,1435.2
ITEM0012054,ORD007017,PROD00174,1,4510.16,352.84,3160.95
ITEM0012055,ORD007017,PROD00211,1,1084.62,61.38,744.9
ITEM0012056,ORD007018,PROD00297,2,7559.32,316.68,5119.4
ITEM0012057,ORD007018,PROD00435,1,8547.8,322.2,6652.5
ITEM0012058,ORD007019,PROD00291,1,4490.32,26.68,2936.05
ITEM0012059,ORD007020,PROD00024,1,62757.58,4942.42,59576.0
ITEM0012060,ORD007020,PROD00243,1,2664.36,212.64,1870.05
ITEM0012061,ORD007020,PROD00342,1,1655.9,41.1,1272.75
ITEM0012062,ORD007021,PROD00306,1,3907.12,305.88,2738.45
ITEM0012063,ORD007021,PROD00023,3,167744.62,14313.38,160211.04
ITEM0012064,ORD007022,PROD00027,1,39782.06,1814.94,36605.36
ITEM0012065,ORD007023,PROD00488,1,12984.34,551.66,10152.0
ITEM0012066,ORD007023,PROD00057,1,6546.51,676.49,6356.24
ITEM0012067,ORD007024,PROD00167,1,623.55,39.45,430.95
ITEM0012068,ORD007025,PROD00083,1,44800.98,3268.02,42300.72
ITEM0012069,ORD007025,PROD00181,1,1466.33,26.67,970.45
ITEM0012070,ORD007026,PROD00292,1,2077.91,175.09,1464.45
ITEM0012071,ORD007027,PROD00296,1,4153.94,332.06,2915.9
ITEM0012072,ORD007028,PROD00316,1,4309.75,247.25,2962.05
ITEM0012073,ORD007028,PROD00180,1,3094.8,268.2,2185.95
ITEM0012074,ORD007028,PROD00479,1,14447.26,288.74,11052.0
ITEM0012075,ORD007029,PROD00372,1,7430.17,596.83,6020.25
ITEM0012076,ORD007029,PROD00037,1,43012.95,2670.05,40201.04
ITEM0012077,ORD007029,PROD00313,1,3672.42,200.58,2517.45
ITEM0012078,ORD007029,PROD00366,2,42821.83,1900.17,33541.5
ITEM0012079,ORD007030,PROD00229,1,4102.69,86.31,2722.85
ITEM0012080,ORD007031,PROD00463,1,6706.39,300.61,5255.25
ITEM0012081,ORD007031,PROD00026,1,38976.19,4366.81,38141.84
ITEM0012082,ORD007032,PROD00258,1,3386.71,211.29,2338.7
ITEM0012083,ORD007032,PROD00463,1,6951.18,55.82,5255.25
ITEM0012084,ORD007033,PROD00379,1,4088.0,1.0,3066.75
ITEM0012085,ORD007033,PROD00011,1,41610.86,6212.14,42084.24
ITEM0012086,ORD007034,PROD00126,1,28399.49,4114.51,28612.32
ITEM0012087,ORD007035,PROD00468,1,9746.37,1035.63,8086.5
ITEM0012088,ORD007036,PROD00464,1,6723.17,90.83,5110.5
ITEM0012089,ORD007036,PROD00108,1,64865.58,9486.42,65429.76
ITEM0012090,ORD007036,PROD00422,1,22273.48,1902.52,18132.0
ITEM0012091,ORD007037,PROD00338,1,4580.48,458.52,3779.25
ITEM0012092,ORD007038,PROD00476,1,22529.45,537.55,17300.25
ITEM0012093,ORD007039,PROD00150,1,68669.92,9766.08,69023.68
ITEM0012094,ORD007039,PROD00462,1,7383.73,323.27,5780.25
ITEM0012095,ORD007040,PROD00476,1,21349.09,1717.91,17300.25
ITEM0012096,ORD007041,PROD00170,1,2460.17,14.83,1608.75
ITEM0012097,ORD007041,PROD00223,2,9579.02,340.98,6448.0
ITEM0012098,ORD007041,PROD00008,1,54935.4,8413.6,55747.12
ITEM0012099,ORD007042,PROD00077,1,45834.48,7754.52,47158.32
ITEM0012100,ORD007042,PROD00404,1,21094.49,1374.51,16851.75
ITEM0012101,ORD007042,PROD00257,1,3741.12,213.88,2570.75
ITEM0012102,ORD007043,PROD00304,1,2527.75,95.25,1704.95
ITEM0012103,ORD007044,PROD00164,2,59123.05,2034.95,53819.04
ITEM0012104,ORD007044,PROD00234,1,3557.47,18.53,2324.4
ITEM0012105,ORD007044,PROD00189,1,1298.36,28.64,862.55
ITEM0012106,ORD007045,PROD00014,2,67371.58,1984.42,61033.28
ITEM0012107,ORD007046,PROD00102,1,26379.23,3200.77,26030.4
ITEM0012108,ORD007046,PROD00379,1,3752.01,336.99,3066.75
ITEM0012109,ORD007047,PROD00036,1,13209.74,349.26,11931.92
ITEM0012110,ORD007047,PROD00161,1,64928.36,977.64,57997.28
ITEM0012111,ORD007048,PROD00187,2,6187.29,186.71,4143.1
ITEM0012112,ORD007049,PROD00291,1,4173.86,343.14,2936.05
ITEM0012113,ORD007050,PROD00362,1,7034.99,700.01,5801.25
ITEM0012114,ORD007050,PROD00314,1,803.68,63.32,563.55
ITEM0012115,ORD007051,PROD00026,1,37173.65,6169.35,38141.84
ITEM0012116,ORD007051,PROD00489,1,17605.02,624.98,13672.5
ITEM0012117,ORD007052,PROD00398,1,11220.49,1204.51,9318.75
ITEM0012118,ORD007053,PROD00372,1,7946.98,80.02,6020.25
ITEM0012119,ORD007053,PROD00138,1,38196.12,2861.88,36131.04
ITEM0012120,ORD007054,PROD00454,1,23934.6,991.4,18694.5
ITEM0012121,ORD007054,PROD00375,1,15940.95,620.05,12420.75
ITEM0012122,ORD007054,PROD00365,2,30964.52,79.48,23283.0
ITEM0012123,ORD007054,PROD00306,1,4102.24,110.76,2738.45
ITEM0012124,ORD007055,PROD00015,1,58622.92,9636.08,60067.92
ITEM0012125,ORD007056,PROD00044,1,59170.57,2191.43,53998.56
ITEM0012126,ORD007057,PROD00086,1,65611.6,7532.4,64366.72
ITEM0012127,ORD007057,PROD00450,1,18109.36,715.64,14118.75
ITEM0012128,ORD007057,PROD00488,1,13332.58,203.42,10152.0
ITEM0012129,ORD007058,PROD00163,1,45472.92,1262.08,41126.8
ITEM0012130,ORD007058,PROD00016,1,69164.06,2925.94,63439.2
ITEM0012131,ORD007059,PROD00437,1,20047.1,2029.9,16557.75
ITEM0012132,ORD007059,PROD00178,1,1492.13,108.87,1040.65
ITEM0012133,ORD007060,PROD00314,1,862.68,4.32,563.55
ITEM0012134,ORD007061,PROD00265,3,14113.61,193.39,9299.55
ITEM0012135,ORD007062,PROD00480,2,8393.12,138.88,6399.0
ITEM0012136,ORD007062,PROD00045,1,34998.96,4340.04,34618.32
ITEM0012137,ORD007062,PROD00188,1,4760.1,121.9,3173.3
ITEM0012138,ORD007062,PROD00398,1,11359.25,1065.75,9318.75
ITEM0012139,ORD007063,PROD00403,1,3143.3,78.7,2416.5
ITEM0012140,ORD007064,PROD00185,1,976.03,6.97,638.95
ITEM0012141,ORD007065,PROD00141,1,7707.79,262.21,7013.6
ITEM0012142,ORD007066,PROD00373,1,14202.0,59.0,10695.75
ITEM0012143,ORD007067,PROD00280,1,2789.2,164.8,1920.1
ITEM0012144,ORD007067,PROD00035,2,99886.1,14311.9,100494.24
ITEM0012145,ORD007067,PROD00421,1,2614.41,239.59,2140.5
ITEM0012146,ORD007068,PROD00201,1,3600.54,179.46,2457.0
ITEM0012147,ORD007068,PROD00233,1,3652.09,7.91,2379.0
ITEM0012148,ORD007069,PROD00017,1,11490.68,62.32,10166.64
ITEM0012149,ORD007069,PROD00149,1,21680.19,2692.81,21448.24
ITEM0012150,ORD007069,PROD00294,1,2458.82,204.18,1730.95
ITEM0012151,ORD007070,PROD00390,1,20457.57,1412.43,16402.5
ITEM0012152,ORD007071,PROD00306,1,4075.91,137.09,2738.45
ITEM0012153,ORD007071,PROD00272,1,1116.16,10.84,732.55
ITEM0012154,ORD007072,PROD00185,1,942.07,40.93,638.95
ITEM0012155,ORD007072,PROD00439,1,2867.56,81.44,2211.75
ITEM0012156,ORD007073,PROD00099,1,42279.01,1941.99,38914.48
ITEM0012157,ORD007074,PROD00027,1,36029.67,5567.33,36605.36
ITEM0012158,ORD007075,PROD00137,1,15109.42,347.58,13602.16
ITEM0012159,ORD007076,PROD00283,2,1661.74,40.26,1106.3
ITEM0012160,ORD007076,PROD00454,1,24014.21,911.79,18694.5
ITEM0012161,ORD007077,PROD00173,1,2460.23,75.77,1648.4
ITEM0012162,ORD007077,PROD00048,1,7783.8,1016.2,7744.0
ITEM0012163,ORD007077,PROD00483,1,20666.29,710.71,16032.75
ITEM0012164,ORD007078,PROD00229,1,4171.15,17.85,2722.85
ITEM0012165,ORD007079,PROD00200,2,4159.21,224.79,2849.6
ITEM0012166,ORD007080,PROD00445,1,4125.49,111.51,3177.75
ITEM0012167,ORD007081,PROD00149,1,23713.06,659.94,21448.24
ITEM0012168,ORD007081,PROD00013,2,82786.59,13047.41,84333.92
ITEM0012169,ORD007082,PROD00220,1,916.5,77.5,646.1
ITEM0012170,ORD007082,PROD00022,1,45257.5,6435.5,45489.84
ITEM0012171,ORD007082,PROD00056,1,29983.37,4884.63,30683.84
ITEM0012172,ORD007083,PROD00007,1,20564.33,455.67,18497.6
ITEM0012173,ORD007083,PROD00236,1,4293.85,198.15,2919.8
ITEM0012174,ORD007084,PROD00061,1,23655.06,2803.94,23283.92
ITEM0012175,ORD007085,PROD00445,1,4005.85,231.15,3177.75
ITEM0012176,ORD007086,PROD00214,1,4532.97,142.03,3038.75
ITEM0012177,ORD007086,PROD00368,1,16675.97,1100.03,13332.0
ITEM0012178,ORD007087,PROD00013,1,45272.77,2644.23,42166.96
ITEM0012179,ORD007088,PROD00271,1,3695.33,180.67,2519.4
ITEM0012180,ORD007089,PROD00288,1,4888.95,90.05,3236.35
ITEM0012181,ORD007089,PROD00299,1,3763.66,194.34,2572.7
ITEM0012182,ORD007090,PROD00308,1,4550.42,281.58,3140.8
ITEM0012183,ORD007091,PROD00433,1,9856.29,14.71,7403.25
ITEM0012184,ORD007091,PROD00069,1,23658.68,3649.32,24031.04
ITEM0012185,ORD007092,PROD00238,2,6405.83,444.17,4452.5
ITEM0012186,ORD007092,PROD00251,1,4175.82,306.18,2913.3
ITEM0012187,ORD007092,PROD00428,2,18009.37,1822.63,14874.0
ITEM0012188,ORD007093,PROD00174,1,4649.19,213.81,3160.95
ITEM0012189,ORD007093,PROD00479,1,13637.11,1098.89,11052.0
ITEM0012190,ORD007094,PROD00102,1,25189.92,4390.08,26030.4
ITEM0012191,ORD007095,PROD00079,1,26077.42,1295.58,24088.24
ITEM0012192,ORD007096,PROD00183,1,3821.43,172.57,2596.1
ITEM0012193,ORD007096,PROD00411,1,21047.24,1328.76,16782.0
ITEM0012194,ORD007097,PROD00230,1,2332.72,184.28,1636.05
ITEM0012195,ORD007098,PROD00287,1,2023.94,23.06,1330.55
ITEM0012196,ORD007098,PROD00278,1,3019.65,222.35,2107.3
ITEM0012197,ORD007098,PROD00192,1,846.27,2.73,551.85
ITEM0012198,ORD007099,PROD00149,1,23131.2,1241.8,21448.24
ITEM0012199,ORD007099,PROD00039,1,31269.3,1242.7,28610.56
ITEM0012200,ORD007099,PROD00075,1,38082.99,5916.01,38719.12
ITEM0012201,ORD007100,PROD00186,1,4697.0,153.0,3152.5
ITEM0012202,ORD007101,PROD00245,1,3560.54,157.46,2416.7
ITEM0012203,ORD007101,PROD00274,2,2631.52,84.48,1765.4
ITEM0012204,ORD007101,PROD00133,1,13918.08,1817.92,13847.68
ITEM0012205,ORD007102,PROD00199,1,4229.38,46.62,2779.4
ITEM0012206,ORD007102,PROD00086,1,63708.34,9435.66,64366.72
ITEM0012207,ORD007103,PROD00132,1,19791.87,160.13,17557.76
ITEM0012208,ORD007103,PROD00349,1,13191.47,382.53,10180.5
ITEM0012209,ORD007104,PROD00158,1,64684.87,6452.13,62600.56
ITEM0012210,ORD007105,PROD00344,1,14460.35,459.65,11190.0
ITEM0012211,ORD007105,PROD00418,1,9316.52,841.48,7618.5
ITEM0012212,ORD007106,PROD00166,1,3442.92,289.08,2425.8
ITEM0012213,ORD007106,PROD00101,1,74359.83,1477.17,66736.56
ITEM0012214,ORD007107,PROD00368,1,16551.55,1224.45,13332.0
ITEM0012215,ORD007107,PROD00048,1,8461.81,338.19,7744.0
ITEM0012216,ORD007108,PROD00214,3,13653.18,371.82,9116.25
ITEM0012217,ORD007109,PROD00272,1,1048.43,78.57,732.55
ITEM0012218,ORD007110,PROD00494,2,15881.67,214.33,12072.0
ITEM0012219,ORD007111,PROD00105,1,58483.54,7087.46,57702.48
ITEM0012220,ORD007111,PROD00382,1,1272.66,3.34,957.0
ITEM0012221,ORD007112,PROD00439,1,2674.53,274.47,2211.75
ITEM0012222,ORD007113,PROD00426,1,18363.88,2020.12,15288.0
ITEM0012223,ORD007114,PROD00240,1,1350.77,96.23,940.55
ITEM0012224,ORD007114,PROD00220,1,916.9,77.1,646.1
ITEM0012225,ORD007115,PROD00150,1,76869.85,1566.15,69023.68
ITEM0012226,ORD007115,PROD00069,1,24033.73,3274.27,24031.04
ITEM0012227,ORD007116,PROD00494,1,7862.08,185.92,6036.0
ITEM0012228,ORD007117,PROD00455,1,18221.09,1063.91,14463.75
ITEM0012229,ORD007118,PROD00032,1,54141.44,8882.56,55461.12
ITEM0012230,ORD007118,PROD00248,2,9309.45,14.55,6060.6
ITEM0012231,ORD007119,PROD00120,1,70693.99,2905.01,64767.12
ITEM0012232,ORD007119,PROD00168,2,2840.24,149.76,1943.5
ITEM0012233,ORD007119,PROD00200,1,2026.98,165.02,1424.8
ITEM0012234,ORD007120,PROD00061,2,47746.52,5171.48,46567.84
ITEM0012235,ORD007120,PROD00063,1,14238.91,1900.09,14202.32
ITEM0012236,ORD007121,PROD00328,1,2890.9,229.1,2028.0
ITEM0012237,ORD007121,PROD00110,1,34736.96,4694.04,34699.28
ITEM0012238,ORD007122,PROD00379,1,3945.78,143.22,3066.75
ITEM0012239,ORD007122,PROD00128,1,69254.74,1645.26,62392.0
ITEM0012240,ORD007123,PROD00034,1,23305.12,3004.88,23152.8
ITEM0012241,ORD007123,PROD00242,1,3340.38,270.62,2347.15
ITEM0012242,ORD007123,PROD00335,1,14914.13,951.87,11899.5
ITEM0012243,ORD007124,PROD00347,1,4476.43,449.57,3694.5
ITEM0012244,ORD007125,PROD00108,1,64752.55,9599.45,65429.76
ITEM0012245,ORD007125,PROD00233,3,10140.54,839.46,7137.0
ITEM0012246,ORD007125,PROD00376,1,15426.13,302.87,11796.75
ITEM0012247,ORD007126,PROD00042,1,33291.19,5387.81,34037.52
ITEM0012248,ORD007127,PROD00144,1,63344.9,20.1,55761.2
ITEM0012249,ORD007128,PROD00391,1,14173.6,560.4,11050.5
ITEM0012250,ORD007129,PROD00299,2,7872.63,43.37,5145.4
ITEM0012251,ORD007129,PROD00393,1,6745.73,358.27,5328.0
ITEM0012252,ORD007130,PROD00169,1,1465.91,32.09,973.7
ITEM0012253,ORD007131,PROD00069,1,26795.57,512.43,24031.04
ITEM0012254,ORD007132,PROD00440,1,19384.09,1976.91,16020.75
ITEM0012255,ORD007133,PROD00234,1,3518.5,57.5,2324.4
ITEM0012256,ORD007134,PROD00208,1,3690.13,102.87,2465.45
ITEM0012257,ORD007135,PROD00373,1,12966.45,1294.55,10695.75
ITEM0012258,ORD007135,PROD00494,1,7915.69,132.31,6036.0
ITEM0012259,ORD007135,PROD00295,2,3238.75,99.25,2169.7
ITEM0012260,ORD007136,PROD00286,1,778.39,27.61,523.9
ITEM0012261,ORD007136,PROD00395,1,4683.71,501.29,3888.75
ITEM0012262,ORD007137,PROD00423,1,23571.97,42.03,17710.5
ITEM0012263,ORD007137,PROD00273,1,735.61,50.39,510.9
ITEM0012264,ORD007137,PROD00318,1,2605.34,24.66,1709.5
ITEM0012265,ORD007138,PROD00401,1,2194.44,99.56,1720.5
ITEM0012266,ORD007138,PROD00143,1,18247.88,562.12,16552.8
ITEM0012267,ORD007139,PROD00052,2,146789.46,2740.54,131586.4
ITEM0012268,ORD007140,PROD00061,3,72583.41,6793.59,69851.76
ITEM0012269,ORD007141,PROD00249,1,2320.29,144.71,1602.25
ITEM0012270,ORD007142,PROD00020,1,69162.78,9830.22,69513.84
ITEM0012271,ORD007143,PROD00220,1,927.29,66.71,646.1
ITEM0012272,ORD007143,PROD00459,1,8517.65,862.35,7035.0
ITEM0012273,ORD007144,PROD00254,1,699.1,30.9,474.5
ITEM0012274,ORD007145,PROD00485,2,4214.92,107.08,3241.5
ITEM0012275,ORD007146,PROD00172,1,577.73,7.27,380.25
ITEM0012276,ORD007147,PROD00114,1,28417.38,3597.62,28173.2
ITEM0012277,ORD007148,PROD00376,1,15196.91,532.09,11796.75
ITEM0012278,ORD007149,PROD00245,1,3563.69,154.31,2416.7
ITEM0012279,ORD007150,PROD00088,2,135012.46,10859.54,128367.36
ITEM0012280,ORD007151,PROD00310,1,3062.7,33.3,2012.4
ITEM0012281,ORD007152,PROD00040,1,54956.36,1954.64,50081.68
ITEM0012282,ORD007152,PROD00005,1,42761.07,3323.93,40554.8
ITEM0012283,ORD007152,PROD00437,3,59840.43,6390.57,49673.25
ITEM0012284,ORD007153,PROD00177,2,5623.9,412.1,3923.4
ITEM0012285,ORD007153,PROD00127,1,72431.46,1795.54,65319.76
ITEM0012286,ORD007153,PROD00371,2,17148.57,187.43,13002.0
ITEM0012287,ORD007154,PROD00070,1,38364.56,5276.44,38404.08
ITEM0012288,ORD007154,PROD00317,1,3543.78,250.22,2466.1
ITEM0012289,ORD007154,PROD00459,1,8837.33,542.67,7035.0
ITEM0012290,ORD007155,PROD00003,1,41243.78,5170.22,40844.32
ITEM0012291,ORD007156,PROD00341,2,13776.3,1103.7,11160.0
ITEM0012292,ORD007157,PROD00203,2,6325.25,296.75,4304.3
ITEM0012293,ORD007158,PROD00188,1,4705.28,176.72,3173.3
ITEM0012294,ORD007158,PROD00138,1,40277.24,780.76,36131.04
ITEM0012295,ORD007159,PROD00019,1,61751.91,10341.09,63441.84
ITEM0012296,ORD007160,PROD00369,2,15865.82,712.18,12433.5
ITEM0012297,ORD007161,PROD00128,1,61802.88,9097.12,62392.0
ITEM0012298,ORD007162,PROD00483,1,20616.95,760.05,16032.75
ITEM0012299,ORD007162,PROD00419,1,3049.5,122.5,2379.0
ITEM0012300,ORD007163,PROD00171,1,1105.34,47.66,749.45
ITEM0012301,ORD007164,PROD00149,1,22326.69,2046.31,21448.24
ITEM0012302,ORD007164,PROD00343,1,20804.38,1225.62,16522.5
ITEM0012303,ORD007164,PROD00391,1,14524.65,209.35,11050.5
ITEM0012304,ORD007165,PROD00324,1,2776.56,2.44,1806.35
ITEM0012305,ORD007166,PROD00394,3,53571.98,2996.02,42426.0
ITEM0012306,ORD007167,PROD00053,1,74242.44,3384.56,68311.76
ITEM0012307,ORD007168,PROD00052,1,72104.95,2660.05,65793.2
ITEM0012308,ORD007169,PROD00393,2,13809.68,398.32,10656.0
ITEM0012309,ORD007170,PROD00009,2,80413.23,9730.77,79326.72
ITEM0012310,ORD007170,PROD00328,2,6130.37,109.63,4056.0
ITEM0012311,ORD007170,PROD00166,1,3704.72,27.28,2425.8
ITEM0012312,ORD007171,PROD00118,1,69840.83,3719.17,64732.8
ITEM0012313,ORD007171,PROD00312,3,1932.85,98.15,1320.15
ITEM0012314,ORD007171,PROD00357,1,16416.36,1094.64,13133.25
ITEM0012315,ORD007171,PROD00153,1,28863.34,3363.66,28359.76
ITEM0012316,ORD007172,PROD00242,1,3505.28,105.72,2347.15
ITEM0012317,ORD007172,PROD00416,1,1209.61,29.39,929.25
ITEM0012318,ORD007172,PROD00124,1,31818.73,1707.27,29502.88
ITEM0012319,ORD007173,PROD00045,1,39276.11,62.89,34618.32
ITEM0012320,ORD007174,PROD00482,1,16876.45,1607.55,13863.0
ITEM0012321,ORD007174,PROD00424,1,16129.79,1081.21,12908.25
ITEM0012322,ORD007175,PROD00053,1,69680.29,7946.71,68311.76
ITEM0012323,ORD007175,PROD00031,1,62131.21,5676.79,59671.04
ITEM0012324,ORD007176,PROD00134,2,66912.98,7511.02,65493.12
ITEM0012325,ORD007176,PROD00261,3,9758.06,171.94,6454.5
ITEM0012326,ORD007176,PROD00391,1,13765.28,968.72,11050.5
ITEM0012327,ORD007177,PROD00258,2,6905.44,290.56,4677.4
ITEM0012328,ORD007177,PROD00315,1,3649.98,277.02,2552.55
ITEM0012329,ORD007178,PROD00073,1,69432.78,3016.22,63755.12
ITEM0012330,ORD007178,PROD00414,1,15099.73,1033.27,12099.75
ITEM0012331,ORD007178,PROD00135,1,59368.96,10077.04,61112.48
ITEM0012332,ORD007179,PROD00050,1,17351.9,2349.1,17336.88
ITEM0012333,ORD007180,PROD00053,1,76705.76,921.24,68311.76
ITEM0012334,ORD007181,PROD00085,1,46546.03,4135.97,44600.16
ITEM0012335,ORD007181,PROD00456,1,16136.93,416.07,12414.75
ITEM0012336,ORD007181,PROD00079,1,23866.19,3506.81,24088.24
ITEM0012337,ORD007181,PROD00396,3,39602.63,2313.37,31437.0
ITEM0012338,ORD007182,PROD00032,1,58915.75,4108.25,55461.12
ITEM0012339,ORD007183,PROD00098,3,63265.6,5863.4,60833.52
ITEM0012340,ORD007184,PROD00457,2,11792.57,103.43,8922.0
ITEM0012341,ORD007184,PROD00439,3,8114.44,732.56,6635.25
ITEM0012342,ORD007185,PROD00433,1,9058.26,812.74,7403.25
ITEM0012343,ORD007185,PROD00207,1,3410.26,194.74,2343.25
ITEM0012344,ORD007186,PROD00028,3,146148.57,18869.43,145215.84
ITEM0012345,ORD007186,PROD00246,1,791.35,56.65,551.2
ITEM0012346,ORD007187,PROD00322,1,4604.37,37.63,3017.3
ITEM0012347,ORD007188,PROD00142,1,22890.09,3988.91,23653.52
ITEM0012348,ORD007189,PROD00223,2,9266.94,653.06,6448.0
ITEM0012349,ORD007189,PROD00394,1,17026.33,1829.67,14142.0
ITEM0012350,ORD007190,PROD00004,1,12946.82,257.18,11619.52
ITEM0012351,ORD007191,PROD00250,1,4220.29,141.71,2835.3
ITEM0012352,ORD007192,PROD00315,1,3850.46,76.54,2552.55
ITEM0012353,ORD007193,PROD00144,1,55921.04,7443.96,55761.2
ITEM0012354,ORD007193,PROD00390,1,21233.24,636.76,16402.5
ITEM0012355,ORD007193,PROD00207,2,6966.86,243.14,4686.5
ITEM0012356,ORD007194,PROD00473,1,9382.27,301.73,7263.0
ITEM0012357,ORD007195,PROD00356,1,19210.04,1143.96,15265.5
ITEM0012358,ORD007195,PROD00083,1,46973.43,1095.57,42300.72
ITEM0012359,ORD007195,PROD00188,2,9474.01,289.99,6346.6
ITEM0012360,ORD007196,PROD00482,1,18153.15,330.85,13863.0
ITEM0012361,ORD007197,PROD00426,1,20364.09,19.91,15288.0
ITEM0012362,ORD007197,PROD00102,2,50344.77,8815.23,52060.8
ITEM0012363,ORD007198,PROD00087,1,18689.48,2879.52,18980.72
ITEM0012364,ORD007198,PROD00431,1,7323.02,724.98,6036.0
ITEM0012365,ORD007198,PROD00148,1,39568.34,6800.66,40804.72
ITEM0012366,ORD007199,PROD00108,1,73006.27,1345.73,65429.76
ITEM0012367,ORD007200,PROD00450,2,34030.82,3619.18,28237.5
ITEM0012368,ORD007200,PROD00245,2,7069.15,366.85,4833.4
ITEM0012369,ORD007200,PROD00027,1,39931.43,1665.57,36605.36
ITEM0012370,ORD007201,PROD00365,1,14032.06,1489.94,11641.5
ITEM0012371,ORD007201,PROD00246,1,829.18,18.82,551.2
ITEM0012372,ORD007201,PROD00394,1,18163.65,692.35,14142.0
ITEM0012373,ORD007202,PROD00178,1,1486.7,114.3,1040.65
ITEM0012374,ORD007202,PROD00265,1,4451.97,317.03,3099.85
ITEM0012375,ORD007203,PROD00092,1,22641.26,1161.74,20946.64
ITEM0012376,ORD007203,PROD00459,1,8960.7,419.3,7035.0
ITEM0012377,ORD007203,PROD00268,1,2383.86,204.14,1682.2
ITEM0012378,ORD007203,PROD00061,1,23372.0,3087.0,23283.92
ITEM0012379,ORD007204,PROD00175,1,1512.46,16.54,993.85
ITEM0012380,ORD007204,PROD00310,1,2895.04,200.96,2012.4
ITEM0012381,ORD007205,PROD00103,1,54902.6,9322.4,56518.0
ITEM0012382,ORD007206,PROD00031,1,58089.09,9718.91,59671.04
ITEM0012383,ORD007206,PROD00319,1,494.44,34.56,343.85
ITEM0012384,ORD007207,PROD00483,2,40018.33,2735.67,32065.5
ITEM0012385,ORD007208,PROD00367,1,12103.23,664.77,9576.0
ITEM0012386,ORD007209,PROD00171,2,2183.72,122.28,1498.9
ITEM0012387,ORD007210,PROD00459,2,18394.83,365.17,14070.0
ITEM0012388,ORD007210,PROD00078,1,62175.08,238.92,54924.32
ITEM0012389,ORD007211,PROD00052,1,74276.77,488.23,65793.2
ITEM0012390,ORD007212,PROD00442,1,24276.75,138.25,18311.25
ITEM0012391,ORD007212,PROD00298,2,4069.68,346.32,2870.4
ITEM0012392,ORD007212,PROD00380,1,8476.46,143.54,6465.0
ITEM0012393,ORD007213,PROD00462,1,7487.17,219.83,5780.25
ITEM0012394,ORD007213,PROD00034,1,23974.45,2335.55,23152.8
ITEM0012395,ORD007214,PROD00379,1,4060.16,28.84,3066.75
ITEM0012396,ORD007214,PROD00034,1,24327.91,1982.09,23152.8
ITEM0012397,ORD007215,PROD00040,1,53095.75,3815.25,50081.68
ITEM0012398,ORD007216,PROD00105,1,60975.88,4595.12,57702.48
ITEM0012399,ORD007216,PROD00422,1,22156.25,2019.75,18132.0
ITEM0012400,ORD007217,PROD00036,1,12342.53,1216.47,11931.92
ITEM0012401,ORD007218,PROD00267,2,7015.94,172.06,4672.2
ITEM0012402,ORD007219,PROD00192,1,803.13,45.87,551.85
ITEM0012403,ORD007220,PROD00007,1,19884.72,1135.28,18497.6
ITEM0012404,ORD007221,PROD00073,1,68233.74,4215.26,63755.12
ITEM0012405,ORD007221,PROD00221,1,544.67,13.33,362.7
ITEM0012406,ORD007222,PROD00138,1,39924.97,1133.03,36131.04
ITEM0012407,ORD007223,PROD00333,1,11446.14,322.86,8826.75
ITEM0012408,ORD007223,PROD00167,1,645.4,17.6,430.95
ITEM0012409,ORD007224,PROD00007,1,20053.5,966.5,18497.6
ITEM0012410,ORD007225,PROD00048,1,8377.31,422.69,7744.0
ITEM0012411,ORD007226,PROD00018,1,18187.84,119.16,16110.16
ITEM0012412,ORD007227,PROD00259,3,11018.3,552.7,7521.15
ITEM0012413,ORD007227,PROD00213,1,3273.88,82.12,2181.4
ITEM0012414,ORD007228,PROD00450,1,17285.27,1539.73,14118.75
ITEM0012415,ORD007229,PROD00122,1,14972.47,905.53,13972.64
ITEM0012416,ORD007229,PROD00019,1,71436.26,656.74,63441.84
ITEM0012417,ORD007230,PROD00373,1,14234.74,26.26,10695.75
ITEM0012418,ORD007231,PROD00092,1,21893.22,1909.78,20946.64
ITEM0012419,ORD007232,PROD00352,2,3908.58,391.42,3225.0
ITEM0012420,ORD007233,PROD00042,1,34857.38,3821.62,34037.52
ITEM0012421,ORD007233,PROD00451,1,14731.58,1525.42,12192.75
ITEM0012422,ORD007233,PROD00422,1,22539.28,1636.72,18132.0
ITEM0012423,ORD007234,PROD00130,1,56651.65,5287.35,54506.32
ITEM0012424,ORD007235,PROD00439,1,2820.05,128.95,2211.75
ITEM0012425,ORD007236,PROD00249,1,2319.26,145.74,1602.25
ITEM0012426,ORD007237,PROD00355,1,7709.19,114.81,5868.0
ITEM0012427,ORD007238,PROD00422,1,22900.58,1275.42,18132.0
ITEM0012428,ORD007238,PROD00398,1,12059.98,365.02,9318.75
ITEM0012429,ORD007238,PROD00303,1,2458.12,197.88,1726.4
ITEM0012430,ORD007239,PROD00188,1,4779.83,102.17,3173.3
ITEM0012431,ORD007240,PROD00105,1,57029.89,8541.11,57702.48
ITEM0012432,ORD007241,PROD00195,2,1882.12,115.88,1298.7
ITEM0012433,ORD007241,PROD00221,1,538.2,19.8,362.7
ITEM0012434,ORD007242,PROD00395,1,5144.95,40.05,3888.75
ITEM0012435,ORD007242,PROD00456,1,15805.89,747.11,12414.75
ITEM0012436,ORD007242,PROD00179,1,2886.64,194.36,2002.65
ITEM0012437,ORD007243,PROD00440,1,20339.54,1021.46,16020.75
ITEM0012438,ORD007244,PROD00171,2,2238.04,67.96,1498.9
ITEM0012439,ORD007245,PROD00473,1,9295.97,388.03,7263.0
ITEM0012440,ORD007245,PROD00436,1,18650.55,398.45,14286.75
ITEM0012441,ORD007246,PROD00096,1,69050.69,6572.31,66548.24
ITEM0012442,ORD007246,PROD00382,1,1172.69,103.31,957.0
ITEM0012443,ORD007247,PROD00045,1,34246.47,5092.53,34618.32
ITEM0012444,ORD007247,PROD00308,2,9616.49,47.51,6281.6
ITEM0012445,ORD007248,PROD00143,1,17163.8,1646.2,16552.8
ITEM0012446,ORD007248,PROD00204,1,4572.66,276.34,3151.85
ITEM0012447,ORD007249,PROD00422,1,23073.48,1102.52,18132.0
ITEM0012448,ORD007249,PROD00323,1,4585.07,309.93,3181.75
ITEM0012449,ORD007250,PROD00371,2,16584.72,751.28,13002.0
ITEM0012450,ORD007250,PROD00198,2,4353.72,122.28,2909.4
ITEM0012451,ORD007250,PROD00061,1,23721.11,2737.89,23283.92
ITEM0012452,ORD007251,PROD00093,1,12603.52,1762.48,12642.08
ITEM0012453,ORD007251,PROD00120,1,68807.5,4791.5,64767.12
ITEM0012454,ORD007251,PROD00412,1,12104.84,563.16,9501.0
ITEM0012455,ORD007252,PROD00474,1,23159.46,577.54,17802.75
ITEM0012456,ORD007253,PROD00277,1,2125.19,51.81,1415.05
ITEM0012457,ORD007253,PROD00185,1,909.4,73.6,638.95
ITEM0012458,ORD007254,PROD00213,3,9918.36,149.64,6544.2
ITEM0012459,ORD007255,PROD00454,1,23085.11,1840.89,18694.5
ITEM0012460,ORD007256,PROD00099,1,39365.85,4855.15,38914.48
ITEM0012461,ORD007257,PROD00054,3,134284.14,14518.86,130946.64
ITEM0012462,ORD007257,PROD00257,1,3823.84,131.16,2570.75
ITEM0012463,ORD007258,PROD00142,1,25639.28,1239.72,23653.52
ITEM0012464,ORD007259,PROD00378,1,9172.59,54.41,6920.25
ITEM0012465,ORD007259,PROD00083,2,87418.24,8719.76,84601.44
ITEM0012466,ORD007260,PROD00193,1,2693.98,127.02,1833.65
ITEM0012467,ORD007260,PROD00142,3,74070.13,6566.87,70960.56
ITEM0012468,ORD007261,PROD00478,2,12013.27,1282.73,9972.0
ITEM0012469,ORD007261,PROD00112,2,35321.34,598.66,31609.6
ITEM0012470,ORD007262,PROD00389,1,17308.88,489.12,13348.5
ITEM0012471,ORD007263,PROD00136,2,129016.71,22217.29,133085.92
ITEM0012472,ORD007263,PROD00236,1,4351.16,140.84,2919.8
ITEM0012473,ORD007263,PROD00085,1,47185.73,3496.27,44600.16
ITEM0012474,ORD007264,PROD00313,1,3674.08,198.92,2517.45
ITEM0012475,ORD007264,PROD00349,1,13228.23,345.77,10180.5
ITEM0012476,ORD007265,PROD00054,1,43688.14,5912.86,43648.88
ITEM0012477,ORD007265,PROD00230,1,2358.64,158.36,1636.05
ITEM0012478,ORD007266,PROD00131,1,71344.39,3958.61,66266.64
ITEM0012479,ORD007267,PROD00427,1,23989.71,83.29,18054.75
ITEM0012480,ORD007267,PROD00329,1,3176.7,195.3,2191.8
ITEM0012481,ORD007267,PROD00089,1,17871.49,1698.51,17221.6
ITEM0012482,ORD007268,PROD00442,3,67409.01,5835.99,54933.75
ITEM0012483,ORD007269,PROD00117,1,22545.57,3409.43,22840.4
ITEM0012484,ORD007269,PROD00037,1,45388.63,294.37,40201.04
ITEM0012485,ORD007270,PROD00325,3,12960.43,1049.57,9106.5
ITEM0012486,ORD007271,PROD00434,1,13117.86,46.14,9873.0
ITEM0012487,ORD007272,PROD00104,1,13482.72,2258.28,13852.08
ITEM0012488,ORD007272,PROD00033,1,52584.47,2078.53,48103.44
ITEM0012489,ORD007272,PROD00480,1,4073.91,192.09,3199.5
ITEM0012490,ORD007273,PROD00212,1,2160.96,116.04,1480.05
ITEM0012491,ORD007273,PROD00394,1,18851.5,4.5,14142.0
ITEM0012492,ORD007273,PROD00463,1,6646.9,360.1,5255.25
ITEM0012493,ORD007274,PROD00401,2,4495.59,92.41,3441.0
ITEM0012494,ORD007275,PROD00247,3,4768.27,22.73,3114.15
ITEM0012495,ORD007275,PROD00173,1,2389.97,146.03,1648.4
ITEM0012496,ORD007276,PROD00471,1,10360.87,129.13,7867.5
ITEM0012497,ORD007276,PROD00472,1,1346.32,111.68,1093.5
ITEM0012498,ORD007277,PROD00290,1,1594.95,13.05,1045.2
ITEM0012499,ORD007277,PROD00340,1,9512.74,199.26,7284.0
ITEM0012500,ORD007277,PROD00168,2,2761.33,228.67,1943.5
ITEM0012501,ORD007278,PROD00329,2,6432.42,311.58,4383.6
ITEM0012502,ORD007279,PROD00296,1,4280.89,205.11,2915.9
ITEM0012503,ORD007280,PROD00209,1,1609.84,35.16,1069.25
ITEM0012504,ORD007280,PROD00093,1,13852.55,513.45,12642.08
ITEM0012505,ORD007281,PROD00134,1,33074.39,4137.61,32746.56
ITEM0012506,ORD007281,PROD00457,1,5421.38,526.62,4461.0
ITEM0012507,ORD007281,PROD00096,1,74836.69,786.31,66548.24
ITEM0012508,ORD007282,PROD00431,3,22216.5,1927.5,18108.0
ITEM0012509,ORD007283,PROD00324,1,2697.96,81.04,1806.35
ITEM0012510,ORD007283,PROD00013,1,44402.98,3514.02,42166.96
ITEM0012511,ORD007284,PROD00238,1,3239.05,185.95,2226.25
ITEM0012512,ORD007284,PROD00393,1,6496.06,607.94,5328.0
ITEM0012513,ORD007284,PROD00038,1,32366.51,2056.49,30292.24
ITEM0012514,ORD007285,PROD00310,1,2977.48,118.52,2012.4
ITEM0012515,ORD007285,PROD00092,1,21258.65,2544.35,20946.64
ITEM0012516,ORD007286,PROD00375,1,16347.48,213.52,12420.75
ITEM0012517,ORD007286,PROD00431,2,15225.13,870.87,12072.0
ITEM0012518,ORD007286,PROD00325,2,8742.95,597.05,6071.0
ITEM0012519,ORD007287,PROD00316,1,4333.61,223.39,2962.05
ITEM0012520,ORD007288,PROD00038,1,33157.99,1265.01,30292.24
ITEM0012521,ORD007289,PROD00356,2,38380.82,2327.18,30531.0
ITEM0012522,ORD007289,PROD00038,1,33846.17,576.83,30292.24
ITEM0012523,ORD007290,PROD00397,1,5028.23,337.77,4024.5
ITEM0012524,ORD007291,PROD00438,1,3170.72,295.28,2599.5
ITEM0012525,ORD007291,PROD00482,1,17800.69,683.31,13863.0
ITEM0012526,ORD007291,PROD00305,1,2626.57,89.43,1765.4
ITEM0012527,ORD007291,PROD00411,1,22345.3,30.7,16782.0
ITEM0012528,ORD007292,PROD00049,1,8792.69,1047.31,8659.2
ITEM0012529,ORD007293,PROD00466,1,3502.36,57.64,2670.0
ITEM0012530,ORD007293,PROD00220,1,962.17,31.83,646.1
ITEM0012531,ORD007294,PROD00065,1,58020.33,665.67,51643.68
ITEM0012532,ORD007294,PROD00295,1,1638.67,30.33,1084.85
ITEM0012533,ORD007295,PROD00124,2,65392.4,1659.6,59005.76
ITEM0012534,ORD007296,PROD00330,1,1339.34,76.66,920.4
ITEM0012535,ORD007297,PROD00033,1,54048.3,614.7,48103.44
ITEM0012536,ORD007298,PROD00155,1,53549.47,427.53,47499.76
ITEM0012537,ORD007299,PROD00097,1,12664.19,2031.81,12932.48
ITEM0012538,ORD007300,PROD00058,1,64942.01,9694.99,65680.56
ITEM0012539,ORD007300,PROD00313,1,3815.34,57.66,2517.45
ITEM0012540,ORD007300,PROD00043,2,99689.95,8894.05,95553.92
ITEM0012541,ORD007301,PROD00263,1,2876.65,39.35,1895.4
ITEM0012542,ORD007302,PROD00420,1,1511.21,132.79,1233.0
ITEM0012543,ORD007303,PROD00477,1,7409.19,601.81,6008.25
ITEM0012544,ORD007303,PROD00167,3,1832.88,156.12,1292.85
ITEM0012545,ORD007304,PROD00059,1,32244.16,3419.84,31384.32
ITEM0012546,ORD007304,PROD00123,1,27670.8,1213.2,25417.92
ITEM0012547,ORD007305,PROD00123,1,26259.7,2624.3,25417.92
ITEM0012548,ORD007305,PROD00165,1,21016.9,568.1,18994.8
ITEM0012549,ORD007305,PROD00492,1,22389.6,1139.4,17646.75
ITEM0012550,ORD007305,PROD00472,1,1427.08,30.92,1093.5
ITEM0012551,ORD007306,PROD00126,1,32141.63,372.37,28612.32
ITEM0012552,ORD007307,PROD00386,1,4288.91,404.09,3519.75
ITEM0012553,ORD007308,PROD00239,2,6407.11,272.89,4342.0
ITEM0012554,ORD007309,PROD00485,1,2012.12,148.88,1620.75
ITEM0012555,ORD007309,PROD00273,2,1495.26,76.74,1021.8
ITEM0012556,ORD007310,PROD00435,1,8408.51,461.49,6652.5
ITEM0012557,ORD007310,PROD00155,1,50229.99,3747.01,47499.76
ITEM0012558,ORD007310,PROD00327,1,2630.07,77.93,1760.2
ITEM0012559,ORD007311,PROD00382,1,1245.47,30.53,957.0
ITEM0012560,ORD007312,PROD00295,1,1573.58,95.42,1084.85
ITEM0012561,ORD007312,PROD00286,1,757.89,48.11,523.9
ITEM0012562,ORD007313,PROD00007,3,58762.85,4297.15,55492.8
ITEM0012563,ORD007314,PROD00351,1,24127.8,492.2,18465.0
ITEM0012564,ORD007315,PROD00384,1,1328.48,79.52,1056.0
ITEM0012565,ORD007316,PROD00459,1,9214.3,165.7,7035.0
ITEM0012566,ORD007316,PROD00174,1,4713.82,149.18,3160.95
ITEM0012567,ORD007316,PROD00292,3,6582.49,176.51,4393.35
ITEM0012568,ORD007317,PROD00080,1,71701.74,6834.26,69111.68
ITEM0012569,ORD007318,PROD00125,1,8313.21,576.79,7823.2
ITEM0012570,ORD007319,PROD00280,1,2922.79,31.21,1920.1
ITEM0012571,ORD007320,PROD00296,1,4229.71,256.29,2915.9
ITEM0012572,ORD007321,PROD00341,1,6853.16,586.84,5580.0
ITEM0012573,ORD007321,PROD00226,1,1156.19,83.81,806.0
ITEM0012574,ORD007321,PROD00333,1,11137.36,631.64,8826.75
ITEM0012575,ORD007322,PROD00124,1,33085.63,440.37,29502.88
ITEM0012576,ORD007322,PROD00487,2,21393.19,624.81,16513.5
ITEM0012577,ORD007322,PROD00462,1,7398.13,308.87,5780.25
ITEM0012578,ORD007323,PROD00455,1,18857.28,427.72,14463.75
ITEM0012579,ORD007323,PROD00414,2,31848.67,417.33,24199.5
ITEM0012580,ORD007324,PROD00183,1,3778.05,215.95,2596.1
ITEM0012581,ORD007325,PROD00249,1,2376.66,88.34,1602.25
ITEM0012582,ORD007325,PROD00481,1,4474.19,60.81,3401.25
ITEM0012583,ORD007326,PROD00020,1,73660.63,5332.37,69513.84
ITEM0012584,ORD007327,PROD00310,1,2909.3,186.7,2012.4
ITEM0012585,ORD007327,PROD00364,1,14981.44,1415.56,12297.75
ITEM0012586,ORD007327,PROD00069,1,23415.11,3892.89,24031.04
ITEM0012587,ORD007328,PROD00129,1,43144.33,6644.67,43814.32
ITEM0012588,ORD007328,PROD00305,1,2689.81,26.19,1765.4
ITEM0012589,ORD007329,PROD00465,1,11940.83,1287.17,9921.0
ITEM0012590,ORD007330,PROD00302,2,2583.29,94.71,1740.7
ITEM0012591,ORD007330,PROD00374,1,9288.26,1015.74,7728.0
ITEM0012592,ORD007331,PROD00009,1,42741.87,2330.13,39663.36
ITEM0012593,ORD007332,PROD00447,1,5563.49,169.51,4299.75
ITEM0012594,ORD007332,PROD00216,2,4859.39,158.61,3261.7
ITEM0012595,ORD007333,PROD00068,1,42498.34,182.66,37559.28
ITEM0012596,ORD007333,PROD00107,1,41259.8,6753.2,42251.44
ITEM0012597,ORD007333,PROD00460,1,18051.28,1767.72,14864.25
ITEM0012598,ORD007334,PROD00221,1,551.02,6.98,362.7
ITEM0012599,ORD007335,PROD00411,2,43659.18,1092.82,33564.0
ITEM0012600,ORD007336,PROD00451,1,15343.32,913.68,12192.75
ITEM0012601,ORD007336,PROD00042,3,108012.14,8024.86,102112.56
ITEM0012602,ORD007337,PROD00324,2,5161.21,396.79,3612.7
ITEM0012603,ORD007338,PROD00116,2,132779.14,7332.86,123298.56
ITEM0012604,ORD007339,PROD00283,1,805.68,45.32,553.15
ITEM0012605,ORD007339,PROD00373,1,13486.23,774.77,10695.75
ITEM0012606,ORD007339,PROD00163,1,44295.22,2439.78,41126.8
ITEM0012607,ORD007340,PROD00211,1,1112.31,33.69,744.9
ITEM0012608,ORD007340,PROD00406,1,8278.73,344.27,6467.25
ITEM0012609,ORD007341,PROD00126,2,57689.28,7338.72,57224.64
ITEM0012610,ORD007341,PROD00240,1,1443.59,3.41,940.55
ITEM0012611,ORD007341,PROD00159,1,65630.17,9946.83,66507.76
ITEM0012612,ORD007342,PROD00141,2,14624.21,1315.79,14027.2
ITEM0012613,ORD007343,PROD00127,1,68952.97,5274.03,65319.76
ITEM0012614,ORD007344,PROD00088,1,63916.6,9019.4,64183.68
ITEM0012615,ORD007345,PROD00169,2,2867.09,128.91,1947.4
ITEM0012616,ORD007345,PROD00204,1,4689.91,159.09,3151.85
ITEM0012617,ORD007346,PROD00420,2,3003.32,284.68,2466.0
ITEM0012618,ORD007347,PROD00132,1,17667.48,2284.52,17557.76
ITEM0012619,ORD007348,PROD00148,1,45318.9,1050.1,40804.72
ITEM0012620,ORD007349,PROD00126,1,27780.2,4733.8,28612.32
ITEM0012621,ORD007349,PROD00072,1,38795.02,2502.98,36342.24
ITEM0012622,ORD007350,PROD00037,2,82039.29,9326.71,80402.08
ITEM0012623,ORD007351,PROD00381,1,23544.85,964.15,18381.75
ITEM0012624,ORD007352,PROD00002,1,25842.19,3268.81,25617.68
ITEM0012625,ORD007352,PROD00170,1,2375.26,99.74,1608.75
ITEM0012626,ORD007352,PROD00296,1,4339.77,146.23,2915.9
ITEM0012627,ORD007353,PROD00072,1,36714.95,4583.05,36342.24
ITEM0012628,ORD007354,PROD00379,1,3897.03,191.97,3066.75
ITEM0012629,ORD007355,PROD00441,2,33616.7,17.3,25225.5
ITEM0012630,ORD007356,PROD00310,1,2940.29,155.71,2012.4
ITEM0012631,ORD007357,PROD00034,1,22686.34,3623.66,23152.8
ITEM0012632,ORD007357,PROD00396,1,12947.84,1024.16,10479.0
ITEM0012633,ORD007357,PROD00041,1,21056.61,1841.39,20150.24
ITEM0012634,ORD007357,PROD00107,2,81953.51,14072.49,84502.88
ITEM0012635,ORD007358,PROD00382,1,1232.83,43.17,957.0
ITEM0012636,ORD007358,PROD00037,1,40191.96,5491.04,40201.04
ITEM0012637,ORD007358,PROD00329,1,3207.91,164.09,2191.8
ITEM0012638,ORD007359,PROD00179,1,3039.83,41.17,2002.65
ITEM0012639,ORD007360,PROD00015,1,63282.6,4976.4,60067.92
ITEM0012640,ORD007360,PROD00043,1,48527.26,5764.74,47776.96
ITEM0012641,ORD007360,PROD00238,1,3231.01,193.99,2226.25
ITEM0012642,ORD007361,PROD00491,1,4028.1,222.9,3188.25
ITEM0012643,ORD007361,PROD00450,1,18396.65,428.35,14118.75
ITEM0012644,ORD007362,PROD00440,1,19329.91,2031.09,16020.75
ITEM0012645,ORD007363,PROD00183,1,3866.44,127.56,2596.1
ITEM0012646,ORD007364,PROD00046,3,138306.12,10958.88,131353.2
ITEM0012647,ORD007365,PROD00051,2,22317.67,322.33,19923.2
ITEM0012648,ORD007365,PROD00212,1,2246.05,30.95,1480.05
ITEM0012649,ORD007366,PROD00419,1,3072.61,99.39,2379.0
ITEM0012650,ORD007367,PROD00210,2,8086.78,119.22,5333.9
ITEM0012651,ORD007367,PROD00193,1,2760.67,60.33,1833.65
ITEM0012652,ORD007367,PROD00227,1,3281.07,222.93,2277.6
ITEM0012653,ORD007368,PROD00290,1,1522.73,85.27,1045.2
ITEM0012654,ORD007369,PROD00358,1,17176.77,951.23,13596.0
ITEM0012655,ORD007369,PROD00348,1,4379.5,82.5,3346.5
ITEM0012656,ORD007370,PROD00045,1,35635.99,3703.01,34618.32
ITEM0012657,ORD007370,PROD00070,1,37782.47,5858.53,38404.08
ITEM0012658,ORD007371,PROD00272,1,1078.29,48.71,732.55
ITEM0012659,ORD007371,PROD00233,2,7029.43,290.57,4758.0
ITEM0012660,ORD007372,PROD00179,3,9052.25,190.75,6007.95
ITEM0012661,ORD007373,PROD00421,2,5599.53,108.47,4281.0
ITEM0012662,ORD007373,PROD00333,1,11146.26,622.74,8826.75
ITEM0012663,ORD007374,PROD00449,1,9972.58,105.42,7558.5
ITEM0012664,ORD007374,PROD00014,1,32050.88,2627.12,30516.64
ITEM0012665,ORD007375,PROD00271,1,3785.39,90.61,2519.4
ITEM0012666,ORD007375,PROD00105,1,63186.01,2384.99,57702.48
ITEM0012667,ORD007376,PROD00139,1,43436.91,5676.09,43219.44
ITEM0012668,ORD007377,PROD00251,1,4478.53,3.47,2913.3
ITEM0012669,ORD007378,PROD00274,1,1268.34,89.66,882.7
ITEM0012670,ORD007379,PROD00402,1,9243.88,340.12,7188.0
ITEM0012671,ORD007379,PROD00127,1,73370.25,856.75,65319.76
ITEM0012672,ORD007379,PROD00163,1,45436.22,1298.78,41126.8
ITEM0012673,ORD007380,PROD00483,1,20065.35,1311.65,16032.75
ITEM0012674,ORD007381,PROD00008,2,111603.57,15094.43,111494.24
ITEM0012675,ORD007381,PROD00044,3,170026.83,14059.17,161995.68
ITEM0012676,ORD007382,PROD00383,1,19973.9,852.1,15619.5
ITEM0012677,ORD007382,PROD00355,1,7671.89,152.11,5868.0
ITEM0012678,ORD007383,PROD00227,1,3441.83,62.17,2277.6
ITEM0012679,ORD007383,PROD00181,1,1436.59,56.41,970.45
ITEM0012680,ORD007384,PROD00362,1,7058.51,676.49,5801.25
ITEM0012681,ORD007384,PROD00317,1,3703.22,90.78,2466.1
ITEM0012682,ORD007384,PROD00260,2,1030.09,45.91,699.4
ITEM0012683,ORD007385,PROD00315,1,3819.69,107.31,2552.55
ITEM0012684,ORD007385,PROD00051,1,11126.84,193.16,9961.6
ITEM0012685,ORD007385,PROD00283,2,1607.53,94.47,1106.3
ITEM0012686,ORD007386,PROD00102,1,28638.96,941.04,26030.4
ITEM0012687,ORD007386,PROD00281,1,3646.58,208.42,2505.75
ITEM0012688,ORD007387,PROD00379,1,3791.76,297.24,3066.75
ITEM0012689,ORD007387,PROD00419,1,2907.44,264.56,2379.0
ITEM0012690,ORD007388,PROD00064,1,67280.24,8537.76,66719.84
ITEM0012691,ORD007388,PROD00414,1,15524.03,608.97,12099.75
ITEM0012692,ORD007388,PROD00139,1,42643.39,6469.61,43219.44
ITEM0012693,ORD007389,PROD00382,1,1200.82,75.18,957.0
ITEM0012694,ORD007389,PROD00051,1,9970.4,1349.6,9961.6
ITEM0012695,ORD007390,PROD00273,1,727.57,58.43,510.9
ITEM0012696,ORD007391,PROD00291,1,4324.04,192.96,2936.05
ITEM0012697,ORD007391,PROD00138,2,81301.72,814.28,72262.08
ITEM0012698,ORD007392,PROD00013,2,82785.56,13048.44,84333.92
ITEM0012699,ORD007393,PROD00246,1,803.55,44.45,551.2
ITEM0012700,ORD007393,PROD00128,1,66161.47,4738.53,62392.0
ITEM0012701,ORD007393,PROD00422,1,24078.79,97.21,18132.0
ITEM0012702,ORD007393,PROD00104,1,15570.99,170.01,13852.08
ITEM0012703,ORD007394,PROD00093,1,14303.98,62.02,12642.08
ITEM0012704,ORD007395,PROD00278,2,6354.38,129.62,4214.6
ITEM0012705,ORD007396,PROD00379,2,7619.16,558.84,6133.5
ITEM0012706,ORD007396,PROD00127,1,65682.07,8544.93,65319.76
ITEM0012707,ORD007396,PROD00051,1,9951.51,1368.49,9961.6
ITEM0012708,ORD007397,PROD00222,1,3214.06,20.94,2102.75
ITEM0012709,ORD007397,PROD00243,1,2748.67,128.33,1870.05
ITEM0012710,ORD007398,PROD00339,1,15406.76,453.24,11895.0
ITEM0012711,ORD007398,PROD00037,1,39358.3,6324.7,40201.04
ITEM0012712,ORD007399,PROD00307,1,1398.23,51.77,942.5
ITEM0012713,ORD007400,PROD00431,1,7348.67,699.33,6036.0
ITEM0012714,ORD007400,PROD00139,2,91135.16,7090.84,86438.88
ITEM0012715,ORD007401,PROD00259,2,7378.88,335.12,5014.1
ITEM0012716,ORD007402,PROD00142,2,49086.56,4671.44,47307.04
ITEM0012717,ORD007403,PROD00471,1,9947.46,542.54,7867.5
ITEM0012718,ORD007403,PROD00410,1,23151.62,1577.38,18546.75
ITEM0012719,ORD007404,PROD00042,1,34786.29,3892.71,34037.52
ITEM0012720,ORD007405,PROD00169,1,1438.3,59.7,973.7
ITEM0012721,ORD007406,PROD00416,1,1162.9,76.1,929.25
ITEM0012722,ORD007407,PROD00197,1,2876.32,75.68,1918.8
ITEM0012723,ORD007407,PROD00333,1,11480.34,288.66,8826.75
ITEM0012724,ORD007408,PROD00249,1,2342.68,122.32,1602.25
ITEM0012725,ORD007409,PROD00059,1,30688.8,4975.2,31384.32
ITEM0012726,ORD007409,PROD00136,1,65356.77,10260.23,66542.96
ITEM0012727,ORD007410,PROD00165,1,19002.54,2582.46,18994.8
ITEM0012728,ORD007410,PROD00312,1,625.26,51.74,440.05
ITEM0012729,ORD007411,PROD00035,1,51317.56,5781.44,50247.12
ITEM0012730,ORD007412,PROD00315,1,3702.7,224.3,2552.55
ITEM0012731,ORD007412,PROD00291,1,4301.66,215.34,2936.05
ITEM0012732,ORD007412,PROD00403,1,3000.47,221.53,2416.5
ITEM0012733,ORD007413,PROD00285,1,1468.51,50.49,987.35
ITEM0012734,ORD007414,PROD00114,1,31109.28,905.72,28173.2
ITEM0012735,ORD007414,PROD00430,1,19306.2,207.8,14635.5
ITEM0012736,ORD007414,PROD00327,1,2625.14,82.86,1760.2
ITEM0012737,ORD007415,PROD00015,1,64092.0,4167.0,60067.92
ITEM0012738,ORD007416,PROD00083,1,44734.18,3334.82,42300.72
ITEM0012739,ORD007416,PROD00081,1,53074.51,544.49,47184.72
ITEM0012740,ORD007417,PROD00078,2,115657.27,9170.73,109848.64
ITEM0012741,ORD007418,PROD00417,1,9320.4,478.6,7349.25
ITEM0012742,ORD007418,PROD00216,1,2322.69,186.31,1630.85
ITEM0012743,ORD007419,PROD00305,3,7753.46,394.54,5296.2
ITEM0012744,ORD007420,PROD00033,1,47052.61,7610.39,48103.44
ITEM0012745,ORD007420,PROD00453,1,18373.41,1873.59,15185.25
ITEM0012746,ORD007421,PROD00202,1,1017.61,52.39,695.5
ITEM0012747,ORD007422,PROD00179,1,3010.08,70.92,2002.65
ITEM0012748,ORD007423,PROD00405,1,6386.0,197.0,4937.25
ITEM0012749,ORD007424,PROD00204,1,4648.71,200.29,3151.85
ITEM0012750,ORD007425,PROD00196,1,1488.06,122.94,1047.15
ITEM0012751,ORD007426,PROD00210,2,7669.6,536.4,5333.9
ITEM0012752,ORD007427,PROD00370,1,24873.84,121.16,18746.25
ITEM0012753,ORD007428,PROD00418,1,9413.77,744.23,7618.5
ITEM0012754,ORD007429,PROD00133,1,13491.22,2244.78,13847.68
ITEM0012755,ORD007429,PROD00146,1,10254.96,904.04,9819.92
ITEM0012756,ORD007430,PROD00334,1,17290.58,1326.42,13962.75
ITEM0012757,ORD007430,PROD00157,1,43156.51,2879.49,40511.68
ITEM0012758,ORD007431,PROD00287,2,3811.58,282.42,2661.1
ITEM0012759,ORD007431,PROD00166,1,3589.38,142.62,2425.8
ITEM0012760,ORD007432,PROD00419,1,3089.81,82.19,2379.0
ITEM0012761,ORD007433,PROD00177,1,2778.75,239.25,1961.7
ITEM0012762,ORD007433,PROD00168,1,1402.73,92.27,971.75
ITEM0012763,ORD007434,PROD00216,1,2393.14,115.86,1630.85
ITEM0012764,ORD007435,PROD00027,1,36115.18,5481.82,36605.36
ITEM0012765,ORD007435,PROD00479,1,14233.77,502.23,11052.0
ITEM0012766,ORD007436,PROD00467,1,16547.04,705.96,12939.75
ITEM0012767,ORD007437,PROD00330,1,1312.8,103.2,920.4
ITEM0012768,ORD007437,PROD00106,1,6582.66,302.34,6058.8
ITEM0012769,ORD007437,PROD00246,2,1688.5,7.5,1102.4
ITEM0012770,ORD007438,PROD00385,1,20858.24,545.76,16053.0
ITEM0012771,ORD007438,PROD00205,1,4274.09,289.91,2966.6
ITEM0012772,ORD007438,PROD00493,2,25640.29,1359.71,20250.0
ITEM0012773,ORD007439,PROD00022,1,51329.69,363.31,45489.84
ITEM0012774,ORD007439,PROD00479,1,14493.46,242.54,11052.0
ITEM0012775,ORD007440,PROD00172,1,541.95,43.05,380.25
ITEM0012776,ORD007440,PROD00139,1,47783.42,1329.58,43219.44
ITEM0012777,ORD007441,PROD00335,1,15367.01,498.99,11899.5
ITEM0012778,ORD007442,PROD00031,1,66149.37,1658.63,59671.04
ITEM0012779,ORD007443,PROD00321,1,1852.31,65.69,1246.7
ITEM0012780,ORD007443,PROD00393,1,6609.84,494.16,5328.0
ITEM0012781,ORD007444,PROD00105,1,58361.93,7209.07,57702.48
ITEM0012782,ORD007445,PROD00138,1,36076.55,4981.45,36131.04
ITEM0012783,ORD007446,PROD00488,1,12237.33,1298.67,10152.0
ITEM0012784,ORD007446,PROD00094,2,118717.84,6914.16,110556.16
ITEM0012785,ORD007447,PROD00456,2,30926.14,2179.86,24829.5
ITEM0012786,ORD007447,PROD00356,1,18534.14,1819.86,15265.5
ITEM0012787,ORD007447,PROD00406,2,16366.99,879.01,12934.5
ITEM0012788,ORD007447,PROD00210,1,4088.68,14.32,2666.95
ITEM0012789,ORD007448,PROD00494,1,7473.61,574.39,6036.0
ITEM0012790,ORD007449,PROD00112,1,17163.79,796.21,15804.8
ITEM0012791,ORD007449,PROD00471,1,9634.23,855.77,7867.5
ITEM0012792,ORD007449,PROD00397,1,5155.88,210.12,4024.5
ITEM0012793,ORD007450,PROD00193,1,2793.33,27.67,1833.65
ITEM0012794,ORD007450,PROD00335,1,15117.5,748.5,11899.5
ITEM0012795,ORD007451,PROD00314,1,839.78,27.22,563.55
ITEM0012796,ORD007451,PROD00152,1,52337.51,8100.49,53185.44
ITEM0012797,ORD007452,PROD00153,2,58707.2,5746.8,56719.52
ITEM0012798,ORD007452,PROD00239,1,3176.57,163.43,2171.0
ITEM0012799,ORD007453,PROD00117,1,24537.91,1417.09,22840.4
ITEM0012800,ORD007453,PROD00234,3,10299.05,428.95,6973.2
ITEM0012801,ORD007454,PROD00071,2,104157.19,8042.81,98736.0
ITEM0012802,ORD007455,PROD00323,1,4662.87,232.13,3181.75
ITEM0012803,ORD007455,PROD00126,1,27641.19,4872.81,28612.32
ITEM0012804,ORD007455,PROD00167,1,659.43,3.57,430.95
ITEM0012805,ORD007456,PROD00380,1,8410.92,209.08,6465.0
ITEM0012806,ORD007457,PROD00486,3,21901.05,13.95,16436.25
ITEM0012807,ORD007457,PROD00393,1,6627.5,476.5,5328.0
ITEM0012808,ORD007458,PROD00371,2,16952.8,383.2,13002.0
ITEM0012809,ORD007459,PROD00009,1,41277.63,3794.37,39663.36
ITEM0012810,ORD007459,PROD00258,1,3380.43,217.57,2338.7
ITEM0012811,ORD007460,PROD00435,1,8531.78,338.22,6652.5
ITEM0012812,ORD007460,PROD00188,2,9215.0,549.0,6346.6
ITEM0012813,ORD007461,PROD00359,1,2976.04,153.96,2347.5
ITEM0012814,ORD007461,PROD00358,3,52036.8,2347.2,40788.0
ITEM0012815,ORD007461,PROD00276,2,6196.15,99.85,4092.4
ITEM0012816,ORD007461,PROD00222,1,3135.67,99.33,2102.75
ITEM0012817,ORD007462,PROD00384,3,3839.92,384.08,3168.0
ITEM0012818,ORD007462,PROD00050,1,18719.99,981.01,17336.88
ITEM0012819,ORD007463,PROD00387,2,24841.02,36.98,18658.5
ITEM0012820,ORD007463,PROD00320,1,1803.17,118.83,1249.3
ITEM0012821,ORD007464,PROD00223,1,4729.65,230.35,3224.0
ITEM0012822,ORD007465,PROD00027,1,35875.35,5721.65,36605.36
ITEM0012823,ORD007466,PROD00450,1,18687.66,137.34,14118.75
ITEM0012824,ORD007467,PROD00055,1,63952.22,3921.78,59729.12
ITEM0012825,ORD007468,PROD00074,1,69820.45,2904.55,63998.0
ITEM0012826,ORD007469,PROD00075,3,119805.1,12191.9,116157.36
ITEM0012827,ORD007470,PROD00104,1,14416.51,1324.49,13852.08
ITEM0012828,ORD007470,PROD00265,1,4562.21,206.79,3099.85
ITEM0012829,ORD007471,PROD00095,2,129420.34,1887.66,115551.04
ITEM0012830,ORD007472,PROD00171,1,1094.06,58.94,749.45
ITEM0012831,ORD007472,PROD00459,1,8610.98,769.02,7035.0
ITEM0012832,ORD007472,PROD00475,1,20261.29,1895.71,16617.75
ITEM0012833,ORD007472,PROD00158,2,135582.32,6691.68,125201.12
ITEM0012834,ORD007473,PROD00065,1,56059.24,2626.76,51643.68
ITEM0012835,ORD007474,PROD00247,2,3026.68,167.32,2076.1
ITEM0012836,ORD007474,PROD00016,1,64508.23,7581.77,63439.2
ITEM0012837,ORD007474,PROD00320,1,1814.07,107.93,1249.3
ITEM0012838,ORD007475,PROD00283,1,839.34,11.66,553.15
ITEM0012839,ORD007475,PROD00332,1,8044.86,725.14,6577.5
ITEM0012840,ORD007475,PROD00189,1,1305.87,21.13,862.55
ITEM0012841,ORD007476,PROD00456,1,16361.51,191.49,12414.75
ITEM0012842,ORD007477,PROD00351,1,23007.54,1612.46,18465.0
ITEM0012843,ORD007478,PROD00346,1,17431.53,1916.47,14511.0
ITEM0012844,ORD007479,PROD00234,1,3466.58,109.42,2324.4
ITEM0012845,ORD007479,PROD00257,3,11308.42,556.58,7712.25
ITEM0012846,ORD007479,PROD00034,1,23830.27,2479.73,23152.8
ITEM0012847,ORD007480,PROD00464,3,18397.92,2044.08,15331.5
ITEM0012848,ORD007481,PROD00178,2,3181.05,20.95,2081.3
ITEM0012849,ORD007482,PROD00179,1,2933.82,147.18,2002.65
ITEM0012850,ORD007482,PROD00374,1,9745.4,558.6,7728.0
ITEM0012851,ORD007483,PROD00422,2,44436.09,3915.91,36264.0
ITEM0012852,ORD007484,PROD00487,1,10865.66,143.34,8256.75
ITEM0012853,ORD007485,PROD00058,1,71444.93,3192.07,65680.56
ITEM0012854,ORD007485,PROD00454,3,70322.88,4455.12,56083.5
ITEM0012855,ORD007486,PROD00309,1,2372.22,10.78,1548.95
ITEM0012856,ORD007486,PROD00059,1,34568.49,1095.51,31384.32
ITEM0012857,ORD007487,PROD00059,2,69533.02,1794.98,62768.64
ITEM0012858,ORD007487,PROD00495,1,2494.62,151.38,1984.5
ITEM0012859,ORD007488,PROD00140,1,6475.11,12.89,5709.44
ITEM0012860,ORD007489,PROD00407,1,3499.03,285.97,2838.75
ITEM0012861,ORD007489,PROD00452,2,3522.04,321.96,2883.0
ITEM0012862,ORD007490,PROD00225,1,3939.15,84.85,2615.6
ITEM0012863,ORD007491,PROD00258,1,3533.76,64.24,2338.7
ITEM0012864,ORD007492,PROD00302,1,1271.16,67.84,870.35
ITEM0012865,ORD007493,PROD00414,1,15791.81,341.19,12099.75
ITEM0012866,ORD007493,PROD00483,2,40878.87,1875.13,32065.5
ITEM0012867,ORD007494,PROD00016,1,71781.76,308.24,63439.2
ITEM0012868,ORD007495,PROD00207,3,10520.84,294.16,7029.75
ITEM0012869,ORD007496,PROD00483,1,19482.4,1894.6,16032.75
ITEM0012870,ORD007496,PROD00066,1,67263.95,6164.05,64616.64
ITEM0012871,ORD007497,PROD00222,1,3183.15,51.85,2102.75
ITEM0012872,ORD007498,PROD00375,1,15712.64,848.36,12420.75
ITEM0012873,ORD007499,PROD00442,1,22465.7,1949.3,18311.25
ITEM0012874,ORD007499,PROD00072,1,37743.3,3554.7,36342.24
ITEM0012875,ORD007500,PROD00054,1,45508.98,4092.02,43648.88
ITEM0012876,ORD007501,PROD00241,1,1323.58,5.42,863.85
ITEM0012877,ORD007502,PROD00320,2,3554.26,289.74,2498.6
ITEM0012878,ORD007503,PROD00341,1,6839.58,600.42,5580.0
ITEM0012879,ORD007503,PROD00336,1,5153.19,295.81,4086.75
ITEM0012880,ORD007504,PROD00417,2,19322.72,275.28,14698.5
ITEM0012881,ORD007505,PROD00270,1,1025.23,36.77,690.3
ITEM0012882,ORD007505,PROD00302,1,1261.18,77.82,870.35
ITEM0012883,ORD007506,PROD00129,1,46188.16,3600.84,43814.32
ITEM0012884,ORD007507,PROD00131,3,197827.0,28082.0,198799.92
ITEM0012885,ORD007508,PROD00378,1,9047.81,179.19,6920.25
ITEM0012886,ORD007508,PROD00368,1,17650.43,125.57,13332.0
ITEM0012887,ORD007508,PROD00402,2,17667.55,1500.45,14376.0
ITEM0012888,ORD007508,PROD00305,1,2511.6,204.4,1765.4
ITEM0012889,ORD007509,PROD00291,1,4288.73,228.27,2936.05
ITEM0012890,ORD007510,PROD00307,1,1384.15,65.85,942.5
ITEM0012891,ORD007511,PROD00475,1,21623.12,533.88,16617.75
ITEM0012892,ORD007512,PROD00043,2,96550.0,12034.0,95553.92
ITEM0012893,ORD007512,PROD00264,1,1838.62,111.38,1267.5
ITEM0012894,ORD007512,PROD00330,1,1346.7,69.3,920.4
ITEM0012895,ORD007513,PROD00426,1,20325.29,58.71,15288.0
ITEM0012896,ORD007513,PROD00184,1,806.94,39.06,549.9
ITEM0012897,ORD007514,PROD00459,1,9073.62,306.38,7035.0
ITEM0012898,ORD007515,PROD00322,1,4361.94,280.06,3017.3
ITEM0012899,ORD007515,PROD00414,1,16128.47,4.53,12099.75
ITEM0012900,ORD007516,PROD00041,1,20810.4,2087.6,20150.24
ITEM0012901,ORD007517,PROD00327,2,5331.13,84.87,3520.4
ITEM0012902,ORD007518,PROD00155,1,52626.5,1350.5,47499.76
ITEM0012903,ORD007519,PROD00028,1,49713.53,5292.47,48405.28
ITEM0012904,ORD007520,PROD00106,1,6584.28,300.72,6058.8
ITEM0012905,ORD007520,PROD00193,1,2764.38,56.62,1833.65
ITEM0012906,ORD007521,PROD00074,1,69479.9,3245.1,63998.0
ITEM0012907,ORD007521,PROD00436,1,17410.21,1638.79,14286.75
ITEM0012908,ORD007521,PROD00165,1,21155.27,429.73,18994.8
ITEM0012909,ORD007521,PROD00178,2,3180.96,21.04,2081.3
ITEM0012910,ORD007522,PROD00388,2,13594.34,1053.66,10986.0
ITEM0012911,ORD007523,PROD00113,1,36158.83,3689.17,35066.24
ITEM0012912,ORD007524,PROD00456,2,30466.23,2639.77,24829.5
ITEM0012913,ORD007524,PROD00004,1,13185.85,18.15,11619.52
ITEM0012914,ORD007525,PROD00293,3,1569.77,131.23,1105.65
ITEM0012915,ORD007526,PROD00058,1,66757.32,7879.68,65680.56
ITEM0012916,ORD007526,PROD00048,1,8605.91,194.09,7744.0
ITEM0012917,ORD007526,PROD00323,1,4712.43,182.57,3181.75
ITEM0012918,ORD007527,PROD00020,3,211832.71,25146.29,208541.52
ITEM0012919,ORD007528,PROD00177,1,2930.87,87.13,1961.7
ITEM0012920,ORD007528,PROD00476,1,21155.27,1911.73,17300.25
ITEM0012921,ORD007528,PROD00068,3,125216.66,2826.34,112677.84
ITEM0012922,ORD007529,PROD00383,1,20035.64,790.36,15619.5
ITEM0012923,ORD007530,PROD00027,1,37309.24,4287.76,36605.36
ITEM0012924,ORD007530,PROD00316,1,4221.44,335.56,2962.05
ITEM0012925,ORD007531,PROD00075,2,76800.91,11197.09,77438.24
ITEM0012926,ORD007531,PROD00049,1,8572.17,1267.83,8659.2
ITEM0012927,ORD007532,PROD00338,1,4903.77,135.23,3779.25
ITEM0012928,ORD007532,PROD00134,1,34408.19,2803.81,32746.56
ITEM0012929,ORD007533,PROD00167,1,630.06,32.94,430.95
ITEM0012930,ORD007533,PROD00427,1,22328.76,1744.24,18054.75
ITEM0012931,ORD007533,PROD00224,1,2989.08,145.92,2037.75
ITEM0012932,ORD007534,PROD00208,2,7394.04,191.96,4930.9
ITEM0012933,ORD007535,PROD00041,1,22537.65,360.35,20150.24
ITEM0012934,ORD007535,PROD00029,1,60402.52,9682.48,61674.8
ITEM0012935,ORD007536,PROD00327,1,2502.45,205.55,1760.2
ITEM0012936,ORD007536,PROD00172,1,564.76,20.24,380.25
ITEM0012937,ORD007537,PROD00473,1,9040.68,643.32,7263.0
ITEM0012938,ORD007537,PROD00003,1,44440.35,1973.65,40844.32
ITEM0012939,ORD007538,PROD00116,1,69809.51,246.49,61649.28
ITEM0012940,ORD007539,PROD00091,1,24624.58,3856.42,25063.28
ITEM0012941,ORD007540,PROD00346,1,18126.37,1221.63,14511.0
ITEM0012942,ORD007541,PROD00036,1,13233.04,325.96,11931.92
ITEM0012943,ORD007541,PROD00358,3,53890.14,493.86,40788.0
ITEM0012944,ORD007542,PROD00045,3,103723.03,14293.97,103854.96
ITEM0012945,ORD007543,PROD00103,2,121359.26,7090.74,113036.0
ITEM0012946,ORD007543,PROD00246,1,832.66,15.34,551.2
ITEM0012947,ORD007544,PROD00179,1,2908.66,172.34,2002.65
ITEM0012948,ORD007544,PROD00148,1,43072.47,3296.53,40804.72
ITEM0012949,ORD007544,PROD00223,1,4813.61,146.39,3224.0
ITEM0012950,ORD007545,PROD00099,1,38164.39,6056.61,38914.48
ITEM0012951,ORD007545,PROD00128,1,63854.81,7045.19,62392.0
ITEM0012952,ORD007545,PROD00289,1,485.25,24.75,331.5
ITEM0012953,ORD007546,PROD00483,2,41895.68,858.32,32065.5
ITEM0012954,ORD007546,PROD00121,2,37155.72,318.28,32977.12
ITEM0012955,ORD007547,PROD00251,1,4427.45,54.55,2913.3
ITEM0012956,ORD007547,PROD00068,2,84243.14,1118.86,75118.56
ITEM0012957,ORD007548,PROD00264,1,1939.65,10.35,1267.5
ITEM0012958,ORD007548,PROD00462,1,7562.29,144.71,5780.25
ITEM0012959,ORD007548,PROD00113,2,76196.16,3499.84,70132.48
ITEM0012960,ORD007549,PROD00466,1,3457.2,102.8,2670.0
ITEM0012961,ORD007549,PROD00191,1,1437.82,69.18,979.55
ITEM0012962,ORD007549,PROD00223,1,4765.79,194.21,3224.0
ITEM0012963,ORD007550,PROD00409,1,1944.53,196.47,1605.75
ITEM0012964,ORD007551,PROD00142,1,24304.25,2574.75,23653.52
ITEM0012965,ORD007552,PROD00384,3,3990.11,233.89,3168.0
ITEM0012966,ORD007552,PROD00142,1,26067.82,811.18,23653.52
ITEM0012967,ORD007553,PROD00260,2,1030.61,45.39,699.4
ITEM0012968,ORD007554,PROD00408,1,19999.94,1028.06,15771.0
ITEM0012969,ORD007554,PROD00067,2,75480.52,10673.48,75815.52
ITEM0012970,ORD007555,PROD00348,1,4419.61,42.39,3346.5
ITEM0012971,ORD007556,PROD00042,1,34365.72,4313.28,34037.52
ITEM0012972,ORD007557,PROD00276,1,3106.46,41.54,2046.2
ITEM0012973,ORD007558,PROD00012,3,91736.84,6900.16,86800.56
ITEM0012974,ORD007558,PROD00226,1,1209.25,30.75,806.0
ITEM0012975,ORD007558,PROD00229,1,4095.95,93.05,2722.85
ITEM0012976,ORD007559,PROD00182,2,4844.5,141.5,3240.9
ITEM0012977,ORD007560,PROD00075,1,42600.04,1398.96,38719.12
ITEM0012978,ORD007561,PROD00031,1,58646.15,9161.85,59671.04
ITEM0012979,ORD007561,PROD00338,3,14937.48,179.52,11337.75
ITEM0012980,ORD007562,PROD00304,1,2594.39,28.61,1704.95
ITEM0012981,ORD007563,PROD00006,1,27077.56,1716.44,25338.72
ITEM0012982,ORD007563,PROD00326,1,3959.11,261.89,2743.65
ITEM0012983,ORD007563,PROD00097,2,26039.35,3352.65,25864.96
ITEM0012984,ORD007564,PROD00495,1,2451.33,194.67,1984.5
ITEM0012985,ORD007565,PROD00152,1,59869.73,568.27,53185.44
ITEM0012986,ORD007565,PROD00104,3,40213.06,7009.94,41556.24
ITEM0012987,ORD007566,PROD00421,1,2767.05,86.95,2140.5
ITEM0012988,ORD007566,PROD00351,1,22304.18,2315.82,18465.0
ITEM0012989,ORD007567,PROD00344,1,14187.22,732.78,11190.0
ITEM0012990,ORD007567,PROD00225,1,3909.82,114.18,2615.6
ITEM0012991,ORD007568,PROD00305,1,2573.48,142.52,1765.4
ITEM0012992,ORD007568,PROD00467,3,51457.41,301.59,38819.25
ITEM0012993,ORD007569,PROD00404,1,22444.17,24.83,16851.75
ITEM0012994,ORD007570,PROD00384,1,1291.45,116.55,1056.0
ITEM0012995,ORD007571,PROD00334,1,17475.5,1141.5,13962.75
ITEM0012996,ORD007572,PROD00430,1,18413.64,1100.36,14635.5
ITEM0012997,ORD007572,PROD00021,1,16790.6,2283.4,16785.12
ITEM0012998,ORD007573,PROD00408,1,19123.63,1904.37,15771.0
ITEM0012999,ORD007574,PROD00020,1,67705.28,11287.72,69513.84
ITEM0013000,ORD007574,PROD00077,1,46171.57,7417.43,47158.32
ITEM0013001,ORD007574,PROD00179,1,3023.87,57.13,2002.65
ITEM0013002,ORD007575,PROD00113,1,36369.64,3478.36,35066.24
ITEM0013003,ORD007576,PROD00483,1,20698.15,678.85,16032.75
ITEM0013004,ORD007577,PROD00182,1,2463.71,29.29,1620.45
ITEM0013005,ORD007577,PROD00028,1,53886.17,1119.83,48405.28
ITEM0013006,ORD007578,PROD00392,2,3230.26,287.74,2638.5
ITEM0013007,ORD007579,PROD00206,1,2171.49,12.51,1419.6
ITEM0013008,ORD007579,PROD00425,1,22234.47,1357.53,17694.0
ITEM0013009,ORD007579,PROD00125,1,7582.02,1307.98,7823.2
ITEM0013010,ORD007580,PROD00214,2,9252.58,97.42,6077.5
ITEM0013011,ORD007580,PROD00256,3,13910.54,975.46,9675.9
ITEM0013012,ORD007581,PROD00367,2,25445.3,90.7,19152.0
ITEM0013013,ORD007581,PROD00232,2,6412.51,63.49,4209.4
ITEM0013014,ORD007582,PROD00194,1,2969.99,214.01,2069.6
ITEM0013015,ORD007583,PROD00048,1,7667.83,1132.17,7744.0
ITEM0013016,ORD007584,PROD00213,1,3132.23,223.77,2181.4
ITEM0013017,ORD007584,PROD00446,2,39296.93,4271.07,32676.0
ITEM0013018,ORD007585,PROD00227,1,3319.2,184.8,2277.6
ITEM0013019,ORD007586,PROD00246,1,834.77,13.23,551.2
ITEM0013020,ORD007586,PROD00310,1,2975.61,120.39,2012.4
ITEM0013021,ORD007587,PROD00261,1,3261.67,48.33,2151.5
ITEM0013022,ORD007587,PROD00120,1,68027.55,5571.45,64767.12
ITEM0013023,ORD007587,PROD00141,1,7717.4,252.6,7013.6
ITEM0013024,ORD007588,PROD00122,1,14264.95,1613.05,13972.64
ITEM0013025,ORD007588,PROD00459,1,9156.55,223.45,7035.0
ITEM0013026,ORD007588,PROD00066,1,70144.94,3283.06,64616.64
ITEM0013027,ORD007589,PROD00451,2,29295.53,3218.47,24385.5
ITEM0013028,ORD007590,PROD00202,1,1020.83,49.17,695.5
ITEM0013029,ORD007591,PROD00159,1,69324.08,6252.92,66507.76
ITEM0013030,ORD007592,PROD00084,1,75027.42,4816.58,70262.72
ITEM0013031,ORD007593,PROD00088,1,62830.51,10105.49,64183.68
ITEM0013032,ORD007593,PROD00424,2,33774.3,647.7,25816.5
ITEM0013033,ORD007594,PROD00327,1,2693.95,14.05,1760.2
ITEM0013034,ORD007595,PROD00097,1,14651.5,44.5,12932.48
ITEM0013035,ORD007596,PROD00121,1,18289.14,447.86,16488.56
ITEM0013036,ORD007597,PROD00215,3,10454.87,897.13,7378.8
ITEM0013037,ORD007597,PROD00323,1,4745.77,149.23,3181.75
ITEM0013038,ORD007598,PROD00141,2,14285.25,1654.75,14027.2
ITEM0013039,ORD007599,PROD00310,1,2862.59,233.41,2012.4
ITEM0013040,ORD007600,PROD00261,1,3285.56,24.44,2151.5
ITEM0013041,ORD007600,PROD00296,1,4470.72,15.28,2915.9
ITEM0013042,ORD007601,PROD00051,1,9736.7,1583.3,9961.6
ITEM0013043,ORD007602,PROD00403,1,3189.43,32.57,2416.5
ITEM0013044,ORD007602,PROD00187,1,3165.89,21.11,2071.55
ITEM0013045,ORD007603,PROD00489,1,17972.29,257.71,13672.5
ITEM0013046,ORD007603,PROD00250,2,8365.41,358.59,5670.6
ITEM0013047,ORD007603,PROD00477,1,7341.41,669.59,6008.25
ITEM0013048,ORD007604,PROD00247,2,3185.6,8.4,2076.1
ITEM0013049,ORD007604,PROD00161,1,62068.17,3837.83,57997.28
ITEM0013050,ORD007605,PROD00148,1,42928.92,3440.08,40804.72
ITEM0013051,ORD007606,PROD00060,2,97415.28,1812.72,87320.64
ITEM0013052,ORD007606,PROD00026,1,36907.01,6435.99,38141.84
ITEM0013053,ORD007607,PROD00071,1,50115.29,5984.71,49368.0
ITEM0013054,ORD007607,PROD00073,1,67082.43,5366.57,63755.12
ITEM0013055,ORD007607,PROD00076,3,181813.73,13207.27,171618.48
ITEM0013056,ORD007608,PROD00034,1,24808.79,1501.21,23152.8
ITEM0013057,ORD007608,PROD00261,1,3273.37,36.63,2151.5
ITEM0013058,ORD007609,PROD00187,1,2954.0,233.0,2071.55
ITEM0013059,ORD007609,PROD00344,1,13814.2,1105.8,11190.0
ITEM0013060,ORD007609,PROD00373,2,25827.1,2694.9,21391.5
ITEM0013061,ORD007609,PROD00456,1,16164.79,388.21,12414.75
ITEM0013062,ORD007610,PROD00255,1,1781.82,15.18,1168.05
ITEM0013063,ORD007610,PROD00436,1,17488.38,1560.62,14286.75
ITEM0013064,ORD007611,PROD00147,1,47562.37,5986.63,47123.12
ITEM0013065,ORD007612,PROD00233,2,7019.46,300.54,4758.0
ITEM0013066,ORD007613,PROD00012,1,32030.73,848.27,28933.52
ITEM0013067,ORD007613,PROD00420,1,1605.52,38.48,1233.0
ITEM0013068,ORD007614,PROD00234,1,3294.0,282.0,2324.4
ITEM0013069,ORD007614,PROD00308,1,4560.97,271.03,3140.8
ITEM0013070,ORD007615,PROD00266,1,1124.78,48.22,762.45
ITEM0013071,ORD007615,PROD00427,2,45118.95,3027.05,36109.5
ITEM0013072,ORD007616,PROD00323,2,9518.88,271.12,6363.5
ITEM0013073,ORD007617,PROD00438,1,3441.5,24.5,2599.5
ITEM0013074,ORD007618,PROD00139,1,47553.02,1559.98,43219.44
ITEM0013075,ORD007619,PROD00241,1,1244.43,84.57,863.85
ITEM0013076,ORD007620,PROD00037,1,41390.62,4292.38,40201.04
ITEM0013077,ORD007621,PROD00053,3,223108.13,9772.87,204935.28
ITEM0013078,ORD007621,PROD00478,1,6157.06,490.94,4986.0
ITEM0013079,ORD007622,PROD00135,1,62238.67,7207.33,61112.48
ITEM0013080,ORD007622,PROD00330,1,1343.12,72.88,920.4
ITEM0013081,ORD007622,PROD00257,1,3859.27,95.73,2570.75
ITEM0013082,ORD007623,PROD00335,2,31129.35,602.65,23799.0
ITEM0013083,ORD007623,PROD00316,1,4205.59,351.41,2962.05
ITEM0013084,ORD007624,PROD00467,1,16786.53,466.47,12939.75
ITEM0013085,ORD007625,PROD00060,1,42283.17,7330.83,43660.32
ITEM0013086,ORD007626,PROD00296,1,4145.96,340.04,2915.9
ITEM0013087,ORD007627,PROD00152,1,59308.54,1129.46,53185.44
ITEM0013088,ORD007627,PROD00332,3,24982.32,1327.68,19732.5
ITEM0013089,ORD007628,PROD00215,1,3644.62,139.38,2459.6
ITEM0013090,ORD007629,PROD00206,1,2071.33,112.67,1419.6
ITEM0013091,ORD007629,PROD00078,1,53757.46,8656.54,54924.32
ITEM0013092,ORD007630,PROD00113,1,37608.98,2239.02,35066.24
ITEM0013093,ORD007630,PROD00135,1,65730.61,3715.39,61112.48
ITEM0013094,ORD007631,PROD00277,1,2032.94,144.06,1415.05
ITEM0013095,ORD007632,PROD00250,2,8576.66,147.34,5670.6
ITEM0013096,ORD007632,PROD00268,1,2445.68,142.32,1682.2
ITEM0013097,ORD007632,PROD00285,1,1415.9,103.1,987.35
ITEM0013098,ORD007633,PROD00099,1,43033.5,1187.5,38914.48
ITEM0013099,ORD007634,PROD00376,2,29379.35,2078.65,23593.5
ITEM0013100,ORD007635,PROD00477,1,7563.46,447.54,6008.25
ITEM0013101,ORD007636,PROD00086,2,142626.92,3661.08,128733.44
ITEM0013102,ORD007637,PROD00366,1,21640.32,720.68,16770.75
ITEM0013103,ORD007637,PROD00372,1,7450.93,576.07,6020.25
ITEM0013104,ORD007638,PROD00254,1,723.26,6.74,474.5
ITEM0013105,ORD007639,PROD00459,2,18440.77,319.23,14070.0
ITEM0013106,ORD007640,PROD00450,1,18820.21,4.79,14118.75
ITEM0013107,ORD007640,PROD00227,2,6655.08,352.92,4555.2
ITEM0013108,ORD007641,PROD00099,1,39714.01,4506.99,38914.48
ITEM0013109,ORD007641,PROD00222,1,3037.56,197.44,2102.75
ITEM0013110,ORD007642,PROD00356,1,18422.6,1931.4,15265.5
ITEM0013111,ORD007643,PROD00448,1,5535.79,189.21,4293.75
ITEM0013112,ORD007644,PROD00255,1,1727.96,69.04,1168.05
ITEM0013113,ORD007645,PROD00255,1,1746.58,50.42,1168.05
ITEM0013114,ORD007646,PROD00127,2,140738.37,7715.63,130639.52
ITEM0013115,ORD007646,PROD00426,3,57880.63,3271.37,45864.0
ITEM0013116,ORD007647,PROD00073,2,125449.37,19448.63,127510.24
ITEM0013117,ORD007647,PROD00428,1,9652.89,263.11,7437.0
ITEM0013118,ORD007648,PROD00292,1,2107.03,145.97,1464.45
ITEM0013119,ORD007648,PROD00316,2,8748.21,365.79,5924.1
ITEM0013120,ORD007649,PROD00246,1,834.69,13.31,551.2
ITEM0013121,ORD007649,PROD00392,1,1644.67,114.33,1319.25
ITEM0013122,ORD007650,PROD00359,1,2887.35,242.65,2347.5
ITEM0013123,ORD007651,PROD00447,1,5264.63,468.37,4299.75
ITEM0013124,ORD007651,PROD00219,1,2478.77,3.23,1613.3
ITEM0013125,ORD007652,PROD00303,2,5194.16,117.84,3452.8
ITEM0013126,ORD007652,PROD00175,1,1407.93,121.07,993.85
ITEM0013127,ORD007652,PROD00204,1,4587.6,261.4,3151.85
ITEM0013128,ORD007653,PROD00039,2,62156.86,2867.14,57221.12
ITEM0013129,ORD007654,PROD00002,1,26776.96,2334.04,25617.68
ITEM0013130,ORD007654,PROD00048,1,8327.36,472.64,7744.0
ITEM0013131,ORD007654,PROD00149,2,44954.42,3791.58,42896.48
ITEM0013132,ORD007654,PROD00123,1,25290.0,3594.0,25417.92
ITEM0013133,ORD007655,PROD00007,1,20024.51,995.49,18497.6
ITEM0013134,ORD007656,PROD00011,1,41213.05,6609.95,42084.24
ITEM0013135,ORD007656,PROD00412,1,12587.56,80.44,9501.0
ITEM0013136,ORD007657,PROD00226,1,1234.12,5.88,806.0
ITEM0013137,ORD007658,PROD00450,2,35518.84,2131.16,28237.5
ITEM0013138,ORD007659,PROD00405,1,6400.0,183.0,4937.25
ITEM0013139,ORD007660,PROD00481,1,4150.13,384.87,3401.25
ITEM0013140,ORD007661,PROD00485,3,6393.66,89.34,4862.25
ITEM0013141,ORD007661,PROD00493,1,12759.78,740.22,10125.0
ITEM0013142,ORD007661,PROD00033,1,54622.03,40.97,48103.44
ITEM0013143,ORD007662,PROD00067,1,37260.41,5816.59,37907.76
ITEM0013144,ORD007662,PROD00379,1,3767.27,321.73,3066.75
ITEM0013145,ORD007663,PROD00016,1,66290.53,5799.47,63439.2
ITEM0013146,ORD007664,PROD00304,1,2587.6,35.4,1704.95
ITEM0013147,ORD007664,PROD00098,1,21499.78,1543.22,20277.84
ITEM0013148,ORD007665,PROD00362,1,7402.54,332.46,5801.25
ITEM0013149,ORD007665,PROD00429,1,4014.65,252.35,3200.25
ITEM0013150,ORD007666,PROD00211,1,1057.59,88.41,744.9
ITEM0013151,ORD007666,PROD00107,1,46796.99,1216.01,42251.44
ITEM0013152,ORD007666,PROD00120,1,72238.7,1360.3,64767.12
ITEM0013153,ORD007667,PROD00296,1,4308.46,177.54,2915.9
ITEM0013154,ORD007667,PROD00267,1,3466.44,127.56,2336.1
ITEM0013155,ORD007667,PROD00143,1,18450.3,359.7,16552.8
ITEM0013156,ORD007667,PROD00068,1,39023.99,3657.01,37559.28
ITEM0013157,ORD007668,PROD00205,1,4362.95,201.05,2966.6
ITEM0013158,ORD007669,PROD00268,1,2421.44,166.56,1682.2
ITEM0013159,ORD007670,PROD00191,2,2853.16,160.84,1959.1
ITEM0013160,ORD007671,PROD00218,2,6693.51,92.49,4410.9
ITEM0013161,ORD007671,PROD00083,1,45902.68,2166.32,42300.72
ITEM0013162,ORD007671,PROD00381,1,22622.15,1886.85,18381.75
ITEM0013163,ORD007672,PROD00479,3,43474.28,733.72,33156.0
ITEM0013164,ORD007672,PROD00093,1,14289.9,76.1,12642.08
ITEM0013165,ORD007673,PROD00047,1,10921.72,980.28,10473.76
ITEM0013166,ORD007673,PROD00363,2,35038.75,2899.25,28453.5
ITEM0013167,ORD007674,PROD00130,2,119719.83,4158.17,109012.64
ITEM0013168,ORD007675,PROD00101,1,73713.37,2123.63,66736.56
ITEM0013169,ORD007675,PROD00464,1,6551.1,262.9,5110.5
ITEM0013170,ORD007675,PROD00301,1,4567.03,102.97,3035.5
ITEM0013171,ORD007676,PROD00070,1,39902.55,3738.45,38404.08
ITEM0013172,ORD007677,PROD00021,1,16467.71,2606.29,16785.12
ITEM0013173,ORD007677,PROD00244,1,2419.39,96.61,1635.4
ITEM0013174,ORD007678,PROD00145,1,62384.24,3958.76,58381.84
ITEM0013175,ORD007679,PROD00241,1,1315.7,13.3,863.85
ITEM0013176,ORD007680,PROD00221,1,542.76,15.24,362.7
ITEM0013177,ORD007680,PROD00448,1,5415.19,309.81,4293.75
ITEM0013178,ORD007681,PROD00300,2,3060.59,139.41,2080.0
ITEM0013179,ORD007681,PROD00068,1,36379.03,6301.97,37559.28
ITEM0013180,ORD007681,PROD00465,1,12314.75,913.25,9921.0
ITEM0013181,ORD007682,PROD00246,1,810.27,37.73,551.2
ITEM0013182,ORD007682,PROD00414,1,15445.92,687.08,12099.75
ITEM0013183,ORD007682,PROD00293,1,564.18,2.82,368.55
ITEM0013184,ORD007683,PROD00115,1,58414.2,2350.8,53473.2
ITEM0013185,ORD007683,PROD00016,2,136481.08,7698.92,126878.4
ITEM0013186,ORD007684,PROD00089,1,18646.82,923.18,17221.6
ITEM0013187,ORD007684,PROD00286,1,750.82,55.18,523.9
ITEM0013188,ORD007684,PROD00012,1,29578.19,3300.81,28933.52
ITEM0013189,ORD007685,PROD00490,1,13863.74,1279.26,11357.25
ITEM0013190,ORD007686,PROD00222,1,3206.28,28.72,2102.75
ITEM0013191,ORD007687,PROD00153,1,27907.18,4319.82,28359.76
ITEM0013192,ORD007688,PROD00243,1,2718.35,158.65,1870.05
ITEM0013193,ORD007689,PROD00465,1,11912.23,1315.77,9921.0
ITEM0013194,ORD007690,PROD00186,1,4623.52,226.48,3152.5
ITEM0013195,ORD007690,PROD00397,1,5111.24,254.76,4024.5
ITEM0013196,ORD007691,PROD00363,1,18517.54,451.46,14226.75
ITEM0013197,ORD007692,PROD00275,1,4034.4,248.6,2783.95
ITEM0013198,ORD007692,PROD00443,1,19983.18,1205.82,15891.75
ITEM0013199,ORD007692,PROD00470,1,6819.97,259.03,5309.25
ITEM0013200,ORD007693,PROD00487,2,21777.86,240.14,16513.5
ITEM0013201,ORD007694,PROD00402,1,9533.97,50.03,7188.0
ITEM0013202,ORD007694,PROD00144,1,55987.67,7377.33,55761.2
ITEM0013203,ORD007695,PROD00092,1,22870.98,932.02,20946.64
ITEM0013204,ORD007695,PROD00454,3,73083.13,1694.87,56083.5
ITEM0013205,ORD007696,PROD00169,2,2851.95,144.05,1947.4
ITEM0013206,ORD007697,PROD00423,1,22418.95,1195.05,17710.5
ITEM0013207,ORD007697,PROD00023,1,55433.42,5252.58,53403.68
ITEM0013208,ORD007698,PROD00444,1,10845.21,297.79,8357.25
ITEM0013209,ORD007698,PROD00136,2,131912.69,19321.31,133085.92
ITEM0013210,ORD007699,PROD00078,2,121913.38,2914.62,109848.64
ITEM0013211,ORD007699,PROD00216,1,2334.85,174.15,1630.85
ITEM0013212,ORD007699,PROD00262,1,2402.83,139.17,1652.3
ITEM0013213,ORD007700,PROD00139,1,45869.15,3243.85,43219.44
ITEM0013214,ORD007701,PROD00185,1,925.61,57.39,638.95
ITEM0013215,ORD007701,PROD00137,1,14894.16,562.84,13602.16
ITEM0013216,ORD007701,PROD00486,1,7006.68,298.32,5478.75
ITEM0013217,ORD007702,PROD00224,1,2910.53,224.47,2037.75
ITEM0013218,ORD007702,PROD00102,1,26868.66,2711.34,26030.4
ITEM0013219,ORD007703,PROD00189,1,1226.31,100.69,862.55
ITEM0013220,ORD007704,PROD00158,1,63166.28,7970.72,62600.56
ITEM0013221,ORD007705,PROD00318,1,2536.79,93.21,1709.5
ITEM0013222,ORD007706,PROD00138,2,81235.82,880.18,72262.08
ITEM0013223,ORD007706,PROD00193,1,2805.58,15.42,1833.65
ITEM0013224,ORD007707,PROD00248,1,4426.19,235.81,3030.3
ITEM0013225,ORD007707,PROD00108,3,202855.67,20200.33,196289.28
ITEM0013226,ORD007708,PROD00117,1,23671.57,2283.43,22840.4
ITEM0013227,ORD007709,PROD00187,1,3110.21,76.79,2071.55
ITEM0013228,ORD007710,PROD00448,2,11291.16,158.84,8587.5
ITEM0013229,ORD007710,PROD00235,1,2415.01,45.99,1599.65
ITEM0013230,ORD007711,PROD00399,1,9079.5,587.5,7250.25
ITEM0013231,ORD007711,PROD00058,1,71362.14,3274.86,65680.56
ITEM0013232,ORD007712,PROD00277,2,4300.19,53.81,2830.1
ITEM0013233,ORD007712,PROD00193,1,2771.66,49.34,1833.65
ITEM0013234,ORD007713,PROD00451,1,14828.31,1428.69,12192.75
ITEM0013235,ORD007713,PROD00281,1,3764.13,90.87,2505.75
ITEM0013236,ORD007714,PROD00464,1,6322.07,491.93,5110.5
ITEM0013237,ORD007714,PROD00044,1,53357.74,8004.26,53998.56
ITEM0013238,ORD007714,PROD00290,1,1584.02,23.98,1045.2
ITEM0013239,ORD007715,PROD00309,1,2260.44,122.56,1548.95
ITEM0013240,ORD007716,PROD00141,1,7248.29,721.71,7013.6
ITEM0013241,ORD007717,PROD00003,1,43935.35,2478.65,40844.32
ITEM0013242,ORD007717,PROD00259,1,3755.29,101.71,2507.05
ITEM0013243,ORD007717,PROD00221,1,548.23,9.77,362.7
ITEM0013244,ORD007717,PROD00119,2,104248.43,8305.57,99047.52
ITEM0013245,ORD007718,PROD00430,1,17608.89,1905.11,14635.5
ITEM0013246,ORD007719,PROD00465,3,38723.55,960.45,29763.0
ITEM0013247,ORD007719,PROD00077,1,45571.04,8017.96,47158.32
ITEM0013248,ORD007720,PROD00258,1,3438.36,159.64,2338.7
ITEM0013249,ORD007720,PROD00172,1,555.33,29.67,380.25
ITEM0013250,ORD007720,PROD00107,1,42315.61,5697.39,42251.44
ITEM0013251,ORD007721,PROD00152,1,53660.06,6777.94,53185.44
ITEM0013252,ORD007721,PROD00327,1,2625.76,82.24,1760.2
ITEM0013253,ORD007722,PROD00052,1,65133.22,9631.78,65793.2
ITEM0013254,ORD007722,PROD00314,2,1713.21,20.79,1127.1
ITEM0013255,ORD007723,PROD00320,1,1893.75,28.25,1249.3
ITEM0013256,ORD007724,PROD00355,1,7738.81,85.19,5868.0
ITEM0013257,ORD007724,PROD00441,3,48842.81,1608.19,37838.25
ITEM0013258,ORD007725,PROD00266,3,3363.49,155.51,2287.35
ITEM0013259,ORD007725,PROD00037,2,90527.64,838.36,80402.08
ITEM0013260,ORD007725,PROD00146,1,10543.07,615.93,9819.92
ITEM0013261,ORD007726,PROD00254,1,726.11,3.89,474.5
ITEM0013262,ORD007726,PROD00345,1,17302.4,1811.6,14335.5
ITEM0013263,ORD007727,PROD00179,2,5914.71,247.29,4005.3
ITEM0013264,ORD007727,PROD00207,1,3599.85,5.15,2343.25
ITEM0013265,ORD007728,PROD00210,1,3974.87,128.13,2666.95
ITEM0013266,ORD007729,PROD00281,1,3783.62,71.38,2505.75
ITEM0013267,ORD007730,PROD00222,1,3128.69,106.31,2102.75
ITEM0013268,ORD007731,PROD00186,1,4771.96,78.04,3152.5
ITEM0013269,ORD007731,PROD00165,3,57030.36,7724.64,56984.4
ITEM0013270,ORD007732,PROD00263,1,2683.32,232.68,1895.4
ITEM0013271,ORD007732,PROD00298,1,2206.7,1.3,1435.2
ITEM0013272,ORD007732,PROD00483,1,21030.39,346.61,16032.75
ITEM0013273,ORD007733,PROD00443,1,19215.92,1973.08,15891.75
ITEM0013274,ORD007734,PROD00245,1,3600.28,117.72,2416.7
ITEM0013275,ORD007735,PROD00283,2,1613.93,88.07,1106.3
ITEM0013276,ORD007735,PROD00353,1,6910.6,744.4,5741.25
ITEM0013277,ORD007735,PROD00224,1,3024.13,110.87,2037.75
ITEM0013278,ORD007736,PROD00205,1,4499.42,64.58,2966.6
ITEM0013279,ORD007737,PROD00207,1,3475.54,129.46,2343.25
ITEM0013280,ORD007737,PROD00477,1,7794.11,216.89,6008.25
ITEM0013281,ORD007738,PROD00359,1,2845.22,284.78,2347.5
ITEM0013282,ORD007738,PROD00422,1,23964.66,211.34,18132.0
ITEM0013283,ORD007738,PROD00493,1,12840.57,659.43,10125.0
ITEM0013284,ORD007739,PROD00393,1,6932.37,171.63,5328.0
ITEM0013285,ORD007740,PROD00260,1,527.15,10.85,349.7
ITEM0013286,ORD007740,PROD00277,1,2172.12,4.88,1415.05
ITEM0013287,ORD007740,PROD00463,1,6391.02,615.98,5255.25
ITEM0013288,ORD007741,PROD00206,1,2083.16,100.84,1419.6
ITEM0013289,ORD007741,PROD00328,1,3093.49,26.51,2028.0
ITEM0013290,ORD007742,PROD00465,2,24732.21,1723.79,19842.0
ITEM0013291,ORD007743,PROD00081,1,47996.23,5622.77,47184.72
ITEM0013292,ORD007743,PROD00022,1,46679.5,5013.5,45489.84
ITEM0013293,ORD007743,PROD00305,1,2662.48,53.52,1765.4
ITEM0013294,ORD007744,PROD00191,1,1453.76,53.24,979.55
ITEM0013295,ORD007745,PROD00161,1,59709.43,6196.57,57997.28
ITEM0013296,ORD007745,PROD00134,2,72420.53,2003.47,65493.12
ITEM0013297,ORD007746,PROD00339,1,14390.28,1469.72,11895.0
ITEM0013298,ORD007747,PROD00061,1,22856.85,3602.15,23283.92
ITEM0013299,ORD007748,PROD00495,1,2414.29,231.71,1984.5
ITEM0013300,ORD007749,PROD00457,1,5922.5,25.5,4461.0
ITEM0013301,ORD007750,PROD00094,1,57892.45,4923.55,55278.08
ITEM0013302,ORD007751,PROD00015,1,67851.12,407.88,60067.92
ITEM0013303,ORD007751,PROD00163,2,84740.61,8729.39,82253.6
ITEM0013304,ORD007752,PROD00476,1,21495.42,1571.58,17300.25
ITEM0013305,ORD007752,PROD00269,1,2421.57,178.43,1690.0
ITEM0013306,ORD007752,PROD00393,1,6878.8,225.2,5328.0
ITEM0013307,ORD007752,PROD00048,1,7529.6,1270.4,7744.0
ITEM0013308,ORD007753,PROD00005,1,43791.3,2293.7,40554.8
ITEM0013309,ORD007754,PROD00215,1,3644.19,139.81,2459.6
ITEM0013310,ORD007755,PROD00373,1,13696.53,564.47,10695.75
ITEM0013311,ORD007755,PROD00204,1,4695.83,153.17,3151.85
ITEM0013312,ORD007756,PROD00138,2,72760.11,9355.89,72262.08
ITEM0013313,ORD007756,PROD00280,1,2795.77,158.23,1920.1
ITEM0013314,ORD007756,PROD00480,1,4117.69,148.31,3199.5
ITEM0013315,ORD007757,PROD00465,1,12386.7,841.3,9921.0
ITEM0013316,ORD007758,PROD00107,1,43139.3,4873.7,42251.44
ITEM0013317,ORD007758,PROD00390,1,20501.24,1368.76,16402.5
ITEM0013318,ORD007758,PROD00033,1,53339.21,1323.79,48103.44
ITEM0013319,ORD007758,PROD00424,1,16187.13,1023.87,12908.25
ITEM0013320,ORD007759,PROD00210,1,3973.96,129.04,2666.95
ITEM0013321,ORD007760,PROD00179,1,2956.72,124.28,2002.65
ITEM0013322,ORD007761,PROD00435,2,17116.65,623.35,13305.0
ITEM0013323,ORD007762,PROD00317,1,3649.39,144.61,2466.1
ITEM0013324,ORD007762,PROD00267,1,3308.04,285.96,2336.1
ITEM0013325,ORD007763,PROD00035,3,145760.71,25536.29,150741.36
ITEM0013326,ORD007763,PROD00195,1,928.11,70.89,649.35
ITEM0013327,ORD007764,PROD00419,1,3041.03,130.97,2379.0
ITEM0013328,ORD007764,PROD00218,2,6458.76,327.24,4410.9
ITEM0013329,ORD007765,PROD00097,1,14665.55,30.45,12932.48
ITEM0013330,ORD007766,PROD00396,3,40990.38,925.62,31437.0
ITEM0013331,ORD007766,PROD00006,1,28412.53,381.47,25338.72
ITEM0013332,ORD007767,PROD00189,1,1311.37,15.63,862.55
ITEM0013333,ORD007767,PROD00386,1,4390.92,302.08,3519.75
ITEM0013334,ORD007768,PROD00225,1,3969.99,54.01,2615.6
ITEM0013335,ORD007769,PROD00049,1,9752.25,87.75,8659.2
ITEM0013336,ORD007770,PROD00458,1,13155.18,616.82,10329.0
ITEM0013337,ORD007770,PROD00087,1,21249.4,319.6,18980.72
ITEM0013338,ORD007771,PROD00454,1,22859.97,2066.03,18694.5
ITEM0013339,ORD007771,PROD00061,2,52715.33,202.67,46567.84
ITEM0013340,ORD007772,PROD00327,1,2665.42,42.58,1760.2
ITEM0013341,ORD007773,PROD00049,1,8456.22,1383.78,8659.2
ITEM0013342,ORD007773,PROD00483,1,19904.11,1472.89,16032.75
ITEM0013343,ORD007774,PROD00234,1,3370.76,205.24,2324.4
ITEM0013344,ORD007774,PROD00324,1,2695.84,83.16,1806.35
ITEM0013345,ORD007775,PROD00410,1,22999.92,1729.08,18546.75
ITEM0013346,ORD007775,PROD00255,1,1796.25,0.75,1168.05
ITEM0013347,ORD007776,PROD00312,1,666.95,10.05,440.05
ITEM0013348,ORD007776,PROD00051,1,10535.92,784.08,9961.6
ITEM0013349,ORD007776,PROD00147,1,45938.31,7610.69,47123.12
ITEM0013350,ORD007777,PROD00062,1,15321.98,2156.02,15380.64
ITEM0013351,ORD007777,PROD00397,1,4871.43,494.57,4024.5
ITEM0013352,ORD007778,PROD00285,1,1424.18,94.82,987.35
ITEM0013353,ORD007779,PROD00306,1,3900.38,312.62,2738.45
ITEM0013354,ORD007780,PROD00377,1,1380.9,75.1,1092.0
ITEM0013355,ORD007780,PROD00050,1,19667.88,33.12,17336.88
ITEM0013356,ORD007781,PROD00167,3,1865.75,123.25,1292.85
ITEM0013357,ORD007781,PROD00430,1,18835.58,678.42,14635.5
ITEM0013358,ORD007782,PROD00406,1,8245.34,377.66,6467.25
ITEM0013359,ORD007782,PROD00202,1,1059.54,10.46,695.5
ITEM0013360,ORD007783,PROD00047,1,10999.07,902.93,10473.76
ITEM0013361,ORD007784,PROD00456,1,15831.37,721.63,12414.75
ITEM0013362,ORD007785,PROD00261,1,3132.22,177.78,2151.5
ITEM0013363,ORD007786,PROD00443,2,41961.94,416.06,31783.5
ITEM0013364,ORD007786,PROD00183,1,3944.61,49.39,2596.1
ITEM0013365,ORD007787,PROD00258,2,7192.57,3.43,4677.4
ITEM0013366,ORD007788,PROD00340,1,9479.78,232.22,7284.0
ITEM0013367,ORD007789,PROD00064,1,69416.59,6401.41,66719.84
ITEM0013368,ORD007789,PROD00452,1,1761.26,160.74,1441.5
ITEM0013369,ORD007790,PROD00427,2,46449.0,1697.0,36109.5
ITEM0013370,ORD007790,PROD00284,1,3505.14,52.86,2312.7
ITEM0013371,ORD007790,PROD00431,1,7706.77,341.23,6036.0
ITEM0013372,ORD007791,PROD00145,1,60124.55,6218.45,58381.84
ITEM0013373,ORD007791,PROD00011,1,45101.86,2721.14,42084.24
ITEM0013374,ORD007792,PROD00206,1,2155.63,28.37,1419.6
ITEM0013375,ORD007793,PROD00420,1,1591.86,52.14,1233.0
ITEM0013376,ORD007793,PROD00471,1,10038.87,451.13,7867.5
ITEM0013377,ORD007793,PROD00072,1,39980.24,1317.76,36342.24
ITEM0013378,ORD007794,PROD00174,1,4642.67,220.33,3160.95
ITEM0013379,ORD007794,PROD00155,1,51104.13,2872.87,47499.76
ITEM0013380,ORD007795,PROD00098,1,20110.42,2932.58,20277.84
ITEM0013381,ORD007796,PROD00165,3,57821.11,6933.89,56984.4
ITEM0013382,ORD007796,PROD00058,1,71577.23,3059.77,65680.56
ITEM0013383,ORD007797,PROD00032,1,53809.96,9214.04,55461.12
ITEM0013384,ORD007797,PROD00403,2,6138.72,305.28,4833.0
ITEM0013385,ORD007798,PROD00199,3,12396.54,431.46,8338.2
ITEM0013386,ORD007798,PROD00207,2,7156.55,53.45,4686.5
ITEM0013387,ORD007798,PROD00188,1,4808.49,73.51,3173.3
ITEM0013388,ORD007799,PROD00288,1,4683.68,295.32,3236.35
ITEM0013389,ORD007800,PROD00403,1,3191.66,30.34,2416.5
ITEM0013390,ORD007801,PROD00460,1,18707.56,1111.44,14864.25
ITEM0013391,ORD007801,PROD00473,2,18547.5,820.5,14526.0
ITEM0013392,ORD007802,PROD00283,1,806.18,44.82,553.15
ITEM0013393,ORD007802,PROD00225,2,7773.34,274.66,5231.2
ITEM0013394,ORD007802,PROD00375,1,16478.93,82.07,12420.75
ITEM0013395,ORD007802,PROD00105,1,60777.58,4793.42,57702.48
ITEM0013396,ORD007803,PROD00006,1,28452.47,341.53,25338.72
ITEM0013397,ORD007804,PROD00171,1,1120.64,32.36,749.45
ITEM0013398,ORD007804,PROD00258,1,3320.77,277.23,2338.7
ITEM0013399,ORD007805,PROD00251,1,4360.03,121.97,2913.3
ITEM0013400,ORD007806,PROD00069,1,24360.02,2947.98,24031.04
ITEM0013401,ORD007806,PROD00372,1,7803.74,223.26,6020.25
ITEM0013402,ORD007807,PROD00303,1,2570.12,85.88,1726.4
ITEM0013403,ORD007808,PROD00145,1,60422.8,5920.2,58381.84
ITEM0013404,ORD007808,PROD00357,1,16370.85,1140.15,13133.25
ITEM0013405,ORD007809,PROD00032,1,56071.0,6953.0,55461.12
ITEM0013406,ORD007810,PROD00460,1,19586.05,232.95,14864.25
ITEM0013407,ORD007811,PROD00195,2,1936.39,61.61,1298.7
ITEM0013408,ORD007811,PROD00060,1,45461.36,4152.64,43660.32
ITEM0013409,ORD007811,PROD00102,2,57253.67,1906.33,52060.8
ITEM0013410,ORD007812,PROD00262,1,2455.89,86.11,1652.3
ITEM0013411,ORD007813,PROD00045,1,34683.57,4655.43,34618.32
ITEM0013412,ORD007814,PROD00127,1,71072.31,3154.69,65319.76
ITEM0013413,ORD007815,PROD00049,1,9485.75,354.25,8659.2
ITEM0013414,ORD007816,PROD00201,1,3534.94,245.06,2457.0
ITEM0013415,ORD007816,PROD00269,1,2497.96,102.04,1690.0
ITEM0013416,ORD007816,PROD00052,1,69981.11,4783.89,65793.2
ITEM0013417,ORD007817,PROD00368,1,16424.98,1351.02,13332.0
ITEM0013418,ORD007818,PROD00355,1,7105.17,718.83,5868.0
ITEM0013419,ORD007819,PROD00209,1,1618.99,26.01,1069.25
ITEM0013420,ORD007820,PROD00454,1,22436.83,2489.17,18694.5
ITEM0013421,ORD007820,PROD00089,1,18437.94,1132.06,17221.6
ITEM0013422,ORD007821,PROD00453,2,38165.74,2328.26,30370.5
ITEM0013423,ORD007822,PROD00096,2,139021.44,12224.56,133096.48
ITEM0013424,ORD007823,PROD00153,1,29387.25,2839.75,28359.76
ITEM0013425,ORD007824,PROD00048,2,15162.38,2437.62,15488.0
ITEM0013426,ORD007824,PROD00187,1,3053.28,133.72,2071.55
ITEM0013427,ORD007825,PROD00160,1,6559.16,1148.84,6783.04
ITEM0013428,ORD007825,PROD00480,1,4099.97,166.03,3199.5
ITEM0013429,ORD007826,PROD00047,1,10326.08,1575.92,10473.76
ITEM0013430,ORD007826,PROD00074,1,61929.44,10795.56,63998.0
ITEM0013431,ORD007826,PROD00096,1,71981.64,3641.36,66548.24
ITEM0013432,ORD007827,PROD00197,1,2758.61,193.39,1918.8
ITEM0013433,ORD007827,PROD00227,1,3267.67,236.33,2277.6
ITEM0013434,ORD007828,PROD00328,3,9131.05,228.95,6084.0
ITEM0013435,ORD007828,PROD00146,1,10133.1,1025.9,9819.92
ITEM0013436,ORD007829,PROD00359,1,2850.89,279.11,2347.5
ITEM0013437,ORD007830,PROD00465,1,12216.29,1011.71,9921.0
ITEM0013438,ORD007831,PROD00282,1,2560.61,114.39,1738.75
ITEM0013439,ORD007831,PROD00159,1,64765.15,10811.85,66507.76
ITEM0013440,ORD007832,PROD00058,1,72006.82,2630.18,65680.56
ITEM0013441,ORD007832,PROD00433,1,9158.44,712.56,7403.25
ITEM0013442,ORD007833,PROD00397,1,5324.34,41.66,4024.5
ITEM0013443,ORD007834,PROD00114,1,28818.67,3196.33,28173.2
ITEM0013444,ORD007835,PROD00394,1,17961.42,894.58,14142.0
ITEM0013445,ORD007836,PROD00337,1,16665.0,422.0,12815.25
ITEM0013446,ORD007836,PROD00154,1,29179.31,4788.69,29891.84
ITEM0013447,ORD007837,PROD00129,1,49631.44,157.56,43814.32
ITEM0013448,ORD007838,PROD00296,1,4370.8,115.2,2915.9
ITEM0013449,ORD007838,PROD00131,1,67078.41,8224.59,66266.64
ITEM0013450,ORD007838,PROD00112,1,17580.8,379.2,15804.8
ITEM0013451,ORD007839,PROD00480,1,4189.6,76.4,3199.5
ITEM0013452,ORD007840,PROD00376,1,14957.69,771.31,11796.75
ITEM0013453,ORD007841,PROD00110,1,34595.97,4835.03,34699.28
ITEM0013454,ORD007842,PROD00239,1,3114.33,225.67,2171.0
ITEM0013455,ORD007843,PROD00486,1,7195.64,109.36,5478.75
ITEM0013456,ORD007844,PROD00206,1,2113.19,70.81,1419.6
ITEM0013457,ORD007844,PROD00409,1,2039.5,101.5,1605.75
ITEM0013458,ORD007844,PROD00015,1,65380.93,2878.07,60067.92
ITEM0013459,ORD007845,PROD00180,1,3141.95,221.05,2185.95
ITEM0013460,ORD007845,PROD00119,1,49047.06,7229.94,49523.76
ITEM0013461,ORD007845,PROD00375,1,16031.86,529.14,12420.75
ITEM0013462,ORD007845,PROD00127,3,221473.96,1207.04,195959.28
ITEM0013463,ORD007846,PROD00045,1,36525.85,2813.15,34618.32
ITEM0013464,ORD007846,PROD00223,2,9485.51,434.49,6448.0
ITEM0013465,ORD007847,PROD00176,1,4172.01,212.99,2850.25
ITEM0013466,ORD007848,PROD00449,1,9895.79,182.21,7558.5
ITEM0013467,ORD007848,PROD00492,1,21367.85,2161.15,17646.75
ITEM0013468,ORD007849,PROD00443,1,21023.47,165.53,15891.75
ITEM0013469,ORD007850,PROD00171,2,2185.23,120.77,1498.9
ITEM0013470,ORD007850,PROD00069,3,77323.81,4600.19,72093.12
ITEM0013471,ORD007851,PROD00044,2,104562.98,18161.02,107997.12
ITEM0013472,ORD007852,PROD00197,1,2884.41,67.59,1918.8
ITEM0013473,ORD007852,PROD00100,2,134685.57,13940.43,130790.88
ITEM0013474,ORD007852,PROD00043,1,51318.58,2973.42,47776.96
ITEM0013475,ORD007853,PROD00127,1,68094.58,6132.42,65319.76
ITEM0013476,ORD007853,PROD00273,1,769.8,16.2,510.9
ITEM0013477,ORD007854,PROD00441,1,15484.68,1332.32,12612.75
ITEM0013478,ORD007854,PROD00458,1,13610.73,161.27,10329.0
ITEM0013479,ORD007855,PROD00420,1,1527.6,116.4,1233.0
ITEM0013480,ORD007856,PROD00492,1,23341.14,187.86,17646.75
ITEM0013481,ORD007856,PROD00201,1,3749.79,30.21,2457.0
ITEM0013482,ORD007857,PROD00097,1,13709.01,986.99,12932.48
ITEM0013483,ORD007858,PROD00133,1,14703.15,1032.85,13847.68
ITEM0013484,ORD007858,PROD00247,1,1505.39,91.61,1038.05
ITEM0013485,ORD007859,PROD00344,1,13822.36,1097.64,11190.0
ITEM0013486,ORD007860,PROD00119,1,53819.71,2457.29,49523.76
ITEM0013487,ORD007861,PROD00115,1,53351.56,7413.44,53473.2
ITEM0013488,ORD007862,PROD00016,2,142345.42,1834.58,126878.4
ITEM0013489,ORD007863,PROD00096,2,137920.35,13325.65,133096.48
ITEM0013490,ORD007863,PROD00074,1,68968.3,3756.7,63998.0
ITEM0013491,ORD007863,PROD00103,1,56132.29,8092.71,56518.0
ITEM0013492,ORD007864,PROD00420,2,3189.23,98.77,2466.0
ITEM0013493,ORD007864,PROD00434,1,12517.15,646.85,9873.0
ITEM0013494,ORD007865,PROD00149,2,47918.43,827.57,42896.48
ITEM0013495,ORD007865,PROD00266,1,1150.38,22.62,762.45
ITEM0013496,ORD007866,PROD00076,1,60352.25,4654.75,57206.16
ITEM0013497,ORD007867,PROD00363,1,18210.26,758.74,14226.75
ITEM0013498,ORD007868,PROD00299,1,3864.23,93.77,2572.7
ITEM0013499,ORD007868,PROD00003,1,45929.81,484.19,40844.32
ITEM0013500,ORD007868,PROD00054,1,48836.45,764.55,43648.88
ITEM0013501,ORD007868,PROD00166,1,3514.59,217.41,2425.8
ITEM0013502,ORD007869,PROD00490,1,15067.52,75.48,11357.25
ITEM0013503,ORD007869,PROD00429,1,3844.71,422.29,3200.25
ITEM0013504,ORD007870,PROD00435,1,8274.24,595.76,6652.5
ITEM0013505,ORD007870,PROD00128,1,70561.53,338.47,62392.0
ITEM0013506,ORD007871,PROD00395,1,4983.81,201.19,3888.75
ITEM0013507,ORD007872,PROD00043,1,46940.83,7351.17,47776.96
ITEM0013508,ORD007872,PROD00034,1,25311.27,998.73,23152.8
ITEM0013509,ORD007873,PROD00212,1,2156.66,120.34,1480.05
ITEM0013510,ORD007874,PROD00044,1,61270.07,91.93,53998.56
ITEM0013511,ORD007874,PROD00043,1,50056.49,4235.51,47776.96
ITEM0013512,ORD007874,PROD00147,1,49036.66,4512.34,47123.12
ITEM0013513,ORD007875,PROD00331,1,23262.71,901.29,18123.0
ITEM0013514,ORD007875,PROD00287,1,1935.67,111.33,1330.55
ITEM0013515,ORD007876,PROD00168,1,1477.14,17.86,971.75
ITEM0013516,ORD007876,PROD00114,2,62158.71,1871.29,56346.4
ITEM0013517,ORD007877,PROD00424,1,15723.67,1487.33,12908.25
ITEM0013518,ORD007878,PROD00073,2,141203.89,3694.11,127510.24
ITEM0013519,ORD007878,PROD00277,1,2026.56,150.44,1415.05
ITEM0013520,ORD007878,PROD00334,1,17390.76,1226.24,13962.75
ITEM0013521,ORD007879,PROD00135,1,62778.13,6667.87,61112.48
ITEM0013522,ORD007880,PROD00145,1,65497.12,845.88,58381.84
ITEM0013523,ORD007881,PROD00454,1,24828.38,97.62,18694.5
ITEM0013524,ORD007881,PROD00424,1,16956.57,254.43,12908.25
ITEM0013525,ORD007881,PROD00449,1,9513.62,564.38,7558.5
ITEM0013526,ORD007882,PROD00441,1,15181.45,1635.55,12612.75
ITEM0013527,ORD007882,PROD00266,1,1095.13,77.87,762.45
ITEM0013528,ORD007882,PROD00361,1,16174.44,993.56,12876.0
ITEM0013529,ORD007883,PROD00085,1,46739.36,3942.64,44600.16
ITEM0013530,ORD007884,PROD00239,1,3087.45,252.55,2171.0
ITEM0013531,ORD007884,PROD00441,1,16716.38,100.62,12612.75
ITEM0013532,ORD007885,PROD00478,1,6309.82,338.18,4986.0
ITEM0013533,ORD007885,PROD00157,1,44300.16,1735.84,40511.68
ITEM0013534,ORD007885,PROD00208,1,3587.71,205.29,2465.45
ITEM0013535,ORD007885,PROD00465,1,12834.68,393.32,9921.0
ITEM0013536,ORD007886,PROD00251,1,4288.47,193.53,2913.3
ITEM0013537,ORD007886,PROD00462,2,14520.77,893.23,11560.5
ITEM0013538,ORD007886,PROD00029,1,69682.64,402.36,61674.8
ITEM0013539,ORD007887,PROD00093,1,13339.99,1026.01,12642.08
ITEM0013540,ORD007888,PROD00207,1,3525.17,79.83,2343.25
ITEM0013541,ORD007889,PROD00101,1,65766.21,10070.79,66736.56
ITEM0013542,ORD007890,PROD00028,1,46862.27,8143.73,48405.28
ITEM0013543,ORD007891,PROD00153,2,63613.87,840.13,56719.52
ITEM0013544,ORD007892,PROD00330,2,2680.68,151.32,1840.8
ITEM0013545,ORD007892,PROD00033,2,105474.54,3851.46,96206.88
ITEM0013546,ORD007892,PROD00248,2,8751.16,572.84,6060.6
ITEM0013547,ORD007893,PROD00333,1,10770.44,998.56,8826.75
ITEM0013548,ORD007894,PROD00454,1,22878.96,2047.04,18694.5
ITEM0013549,ORD007895,PROD00341,1,7212.67,227.33,5580.0
ITEM0013550,ORD007896,PROD00205,1,4515.43,48.57,2966.6
ITEM0013551,ORD007896,PROD00071,1,47815.97,8284.03,49368.0
ITEM0013552,ORD007897,PROD00440,1,20647.21,713.79,16020.75
ITEM0013553,ORD007897,PROD00186,1,4675.66,174.34,3152.5
ITEM0013554,ORD007897,PROD00173,1,2434.95,101.05,1648.4
ITEM0013555,ORD007898,PROD00094,1,57171.49,5644.51,55278.08
ITEM0013556,ORD007899,PROD00018,2,35808.09,805.91,32220.32
ITEM0013557,ORD007899,PROD00237,1,2019.88,3.12,1314.95
ITEM0013558,ORD007900,PROD00080,1,75211.34,3324.66,69111.68
ITEM0013559,ORD007900,PROD00220,1,963.89,30.11,646.1
ITEM0013560,ORD007901,PROD00169,1,1384.13,113.87,973.7
ITEM0013561,ORD007902,PROD00063,1,15634.5,504.5,14202.32
ITEM0013562,ORD007903,PROD00426,1,19972.19,411.81,15288.0
ITEM0013563,ORD007904,PROD00246,1,829.95,18.05,551.2
ITEM0013564,ORD007904,PROD00310,2,5883.51,308.49,4024.8
ITEM0013565,ORD007905,PROD00369,1,7583.02,705.98,6216.75
ITEM0013566,ORD007906,PROD00249,2,4843.67,86.33,3204.5
ITEM0013567,ORD007907,PROD00320,1,1903.29,18.71,1249.3
ITEM0013568,ORD007908,PROD00039,1,32316.99,195.01,28610.56
ITEM0013569,ORD007909,PROD00269,1,2491.97,108.03,1690.0
ITEM0013570,ORD007909,PROD00186,1,4747.01,102.99,3152.5
ITEM0013571,ORD007910,PROD00013,1,47171.49,745.51,42166.96
ITEM0013572,ORD007910,PROD00156,1,14492.63,2228.37,14714.48
ITEM0013573,ORD007910,PROD00126,1,31595.77,918.23,28612.32
ITEM0013574,ORD007910,PROD00390,1,20087.45,1782.55,16402.5
ITEM0013575,ORD007911,PROD00274,2,2516.22,199.78,1765.4
ITEM0013576,ORD007911,PROD00286,1,769.11,36.89,523.9
ITEM0013577,ORD007912,PROD00187,1,3012.52,174.48,2071.55
ITEM0013578,ORD007912,PROD00299,2,7336.45,579.55,5145.4
ITEM0013579,ORD007912,PROD00250,1,4214.47,147.53,2835.3
ITEM0013580,ORD007912,PROD00078,1,54390.36,8023.64,54924.32
ITEM0013581,ORD007913,PROD00300,1,1530.09,69.91,1040.0
ITEM0013582,ORD007913,PROD00422,1,22364.1,1811.9,18132.0
ITEM0013583,ORD007914,PROD00144,1,57955.07,5409.93,55761.2
ITEM0013584,ORD007914,PROD00387,1,12129.02,309.98,9329.25
ITEM0013585,ORD007915,PROD00047,1,11356.06,545.94,10473.76
ITEM0013586,ORD007915,PROD00255,1,1679.7,117.3,1168.05
ITEM0013587,ORD007916,PROD00138,1,41048.36,9.64,36131.04
ITEM0013588,ORD007917,PROD00108,1,72710.69,1641.31,65429.76
ITEM0013589,ORD007918,PROD00047,2,21501.41,2302.59,20947.52
ITEM0013590,ORD007918,PROD00408,2,37978.33,4077.67,31542.0
ITEM0013591,ORD007918,PROD00073,1,68434.32,4014.68,63755.12
ITEM0013592,ORD007919,PROD00062,1,16368.62,1109.38,15380.64
ITEM0013593,ORD007920,PROD00101,1,66833.21,9003.79,66736.56
ITEM0013594,ORD007921,PROD00454,1,23273.55,1652.45,18694.5
ITEM0013595,ORD007921,PROD00203,1,3189.22,121.78,2152.15
ITEM0013596,ORD007921,PROD00355,1,7143.06,680.94,5868.0
ITEM0013597,ORD007922,PROD00092,2,45607.9,1998.1,41893.28
ITEM0013598,ORD007923,PROD00084,1,73717.54,6126.46,70262.72
ITEM0013599,ORD007923,PROD00183,1,3885.91,108.09,2596.1
ITEM0013600,ORD007923,PROD00033,3,139483.65,24505.35,144310.32
ITEM0013601,ORD007923,PROD00309,1,2342.3,40.7,1548.95
ITEM0013602,ORD007924,PROD00305,1,2672.26,43.74,1765.4
ITEM0013603,ORD007924,PROD00358,1,17811.42,316.58,13596.0
ITEM0013604,ORD007925,PROD00454,1,22669.68,2256.32,18694.5
ITEM0013605,ORD007925,PROD00312,1,669.72,7.28,440.05
ITEM0013606,ORD007925,PROD00490,2,27370.11,2915.89,22714.5
ITEM0013607,ORD007925,PROD00370,3,74538.67,446.33,56238.75
ITEM0013608,ORD007926,PROD00026,1,41043.2,2299.8,38141.84
ITEM0013609,ORD007927,PROD00214,1,4429.71,245.29,3038.75
ITEM0013610,ORD007928,PROD00132,1,17055.96,2896.04,17557.76
ITEM0013611,ORD007928,PROD00145,1,62427.72,3915.28,58381.84
ITEM0013612,ORD007929,PROD00083,1,46293.1,1775.9,42300.72
ITEM0013613,ORD007930,PROD00078,3,177856.55,9385.45,164772.96
ITEM0013614,ORD007930,PROD00034,1,25218.53,1091.47,23152.8
ITEM0013615,ORD007930,PROD00143,1,17468.01,1341.99,16552.8
ITEM0013616,ORD007930,PROD00473,1,9636.78,47.22,7263.0
ITEM0013617,ORD007931,PROD00264,1,1894.5,55.5,1267.5
ITEM0013618,ORD007932,PROD00110,1,36243.76,3187.24,34699.28
ITEM0013619,ORD007933,PROD00444,1,10855.31,287.69,8357.25
ITEM0013620,ORD007934,PROD00213,1,3125.94,230.06,2181.4
ITEM0013621,ORD007934,PROD00394,1,18270.32,585.68,14142.0
ITEM0013622,ORD007935,PROD00428,1,9827.82,88.18,7437.0
ITEM0013623,ORD007935,PROD00181,2,2839.08,146.92,1940.9
ITEM0013624,ORD007935,PROD00133,1,13854.04,1881.96,13847.68
ITEM0013625,ORD007935,PROD00471,1,9893.08,596.92,7867.5
ITEM0013626,ORD007936,PROD00391,2,27117.41,2350.59,22101.0
ITEM0013627,ORD007936,PROD00357,2,31558.1,3463.9,26266.5
ITEM0013628,ORD007937,PROD00362,1,7056.45,678.55,5801.25
ITEM0013629,ORD007937,PROD00193,1,2750.38,70.62,1833.65
ITEM0013630,ORD007937,PROD00355,1,7428.27,395.73,5868.0
ITEM0013631,ORD007937,PROD00205,1,4378.67,185.33,2966.6
ITEM0013632,ORD007938,PROD00193,2,5391.82,250.18,3667.3
ITEM0013633,ORD007938,PROD00173,1,2433.31,102.69,1648.4
ITEM0013634,ORD007938,PROD00332,1,7897.2,872.8,6577.5
ITEM0013635,ORD007939,PROD00026,1,38067.76,5275.24,38141.84
ITEM0013636,ORD007939,PROD00438,1,3251.49,214.51,2599.5
ITEM0013637,ORD007940,PROD00072,1,37329.41,3968.59,36342.24
ITEM0013638,ORD007940,PROD00467,1,16390.7,862.3,12939.75
ITEM0013639,ORD007941,PROD00478,1,6422.29,225.71,4986.0
ITEM0013640,ORD007941,PROD00019,1,67391.2,4701.8,63441.84
ITEM0013641,ORD007942,PROD00291,1,4290.6,226.4,2936.05
ITEM0013642,ORD007943,PROD00253,1,4236.21,6.79,2757.95
ITEM0013643,ORD007943,PROD00312,1,666.79,10.21,440.05
ITEM0013644,ORD007944,PROD00304,1,2508.33,114.67,1704.95
ITEM0013645,ORD007944,PROD00478,3,18788.62,1155.38,14958.0
ITEM0013646,ORD007944,PROD00114,2,57508.67,6521.33,56346.4
ITEM0013647,ORD007945,PROD00129,1,44601.87,5187.13,43814.32
ITEM0013648,ORD007945,PROD00298,3,6549.85,74.15,4305.6
ITEM0013649,ORD007946,PROD00462,1,7682.62,24.38,5780.25
ITEM0013650,ORD007946,PROD00171,2,2130.45,175.55,1498.9
ITEM0013651,ORD007947,PROD00027,1,41397.51,199.49,36605.36
ITEM0013652,ORD007947,PROD00212,1,2135.49,141.51,1480.05
ITEM0013653,ORD007948,PROD00102,1,26408.28,3171.72,26030.4
ITEM0013654,ORD007948,PROD00405,1,6309.4,273.6,4937.25
ITEM0013655,ORD007949,PROD00075,1,43083.14,915.86,38719.12
ITEM0013656,ORD007949,PROD00100,1,71981.05,2331.95,65395.44
ITEM0013657,ORD007949,PROD00235,1,2279.63,181.37,1599.65
ITEM0013658,ORD007950,PROD00244,2,4692.78,339.22,3270.8
ITEM0013659,ORD007950,PROD00029,1,60787.23,9297.77,61674.8
ITEM0013660,ORD007950,PROD00069,1,23406.6,3901.4,24031.04
ITEM0013661,ORD007951,PROD00083,3,125306.03,18900.97,126902.16
ITEM0013662,ORD007952,PROD00299,1,3706.99,251.01,2572.7
ITEM0013663,ORD007953,PROD00433,1,9643.51,227.49,7403.25
ITEM0013664,ORD007953,PROD00173,1,2364.25,171.75,1648.4
ITEM0013665,ORD007954,PROD00106,1,6419.72,465.28,6058.8
ITEM0013666,ORD007955,PROD00100,1,64652.61,9660.39,65395.44
ITEM0013667,ORD007956,PROD00404,1,22250.09,218.91,16851.75
ITEM0013668,ORD007956,PROD00134,1,36348.03,863.97,32746.56
ITEM0013669,ORD007957,PROD00111,2,91121.09,5052.91,84633.12
ITEM0013670,ORD007957,PROD00228,1,2702.75,188.25,1879.15
ITEM0013671,ORD007958,PROD00429,1,4219.77,47.23,3200.25
ITEM0013672,ORD007959,PROD00169,1,1479.48,18.52,973.7
ITEM0013673,ORD007960,PROD00488,1,12662.17,873.83,10152.0
ITEM0013674,ORD007960,PROD00099,1,43778.94,442.06,38914.48
ITEM0013675,ORD007960,PROD00408,1,20909.97,118.03,15771.0
ITEM0013676,ORD007961,PROD00300,1,1549.35,50.65,1040.0
ITEM0013677,ORD007962,PROD00242,1,3570.75,40.25,2347.15
ITEM0013678,ORD007962,PROD00226,1,1207.0,33.0,806.0
ITEM0013679,ORD007963,PROD00419,1,3163.24,8.76,2379.0
ITEM0013680,ORD007964,PROD00409,1,2052.95,88.05,1605.75
ITEM0013681,ORD007965,PROD00031,1,60163.03,7644.97,59671.04
ITEM0013682,ORD007966,PROD00401,1,2237.83,56.17,1720.5
ITEM0013683,ORD007967,PROD00238,1,3153.61,271.39,2226.25
ITEM0013684,ORD007967,PROD00085,1,44272.58,6409.42,44600.16
ITEM0013685,ORD007968,PROD00223,1,4929.25,30.75,3224.0
ITEM0013686,ORD007968,PROD00436,2,35150.53,2947.47,28573.5
ITEM0013687,ORD007968,PROD00313,1,3868.08,4.92,2517.45
ITEM0013688,ORD007968,PROD00218,1,3222.07,170.93,2205.45
ITEM0013689,ORD007969,PROD00118,1,71430.93,2129.07,64732.8
ITEM0013690,ORD007969,PROD00333,1,10929.28,839.72,8826.75
ITEM0013691,ORD007970,PROD00434,1,12291.0,873.0,9873.0
ITEM0013692,ORD007970,PROD00139,1,42005.25,7107.75,43219.44
ITEM0013693,ORD007971,PROD00137,1,14439.84,1017.16,13602.16
ITEM0013694,ORD007971,PROD00442,1,22152.93,2262.07,18311.25
ITEM0013695,ORD007972,PROD00204,1,4663.05,185.95,3151.85
ITEM0013696,ORD007973,PROD00408,1,19906.44,1121.56,15771.0
ITEM0013697,ORD007974,PROD00232,1,2989.72,248.28,2104.7
ITEM0013698,ORD007974,PROD00055,1,66802.34,1071.66,59729.12
ITEM0013699,ORD007975,PROD00396,1,13712.86,259.14,10479.0
ITEM0013700,ORD007976,PROD00083,1,41813.31,6255.69,42300.72
ITEM0013701,ORD007976,PROD00246,1,837.17,10.83,551.2
ITEM0013702,ORD007977,PROD00237,1,1953.03,69.97,1314.95
ITEM0013703,ORD007977,PROD00173,1,2371.02,164.98,1648.4
ITEM0013704,ORD007978,PROD00229,1,4100.02,88.98,2722.85
ITEM0013705,ORD007979,PROD00020,1,76932.68,2060.32,69513.84
ITEM0013706,ORD007979,PROD00053,1,70509.86,7117.14,68311.76
ITEM0013707,ORD007980,PROD00456,1,14998.72,1554.28,12414.75
ITEM0013708,ORD007980,PROD00074,1,72679.12,45.88,63998.0
ITEM0013709,ORD007981,PROD00377,1,1372.47,83.53,1092.0
ITEM0013710,ORD007982,PROD00084,1,69426.18,10417.82,70262.72
ITEM0013711,ORD007983,PROD00224,1,2943.85,191.15,2037.75
ITEM0013712,ORD007983,PROD00293,1,538.77,28.23,368.55
ITEM0013713,ORD007984,PROD00015,2,118662.97,17855.03,120135.84
ITEM0013714,ORD007985,PROD00092,1,21774.91,2028.09,20946.64
ITEM0013715,ORD007986,PROD00025,1,28643.99,996.01,26083.2
ITEM0013716,ORD007986,PROD00302,1,1268.91,70.09,870.35
ITEM0013717,ORD007987,PROD00009,1,38735.46,6336.54,39663.36
ITEM0013718,ORD007987,PROD00414,1,15357.37,775.63,12099.75
ITEM0013719,ORD007988,PROD00034,1,25187.59,1122.41,23152.8
ITEM0013720,ORD007988,PROD00469,1,5545.63,177.37,4292.25
ITEM0013721,ORD007988,PROD00229,2,7876.99,501.01,5445.7
ITEM0013722,ORD007989,PROD00403,1,2940.51,281.49,2416.5
ITEM0013723,ORD007989,PROD00012,1,32768.26,110.74,28933.52
ITEM0013724,ORD007990,PROD00054,1,43768.17,5832.83,43648.88
ITEM0013725,ORD007990,PROD00446,1,19721.48,2062.52,16338.0
ITEM0013726,ORD007991,PROD00241,2,2651.28,6.72,1727.7
ITEM0013727,ORD007992,PROD00349,1,12778.06,795.94,10180.5
ITEM0013728,ORD007993,PROD00474,1,23400.22,336.78,17802.75
ITEM0013729,ORD007993,PROD00437,1,20889.59,1187.41,16557.75
ITEM0013730,ORD007994,PROD00080,1,68133.04,10402.96,69111.68
ITEM0013731,ORD007995,PROD00422,1,21877.73,2298.27,18132.0
ITEM0013732,ORD007996,PROD00119,1,52867.74,3409.26,49523.76
ITEM0013733,ORD007997,PROD00437,1,20666.7,1410.3,16557.75
ITEM0013734,ORD007998,PROD00102,1,26800.12,2779.88,26030.4
ITEM0013735,ORD007999,PROD00413,1,14188.61,1563.39,11814.0
ITEM0013736,ORD008000,PROD00158,1,64140.07,6996.93,62600.56
