order_id,customer_id,order_date,order_status,payment_method
ORD000001,CUST04780,2024-12-26,Delivered,Cash on Delivery
ORD000002,CUST03997,2023-07-21,Delivered,Cash on Delivery
ORD000003,CUST04708,2024-08-01,Delivered,Net Banking
ORD000004,CUST01260,2024-09-30,Delivered,UPI
ORD000005,CUST04274,2024-10-11,Cancelled,Credit Card
ORD000006,CUST00076,2024-07-08,Processing,Cash on Delivery
ORD000007,CUST04373,2024-11-12,Processing,Cash on Delivery
ORD000008,CUST03713,2024-08-27,Delivered,Credit Card
ORD000009,CUST03472,2024-08-18,Delivered,Debit Card
ORD000010,CUST00556,2024-11-15,Shipped,Wallet
ORD000011,CUST00584,2024-12-09,Delivered,Credit Card
ORD000012,CUST03629,2024-09-20,Shipped,Wallet
ORD000013,CUST04827,2024-12-07,Delivered,Cash on Delivery
ORD000014,CUST01987,2024-11-26,Shipped,UPI
ORD000015,CUST04728,2024-08-26,Delivered,UPI
ORD000016,CUST03079,2023-11-20,Processing,Credit Card
ORD000017,CUST00845,2024-12-13,Delivered,Debit Card
ORD000018,CUST04969,2024-11-08,Delivered,Credit Card
ORD000019,CUST03156,2024-12-01,Delivered,UPI
ORD000020,CUST04798,2023-10-17,Delivered,Cash on Delivery
ORD000021,CUST00579,2024-12-25,Delivered,Net Banking
ORD000022,CUST00390,2024-11-30,Delivered,Cash on Delivery
ORD000023,CUST01783,2024-09-19,Shipped,Debit Card
ORD000024,CUST04578,2023-09-23,Shipped,Wallet
ORD000025,CUST02217,2024-08-16,Delivered,UPI
ORD000026,CUST01629,2024-06-20,Delivered,Wallet
ORD000027,CUST02704,2024-12-27,Delivered,Net Banking
ORD000028,CUST02003,2024-05-16,Shipped,Credit Card
ORD000029,CUST04217,2024-08-14,Delivered,Cash on Delivery
ORD000030,CUST02004,2024-09-30,Processing,Cash on Delivery
ORD000031,CUST03694,2024-11-27,Shipped,Cash on Delivery
ORD000032,CUST04035,2024-12-26,Shipped,Cash on Delivery
ORD000033,CUST04590,2023-01-27,Delivered,Cash on Delivery
ORD000034,CUST02803,2024-12-26,Delivered,Debit Card
ORD000035,CUST01486,2024-01-07,Delivered,Wallet
ORD000036,CUST04257,2024-01-22,Delivered,Debit Card
ORD000037,CUST03376,2023-08-18,Delivered,Credit Card
ORD000038,CUST01314,2024-11-09,Delivered,UPI
ORD000039,CUST04878,2024-02-02,Returned,Credit Card
ORD000040,CUST01909,2024-09-14,Delivered,Credit Card
ORD000041,CUST03780,2024-06-26,Delivered,UPI
ORD000042,CUST02329,2024-09-20,Delivered,Cash on Delivery
ORD000043,CUST02911,2024-06-25,Shipped,Debit Card
ORD000044,CUST03585,2024-10-12,Delivered,Credit Card
ORD000045,CUST00784,2024-04-03,Delivered,Net Banking
ORD000046,CUST00490,2024-11-08,Delivered,Net Banking
ORD000047,CUST04416,2024-05-01,Delivered,Debit Card
ORD000048,CUST04476,2024-01-01,Delivered,Debit Card
ORD000049,CUST00970,2024-10-07,Delivered,Cash on Delivery
ORD000050,CUST03139,2024-11-12,Delivered,Wallet
ORD000051,CUST03424,2024-08-12,Cancelled,Cash on Delivery
ORD000052,CUST04895,2024-11-10,Delivered,Wallet
ORD000053,CUST03318,2024-12-06,Delivered,Cash on Delivery
ORD000054,CUST01580,2024-12-28,Delivered,Net Banking
ORD000055,CUST03038,2024-07-20,Returned,Cash on Delivery
ORD000056,CUST00193,2024-08-19,Delivered,Cash on Delivery
ORD000057,CUST00385,2024-09-12,Delivered,UPI
ORD000058,CUST03975,2024-12-08,Delivered,Wallet
ORD000059,CUST03227,2024-08-04,Delivered,UPI
ORD000060,CUST01451,2024-06-24,Delivered,Debit Card
ORD000061,CUST02093,2024-05-19,Delivered,Wallet
ORD000062,CUST01132,2024-09-28,Delivered,Net Banking
ORD000063,CUST04528,2024-08-13,Delivered,Wallet
ORD000064,CUST03033,2024-11-26,Delivered,Credit Card
ORD000065,CUST01069,2024-10-28,Shipped,UPI
ORD000066,CUST04721,2024-09-20,Delivered,Net Banking
ORD000067,CUST04582,2024-01-27,Delivered,Cash on Delivery
ORD000068,CUST03967,2024-09-10,Delivered,UPI
ORD000069,CUST02161,2024-03-23,Shipped,Net Banking
ORD000070,CUST02518,2024-10-06,Delivered,Debit Card
ORD000071,CUST00115,2024-06-21,Delivered,Net Banking
ORD000072,CUST03276,2024-02-04,Cancelled,UPI
ORD000073,CUST04061,2024-06-17,Delivered,Cash on Delivery
ORD000074,CUST01148,2024-01-04,Delivered,UPI
ORD000075,CUST03532,2023-11-16,Cancelled,UPI
ORD000076,CUST04584,2024-08-06,Delivered,Cash on Delivery
ORD000077,CUST02161,2024-07-28,Cancelled,Cash on Delivery
ORD000078,CUST01198,2024-05-20,Delivered,Net Banking
ORD000079,CUST00209,2024-11-10,Delivered,Credit Card
ORD000080,CUST03200,2024-10-20,Delivered,Net Banking
ORD000081,CUST01990,2024-02-17,Returned,Credit Card
ORD000082,CUST00163,2024-05-21,Delivered,UPI
ORD000083,CUST04322,2024-12-26,Delivered,Net Banking
ORD000084,CUST00288,2024-12-15,Delivered,Debit Card
ORD000085,CUST00604,2024-07-24,Delivered,UPI
ORD000086,CUST02824,2024-12-07,Delivered,Debit Card
ORD000087,CUST02765,2024-04-26,Delivered,Debit Card
ORD000088,CUST02670,2023-12-02,Delivered,UPI
ORD000089,CUST00130,2023-08-06,Shipped,Net Banking
ORD000090,CUST04961,2024-12-02,Delivered,Debit Card
ORD000091,CUST02749,2024-11-01,Cancelled,UPI
ORD000092,CUST03079,2024-05-16,Delivered,Debit Card
ORD000093,CUST04171,2023-12-28,Delivered,UPI
ORD000094,CUST00370,2024-10-12,Delivered,Debit Card
ORD000095,CUST01008,2023-10-29,Processing,Cash on Delivery
ORD000096,CUST04673,2024-12-19,Delivered,Wallet
ORD000097,CUST04810,2024-11-12,Processing,UPI
ORD000098,CUST00810,2024-09-13,Delivered,Debit Card
ORD000099,CUST04136,2023-11-27,Delivered,Net Banking
ORD000100,CUST02656,2024-09-04,Delivered,Wallet
ORD000101,CUST00643,2024-12-05,Delivered,UPI
ORD000102,CUST04715,2024-09-20,Delivered,UPI
ORD000103,CUST00391,2024-11-30,Shipped,Wallet
ORD000104,CUST03389,2024-06-02,Cancelled,Credit Card
ORD000105,CUST02851,2024-08-06,Delivered,Credit Card
ORD000106,CUST04983,2024-12-02,Processing,Cash on Delivery
ORD000107,CUST04836,2024-06-22,Delivered,UPI
ORD000108,CUST01067,2024-05-27,Delivered,Net Banking
ORD000109,CUST03439,2024-06-15,Delivered,Debit Card
ORD000110,CUST00219,2024-05-27,Delivered,Cash on Delivery
ORD000111,CUST04003,2024-11-06,Delivered,Net Banking
ORD000112,CUST00059,2024-12-08,Processing,Debit Card
ORD000113,CUST02211,2024-09-20,Delivered,Cash on Delivery
ORD000114,CUST00209,2024-10-10,Delivered,Debit Card
ORD000115,CUST03279,2024-10-03,Delivered,Wallet
ORD000116,CUST04238,2024-06-06,Delivered,Debit Card
ORD000117,CUST00962,2024-10-08,Cancelled,Debit Card
ORD000118,CUST01971,2023-10-25,Delivered,Wallet
ORD000119,CUST04804,2023-11-26,Delivered,Net Banking
ORD000120,CUST02653,2024-12-19,Shipped,Debit Card
ORD000121,CUST04702,2024-02-27,Delivered,Wallet
ORD000122,CUST00773,2024-12-12,Delivered,Wallet
ORD000123,CUST01786,2024-11-24,Returned,Credit Card
ORD000124,CUST01570,2024-09-16,Processing,Debit Card
ORD000125,CUST03079,2023-12-03,Cancelled,Debit Card
ORD000126,CUST04151,2024-06-21,Delivered,Credit Card
ORD000127,CUST00607,2024-12-07,Cancelled,Cash on Delivery
ORD000128,CUST01345,2024-12-27,Shipped,Debit Card
ORD000129,CUST01287,2024-07-08,Cancelled,Wallet
ORD000130,CUST00721,2023-04-03,Delivered,Cash on Delivery
ORD000131,CUST00534,2024-01-09,Delivered,Wallet
ORD000132,CUST00809,2024-08-21,Returned,Cash on Delivery
ORD000133,CUST04035,2024-12-29,Delivered,Net Banking
ORD000134,CUST03816,2024-07-01,Delivered,Cash on Delivery
ORD000135,CUST02405,2024-11-23,Delivered,Debit Card
ORD000136,CUST02259,2024-03-21,Delivered,Credit Card
ORD000137,CUST01220,2024-11-22,Delivered,Wallet
ORD000138,CUST01955,2024-12-24,Cancelled,Wallet
ORD000139,CUST04853,2024-08-02,Shipped,Cash on Delivery
ORD000140,CUST00274,2024-03-06,Delivered,Wallet
ORD000141,CUST01918,2024-07-12,Delivered,Debit Card
ORD000142,CUST00635,2024-12-08,Delivered,Debit Card
ORD000143,CUST03145,2023-12-30,Processing,UPI
ORD000144,CUST02900,2023-10-09,Delivered,Debit Card
ORD000145,CUST04035,2024-12-21,Delivered,Credit Card
ORD000146,CUST02107,2024-12-28,Delivered,UPI
ORD000147,CUST02945,2023-11-01,Shipped,Cash on Delivery
ORD000148,CUST02563,2024-05-29,Cancelled,Cash on Delivery
ORD000149,CUST04646,2023-09-25,Delivered,Cash on Delivery
ORD000150,CUST01396,2024-11-29,Returned,Credit Card
ORD000151,CUST00068,2024-04-13,Delivered,Debit Card
ORD000152,CUST04514,2024-07-29,Delivered,Net Banking
ORD000153,CUST02420,2024-06-04,Delivered,Net Banking
ORD000154,CUST03794,2024-07-22,Delivered,Net Banking
ORD000155,CUST04267,2024-06-05,Delivered,Credit Card
ORD000156,CUST00599,2024-12-27,Delivered,Cash on Delivery
ORD000157,CUST02146,2024-11-02,Shipped,Credit Card
ORD000158,CUST03196,2024-09-06,Delivered,Credit Card
ORD000159,CUST03254,2024-11-08,Returned,Cash on Delivery
ORD000160,CUST05000,2023-10-25,Returned,Wallet
ORD000161,CUST01715,2024-08-17,Delivered,UPI
ORD000162,CUST02273,2024-07-17,Delivered,Wallet
ORD000163,CUST03079,2024-02-13,Delivered,Net Banking
ORD000164,CUST01772,2024-05-16,Delivered,Wallet
ORD000165,CUST01027,2024-12-02,Delivered,Wallet
ORD000166,CUST02396,2024-06-08,Delivered,Debit Card
ORD000167,CUST04173,2024-11-20,Delivered,Cash on Delivery
ORD000168,CUST02687,2024-11-19,Delivered,Net Banking
ORD000169,CUST04040,2024-05-30,Delivered,UPI
ORD000170,CUST04836,2024-01-26,Delivered,Credit Card
ORD000171,CUST00765,2024-08-24,Returned,Cash on Delivery
ORD000172,CUST02566,2024-12-03,Processing,Net Banking
ORD000173,CUST04126,2023-07-06,Delivered,Wallet
ORD000174,CUST01100,2024-10-10,Delivered,Net Banking
ORD000175,CUST04898,2023-12-06,Delivered,UPI
ORD000176,CUST00892,2024-09-29,Delivered,UPI
ORD000177,CUST01292,2023-02-17,Returned,UPI
ORD000178,CUST01774,2024-12-21,Delivered,Credit Card
ORD000179,CUST03381,2023-09-07,Returned,Wallet
ORD000180,CUST03619,2024-05-18,Delivered,Cash on Delivery
ORD000181,CUST03422,2024-10-03,Delivered,Cash on Delivery
ORD000182,CUST04841,2024-12-25,Processing,Cash on Delivery
ORD000183,CUST01326,2024-11-03,Delivered,Net Banking
ORD000184,CUST04017,2023-04-14,Shipped,Cash on Delivery
ORD000185,CUST01286,2024-11-27,Delivered,Debit Card
ORD000186,CUST04305,2024-08-20,Shipped,Credit Card
ORD000187,CUST00025,2024-08-15,Delivered,Wallet
ORD000188,CUST04380,2024-06-01,Processing,Debit Card
ORD000189,CUST03841,2024-10-01,Delivered,Credit Card
ORD000190,CUST00918,2024-11-02,Delivered,Cash on Delivery
ORD000191,CUST03891,2024-11-27,Delivered,UPI
ORD000192,CUST00876,2024-12-01,Delivered,UPI
ORD000193,CUST02854,2023-10-15,Cancelled,Net Banking
ORD000194,CUST03453,2024-06-04,Returned,Net Banking
ORD000195,CUST02801,2023-10-24,Delivered,Cash on Delivery
ORD000196,CUST00343,2024-07-08,Delivered,Wallet
ORD000197,CUST01598,2024-11-28,Returned,Debit Card
ORD000198,CUST04980,2024-09-05,Delivered,UPI
ORD000199,CUST01037,2024-08-29,Cancelled,Debit Card
ORD000200,CUST00909,2024-08-27,Shipped,UPI
ORD000201,CUST01628,2024-03-01,Delivered,UPI
ORD000202,CUST02945,2024-02-27,Shipped,UPI
ORD000203,CUST00923,2023-11-03,Delivered,Wallet
ORD000204,CUST01024,2024-01-25,Delivered,Cash on Delivery
ORD000205,CUST03996,2024-09-02,Delivered,UPI
ORD000206,CUST02582,2024-12-17,Delivered,Debit Card
ORD000207,CUST01241,2024-02-22,Delivered,Credit Card
ORD000208,CUST01412,2024-09-03,Delivered,Credit Card
ORD000209,CUST00584,2024-12-09,Cancelled,Cash on Delivery
ORD000210,CUST04001,2024-10-01,Shipped,UPI
ORD000211,CUST03700,2024-12-18,Delivered,Debit Card
ORD000212,CUST03283,2024-09-15,Returned,Cash on Delivery
ORD000213,CUST03077,2024-05-21,Shipped,Credit Card
ORD000214,CUST04493,2023-02-24,Delivered,Cash on Delivery
ORD000215,CUST04543,2023-10-14,Returned,Debit Card
ORD000216,CUST03999,2024-12-06,Shipped,UPI
ORD000217,CUST04616,2024-12-01,Delivered,Wallet
ORD000218,CUST04890,2024-12-11,Delivered,Credit Card
ORD000219,CUST00685,2024-12-21,Returned,Net Banking
ORD000220,CUST00274,2024-12-04,Delivered,Wallet
ORD000221,CUST00277,2024-06-02,Delivered,Debit Card
ORD000222,CUST04039,2024-01-31,Delivered,Wallet
ORD000223,CUST04290,2024-09-09,Delivered,Credit Card
ORD000224,CUST02881,2024-12-28,Delivered,Debit Card
ORD000225,CUST03902,2024-12-23,Delivered,Debit Card
ORD000226,CUST03600,2024-11-24,Delivered,Debit Card
ORD000227,CUST02725,2024-12-22,Delivered,Wallet
ORD000228,CUST02812,2024-01-07,Delivered,Wallet
ORD000229,CUST02921,2024-02-15,Shipped,Cash on Delivery
ORD000230,CUST01803,2024-06-30,Delivered,UPI
ORD000231,CUST00743,2024-10-22,Delivered,Net Banking
ORD000232,CUST04352,2024-09-07,Cancelled,UPI
ORD000233,CUST04040,2023-12-30,Delivered,UPI
ORD000234,CUST04354,2024-05-15,Delivered,Debit Card
ORD000235,CUST04609,2024-11-26,Delivered,Net Banking
ORD000236,CUST01083,2024-08-04,Cancelled,Net Banking
ORD000237,CUST00748,2023-12-13,Delivered,Debit Card
ORD000238,CUST04083,2024-07-15,Delivered,Credit Card
ORD000239,CUST01183,2024-02-01,Delivered,Debit Card
ORD000240,CUST03991,2024-11-15,Delivered,Cash on Delivery
ORD000241,CUST03900,2024-12-10,Delivered,Wallet
ORD000242,CUST03771,2023-11-05,Delivered,Net Banking
ORD000243,CUST02295,2024-12-01,Delivered,Wallet
ORD000244,CUST01096,2024-09-23,Cancelled,Cash on Delivery
ORD000245,CUST02830,2024-10-30,Delivered,Cash on Delivery
ORD000246,CUST01012,2024-01-01,Delivered,UPI
ORD000247,CUST03381,2024-03-08,Delivered,Cash on Delivery
ORD000248,CUST00911,2024-07-13,Delivered,Credit Card
ORD000249,CUST00848,2023-11-01,Returned,Cash on Delivery
ORD000250,CUST00478,2024-01-07,Shipped,Net Banking
ORD000251,CUST00038,2024-09-14,Delivered,UPI
ORD000252,CUST01986,2024-03-29,Delivered,Wallet
ORD000253,CUST00152,2023-08-31,Delivered,Wallet
ORD000254,CUST04104,2024-10-28,Delivered,Wallet
ORD000255,CUST01473,2024-12-23,Delivered,Net Banking
ORD000256,CUST03000,2023-05-24,Delivered,Wallet
ORD000257,CUST00050,2024-12-24,Delivered,Cash on Delivery
ORD000258,CUST02777,2024-09-06,Shipped,Cash on Delivery
ORD000259,CUST00602,2024-11-18,Delivered,Credit Card
ORD000260,CUST00260,2024-11-23,Delivered,Wallet
ORD000261,CUST02521,2024-09-18,Delivered,Cash on Delivery
ORD000262,CUST01598,2024-10-09,Processing,Debit Card
ORD000263,CUST04905,2023-12-22,Delivered,Net Banking
ORD000264,CUST00648,2024-10-29,Shipped,Wallet
ORD000265,CUST04566,2024-08-24,Delivered,Net Banking
ORD000266,CUST00950,2024-05-02,Delivered,UPI
ORD000267,CUST03418,2023-12-10,Delivered,Wallet
ORD000268,CUST01220,2023-09-01,Delivered,Cash on Delivery
ORD000269,CUST00104,2024-10-02,Delivered,UPI
ORD000270,CUST03079,2024-12-20,Cancelled,Credit Card
ORD000271,CUST03348,2024-09-07,Delivered,Debit Card
ORD000272,CUST03683,2023-12-01,Returned,Wallet
ORD000273,CUST00735,2023-10-19,Delivered,Debit Card
ORD000274,CUST03811,2024-12-20,Delivered,Debit Card
ORD000275,CUST00889,2024-03-04,Delivered,UPI
ORD000276,CUST01525,2024-05-26,Delivered,Net Banking
ORD000277,CUST00055,2024-11-30,Cancelled,Credit Card
ORD000278,CUST02176,2024-08-27,Delivered,Debit Card
ORD000279,CUST04274,2024-12-28,Delivered,UPI
ORD000280,CUST02500,2024-12-18,Delivered,Net Banking
ORD000281,CUST02212,2024-08-04,Delivered,Credit Card
ORD000282,CUST00283,2024-11-12,Delivered,UPI
ORD000283,CUST04614,2024-06-08,Delivered,Cash on Delivery
ORD000284,CUST03840,2024-09-29,Delivered,Cash on Delivery
ORD000285,CUST03471,2024-10-11,Delivered,Debit Card
ORD000286,CUST03483,2024-05-14,Cancelled,Net Banking
ORD000287,CUST00162,2024-09-24,Delivered,Debit Card
ORD000288,CUST03092,2024-08-15,Shipped,Cash on Delivery
ORD000289,CUST00314,2024-05-16,Delivered,UPI
ORD000290,CUST01788,2023-11-29,Returned,Credit Card
ORD000291,CUST03520,2024-08-17,Delivered,Net Banking
ORD000292,CUST04101,2023-10-25,Delivered,Debit Card
ORD000293,CUST01305,2024-09-12,Processing,Debit Card
ORD000294,CUST02707,2024-02-15,Processing,Credit Card
ORD000295,CUST04200,2024-11-25,Delivered,UPI
ORD000296,CUST04757,2023-09-04,Delivered,Cash on Delivery
ORD000297,CUST04905,2024-10-02,Shipped,Cash on Delivery
ORD000298,CUST00362,2024-09-14,Returned,Net Banking
ORD000299,CUST01463,2024-12-06,Shipped,Wallet
ORD000300,CUST04145,2024-04-28,Delivered,Credit Card
ORD000301,CUST01269,2024-09-17,Delivered,Cash on Delivery
ORD000302,CUST03246,2024-12-30,Delivered,Cash on Delivery
ORD000303,CUST03111,2023-08-02,Shipped,UPI
ORD000304,CUST04312,2023-08-27,Delivered,Cash on Delivery
ORD000305,CUST02894,2023-09-11,Delivered,Cash on Delivery
ORD000306,CUST00124,2024-10-30,Processing,Wallet
ORD000307,CUST04397,2024-10-29,Delivered,Net Banking
ORD000308,CUST04531,2024-10-05,Delivered,Net Banking
ORD000309,CUST02765,2024-07-21,Delivered,Credit Card
ORD000310,CUST04505,2024-12-01,Delivered,Net Banking
ORD000311,CUST02794,2024-10-06,Delivered,Debit Card
ORD000312,CUST01288,2023-09-19,Delivered,Wallet
ORD000313,CUST04719,2024-09-18,Delivered,Credit Card
ORD000314,CUST03067,2024-10-29,Delivered,Cash on Delivery
ORD000315,CUST03735,2023-11-29,Delivered,UPI
ORD000316,CUST03472,2024-10-03,Delivered,Cash on Delivery
ORD000317,CUST01812,2024-12-08,Delivered,UPI
ORD000318,CUST02594,2024-09-15,Shipped,Net Banking
ORD000319,CUST00261,2024-12-21,Delivered,Cash on Delivery
ORD000320,CUST00612,2024-02-22,Delivered,Cash on Delivery
ORD000321,CUST03699,2024-03-19,Delivered,Credit Card
ORD000322,CUST00392,2024-02-21,Delivered,Debit Card
ORD000323,CUST04038,2024-12-10,Processing,Wallet
ORD000324,CUST02344,2024-11-17,Shipped,Cash on Delivery
ORD000325,CUST01472,2024-05-28,Delivered,Cash on Delivery
ORD000326,CUST01608,2024-10-04,Cancelled,Credit Card
ORD000327,CUST00929,2024-11-03,Cancelled,Net Banking
ORD000328,CUST02836,2024-08-06,Delivered,Net Banking
ORD000329,CUST01586,2024-08-11,Shipped,Credit Card
ORD000330,CUST01322,2024-08-21,Delivered,Wallet
ORD000331,CUST01267,2024-08-20,Delivered,Cash on Delivery
ORD000332,CUST00523,2024-02-17,Delivered,Cash on Delivery
ORD000333,CUST04459,2024-11-15,Delivered,Credit Card
ORD000334,CUST01570,2024-06-22,Shipped,Wallet
ORD000335,CUST02437,2024-03-20,Delivered,Debit Card
ORD000336,CUST04661,2024-12-10,Delivered,Debit Card
ORD000337,CUST04551,2024-12-24,Processing,Debit Card
ORD000338,CUST04187,2024-12-08,Delivered,Wallet
ORD000339,CUST04555,2024-03-28,Processing,Debit Card
ORD000340,CUST02803,2024-08-28,Delivered,Net Banking
ORD000341,CUST03119,2024-06-27,Shipped,UPI
ORD000342,CUST01884,2024-09-07,Delivered,Net Banking
ORD000343,CUST03626,2023-10-22,Delivered,Credit Card
ORD000344,CUST02103,2024-11-18,Delivered,UPI
ORD000345,CUST03653,2024-11-30,Delivered,UPI
ORD000346,CUST02802,2024-09-30,Delivered,UPI
ORD000347,CUST01376,2024-10-15,Delivered,UPI
ORD000348,CUST03526,2024-10-28,Delivered,UPI
ORD000349,CUST03210,2024-12-29,Delivered,Cash on Delivery
ORD000350,CUST03450,2024-08-09,Delivered,Cash on Delivery
ORD000351,CUST04425,2024-02-05,Delivered,UPI
ORD000352,CUST03462,2024-12-27,Returned,Debit Card
ORD000353,CUST02756,2024-12-01,Delivered,Credit Card
ORD000354,CUST01070,2024-12-21,Processing,Cash on Delivery
ORD000355,CUST01404,2024-07-24,Cancelled,UPI
ORD000356,CUST04377,2023-09-04,Delivered,Net Banking
ORD000357,CUST01186,2023-11-30,Shipped,Net Banking
ORD000358,CUST03241,2023-07-15,Delivered,Cash on Delivery
ORD000359,CUST04542,2024-09-25,Returned,Wallet
ORD000360,CUST03236,2023-04-15,Delivered,Wallet
ORD000361,CUST03478,2024-12-12,Delivered,UPI
ORD000362,CUST04834,2024-08-18,Shipped,Credit Card
ORD000363,CUST01399,2024-03-03,Shipped,Wallet
ORD000364,CUST00879,2024-03-12,Delivered,Wallet
ORD000365,CUST02706,2024-11-30,Delivered,Credit Card
ORD000366,CUST00102,2024-08-14,Shipped,UPI
ORD000367,CUST03236,2023-06-27,Delivered,Debit Card
ORD000368,CUST03596,2024-07-12,Delivered,Wallet
ORD000369,CUST01689,2024-12-21,Returned,Wallet
ORD000370,CUST04509,2024-10-09,Delivered,Cash on Delivery
ORD000371,CUST02032,2024-01-06,Delivered,UPI
ORD000372,CUST01349,2024-10-31,Shipped,Credit Card
ORD000373,CUST00932,2024-12-29,Delivered,UPI
ORD000374,CUST01027,2024-06-18,Delivered,Wallet
ORD000375,CUST00525,2024-12-05,Cancelled,Net Banking
ORD000376,CUST02975,2024-04-04,Delivered,UPI
ORD000377,CUST03489,2024-04-07,Shipped,Net Banking
ORD000378,CUST03386,2024-11-06,Processing,UPI
ORD000379,CUST04425,2023-09-26,Processing,Wallet
ORD000380,CUST04379,2024-07-23,Delivered,Credit Card
ORD000381,CUST01497,2024-09-25,Delivered,UPI
ORD000382,CUST04861,2024-12-26,Delivered,UPI
ORD000383,CUST03503,2024-01-16,Returned,Wallet
ORD000384,CUST00638,2024-04-28,Delivered,Wallet
ORD000385,CUST00231,2023-09-05,Returned,UPI
ORD000386,CUST00909,2023-12-03,Delivered,Cash on Delivery
ORD000387,CUST01030,2024-04-28,Delivered,Credit Card
ORD000388,CUST01045,2024-09-24,Delivered,UPI
ORD000389,CUST00225,2024-07-15,Processing,UPI
ORD000390,CUST00984,2024-01-27,Delivered,Wallet
ORD000391,CUST03569,2024-07-27,Returned,Wallet
ORD000392,CUST04979,2024-11-01,Delivered,Net Banking
ORD000393,CUST03768,2024-12-02,Delivered,Wallet
ORD000394,CUST02439,2024-03-09,Delivered,Credit Card
ORD000395,CUST02822,2024-10-09,Delivered,Credit Card
ORD000396,CUST01236,2024-12-16,Delivered,Cash on Delivery
ORD000397,CUST03923,2024-12-19,Delivered,UPI
ORD000398,CUST01977,2024-08-23,Delivered,Credit Card
ORD000399,CUST04376,2024-12-19,Delivered,Cash on Delivery
ORD000400,CUST03299,2024-05-08,Delivered,Debit Card
ORD000401,CUST03364,2024-04-04,Delivered,Net Banking
ORD000402,CUST04480,2024-11-29,Returned,Wallet
ORD000403,CUST01729,2024-07-08,Delivered,Credit Card
ORD000404,CUST03406,2023-09-11,Delivered,Credit Card
ORD000405,CUST04692,2024-03-30,Delivered,Net Banking
ORD000406,CUST04358,2024-01-10,Processing,Credit Card
ORD000407,CUST04878,2024-03-16,Shipped,UPI
ORD000408,CUST00104,2023-09-04,Delivered,UPI
ORD000409,CUST04716,2023-09-22,Cancelled,Wallet
ORD000410,CUST00391,2024-12-09,Returned,Credit Card
ORD000411,CUST01464,2024-03-05,Delivered,Wallet
ORD000412,CUST00068,2024-07-09,Delivered,UPI
ORD000413,CUST03911,2024-12-17,Delivered,Debit Card
ORD000414,CUST02593,2024-12-04,Cancelled,Wallet
ORD000415,CUST01116,2023-08-15,Processing,Net Banking
ORD000416,CUST02273,2024-08-10,Delivered,UPI
ORD000417,CUST00447,2024-11-30,Returned,Credit Card
ORD000418,CUST01822,2023-08-21,Delivered,Net Banking
ORD000419,CUST02313,2024-08-28,Delivered,Net Banking
ORD000420,CUST01724,2024-11-12,Delivered,Debit Card
ORD000421,CUST01533,2024-05-18,Delivered,Credit Card
ORD000422,CUST04183,2024-11-27,Delivered,UPI
ORD000423,CUST01516,2024-05-29,Cancelled,Net Banking
ORD000424,CUST03746,2024-09-11,Delivered,Wallet
ORD000425,CUST02804,2024-08-03,Delivered,Credit Card
ORD000426,CUST01031,2024-11-15,Returned,Debit Card
ORD000427,CUST02850,2024-08-11,Delivered,UPI
ORD000428,CUST04126,2024-10-01,Delivered,Wallet
ORD000429,CUST01633,2024-07-17,Delivered,UPI
ORD000430,CUST01770,2024-07-29,Processing,Credit Card
ORD000431,CUST01378,2024-10-27,Delivered,Debit Card
ORD000432,CUST01451,2024-09-23,Returned,Wallet
ORD000433,CUST03911,2024-12-17,Delivered,Wallet
ORD000434,CUST00108,2024-10-09,Delivered,Credit Card
ORD000435,CUST02819,2024-12-20,Cancelled,Credit Card
ORD000436,CUST04684,2024-10-31,Shipped,Debit Card
ORD000437,CUST04900,2023-07-11,Delivered,Wallet
ORD000438,CUST02224,2024-07-09,Delivered,Credit Card
ORD000439,CUST02901,2023-10-22,Delivered,Debit Card
ORD000440,CUST03477,2024-05-09,Shipped,Debit Card
ORD000441,CUST03597,2024-11-20,Cancelled,Wallet
ORD000442,CUST00651,2023-06-28,Delivered,UPI
ORD000443,CUST01936,2024-10-05,Delivered,Net Banking
ORD000444,CUST01343,2024-09-25,Shipped,Net Banking
ORD000445,CUST00811,2023-11-30,Delivered,UPI
ORD000446,CUST02598,2024-03-17,Delivered,Wallet
ORD000447,CUST02575,2024-10-16,Delivered,Net Banking
ORD000448,CUST04104,2024-08-07,Delivered,Wallet
ORD000449,CUST04790,2024-12-28,Delivered,Net Banking
ORD000450,CUST00333,2024-08-10,Delivered,Debit Card
ORD000451,CUST04780,2024-07-30,Shipped,Debit Card
ORD000452,CUST04512,2024-09-17,Delivered,UPI
ORD000453,CUST01089,2024-12-08,Delivered,Debit Card
ORD000454,CUST04516,2024-02-09,Delivered,Net Banking
ORD000455,CUST00410,2024-10-29,Delivered,Credit Card
ORD000456,CUST04471,2023-06-30,Delivered,Cash on Delivery
ORD000457,CUST02296,2024-02-01,Delivered,Wallet
ORD000458,CUST03745,2024-10-07,Processing,Debit Card
ORD000459,CUST03837,2024-07-26,Delivered,Debit Card
ORD000460,CUST03074,2024-05-17,Cancelled,UPI
ORD000461,CUST04093,2023-12-16,Delivered,Net Banking
ORD000462,CUST04690,2024-07-29,Delivered,Wallet
ORD000463,CUST00123,2023-11-19,Delivered,Net Banking
ORD000464,CUST02658,2023-10-15,Delivered,Debit Card
ORD000465,CUST00631,2024-07-04,Delivered,Debit Card
ORD000466,CUST03816,2024-08-31,Delivered,Credit Card
ORD000467,CUST01585,2024-01-27,Returned,Debit Card
ORD000468,CUST04377,2023-09-22,Delivered,Debit Card
ORD000469,CUST04515,2024-10-11,Shipped,Wallet
ORD000470,CUST04845,2023-08-01,Cancelled,Cash on Delivery
ORD000471,CUST02501,2024-10-26,Cancelled,Debit Card
ORD000472,CUST02214,2024-03-07,Delivered,UPI
ORD000473,CUST02843,2024-01-07,Cancelled,Credit Card
ORD000474,CUST00786,2023-12-18,Cancelled,UPI
ORD000475,CUST03339,2024-02-21,Delivered,Debit Card
ORD000476,CUST00070,2024-12-26,Delivered,Net Banking
ORD000477,CUST00335,2024-10-22,Delivered,Net Banking
ORD000478,CUST03762,2024-04-06,Shipped,Credit Card
ORD000479,CUST02420,2024-05-04,Delivered,Net Banking
ORD000480,CUST01218,2024-03-07,Shipped,Net Banking
ORD000481,CUST03916,2024-01-21,Delivered,Wallet
ORD000482,CUST01870,2024-03-01,Delivered,Wallet
ORD000483,CUST04577,2024-12-18,Delivered,Wallet
ORD000484,CUST00359,2024-09-07,Delivered,Wallet
ORD000485,CUST04315,2023-12-15,Processing,UPI
ORD000486,CUST01843,2024-10-02,Shipped,Credit Card
ORD000487,CUST01513,2024-07-31,Delivered,Cash on Delivery
ORD000488,CUST00918,2024-07-30,Delivered,Net Banking
ORD000489,CUST00035,2024-12-28,Returned,Cash on Delivery
ORD000490,CUST01408,2024-06-27,Delivered,UPI
ORD000491,CUST04405,2023-11-22,Delivered,Wallet
ORD000492,CUST03421,2024-11-06,Delivered,Credit Card
ORD000493,CUST02874,2023-11-20,Cancelled,Credit Card
ORD000494,CUST03470,2024-02-20,Delivered,Cash on Delivery
ORD000495,CUST02201,2024-12-24,Delivered,Wallet
ORD000496,CUST01446,2023-03-24,Delivered,Credit Card
ORD000497,CUST03419,2024-09-04,Delivered,Wallet
ORD000498,CUST03561,2023-08-26,Cancelled,Net Banking
ORD000499,CUST00039,2024-07-28,Cancelled,Wallet
ORD000500,CUST02386,2023-02-27,Delivered,Cash on Delivery
ORD000501,CUST02745,2024-12-04,Delivered,Debit Card
ORD000502,CUST00023,2024-09-12,Delivered,Debit Card
ORD000503,CUST00849,2024-07-01,Delivered,Wallet
ORD000504,CUST03987,2024-10-30,Delivered,Net Banking
ORD000505,CUST03986,2024-08-19,Delivered,Credit Card
ORD000506,CUST02783,2023-06-25,Delivered,UPI
ORD000507,CUST00102,2024-10-12,Delivered,Debit Card
ORD000508,CUST02800,2024-12-22,Delivered,Credit Card
ORD000509,CUST01691,2023-04-17,Delivered,Debit Card
ORD000510,CUST02211,2024-04-09,Delivered,Debit Card
ORD000511,CUST02663,2024-10-21,Delivered,Wallet
ORD000512,CUST00233,2024-12-03,Delivered,Cash on Delivery
ORD000513,CUST02107,2024-05-20,Delivered,Cash on Delivery
ORD000514,CUST04741,2024-08-18,Delivered,Wallet
ORD000515,CUST02572,2024-02-22,Delivered,Cash on Delivery
ORD000516,CUST03601,2024-06-13,Returned,UPI
ORD000517,CUST04053,2024-08-09,Delivered,Cash on Delivery
ORD000518,CUST02652,2024-04-03,Delivered,Credit Card
ORD000519,CUST01330,2024-06-15,Shipped,Credit Card
ORD000520,CUST01310,2024-09-02,Delivered,UPI
ORD000521,CUST04924,2024-08-29,Delivered,Debit Card
ORD000522,CUST01579,2024-11-08,Delivered,Debit Card
ORD000523,CUST03759,2024-12-03,Delivered,Debit Card
ORD000524,CUST04736,2024-01-26,Delivered,UPI
ORD000525,CUST03652,2024-12-27,Delivered,UPI
ORD000526,CUST02775,2024-08-18,Delivered,Debit Card
ORD000527,CUST00062,2024-12-01,Delivered,Credit Card
ORD000528,CUST01185,2024-10-17,Shipped,Net Banking
ORD000529,CUST01566,2024-03-21,Delivered,Net Banking
ORD000530,CUST01990,2024-11-05,Cancelled,Credit Card
ORD000531,CUST03694,2024-12-19,Delivered,Net Banking
ORD000532,CUST00338,2024-10-05,Delivered,Credit Card
ORD000533,CUST03153,2024-08-19,Delivered,Net Banking
ORD000534,CUST03025,2024-11-09,Delivered,Debit Card
ORD000535,CUST04310,2024-08-05,Cancelled,Wallet
ORD000536,CUST01692,2024-12-10,Delivered,Debit Card
ORD000537,CUST04741,2024-12-23,Delivered,Wallet
ORD000538,CUST03512,2024-09-21,Shipped,Debit Card
ORD000539,CUST01404,2024-12-01,Delivered,Cash on Delivery
ORD000540,CUST01236,2024-12-21,Shipped,Wallet
ORD000541,CUST00728,2024-06-29,Returned,Net Banking
ORD000542,CUST04606,2023-05-03,Delivered,UPI
ORD000543,CUST03726,2024-12-30,Delivered,Cash on Delivery
ORD000544,CUST01043,2024-01-11,Delivered,Wallet
ORD000545,CUST02330,2024-07-15,Delivered,Net Banking
ORD000546,CUST04000,2023-11-13,Delivered,Wallet
ORD000547,CUST04273,2024-11-12,Cancelled,UPI
ORD000548,CUST02409,2023-10-14,Returned,UPI
ORD000549,CUST02794,2024-05-31,Shipped,Cash on Delivery
ORD000550,CUST03918,2024-10-14,Shipped,Wallet
ORD000551,CUST03505,2023-11-28,Delivered,Credit Card
ORD000552,CUST00042,2024-02-29,Returned,Credit Card
ORD000553,CUST01721,2024-10-21,Delivered,Wallet
ORD000554,CUST04232,2024-11-12,Delivered,Net Banking
ORD000555,CUST00602,2024-04-18,Delivered,Wallet
ORD000556,CUST02985,2024-06-28,Delivered,Wallet
ORD000557,CUST01936,2024-05-22,Delivered,Net Banking
ORD000558,CUST02901,2024-04-28,Delivered,Cash on Delivery
ORD000559,CUST04996,2024-03-06,Delivered,Net Banking
ORD000560,CUST04892,2024-12-28,Delivered,Net Banking
ORD000561,CUST01513,2024-01-27,Delivered,Wallet
ORD000562,CUST03134,2024-04-29,Delivered,Credit Card
ORD000563,CUST03614,2024-05-05,Delivered,Credit Card
ORD000564,CUST02804,2024-10-08,Delivered,Cash on Delivery
ORD000565,CUST03111,2024-08-21,Processing,Net Banking
ORD000566,CUST03532,2024-12-11,Delivered,Wallet
ORD000567,CUST03350,2024-04-09,Delivered,Net Banking
ORD000568,CUST00480,2024-12-23,Delivered,Wallet
ORD000569,CUST03658,2024-07-25,Delivered,Net Banking
ORD000570,CUST01318,2024-03-07,Cancelled,Debit Card
ORD000571,CUST04670,2024-09-27,Delivered,Cash on Delivery
ORD000572,CUST00241,2024-12-09,Delivered,Wallet
ORD000573,CUST01209,2024-11-19,Delivered,Wallet
ORD000574,CUST00335,2024-05-17,Processing,Credit Card
ORD000575,CUST03910,2024-04-02,Delivered,UPI
ORD000576,CUST01898,2024-09-23,Shipped,Credit Card
ORD000577,CUST02846,2024-12-30,Delivered,Credit Card
ORD000578,CUST03772,2024-02-23,Delivered,UPI
ORD000579,CUST02359,2023-11-15,Delivered,Cash on Delivery
ORD000580,CUST04173,2024-12-25,Delivered,UPI
ORD000581,CUST03304,2024-06-24,Delivered,Net Banking
ORD000582,CUST00038,2024-06-11,Delivered,Cash on Delivery
ORD000583,CUST04753,2024-08-09,Delivered,Credit Card
ORD000584,CUST04245,2024-09-25,Delivered,Credit Card
ORD000585,CUST01527,2023-12-29,Delivered,Cash on Delivery
ORD000586,CUST02195,2024-10-14,Delivered,Credit Card
ORD000587,CUST00237,2023-08-10,Returned,Wallet
ORD000588,CUST04661,2024-09-18,Delivered,Cash on Delivery
ORD000589,CUST00837,2024-10-20,Delivered,UPI
ORD000590,CUST02679,2024-05-13,Shipped,Debit Card
ORD000591,CUST01772,2024-11-28,Delivered,Credit Card
ORD000592,CUST00828,2024-02-04,Shipped,Credit Card
ORD000593,CUST02110,2024-05-10,Shipped,Wallet
ORD000594,CUST01249,2024-09-16,Delivered,UPI
ORD000595,CUST01455,2024-08-20,Processing,Debit Card
ORD000596,CUST04724,2024-06-27,Shipped,UPI
ORD000597,CUST00296,2024-11-24,Delivered,Debit Card
ORD000598,CUST02377,2024-04-11,Shipped,Cash on Delivery
ORD000599,CUST00248,2024-10-16,Delivered,Credit Card
ORD000600,CUST03289,2024-10-04,Delivered,Cash on Delivery
ORD000601,CUST04909,2023-07-31,Shipped,Cash on Delivery
ORD000602,CUST03443,2024-11-02,Delivered,Debit Card
ORD000603,CUST00203,2024-11-13,Delivered,Net Banking
ORD000604,CUST03162,2024-04-30,Cancelled,Net Banking
ORD000605,CUST01715,2024-01-19,Delivered,Net Banking
ORD000606,CUST04468,2024-12-16,Delivered,UPI
ORD000607,CUST00385,2024-11-21,Returned,Cash on Delivery
ORD000608,CUST00478,2023-09-07,Processing,Debit Card
ORD000609,CUST01298,2024-09-25,Delivered,Net Banking
ORD000610,CUST04656,2024-10-28,Cancelled,UPI
ORD000611,CUST01709,2024-12-16,Delivered,Credit Card
ORD000612,CUST04302,2024-12-30,Delivered,Debit Card
ORD000613,CUST02311,2024-02-28,Shipped,Net Banking
ORD000614,CUST03055,2024-04-03,Delivered,Wallet
ORD000615,CUST04501,2024-11-26,Processing,Credit Card
ORD000616,CUST00962,2024-11-16,Delivered,Net Banking
ORD000617,CUST01140,2024-03-24,Delivered,Wallet
ORD000618,CUST03299,2023-10-31,Shipped,Credit Card
ORD000619,CUST01524,2023-06-19,Delivered,Credit Card
ORD000620,CUST00954,2024-12-06,Delivered,Debit Card
ORD000621,CUST01963,2024-05-04,Cancelled,Debit Card
ORD000622,CUST01971,2023-12-20,Delivered,Net Banking
ORD000623,CUST01785,2024-04-15,Delivered,Wallet
ORD000624,CUST00514,2024-02-26,Cancelled,Debit Card
ORD000625,CUST03182,2024-10-10,Processing,Wallet
ORD000626,CUST04275,2024-06-19,Delivered,Cash on Delivery
ORD000627,CUST01999,2024-06-24,Delivered,Credit Card
ORD000628,CUST04956,2024-11-01,Delivered,Credit Card
ORD000629,CUST03048,2024-05-18,Delivered,Wallet
ORD000630,CUST04025,2024-09-15,Returned,Wallet
ORD000631,CUST01347,2024-01-23,Delivered,Wallet
ORD000632,CUST01263,2024-10-27,Returned,UPI
ORD000633,CUST03398,2024-10-17,Cancelled,Debit Card
ORD000634,CUST01848,2024-01-04,Delivered,Credit Card
ORD000635,CUST04285,2024-09-16,Cancelled,Cash on Delivery
ORD000636,CUST01643,2023-09-25,Processing,Debit Card
ORD000637,CUST00013,2024-11-03,Delivered,Net Banking
ORD000638,CUST02657,2024-11-30,Returned,Cash on Delivery
ORD000639,CUST03042,2024-04-02,Delivered,Net Banking
ORD000640,CUST02970,2023-09-22,Returned,Cash on Delivery
ORD000641,CUST01347,2024-02-02,Delivered,UPI
ORD000642,CUST00848,2024-11-04,Delivered,Net Banking
ORD000643,CUST02945,2024-06-15,Delivered,Net Banking
ORD000644,CUST04487,2024-06-11,Delivered,Credit Card
ORD000645,CUST04106,2023-07-19,Processing,Credit Card
ORD000646,CUST01809,2024-11-20,Delivered,Wallet
ORD000647,CUST01352,2024-10-23,Delivered,Credit Card
ORD000648,CUST04815,2023-09-14,Delivered,Cash on Delivery
ORD000649,CUST04523,2024-11-20,Delivered,Credit Card
ORD000650,CUST01861,2024-09-30,Delivered,UPI
ORD000651,CUST02980,2024-12-09,Delivered,Credit Card
ORD000652,CUST01193,2024-11-12,Shipped,Cash on Delivery
ORD000653,CUST04476,2024-01-09,Cancelled,Cash on Delivery
ORD000654,CUST03607,2024-03-15,Delivered,Credit Card
ORD000655,CUST02214,2024-12-20,Delivered,UPI
ORD000656,CUST00849,2024-06-11,Delivered,Wallet
ORD000657,CUST03419,2024-11-10,Delivered,Credit Card
ORD000658,CUST00296,2024-12-08,Delivered,Debit Card
ORD000659,CUST01275,2024-11-16,Delivered,UPI
ORD000660,CUST02768,2023-04-02,Cancelled,Credit Card
ORD000661,CUST03515,2024-09-23,Cancelled,Net Banking
ORD000662,CUST03033,2024-11-25,Delivered,Wallet
ORD000663,CUST01961,2024-06-11,Delivered,Net Banking
ORD000664,CUST02574,2023-12-19,Delivered,Credit Card
ORD000665,CUST02962,2024-09-08,Delivered,Wallet
ORD000666,CUST04963,2024-12-05,Processing,Wallet
ORD000667,CUST01419,2024-08-22,Delivered,Credit Card
ORD000668,CUST00266,2024-10-30,Delivered,Cash on Delivery
ORD000669,CUST04544,2024-08-30,Shipped,Wallet
ORD000670,CUST04642,2024-05-02,Returned,Net Banking
ORD000671,CUST02207,2024-09-25,Delivered,Net Banking
ORD000672,CUST03025,2023-11-13,Delivered,Credit Card
ORD000673,CUST01020,2024-04-09,Delivered,Wallet
ORD000674,CUST01021,2024-11-10,Returned,Debit Card
ORD000675,CUST01842,2024-07-21,Delivered,Net Banking
ORD000676,CUST00520,2023-12-10,Delivered,Debit Card
ORD000677,CUST04900,2024-08-24,Delivered,Credit Card
ORD000678,CUST01355,2024-12-25,Delivered,Net Banking
ORD000679,CUST00171,2024-11-01,Shipped,Debit Card
ORD000680,CUST03819,2024-10-30,Delivered,Cash on Delivery
ORD000681,CUST02959,2024-06-27,Delivered,Wallet
ORD000682,CUST02965,2024-12-23,Delivered,Wallet
ORD000683,CUST01423,2024-09-22,Delivered,Debit Card
ORD000684,CUST00153,2023-12-09,Delivered,Debit Card
ORD000685,CUST04262,2024-11-10,Delivered,Debit Card
ORD000686,CUST03792,2024-08-25,Delivered,UPI
ORD000687,CUST02192,2024-10-01,Cancelled,Wallet
ORD000688,CUST03770,2024-06-05,Cancelled,Wallet
ORD000689,CUST00165,2024-09-23,Delivered,Wallet
ORD000690,CUST01452,2024-03-04,Delivered,Credit Card
ORD000691,CUST04217,2024-11-17,Delivered,Credit Card
ORD000692,CUST02761,2024-04-14,Delivered,Cash on Delivery
ORD000693,CUST03393,2024-11-19,Cancelled,Cash on Delivery
ORD000694,CUST01787,2024-09-17,Delivered,Net Banking
ORD000695,CUST02049,2024-03-29,Delivered,Net Banking
ORD000696,CUST00581,2024-04-25,Delivered,Cash on Delivery
ORD000697,CUST01983,2024-12-29,Delivered,Credit Card
ORD000698,CUST02191,2024-12-29,Delivered,Wallet
ORD000699,CUST04138,2024-02-03,Returned,Wallet
ORD000700,CUST03086,2024-12-13,Delivered,Cash on Delivery
ORD000701,CUST03788,2024-12-22,Shipped,Net Banking
ORD000702,CUST02879,2024-03-30,Delivered,Net Banking
ORD000703,CUST04302,2024-12-20,Returned,Wallet
ORD000704,CUST01688,2024-12-02,Delivered,Credit Card
ORD000705,CUST03651,2024-01-11,Delivered,Cash on Delivery
ORD000706,CUST02552,2024-09-06,Delivered,Debit Card
ORD000707,CUST00629,2024-05-03,Delivered,Net Banking
ORD000708,CUST03413,2024-08-04,Delivered,Net Banking
ORD000709,CUST03741,2024-11-16,Delivered,Cash on Delivery
ORD000710,CUST04121,2023-05-08,Delivered,Cash on Delivery
ORD000711,CUST03228,2024-06-05,Delivered,UPI
ORD000712,CUST02960,2024-11-26,Delivered,Net Banking
ORD000713,CUST01202,2023-03-14,Processing,Cash on Delivery
ORD000714,CUST00997,2023-10-31,Delivered,Wallet
ORD000715,CUST02384,2023-05-18,Delivered,Credit Card
ORD000716,CUST00757,2024-11-30,Delivered,Wallet
ORD000717,CUST02193,2024-12-21,Delivered,UPI
ORD000718,CUST01220,2024-02-04,Delivered,Cash on Delivery
ORD000719,CUST03483,2024-10-11,Delivered,Debit Card
ORD000720,CUST02463,2024-12-07,Cancelled,UPI
ORD000721,CUST01341,2024-12-21,Delivered,Debit Card
ORD000722,CUST00406,2024-04-30,Delivered,Debit Card
ORD000723,CUST03728,2024-07-02,Delivered,Debit Card
ORD000724,CUST03319,2024-06-24,Cancelled,Credit Card
ORD000725,CUST02849,2024-12-08,Delivered,Wallet
ORD000726,CUST02214,2023-07-06,Returned,Net Banking
ORD000727,CUST03079,2024-02-26,Shipped,UPI
ORD000728,CUST03473,2024-10-10,Shipped,Wallet
ORD000729,CUST03671,2024-04-26,Returned,Cash on Delivery
ORD000730,CUST00415,2024-06-17,Delivered,Net Banking
ORD000731,CUST02398,2023-08-06,Cancelled,Credit Card
ORD000732,CUST04283,2024-02-27,Delivered,Credit Card
ORD000733,CUST00328,2024-12-14,Cancelled,Cash on Delivery
ORD000734,CUST04900,2024-11-26,Cancelled,Credit Card
ORD000735,CUST01836,2024-12-26,Delivered,Wallet
ORD000736,CUST01698,2024-11-14,Delivered,Debit Card
ORD000737,CUST01269,2024-10-01,Delivered,Credit Card
ORD000738,CUST02701,2024-05-24,Shipped,Credit Card
ORD000739,CUST02534,2023-12-15,Delivered,UPI
ORD000740,CUST00458,2024-03-14,Processing,Net Banking
ORD000741,CUST01598,2024-10-17,Delivered,UPI
ORD000742,CUST01538,2024-04-05,Shipped,UPI
ORD000743,CUST00174,2024-09-23,Delivered,Debit Card
ORD000744,CUST03522,2024-02-21,Shipped,Debit Card
ORD000745,CUST00165,2024-12-23,Delivered,UPI
ORD000746,CUST00701,2024-12-14,Delivered,Debit Card
ORD000747,CUST01238,2024-04-25,Delivered,Wallet
ORD000748,CUST01722,2024-12-06,Shipped,Cash on Delivery
ORD000749,CUST00309,2024-05-15,Delivered,Cash on Delivery
ORD000750,CUST03613,2024-08-04,Shipped,Credit Card
ORD000751,CUST02044,2024-09-12,Cancelled,UPI
ORD000752,CUST04479,2023-05-05,Cancelled,Debit Card
ORD000753,CUST02609,2024-09-21,Delivered,Wallet
ORD000754,CUST00970,2024-11-23,Delivered,Cash on Delivery
ORD000755,CUST03414,2024-11-14,Delivered,Net Banking
ORD000756,CUST04661,2024-12-01,Delivered,UPI
ORD000757,CUST00371,2024-04-27,Delivered,Debit Card
ORD000758,CUST02195,2024-12-01,Delivered,Wallet
ORD000759,CUST02715,2024-04-21,Delivered,Credit Card
ORD000760,CUST04914,2024-04-05,Processing,Debit Card
ORD000761,CUST04531,2024-12-20,Processing,Credit Card
ORD000762,CUST02592,2024-09-03,Cancelled,Credit Card
ORD000763,CUST04639,2024-12-25,Delivered,Net Banking
ORD000764,CUST02832,2024-04-21,Cancelled,Wallet
ORD000765,CUST01543,2024-02-06,Shipped,Debit Card
ORD000766,CUST01449,2023-08-09,Processing,Cash on Delivery
ORD000767,CUST02817,2024-12-25,Delivered,Cash on Delivery
ORD000768,CUST00499,2023-02-13,Shipped,Net Banking
ORD000769,CUST04310,2024-11-09,Delivered,Debit Card
ORD000770,CUST03225,2024-12-01,Delivered,Cash on Delivery
ORD000771,CUST02457,2024-12-09,Delivered,Cash on Delivery
ORD000772,CUST00296,2024-11-04,Delivered,Net Banking
ORD000773,CUST03874,2024-04-11,Delivered,Cash on Delivery
ORD000774,CUST01570,2024-06-09,Delivered,Debit Card
ORD000775,CUST04759,2024-10-10,Delivered,Cash on Delivery
ORD000776,CUST00830,2024-12-16,Delivered,Credit Card
ORD000777,CUST02573,2024-12-25,Shipped,Wallet
ORD000778,CUST03645,2024-06-15,Shipped,Credit Card
ORD000779,CUST02282,2024-09-03,Delivered,Wallet
ORD000780,CUST03736,2024-06-22,Delivered,UPI
ORD000781,CUST02811,2024-04-25,Shipped,Wallet
ORD000782,CUST01095,2024-10-02,Delivered,Net Banking
ORD000783,CUST02446,2024-12-30,Delivered,UPI
ORD000784,CUST02636,2024-01-22,Cancelled,Credit Card
ORD000785,CUST04446,2024-09-05,Delivered,Credit Card
ORD000786,CUST01474,2024-09-19,Delivered,Net Banking
ORD000787,CUST04147,2024-04-24,Shipped,Wallet
ORD000788,CUST03662,2024-01-18,Delivered,Credit Card
ORD000789,CUST01530,2023-04-22,Delivered,Debit Card
ORD000790,CUST02564,2024-08-14,Delivered,Credit Card
ORD000791,CUST03931,2024-07-26,Delivered,Wallet
ORD000792,CUST01423,2024-12-10,Delivered,Wallet
ORD000793,CUST03823,2024-04-19,Delivered,Net Banking
ORD000794,CUST04028,2024-03-29,Delivered,Debit Card
ORD000795,CUST03243,2024-12-24,Returned,UPI
ORD000796,CUST04748,2024-12-02,Delivered,Net Banking
ORD000797,CUST00701,2024-02-03,Processing,Debit Card
ORD000798,CUST03146,2023-09-03,Cancelled,Net Banking
ORD000799,CUST00011,2024-08-03,Delivered,UPI
ORD000800,CUST03706,2023-08-20,Shipped,Credit Card
ORD000801,CUST02161,2024-11-18,Delivered,Cash on Delivery
ORD000802,CUST00656,2024-12-14,Delivered,UPI
ORD000803,CUST02672,2024-04-28,Delivered,Credit Card
ORD000804,CUST02102,2024-01-03,Delivered,Wallet
ORD000805,CUST02568,2023-12-05,Delivered,Debit Card
ORD000806,CUST03986,2024-10-16,Delivered,Net Banking
ORD000807,CUST00129,2024-05-31,Cancelled,UPI
ORD000808,CUST01232,2024-02-11,Cancelled,Wallet
ORD000809,CUST00386,2024-05-03,Shipped,Debit Card
ORD000810,CUST02765,2024-12-07,Delivered,Credit Card
ORD000811,CUST02482,2024-11-15,Delivered,Debit Card
ORD000812,CUST00678,2024-10-08,Cancelled,Cash on Delivery
ORD000813,CUST02323,2024-12-11,Shipped,Debit Card
ORD000814,CUST04426,2024-11-20,Delivered,Wallet
ORD000815,CUST03756,2023-12-21,Delivered,Credit Card
ORD000816,CUST02468,2024-12-18,Delivered,Wallet
ORD000817,CUST01728,2024-09-22,Delivered,Debit Card
ORD000818,CUST01737,2024-05-08,Delivered,UPI
ORD000819,CUST00462,2024-11-16,Delivered,Credit Card
ORD000820,CUST03746,2024-09-04,Delivered,Net Banking
ORD000821,CUST04184,2024-12-27,Delivered,Credit Card
ORD000822,CUST03030,2024-05-12,Delivered,Net Banking
ORD000823,CUST03453,2024-07-01,Delivered,Debit Card
ORD000824,CUST03525,2024-07-12,Delivered,Cash on Delivery
ORD000825,CUST01952,2023-12-28,Delivered,Credit Card
ORD000826,CUST02161,2024-02-13,Delivered,UPI
ORD000827,CUST02285,2024-11-26,Delivered,UPI
ORD000828,CUST02912,2024-10-29,Delivered,Credit Card
ORD000829,CUST02851,2024-03-27,Delivered,UPI
ORD000830,CUST00651,2023-05-28,Delivered,Debit Card
ORD000831,CUST01533,2024-07-02,Delivered,UPI
ORD000832,CUST04424,2024-07-30,Processing,Cash on Delivery
ORD000833,CUST01029,2024-06-18,Returned,Credit Card
ORD000834,CUST03255,2023-11-20,Delivered,Cash on Delivery
ORD000835,CUST02209,2024-06-21,Shipped,Credit Card
ORD000836,CUST02242,2024-09-11,Delivered,Cash on Delivery
ORD000837,CUST02609,2024-10-06,Delivered,Net Banking
ORD000838,CUST03886,2024-06-08,Delivered,Wallet
ORD000839,CUST04531,2024-12-12,Cancelled,Wallet
ORD000840,CUST04312,2024-09-10,Processing,Wallet
ORD000841,CUST02097,2024-03-13,Cancelled,UPI
ORD000842,CUST03290,2024-12-18,Delivered,UPI
ORD000843,CUST02832,2024-10-07,Delivered,Net Banking
ORD000844,CUST03800,2024-06-09,Delivered,Debit Card
ORD000845,CUST02046,2023-09-12,Delivered,Credit Card
ORD000846,CUST03765,2024-11-16,Processing,Cash on Delivery
ORD000847,CUST03076,2024-12-16,Delivered,Debit Card
ORD000848,CUST04998,2024-11-26,Cancelled,Credit Card
ORD000849,CUST01804,2023-09-26,Delivered,Net Banking
ORD000850,CUST04607,2024-12-08,Shipped,UPI
ORD000851,CUST00183,2024-01-04,Delivered,Credit Card
ORD000852,CUST00254,2023-09-02,Returned,UPI
ORD000853,CUST00797,2024-11-02,Delivered,Debit Card
ORD000854,CUST04111,2024-12-06,Cancelled,Debit Card
ORD000855,CUST02923,2024-10-16,Processing,Net Banking
ORD000856,CUST02495,2024-04-29,Processing,Wallet
ORD000857,CUST04543,2024-08-21,Delivered,Cash on Delivery
ORD000858,CUST03459,2024-12-26,Delivered,Debit Card
ORD000859,CUST03142,2024-04-22,Cancelled,Wallet
ORD000860,CUST00777,2024-12-22,Shipped,UPI
ORD000861,CUST02002,2024-07-28,Delivered,Debit Card
ORD000862,CUST02136,2023-09-27,Cancelled,Cash on Delivery
ORD000863,CUST02217,2024-02-24,Delivered,UPI
ORD000864,CUST03095,2024-10-15,Shipped,Net Banking
ORD000865,CUST03654,2023-05-17,Returned,Net Banking
ORD000866,CUST00328,2024-03-28,Returned,Debit Card
ORD000867,CUST00266,2024-08-07,Processing,Cash on Delivery
ORD000868,CUST01008,2024-01-02,Delivered,UPI
ORD000869,CUST04543,2024-04-16,Delivered,Cash on Delivery
ORD000870,CUST04312,2023-11-19,Shipped,UPI
ORD000871,CUST02142,2024-10-17,Delivered,Wallet
ORD000872,CUST03242,2024-01-17,Delivered,Cash on Delivery
ORD000873,CUST02122,2024-11-11,Delivered,UPI
ORD000874,CUST04886,2024-12-12,Returned,Net Banking
ORD000875,CUST03861,2024-06-17,Delivered,Wallet
ORD000876,CUST04163,2024-08-25,Delivered,UPI
ORD000877,CUST01700,2023-12-24,Delivered,Debit Card
ORD000878,CUST01832,2024-01-17,Delivered,Debit Card
ORD000879,CUST01670,2024-10-12,Delivered,Wallet
ORD000880,CUST02924,2024-12-06,Delivered,Net Banking
ORD000881,CUST00418,2024-05-20,Returned,Net Banking
ORD000882,CUST01223,2024-11-08,Delivered,Credit Card
ORD000883,CUST02592,2024-08-02,Delivered,Net Banking
ORD000884,CUST04684,2024-11-30,Delivered,Debit Card
ORD000885,CUST03826,2024-01-30,Processing,Credit Card
ORD000886,CUST04386,2024-09-11,Shipped,Cash on Delivery
ORD000887,CUST02161,2024-05-30,Delivered,UPI
ORD000888,CUST03818,2023-03-27,Delivered,Wallet
ORD000889,CUST01222,2024-05-10,Delivered,UPI
ORD000890,CUST03260,2024-11-10,Delivered,UPI
ORD000891,CUST01842,2024-09-20,Delivered,Wallet
ORD000892,CUST03486,2024-05-24,Delivered,Credit Card
ORD000893,CUST04777,2024-03-12,Delivered,Net Banking
ORD000894,CUST02467,2024-04-05,Delivered,Wallet
ORD000895,CUST01955,2024-12-23,Delivered,Debit Card
ORD000896,CUST04197,2024-11-28,Delivered,Debit Card
ORD000897,CUST01195,2023-11-30,Processing,Wallet
ORD000898,CUST01724,2024-12-03,Cancelled,Net Banking
ORD000899,CUST00112,2024-12-30,Delivered,UPI
ORD000900,CUST02583,2023-09-12,Shipped,Cash on Delivery
ORD000901,CUST00642,2023-02-25,Delivered,Net Banking
ORD000902,CUST04901,2024-09-14,Delivered,Debit Card
ORD000903,CUST01786,2024-10-18,Shipped,Net Banking
ORD000904,CUST01525,2023-10-15,Delivered,Debit Card
ORD000905,CUST00072,2024-12-08,Delivered,Cash on Delivery
ORD000906,CUST02217,2024-03-11,Delivered,Net Banking
ORD000907,CUST00605,2024-03-18,Shipped,Wallet
ORD000908,CUST03140,2024-09-18,Delivered,Wallet
ORD000909,CUST04223,2023-06-12,Delivered,Net Banking
ORD000910,CUST04321,2024-09-10,Shipped,Wallet
ORD000911,CUST01096,2024-11-26,Delivered,UPI
ORD000912,CUST01063,2024-12-22,Shipped,UPI
ORD000913,CUST02057,2024-10-01,Shipped,Net Banking
ORD000914,CUST03300,2023-07-29,Delivered,Credit Card
ORD000915,CUST04230,2024-12-22,Delivered,UPI
ORD000916,CUST02317,2024-09-07,Delivered,Credit Card
ORD000917,CUST02901,2024-05-13,Delivered,Debit Card
ORD000918,CUST01648,2024-11-26,Delivered,Cash on Delivery
ORD000919,CUST00478,2024-07-20,Delivered,Net Banking
ORD000920,CUST04163,2024-11-19,Delivered,UPI
ORD000921,CUST01202,2024-05-14,Shipped,Debit Card
ORD000922,CUST04151,2024-06-25,Delivered,Debit Card
ORD000923,CUST01520,2024-07-23,Delivered,Wallet
ORD000924,CUST01404,2024-08-19,Delivered,Net Banking
ORD000925,CUST02123,2024-02-12,Shipped,UPI
ORD000926,CUST01599,2023-05-09,Delivered,UPI
ORD000927,CUST01616,2024-06-25,Delivered,Debit Card
ORD000928,CUST02463,2024-11-20,Delivered,Debit Card
ORD000929,CUST03089,2024-12-23,Cancelled,Credit Card
ORD000930,CUST00607,2024-10-24,Delivered,Debit Card
ORD000931,CUST02879,2024-07-06,Cancelled,UPI
ORD000932,CUST03119,2023-07-29,Returned,UPI
ORD000933,CUST03463,2024-12-12,Delivered,Wallet
ORD000934,CUST01708,2024-10-02,Delivered,Cash on Delivery
ORD000935,CUST02254,2024-12-19,Delivered,Wallet
ORD000936,CUST04721,2024-10-16,Delivered,Wallet
ORD000937,CUST01905,2024-10-19,Delivered,Net Banking
ORD000938,CUST02288,2024-10-26,Delivered,Wallet
ORD000939,CUST03291,2024-10-01,Delivered,Debit Card
ORD000940,CUST01325,2024-04-22,Processing,Wallet
ORD000941,CUST00850,2024-11-25,Delivered,Net Banking
ORD000942,CUST04947,2024-11-09,Delivered,Credit Card
ORD000943,CUST00271,2024-04-05,Delivered,Credit Card
ORD000944,CUST04206,2024-12-23,Shipped,Wallet
ORD000945,CUST03392,2024-04-20,Delivered,Wallet
ORD000946,CUST03340,2024-06-25,Shipped,Net Banking
ORD000947,CUST01624,2024-09-08,Delivered,Cash on Delivery
ORD000948,CUST01929,2024-12-25,Delivered,UPI
ORD000949,CUST01908,2024-02-18,Delivered,Wallet
ORD000950,CUST03217,2024-04-29,Processing,Cash on Delivery
ORD000951,CUST00962,2024-11-02,Shipped,Wallet
ORD000952,CUST01926,2024-12-19,Delivered,Debit Card
ORD000953,CUST03542,2024-07-15,Delivered,Credit Card
ORD000954,CUST02993,2024-08-03,Delivered,Debit Card
ORD000955,CUST00627,2024-09-17,Shipped,UPI
ORD000956,CUST02811,2024-08-28,Delivered,UPI
ORD000957,CUST02674,2024-04-15,Delivered,Net Banking
ORD000958,CUST02985,2023-05-17,Delivered,Wallet
ORD000959,CUST02897,2023-11-12,Shipped,Net Banking
ORD000960,CUST03449,2023-10-06,Delivered,UPI
ORD000961,CUST02685,2024-08-08,Delivered,Credit Card
ORD000962,CUST02428,2024-10-21,Cancelled,Debit Card
ORD000963,CUST02578,2024-12-14,Shipped,Debit Card
ORD000964,CUST00172,2024-06-24,Cancelled,Credit Card
ORD000965,CUST03598,2024-04-12,Delivered,Cash on Delivery
ORD000966,CUST04089,2024-12-29,Shipped,Wallet
ORD000967,CUST04441,2024-11-06,Delivered,Net Banking
ORD000968,CUST04773,2024-11-18,Processing,Wallet
ORD000969,CUST02167,2024-11-22,Delivered,Credit Card
ORD000970,CUST04296,2024-09-22,Cancelled,Wallet
ORD000971,CUST00568,2024-08-18,Delivered,Credit Card
ORD000972,CUST00822,2024-12-09,Delivered,Wallet
ORD000973,CUST04535,2024-11-24,Delivered,UPI
ORD000974,CUST01848,2024-07-14,Shipped,Debit Card
ORD000975,CUST02143,2023-12-19,Returned,Credit Card
ORD000976,CUST02152,2024-05-19,Delivered,Net Banking
ORD000977,CUST03411,2024-10-21,Delivered,Debit Card
ORD000978,CUST01276,2024-01-12,Shipped,Net Banking
ORD000979,CUST01167,2024-01-13,Delivered,Credit Card
ORD000980,CUST03911,2024-12-15,Delivered,Cash on Delivery
ORD000981,CUST00627,2024-10-01,Delivered,Wallet
ORD000982,CUST02893,2024-01-19,Delivered,UPI
ORD000983,CUST01786,2024-11-08,Shipped,UPI
ORD000984,CUST00911,2024-07-14,Cancelled,Wallet
ORD000985,CUST00930,2024-12-16,Cancelled,UPI
ORD000986,CUST01165,2024-04-30,Shipped,Wallet
ORD000987,CUST04656,2024-03-22,Delivered,UPI
ORD000988,CUST02913,2024-04-02,Delivered,Cash on Delivery
ORD000989,CUST04919,2023-10-21,Cancelled,Credit Card
ORD000990,CUST03592,2023-11-12,Processing,Net Banking
ORD000991,CUST04390,2024-04-15,Delivered,Debit Card
ORD000992,CUST00686,2024-12-17,Cancelled,Wallet
ORD000993,CUST00082,2024-10-04,Delivered,Credit Card
ORD000994,CUST01403,2024-12-20,Delivered,Debit Card
ORD000995,CUST02438,2024-12-03,Delivered,Credit Card
ORD000996,CUST03594,2024-12-23,Delivered,Wallet
ORD000997,CUST02225,2024-12-13,Delivered,Cash on Delivery
ORD000998,CUST01536,2024-12-29,Delivered,UPI
ORD000999,CUST03049,2024-12-29,Delivered,Credit Card
ORD001000,CUST03823,2024-09-30,Returned,Debit Card
ORD001001,CUST01549,2024-05-24,Delivered,UPI
ORD001002,CUST04721,2024-10-12,Delivered,Cash on Delivery
ORD001003,CUST04333,2024-08-02,Delivered,UPI
ORD001004,CUST01052,2024-07-03,Delivered,Cash on Delivery
ORD001005,CUST04661,2023-07-26,Delivered,Net Banking
ORD001006,CUST01633,2024-05-17,Cancelled,Net Banking
ORD001007,CUST02768,2024-12-20,Delivered,Debit Card
ORD001008,CUST04716,2024-03-08,Delivered,Net Banking
ORD001009,CUST01601,2024-07-19,Shipped,Wallet
ORD001010,CUST04010,2024-07-11,Delivered,Debit Card
ORD001011,CUST03907,2024-11-30,Delivered,UPI
ORD001012,CUST03918,2024-12-11,Cancelled,Debit Card
ORD001013,CUST03811,2024-11-27,Delivered,Wallet
ORD001014,CUST01736,2024-02-13,Cancelled,Debit Card
ORD001015,CUST03178,2024-04-03,Delivered,Net Banking
ORD001016,CUST03067,2024-11-17,Delivered,Debit Card
ORD001017,CUST01616,2024-10-26,Shipped,Wallet
ORD001018,CUST01041,2024-11-06,Delivered,Credit Card
ORD001019,CUST03832,2024-12-28,Delivered,UPI
ORD001020,CUST01319,2024-07-29,Shipped,Wallet
ORD001021,CUST00209,2024-08-16,Delivered,Cash on Delivery
ORD001022,CUST01325,2023-12-20,Cancelled,Cash on Delivery
ORD001023,CUST02828,2024-10-31,Delivered,Cash on Delivery
ORD001024,CUST00362,2024-08-22,Returned,Cash on Delivery
ORD001025,CUST01095,2024-02-28,Cancelled,Cash on Delivery
ORD001026,CUST00891,2023-10-10,Delivered,Net Banking
ORD001027,CUST01896,2024-08-02,Delivered,UPI
ORD001028,CUST00530,2024-10-26,Delivered,Net Banking
ORD001029,CUST01728,2024-10-09,Shipped,Cash on Delivery
ORD001030,CUST03213,2024-04-30,Delivered,Net Banking
ORD001031,CUST04659,2024-12-05,Delivered,Net Banking
ORD001032,CUST04175,2024-10-28,Delivered,Net Banking
ORD001033,CUST03287,2024-07-10,Delivered,Net Banking
ORD001034,CUST04197,2024-10-14,Delivered,Credit Card
ORD001035,CUST00934,2024-03-10,Delivered,Credit Card
ORD001036,CUST00823,2024-11-03,Processing,Wallet
ORD001037,CUST01308,2024-06-29,Delivered,UPI
ORD001038,CUST02737,2024-03-30,Cancelled,Wallet
ORD001039,CUST01246,2024-09-18,Delivered,Debit Card
ORD001040,CUST01715,2024-06-11,Cancelled,Wallet
ORD001041,CUST04516,2024-09-06,Delivered,Credit Card
ORD001042,CUST01506,2024-06-11,Delivered,Cash on Delivery
ORD001043,CUST02283,2023-05-09,Delivered,Net Banking
ORD001044,CUST02098,2024-11-18,Cancelled,Debit Card
ORD001045,CUST00607,2024-09-18,Delivered,Net Banking
ORD001046,CUST04884,2023-07-25,Delivered,Credit Card
ORD001047,CUST01692,2024-12-29,Delivered,Wallet
ORD001048,CUST04377,2024-09-24,Delivered,Net Banking
ORD001049,CUST00525,2024-10-14,Delivered,Credit Card
ORD001050,CUST00490,2024-09-09,Returned,Wallet
ORD001051,CUST00773,2024-08-18,Delivered,UPI
ORD001052,CUST04187,2024-09-25,Delivered,Debit Card
ORD001053,CUST00458,2024-06-04,Delivered,UPI
ORD001054,CUST00102,2024-07-11,Delivered,Cash on Delivery
ORD001055,CUST01866,2024-03-21,Delivered,Credit Card
ORD001056,CUST04027,2024-03-15,Returned,Cash on Delivery
ORD001057,CUST04615,2024-11-20,Delivered,Cash on Delivery
ORD001058,CUST03937,2024-09-18,Delivered,Net Banking
ORD001059,CUST00169,2024-07-04,Delivered,Cash on Delivery
ORD001060,CUST00086,2024-07-14,Delivered,Cash on Delivery
ORD001061,CUST02324,2024-08-09,Cancelled,Net Banking
ORD001062,CUST00248,2024-07-12,Delivered,UPI
ORD001063,CUST03360,2024-12-07,Delivered,Net Banking
ORD001064,CUST00264,2024-06-09,Delivered,Debit Card
ORD001065,CUST00757,2024-11-26,Delivered,Wallet
ORD001066,CUST03254,2024-11-15,Shipped,Cash on Delivery
ORD001067,CUST01608,2024-06-08,Delivered,Credit Card
ORD001068,CUST03388,2024-09-05,Delivered,UPI
ORD001069,CUST00408,2024-05-06,Shipped,Debit Card
ORD001070,CUST00283,2024-12-12,Processing,Cash on Delivery
ORD001071,CUST02935,2024-11-15,Delivered,Debit Card
ORD001072,CUST02672,2024-07-28,Delivered,UPI
ORD001073,CUST04851,2024-09-09,Delivered,Credit Card
ORD001074,CUST03808,2024-06-17,Shipped,UPI
ORD001075,CUST00247,2024-06-11,Delivered,Cash on Delivery
ORD001076,CUST01029,2023-06-22,Processing,Net Banking
ORD001077,CUST01887,2024-11-27,Delivered,Net Banking
ORD001078,CUST00582,2024-07-05,Delivered,Cash on Delivery
ORD001079,CUST00311,2024-12-29,Delivered,Cash on Delivery
ORD001080,CUST04603,2024-11-09,Delivered,UPI
ORD001081,CUST00146,2024-08-07,Cancelled,UPI
ORD001082,CUST01617,2023-10-22,Shipped,Credit Card
ORD001083,CUST01772,2023-06-30,Delivered,UPI
ORD001084,CUST04866,2024-04-17,Delivered,UPI
ORD001085,CUST00837,2024-12-04,Cancelled,Net Banking
ORD001086,CUST02846,2024-12-22,Delivered,Debit Card
ORD001087,CUST04307,2024-08-09,Delivered,Net Banking
ORD001088,CUST02579,2024-10-26,Delivered,Wallet
ORD001089,CUST04783,2024-01-27,Delivered,Wallet
ORD001090,CUST04010,2024-08-02,Delivered,Debit Card
ORD001091,CUST04566,2024-11-04,Delivered,Wallet
ORD001092,CUST03262,2024-02-25,Delivered,UPI
ORD001093,CUST03229,2023-08-17,Cancelled,Net Banking
ORD001094,CUST00187,2024-10-25,Delivered,Credit Card
ORD001095,CUST04759,2024-05-14,Delivered,Net Banking
ORD001096,CUST04775,2024-11-01,Delivered,UPI
ORD001097,CUST01411,2024-10-04,Delivered,UPI
ORD001098,CUST04104,2024-09-07,Delivered,UPI
ORD001099,CUST03794,2024-02-05,Returned,Wallet
ORD001100,CUST04386,2024-08-17,Cancelled,Wallet
ORD001101,CUST04536,2024-12-18,Delivered,UPI
ORD001102,CUST01429,2024-10-25,Shipped,Net Banking
ORD001103,CUST03486,2024-12-29,Delivered,Wallet
ORD001104,CUST01250,2024-07-09,Cancelled,UPI
ORD001105,CUST02850,2024-11-02,Delivered,Debit Card
ORD001106,CUST04998,2024-06-24,Cancelled,Wallet
ORD001107,CUST03762,2024-10-22,Delivered,Cash on Delivery
ORD001108,CUST02619,2024-02-04,Delivered,Debit Card
ORD001109,CUST02738,2024-02-14,Delivered,UPI
ORD001110,CUST01373,2024-12-28,Delivered,Credit Card
ORD001111,CUST03260,2024-11-30,Delivered,Credit Card
ORD001112,CUST01766,2024-12-29,Delivered,Credit Card
ORD001113,CUST01239,2023-10-11,Delivered,Net Banking
ORD001114,CUST02538,2024-05-04,Delivered,Wallet
ORD001115,CUST01598,2024-10-28,Cancelled,UPI
ORD001116,CUST02463,2024-10-19,Delivered,Cash on Delivery
ORD001117,CUST00437,2024-11-30,Delivered,Wallet
ORD001118,CUST03663,2024-10-14,Cancelled,Cash on Delivery
ORD001119,CUST02448,2024-07-17,Shipped,Credit Card
ORD001120,CUST04678,2024-10-09,Delivered,Cash on Delivery
ORD001121,CUST01604,2023-09-21,Delivered,UPI
ORD001122,CUST04451,2024-06-06,Delivered,Net Banking
ORD001123,CUST00444,2024-10-13,Delivered,Wallet
ORD001124,CUST01538,2024-07-23,Delivered,Debit Card
ORD001125,CUST04475,2024-11-02,Delivered,Debit Card
ORD001126,CUST03521,2024-05-14,Delivered,Wallet
ORD001127,CUST04792,2024-11-10,Delivered,Wallet
ORD001128,CUST02985,2024-04-07,Delivered,Net Banking
ORD001129,CUST00478,2023-09-12,Shipped,UPI
ORD001130,CUST00924,2024-08-09,Delivered,Credit Card
ORD001131,CUST00507,2024-11-23,Processing,Credit Card
ORD001132,CUST00170,2023-07-23,Delivered,Debit Card
ORD001133,CUST00291,2024-02-21,Shipped,Cash on Delivery
ORD001134,CUST02578,2024-04-29,Cancelled,Cash on Delivery
ORD001135,CUST01102,2024-07-04,Delivered,Wallet
ORD001136,CUST01825,2024-03-28,Delivered,Net Banking
ORD001137,CUST04001,2024-10-27,Delivered,Wallet
ORD001138,CUST01096,2024-12-26,Delivered,Debit Card
ORD001139,CUST04213,2024-11-29,Delivered,Net Banking
ORD001140,CUST04716,2024-12-17,Cancelled,Debit Card
ORD001141,CUST03880,2024-11-18,Delivered,Credit Card
ORD001142,CUST04963,2024-07-19,Cancelled,Wallet
ORD001143,CUST02901,2024-03-12,Delivered,Debit Card
ORD001144,CUST02253,2024-10-19,Delivered,Debit Card
ORD001145,CUST03197,2024-12-10,Delivered,Credit Card
ORD001146,CUST04998,2024-06-28,Delivered,Debit Card
ORD001147,CUST02371,2024-10-16,Returned,UPI
ORD001148,CUST00470,2024-03-07,Delivered,UPI
ORD001149,CUST01821,2024-08-31,Delivered,UPI
ORD001150,CUST04871,2024-12-14,Delivered,Cash on Delivery
ORD001151,CUST01766,2024-12-18,Delivered,Net Banking
ORD001152,CUST04450,2024-07-14,Cancelled,Net Banking
ORD001153,CUST04061,2024-05-10,Cancelled,Wallet
ORD001154,CUST04884,2023-11-04,Cancelled,Cash on Delivery
ORD001155,CUST04290,2024-07-29,Shipped,Debit Card
ORD001156,CUST03616,2023-04-29,Returned,UPI
ORD001157,CUST03151,2024-12-03,Returned,Debit Card
ORD001158,CUST03616,2023-10-02,Shipped,Cash on Delivery
ORD001159,CUST04412,2023-04-11,Delivered,UPI
ORD001160,CUST00356,2024-05-03,Shipped,Net Banking
ORD001161,CUST04887,2024-11-21,Cancelled,UPI
ORD001162,CUST04242,2024-12-12,Delivered,Cash on Delivery
ORD001163,CUST02619,2024-10-20,Delivered,Net Banking
ORD001164,CUST01953,2023-10-21,Delivered,UPI
ORD001165,CUST03472,2024-07-18,Shipped,UPI
ORD001166,CUST00877,2024-05-13,Delivered,Wallet
ORD001167,CUST04696,2024-12-26,Processing,UPI
ORD001168,CUST02110,2024-12-20,Cancelled,Net Banking
ORD001169,CUST01903,2024-02-07,Shipped,UPI
ORD001170,CUST01121,2024-08-11,Shipped,UPI
ORD001171,CUST00478,2024-01-24,Cancelled,Debit Card
ORD001172,CUST03781,2024-03-28,Delivered,Credit Card
ORD001173,CUST04470,2024-08-29,Delivered,Credit Card
ORD001174,CUST04704,2023-11-28,Delivered,Net Banking
ORD001175,CUST03551,2024-05-19,Delivered,Debit Card
ORD001176,CUST01517,2023-08-13,Shipped,Cash on Delivery
ORD001177,CUST04856,2024-10-14,Delivered,Debit Card
ORD001178,CUST02320,2024-06-19,Delivered,Wallet
ORD001179,CUST01241,2024-08-10,Cancelled,Net Banking
ORD001180,CUST04275,2024-08-04,Delivered,Cash on Delivery
ORD001181,CUST02633,2024-02-04,Delivered,Net Banking
ORD001182,CUST03745,2024-02-19,Delivered,UPI
ORD001183,CUST02836,2024-02-06,Delivered,Net Banking
ORD001184,CUST01728,2024-11-03,Delivered,Cash on Delivery
ORD001185,CUST03347,2023-09-18,Delivered,Wallet
ORD001186,CUST04721,2024-12-30,Returned,Wallet
ORD001187,CUST04808,2024-11-04,Delivered,Wallet
ORD001188,CUST04381,2024-12-04,Processing,Credit Card
ORD001189,CUST02384,2023-09-25,Delivered,Wallet
ORD001190,CUST01643,2024-03-22,Delivered,Wallet
ORD001191,CUST02776,2024-08-14,Delivered,UPI
ORD001192,CUST03634,2024-12-18,Delivered,Wallet
ORD001193,CUST01597,2024-02-02,Delivered,UPI
ORD001194,CUST01325,2024-03-22,Delivered,Wallet
ORD001195,CUST03877,2024-11-02,Cancelled,Debit Card
ORD001196,CUST01379,2024-04-11,Delivered,Net Banking
ORD001197,CUST04333,2024-10-04,Delivered,Credit Card
ORD001198,CUST00553,2023-10-03,Delivered,Cash on Delivery
ORD001199,CUST02289,2024-12-12,Delivered,Debit Card
ORD001200,CUST01705,2024-08-21,Delivered,Net Banking
ORD001201,CUST00310,2024-04-29,Processing,Debit Card
ORD001202,CUST01027,2023-11-30,Delivered,Credit Card
ORD001203,CUST03472,2024-09-11,Delivered,Cash on Delivery
ORD001204,CUST04501,2024-10-19,Delivered,UPI
ORD001205,CUST02940,2024-01-19,Delivered,Debit Card
ORD001206,CUST03255,2023-10-13,Delivered,Credit Card
ORD001207,CUST00293,2023-07-18,Returned,Net Banking
ORD001208,CUST00753,2024-09-27,Cancelled,Credit Card
ORD001209,CUST04414,2024-01-18,Delivered,Cash on Delivery
ORD001210,CUST02330,2024-08-01,Delivered,Debit Card
ORD001211,CUST04906,2024-12-09,Delivered,Credit Card
ORD001212,CUST02828,2024-12-14,Delivered,Debit Card
ORD001213,CUST02979,2024-11-12,Processing,Wallet
ORD001214,CUST01202,2024-05-16,Delivered,Cash on Delivery
ORD001215,CUST02893,2024-08-02,Delivered,Wallet
ORD001216,CUST02913,2024-03-01,Cancelled,Net Banking
ORD001217,CUST04591,2024-12-13,Delivered,Net Banking
ORD001218,CUST00828,2023-06-24,Delivered,Net Banking
ORD001219,CUST00481,2024-12-14,Delivered,Wallet
ORD001220,CUST00096,2024-12-03,Cancelled,Net Banking
ORD001221,CUST02918,2024-11-16,Delivered,Wallet
ORD001222,CUST01089,2024-12-07,Delivered,Cash on Delivery
ORD001223,CUST03300,2024-08-14,Delivered,Debit Card
ORD001224,CUST04217,2024-11-04,Delivered,Credit Card
ORD001225,CUST02024,2024-12-13,Delivered,Credit Card
ORD001226,CUST04661,2024-07-16,Processing,Net Banking
ORD001227,CUST00471,2024-12-29,Delivered,Credit Card
ORD001228,CUST04591,2024-12-10,Shipped,Debit Card
ORD001229,CUST01028,2024-06-02,Delivered,Wallet
ORD001230,CUST00852,2023-07-08,Cancelled,Debit Card
ORD001231,CUST00311,2024-12-30,Cancelled,UPI
ORD001232,CUST04468,2024-12-20,Cancelled,Wallet
ORD001233,CUST04044,2024-08-25,Processing,Credit Card
ORD001234,CUST03980,2024-05-21,Delivered,Net Banking
ORD001235,CUST04214,2024-03-24,Delivered,Net Banking
ORD001236,CUST00886,2024-12-26,Delivered,UPI
ORD001237,CUST03700,2024-12-11,Shipped,Wallet
ORD001238,CUST04391,2024-07-24,Delivered,Net Banking
ORD001239,CUST00274,2024-03-06,Delivered,UPI
ORD001240,CUST02691,2023-06-22,Delivered,UPI
ORD001241,CUST03703,2024-11-23,Cancelled,Credit Card
ORD001242,CUST01691,2024-07-18,Delivered,UPI
ORD001243,CUST02024,2024-08-21,Delivered,Cash on Delivery
ORD001244,CUST00308,2024-03-04,Delivered,UPI
ORD001245,CUST02639,2024-10-28,Delivered,Net Banking
ORD001246,CUST03348,2024-10-05,Shipped,Net Banking
ORD001247,CUST00243,2024-04-20,Cancelled,UPI
ORD001248,CUST02109,2024-11-25,Processing,Net Banking
ORD001249,CUST03679,2024-12-30,Delivered,Net Banking
ORD001250,CUST02211,2024-05-10,Delivered,Net Banking
ORD001251,CUST02374,2024-10-02,Delivered,Credit Card
ORD001252,CUST01261,2024-08-14,Delivered,Credit Card
ORD001253,CUST00876,2024-12-22,Delivered,Credit Card
ORD001254,CUST04551,2024-12-10,Delivered,Cash on Delivery
ORD001255,CUST03829,2024-01-26,Delivered,Debit Card
ORD001256,CUST04384,2023-12-01,Shipped,Cash on Delivery
ORD001257,CUST03348,2024-09-07,Shipped,Credit Card
ORD001258,CUST03681,2024-12-14,Delivered,Credit Card
ORD001259,CUST03225,2024-03-24,Shipped,Net Banking
ORD001260,CUST01716,2024-07-08,Delivered,UPI
ORD001261,CUST04914,2024-04-13,Processing,Debit Card
ORD001262,CUST03701,2024-09-27,Returned,Credit Card
ORD001263,CUST00705,2024-01-27,Delivered,Debit Card
ORD001264,CUST02701,2024-12-03,Delivered,Cash on Delivery
ORD001265,CUST02748,2024-08-06,Processing,Cash on Delivery
ORD001266,CUST01575,2024-11-25,Delivered,Credit Card
ORD001267,CUST02765,2024-02-27,Shipped,Debit Card
ORD001268,CUST04258,2024-08-13,Cancelled,Net Banking
ORD001269,CUST00025,2023-05-26,Cancelled,UPI
ORD001270,CUST02725,2024-12-08,Delivered,UPI
ORD001271,CUST00118,2024-12-15,Delivered,Debit Card
ORD001272,CUST03956,2024-04-28,Delivered,Cash on Delivery
ORD001273,CUST04513,2024-11-28,Delivered,Debit Card
ORD001274,CUST03906,2024-08-06,Delivered,Credit Card
ORD001275,CUST04804,2023-11-03,Delivered,Debit Card
ORD001276,CUST03990,2024-10-13,Delivered,Debit Card
ORD001277,CUST00598,2024-10-25,Delivered,Cash on Delivery
ORD001278,CUST03540,2024-07-24,Delivered,Wallet
ORD001279,CUST02850,2024-11-08,Delivered,Credit Card
ORD001280,CUST01002,2024-06-16,Delivered,Debit Card
ORD001281,CUST01837,2024-05-14,Delivered,Net Banking
ORD001282,CUST01472,2023-08-21,Delivered,Net Banking
ORD001283,CUST04942,2024-05-24,Delivered,Net Banking
ORD001284,CUST02102,2024-02-26,Delivered,Wallet
ORD001285,CUST04501,2024-11-01,Delivered,Cash on Delivery
ORD001286,CUST01144,2024-12-18,Returned,Cash on Delivery
ORD001287,CUST04885,2023-11-14,Delivered,UPI
ORD001288,CUST03297,2024-12-04,Shipped,Debit Card
ORD001289,CUST00752,2024-08-15,Delivered,Debit Card
ORD001290,CUST02128,2024-02-02,Delivered,Net Banking
ORD001291,CUST01907,2024-12-18,Delivered,Net Banking
ORD001292,CUST01738,2023-09-26,Delivered,Cash on Delivery
ORD001293,CUST02851,2024-09-24,Delivered,UPI
ORD001294,CUST02563,2024-05-22,Delivered,UPI
ORD001295,CUST04668,2024-06-21,Delivered,Wallet
ORD001296,CUST03857,2024-10-21,Cancelled,Cash on Delivery
ORD001297,CUST00855,2024-03-10,Delivered,Cash on Delivery
ORD001298,CUST00770,2024-11-23,Delivered,Cash on Delivery
ORD001299,CUST00039,2024-12-19,Delivered,Cash on Delivery
ORD001300,CUST03045,2024-11-03,Delivered,Wallet
ORD001301,CUST02032,2024-05-31,Delivered,Wallet
ORD001302,CUST00343,2024-12-01,Delivered,Net Banking
ORD001303,CUST03414,2024-06-27,Delivered,Net Banking
ORD001304,CUST01043,2024-09-08,Cancelled,Wallet
ORD001305,CUST03642,2024-12-17,Delivered,UPI
ORD001306,CUST03153,2024-06-20,Shipped,Credit Card
ORD001307,CUST04868,2024-09-11,Delivered,Debit Card
ORD001308,CUST02912,2024-11-20,Shipped,Credit Card
ORD001309,CUST02672,2024-06-14,Shipped,UPI
ORD001310,CUST02001,2024-04-12,Delivered,UPI
ORD001311,CUST03545,2024-08-13,Cancelled,UPI
ORD001312,CUST04856,2024-08-28,Delivered,Wallet
ORD001313,CUST02088,2024-06-25,Delivered,Debit Card
ORD001314,CUST02204,2023-03-27,Delivered,UPI
ORD001315,CUST02114,2024-12-21,Delivered,Debit Card
ORD001316,CUST03551,2024-10-05,Delivered,Wallet
ORD001317,CUST01236,2024-12-29,Shipped,Credit Card
ORD001318,CUST01825,2024-03-31,Delivered,Cash on Delivery
ORD001319,CUST04625,2024-09-20,Processing,Cash on Delivery
ORD001320,CUST04107,2024-12-22,Delivered,Net Banking
ORD001321,CUST02114,2024-04-18,Shipped,Cash on Delivery
ORD001322,CUST02925,2024-12-29,Delivered,Wallet
ORD001323,CUST04710,2024-10-21,Delivered,UPI
ORD001324,CUST04003,2024-08-27,Delivered,Credit Card
ORD001325,CUST03364,2024-05-06,Cancelled,Net Banking
ORD001326,CUST02435,2023-12-30,Delivered,Net Banking
ORD001327,CUST03387,2024-03-25,Cancelled,UPI
ORD001328,CUST04554,2024-09-07,Delivered,UPI
ORD001329,CUST00714,2024-05-16,Delivered,Debit Card
ORD001330,CUST01504,2024-07-29,Delivered,Net Banking
ORD001331,CUST02435,2024-07-03,Processing,UPI
ORD001332,CUST02489,2024-08-20,Cancelled,Credit Card
ORD001333,CUST01756,2024-12-15,Delivered,Debit Card
ORD001334,CUST04402,2024-12-12,Shipped,Cash on Delivery
ORD001335,CUST03797,2023-10-17,Cancelled,Net Banking
ORD001336,CUST00096,2024-11-07,Delivered,Credit Card
ORD001337,CUST01112,2024-12-26,Returned,Cash on Delivery
ORD001338,CUST02435,2024-06-09,Delivered,Wallet
ORD001339,CUST03153,2024-09-25,Shipped,Cash on Delivery
ORD001340,CUST00050,2024-12-15,Cancelled,Wallet
ORD001341,CUST02812,2024-10-18,Delivered,Credit Card
ORD001342,CUST00643,2024-12-25,Delivered,Debit Card
ORD001343,CUST04852,2024-06-26,Cancelled,Credit Card
ORD001344,CUST01664,2024-12-10,Delivered,Cash on Delivery
ORD001345,CUST02587,2024-10-06,Delivered,Debit Card
ORD001346,CUST03237,2024-07-08,Delivered,Credit Card
ORD001347,CUST01060,2023-06-17,Delivered,Debit Card
ORD001348,CUST03055,2024-04-04,Delivered,Wallet
ORD001349,CUST00350,2024-10-05,Delivered,UPI
ORD001350,CUST02463,2024-10-27,Delivered,Net Banking
ORD001351,CUST00143,2024-10-03,Delivered,Wallet
ORD001352,CUST00642,2024-04-05,Delivered,Net Banking
ORD001353,CUST00642,2023-04-08,Delivered,Net Banking
ORD001354,CUST02387,2023-05-26,Delivered,Wallet
ORD001355,CUST04616,2024-03-15,Delivered,Credit Card
ORD001356,CUST02890,2024-09-24,Processing,Net Banking
ORD001357,CUST04316,2024-06-29,Delivered,Credit Card
ORD001358,CUST00828,2024-09-09,Shipped,UPI
ORD001359,CUST02174,2024-04-16,Processing,Net Banking
ORD001360,CUST00345,2024-10-04,Delivered,Credit Card
ORD001361,CUST01884,2024-12-09,Processing,Wallet
ORD001362,CUST03105,2023-12-04,Processing,UPI
ORD001363,CUST02071,2024-08-05,Shipped,Debit Card
ORD001364,CUST00278,2024-12-07,Delivered,Credit Card
ORD001365,CUST03242,2023-10-18,Shipped,Credit Card
ORD001366,CUST00851,2024-11-27,Delivered,Wallet
ORD001367,CUST01894,2024-12-03,Delivered,Cash on Delivery
ORD001368,CUST00427,2024-04-23,Delivered,Wallet
ORD001369,CUST02167,2024-10-05,Delivered,UPI
ORD001370,CUST03981,2024-02-11,Delivered,Wallet
ORD001371,CUST04862,2024-08-23,Delivered,Credit Card
ORD001372,CUST04656,2024-12-03,Shipped,Net Banking
ORD001373,CUST03153,2024-04-13,Delivered,Net Banking
ORD001374,CUST02661,2024-08-16,Delivered,UPI
ORD001375,CUST03251,2024-12-22,Delivered,UPI
ORD001376,CUST01346,2024-03-23,Delivered,UPI
ORD001377,CUST04845,2023-09-21,Delivered,Debit Card
ORD001378,CUST01485,2024-10-26,Processing,Net Banking
ORD001379,CUST02331,2024-09-29,Shipped,Debit Card
ORD001380,CUST00739,2024-12-15,Delivered,Debit Card
ORD001381,CUST00916,2024-09-06,Delivered,UPI
ORD001382,CUST04245,2024-11-06,Delivered,UPI
ORD001383,CUST03141,2023-10-25,Delivered,Credit Card
ORD001384,CUST02106,2024-09-29,Delivered,Credit Card
ORD001385,CUST01615,2024-04-07,Delivered,Net Banking
ORD001386,CUST03401,2023-12-12,Delivered,Credit Card
ORD001387,CUST02014,2024-12-28,Cancelled,Net Banking
ORD001388,CUST03034,2023-07-20,Cancelled,Credit Card
ORD001389,CUST02657,2024-11-18,Delivered,Cash on Delivery
ORD001390,CUST03064,2024-09-18,Shipped,Cash on Delivery
ORD001391,CUST00314,2024-06-14,Delivered,Debit Card
ORD001392,CUST04043,2024-02-17,Shipped,Credit Card
ORD001393,CUST03279,2024-03-17,Delivered,Net Banking
ORD001394,CUST01344,2024-08-05,Cancelled,Credit Card
ORD001395,CUST01513,2024-05-05,Processing,UPI
ORD001396,CUST03340,2024-03-20,Processing,Credit Card
ORD001397,CUST02001,2024-01-13,Returned,UPI
ORD001398,CUST04153,2024-06-03,Delivered,Wallet
ORD001399,CUST02848,2023-12-30,Delivered,Net Banking
ORD001400,CUST01493,2024-05-02,Delivered,Debit Card
ORD001401,CUST00473,2024-11-27,Delivered,Credit Card
ORD001402,CUST02114,2024-09-19,Delivered,UPI
ORD001403,CUST04802,2024-10-15,Cancelled,Net Banking
ORD001404,CUST01908,2024-01-23,Shipped,Wallet
ORD001405,CUST04856,2024-12-02,Cancelled,UPI
ORD001406,CUST02541,2024-09-15,Delivered,Debit Card
ORD001407,CUST01129,2024-08-19,Delivered,Wallet
ORD001408,CUST02177,2024-05-19,Delivered,Credit Card
ORD001409,CUST01481,2024-04-11,Delivered,Wallet
ORD001410,CUST00366,2024-11-25,Delivered,Credit Card
ORD001411,CUST04916,2023-11-15,Shipped,Wallet
ORD001412,CUST02062,2024-12-13,Delivered,Wallet
ORD001413,CUST03462,2024-12-09,Shipped,UPI
ORD001414,CUST00599,2023-05-24,Delivered,Net Banking
ORD001415,CUST01039,2024-11-03,Cancelled,Debit Card
ORD001416,CUST03765,2023-11-09,Delivered,Net Banking
ORD001417,CUST00711,2024-10-15,Delivered,UPI
ORD001418,CUST03676,2024-11-10,Cancelled,Debit Card
ORD001419,CUST04276,2024-05-09,Delivered,Cash on Delivery
ORD001420,CUST02540,2024-04-29,Delivered,Net Banking
ORD001421,CUST02556,2024-06-11,Delivered,Wallet
ORD001422,CUST01772,2024-11-27,Delivered,Credit Card
ORD001423,CUST00665,2024-08-30,Delivered,Wallet
ORD001424,CUST02224,2024-10-08,Delivered,Debit Card
ORD001425,CUST04151,2023-12-15,Cancelled,Net Banking
ORD001426,CUST03368,2024-12-15,Delivered,Credit Card
ORD001427,CUST02299,2024-07-23,Cancelled,Wallet
ORD001428,CUST02649,2024-12-28,Shipped,UPI
ORD001429,CUST03901,2024-08-04,Delivered,Cash on Delivery
ORD001430,CUST03427,2023-12-25,Delivered,Wallet
ORD001431,CUST04010,2024-10-24,Delivered,Debit Card
ORD001432,CUST03274,2024-11-28,Shipped,Debit Card
ORD001433,CUST00366,2023-12-16,Cancelled,UPI
ORD001434,CUST01277,2024-05-28,Returned,Wallet
ORD001435,CUST00739,2024-12-06,Delivered,Cash on Delivery
ORD001436,CUST01500,2024-12-15,Delivered,Wallet
ORD001437,CUST00283,2024-12-16,Delivered,UPI
ORD001438,CUST04763,2024-05-11,Cancelled,Debit Card
ORD001439,CUST01562,2024-06-12,Delivered,Cash on Delivery
ORD001440,CUST04831,2024-12-15,Delivered,Cash on Delivery
ORD001441,CUST00336,2024-12-01,Delivered,UPI
ORD001442,CUST01194,2024-12-22,Delivered,Cash on Delivery
ORD001443,CUST03884,2024-08-03,Delivered,Wallet
ORD001444,CUST04759,2024-07-08,Delivered,Cash on Delivery
ORD001445,CUST01449,2024-06-29,Shipped,Net Banking
ORD001446,CUST03833,2024-02-16,Shipped,Credit Card
ORD001447,CUST04800,2024-02-29,Delivered,Wallet
ORD001448,CUST00441,2024-09-21,Cancelled,UPI
ORD001449,CUST02582,2024-11-18,Shipped,Debit Card
ORD001450,CUST02706,2024-12-01,Delivered,Cash on Delivery
ORD001451,CUST01674,2024-10-24,Delivered,Net Banking
ORD001452,CUST04126,2024-02-13,Delivered,Credit Card
ORD001453,CUST04321,2024-12-13,Delivered,Wallet
ORD001454,CUST04775,2024-09-07,Cancelled,Wallet
ORD001455,CUST04166,2024-09-16,Delivered,Debit Card
ORD001456,CUST04673,2024-10-10,Cancelled,Credit Card
ORD001457,CUST02706,2024-12-12,Processing,Credit Card
ORD001458,CUST01120,2024-02-14,Delivered,UPI
ORD001459,CUST01849,2024-07-22,Delivered,Debit Card
ORD001460,CUST01643,2023-02-14,Delivered,UPI
ORD001461,CUST04311,2024-09-17,Processing,Credit Card
ORD001462,CUST03960,2024-07-22,Returned,Debit Card
ORD001463,CUST00486,2023-12-30,Delivered,Wallet
ORD001464,CUST00490,2024-09-28,Delivered,Debit Card
ORD001465,CUST02546,2024-04-10,Delivered,Debit Card
ORD001466,CUST04515,2024-11-07,Processing,Cash on Delivery
ORD001467,CUST03190,2024-08-22,Delivered,Wallet
ORD001468,CUST00847,2024-07-14,Returned,UPI
ORD001469,CUST00037,2024-08-28,Processing,UPI
ORD001470,CUST04916,2024-07-25,Delivered,Net Banking
ORD001471,CUST01352,2024-12-12,Delivered,Credit Card
ORD001472,CUST02524,2024-09-08,Returned,Wallet
ORD001473,CUST04435,2024-10-04,Returned,Cash on Delivery
ORD001474,CUST01112,2024-12-28,Delivered,Debit Card
ORD001475,CUST04815,2024-08-02,Delivered,Wallet
ORD001476,CUST01446,2024-03-05,Delivered,Cash on Delivery
ORD001477,CUST03042,2024-03-30,Delivered,Cash on Delivery
ORD001478,CUST01533,2024-10-31,Delivered,Net Banking
ORD001479,CUST03200,2024-03-20,Shipped,Wallet
ORD001480,CUST00978,2024-12-19,Delivered,Net Banking
ORD001481,CUST00862,2024-10-30,Delivered,Credit Card
ORD001482,CUST03681,2024-12-30,Delivered,Credit Card
ORD001483,CUST01457,2023-12-23,Delivered,Wallet
ORD001484,CUST04898,2024-05-02,Delivered,Cash on Delivery
ORD001485,CUST03752,2024-08-12,Delivered,Wallet
ORD001486,CUST00815,2024-12-23,Delivered,Debit Card
ORD001487,CUST00298,2024-06-16,Delivered,Net Banking
ORD001488,CUST02728,2024-09-22,Delivered,UPI
ORD001489,CUST04996,2024-06-03,Delivered,Cash on Delivery
ORD001490,CUST00039,2024-07-18,Delivered,UPI
ORD001491,CUST00748,2024-05-06,Delivered,Credit Card
ORD001492,CUST04169,2024-10-22,Shipped,UPI
ORD001493,CUST02587,2024-10-20,Delivered,Credit Card
ORD001494,CUST04440,2024-09-29,Delivered,UPI
ORD001495,CUST00694,2024-01-01,Delivered,Wallet
ORD001496,CUST02216,2023-12-16,Returned,Debit Card
ORD001497,CUST02900,2023-12-20,Delivered,Debit Card
ORD001498,CUST03133,2024-11-21,Delivered,Net Banking
ORD001499,CUST03549,2024-12-18,Returned,Credit Card
ORD001500,CUST04301,2024-10-03,Delivered,UPI
ORD001501,CUST04675,2024-11-30,Delivered,Credit Card
ORD001502,CUST03242,2024-05-27,Cancelled,Cash on Delivery
ORD001503,CUST00411,2024-06-16,Delivered,Debit Card
ORD001504,CUST03399,2023-07-20,Delivered,Wallet
ORD001505,CUST01050,2024-12-28,Delivered,Credit Card
ORD001506,CUST01389,2024-08-20,Cancelled,Net Banking
ORD001507,CUST02761,2023-10-06,Delivered,Wallet
ORD001508,CUST02227,2024-02-27,Shipped,Credit Card
ORD001509,CUST04123,2024-08-20,Delivered,Net Banking
ORD001510,CUST04952,2023-06-22,Delivered,Net Banking
ORD001511,CUST01985,2024-11-10,Delivered,UPI
ORD001512,CUST04433,2024-12-19,Delivered,UPI
ORD001513,CUST02307,2024-12-21,Cancelled,Net Banking
ORD001514,CUST03939,2024-11-29,Delivered,Wallet
ORD001515,CUST00641,2024-09-04,Delivered,Wallet
ORD001516,CUST02109,2024-11-02,Delivered,Net Banking
ORD001517,CUST04175,2024-11-09,Delivered,Wallet
ORD001518,CUST04546,2023-10-14,Delivered,Credit Card
ORD001519,CUST01124,2024-07-03,Delivered,Net Banking
ORD001520,CUST00911,2024-05-31,Delivered,Net Banking
ORD001521,CUST01149,2024-02-09,Delivered,Wallet
ORD001522,CUST01785,2024-03-22,Delivered,Credit Card
ORD001523,CUST01958,2024-08-14,Delivered,Credit Card
ORD001524,CUST03598,2023-07-31,Delivered,UPI
ORD001525,CUST04556,2024-02-11,Delivered,UPI
ORD001526,CUST00363,2024-01-12,Delivered,Net Banking
ORD001527,CUST02652,2023-06-21,Delivered,UPI
ORD001528,CUST02079,2024-12-24,Delivered,Credit Card
ORD001529,CUST03614,2024-11-04,Returned,Credit Card
ORD001530,CUST04059,2024-03-12,Cancelled,UPI
ORD001531,CUST04160,2024-04-07,Delivered,UPI
ORD001532,CUST01898,2024-05-12,Delivered,Wallet
ORD001533,CUST04977,2024-12-07,Delivered,Credit Card
ORD001534,CUST02047,2024-10-12,Delivered,Cash on Delivery
ORD001535,CUST02181,2024-07-06,Delivered,Wallet
ORD001536,CUST04845,2024-12-20,Delivered,Credit Card
ORD001537,CUST03178,2024-10-29,Delivered,Cash on Delivery
ORD001538,CUST01078,2024-05-31,Delivered,Wallet
ORD001539,CUST00410,2024-07-25,Delivered,Credit Card
ORD001540,CUST00675,2023-09-07,Returned,Cash on Delivery
ORD001541,CUST03476,2024-02-05,Delivered,Cash on Delivery
ORD001542,CUST04425,2024-07-29,Delivered,Debit Card
ORD001543,CUST04167,2024-09-27,Delivered,Credit Card
ORD001544,CUST02728,2024-06-03,Cancelled,UPI
ORD001545,CUST03939,2024-11-04,Shipped,UPI
ORD001546,CUST00597,2024-04-18,Shipped,UPI
ORD001547,CUST04903,2024-07-02,Processing,Wallet
ORD001548,CUST01483,2024-12-18,Delivered,Debit Card
ORD001549,CUST00219,2023-10-08,Delivered,Net Banking
ORD001550,CUST03319,2024-07-04,Shipped,Debit Card
ORD001551,CUST03551,2024-11-20,Processing,UPI
ORD001552,CUST04001,2024-12-25,Delivered,Credit Card
ORD001553,CUST03461,2024-10-07,Delivered,Cash on Delivery
ORD001554,CUST04082,2024-01-10,Returned,Debit Card
ORD001555,CUST02737,2023-06-23,Returned,Net Banking
ORD001556,CUST02569,2024-11-20,Delivered,Cash on Delivery
ORD001557,CUST01967,2024-07-02,Delivered,Wallet
ORD001558,CUST01396,2024-12-22,Delivered,Net Banking
ORD001559,CUST01263,2024-11-16,Processing,Net Banking
ORD001560,CUST04317,2024-03-13,Cancelled,Credit Card
ORD001561,CUST01413,2024-03-25,Cancelled,Wallet
ORD001562,CUST04969,2023-08-18,Delivered,Net Banking
ORD001563,CUST01903,2023-10-02,Shipped,Net Banking
ORD001564,CUST02159,2023-09-19,Delivered,UPI
ORD001565,CUST01162,2024-11-12,Delivered,Net Banking
ORD001566,CUST00637,2024-11-04,Delivered,Cash on Delivery
ORD001567,CUST01497,2024-10-31,Delivered,Credit Card
ORD001568,CUST01346,2023-08-30,Delivered,Wallet
ORD001569,CUST02176,2024-10-20,Returned,Credit Card
ORD001570,CUST02471,2024-10-08,Delivered,UPI
ORD001571,CUST04494,2024-02-22,Delivered,Debit Card
ORD001572,CUST00918,2024-09-27,Delivered,Debit Card
ORD001573,CUST02758,2024-12-29,Delivered,Debit Card
ORD001574,CUST02316,2024-12-13,Delivered,UPI
ORD001575,CUST02748,2024-11-02,Delivered,Net Banking
ORD001576,CUST02338,2024-11-27,Shipped,Debit Card
ORD001577,CUST03350,2023-09-27,Processing,Wallet
ORD001578,CUST04739,2024-09-24,Cancelled,Net Banking
ORD001579,CUST00330,2024-08-18,Delivered,Wallet
ORD001580,CUST02010,2024-11-18,Delivered,Credit Card
ORD001581,CUST00977,2024-09-18,Delivered,Debit Card
ORD001582,CUST02786,2023-05-02,Shipped,Credit Card
ORD001583,CUST03997,2023-10-02,Returned,Wallet
ORD001584,CUST00368,2024-06-21,Delivered,Credit Card
ORD001585,CUST02601,2024-07-22,Shipped,Cash on Delivery
ORD001586,CUST03051,2024-11-04,Delivered,UPI
ORD001587,CUST04010,2024-03-17,Delivered,UPI
ORD001588,CUST02518,2024-07-28,Processing,Net Banking
ORD001589,CUST00447,2024-01-16,Delivered,Wallet
ORD001590,CUST04150,2024-10-07,Processing,Debit Card
ORD001591,CUST01933,2024-08-17,Delivered,Wallet
ORD001592,CUST04206,2023-10-12,Shipped,UPI
ORD001593,CUST03165,2023-10-03,Delivered,Debit Card
ORD001594,CUST00311,2024-12-30,Processing,Credit Card
ORD001595,CUST02130,2024-11-15,Delivered,Cash on Delivery
ORD001596,CUST02952,2024-09-21,Delivered,Debit Card
ORD001597,CUST04151,2024-01-25,Cancelled,Wallet
ORD001598,CUST02501,2023-12-23,Delivered,Cash on Delivery
ORD001599,CUST01251,2024-11-01,Delivered,Cash on Delivery
ORD001600,CUST00089,2024-12-01,Delivered,Credit Card
ORD001601,CUST02038,2024-10-02,Delivered,Net Banking
ORD001602,CUST03900,2024-11-05,Delivered,Credit Card
ORD001603,CUST02614,2024-06-20,Delivered,Cash on Delivery
ORD001604,CUST03768,2024-08-22,Delivered,Debit Card
ORD001605,CUST00825,2024-07-14,Shipped,UPI
ORD001606,CUST00932,2024-10-23,Delivered,Debit Card
ORD001607,CUST04725,2024-02-19,Delivered,Net Banking
ORD001608,CUST01689,2024-12-05,Returned,Credit Card
ORD001609,CUST04175,2024-08-30,Delivered,Cash on Delivery
ORD001610,CUST04861,2024-12-20,Delivered,Net Banking
ORD001611,CUST03911,2024-12-20,Cancelled,Wallet
ORD001612,CUST03598,2024-01-10,Delivered,Net Banking
ORD001613,CUST04056,2023-02-05,Delivered,Wallet
ORD001614,CUST02190,2024-12-05,Cancelled,Credit Card
ORD001615,CUST03175,2024-06-07,Delivered,Credit Card
ORD001616,CUST03165,2024-10-27,Delivered,Debit Card
ORD001617,CUST01660,2024-08-28,Cancelled,UPI
ORD001618,CUST01964,2024-08-21,Delivered,Net Banking
ORD001619,CUST00723,2024-09-07,Delivered,Debit Card
ORD001620,CUST02660,2024-07-31,Delivered,UPI
ORD001621,CUST03001,2024-10-22,Delivered,Net Banking
ORD001622,CUST04958,2024-02-17,Delivered,Debit Card
ORD001623,CUST00663,2024-11-11,Delivered,Credit Card
ORD001624,CUST03145,2023-02-19,Delivered,Debit Card
ORD001625,CUST00293,2024-10-25,Delivered,Wallet
ORD001626,CUST01960,2024-12-07,Delivered,Debit Card
ORD001627,CUST01352,2024-12-04,Delivered,Net Banking
ORD001628,CUST01166,2024-12-30,Delivered,Cash on Delivery
ORD001629,CUST01251,2024-11-13,Cancelled,Cash on Delivery
ORD001630,CUST03816,2024-08-31,Delivered,Wallet
ORD001631,CUST01820,2024-12-20,Delivered,UPI
ORD001632,CUST01564,2024-11-27,Shipped,Debit Card
ORD001633,CUST02860,2023-07-09,Delivered,Wallet
ORD001634,CUST01976,2024-12-16,Shipped,Cash on Delivery
ORD001635,CUST00951,2024-06-07,Delivered,Cash on Delivery
ORD001636,CUST00753,2024-12-10,Delivered,Debit Card
ORD001637,CUST02072,2023-04-30,Delivered,UPI
ORD001638,CUST04927,2023-11-19,Delivered,Debit Card
ORD001639,CUST04790,2024-12-29,Returned,Wallet
ORD001640,CUST04215,2024-09-01,Delivered,Cash on Delivery
ORD001641,CUST03836,2024-11-02,Delivered,Wallet
ORD001642,CUST04612,2024-11-19,Delivered,Net Banking
ORD001643,CUST00004,2024-05-10,Delivered,Wallet
ORD001644,CUST02095,2023-11-10,Delivered,UPI
ORD001645,CUST01001,2024-05-25,Delivered,UPI
ORD001646,CUST01330,2023-11-15,Processing,UPI
ORD001647,CUST00858,2024-12-24,Cancelled,Cash on Delivery
ORD001648,CUST02388,2024-09-26,Shipped,Wallet
ORD001649,CUST03594,2024-12-15,Delivered,Wallet
ORD001650,CUST00302,2024-05-23,Delivered,UPI
ORD001651,CUST03060,2024-11-05,Shipped,Wallet
ORD001652,CUST04820,2023-11-15,Shipped,Wallet
ORD001653,CUST00444,2024-11-29,Shipped,Wallet
ORD001654,CUST04505,2024-10-02,Delivered,Wallet
ORD001655,CUST03468,2024-08-18,Delivered,Credit Card
ORD001656,CUST00286,2023-10-04,Delivered,Credit Card
ORD001657,CUST03095,2024-12-25,Cancelled,Debit Card
ORD001658,CUST01904,2024-09-24,Delivered,Wallet
ORD001659,CUST01379,2024-09-19,Delivered,Credit Card
ORD001660,CUST03559,2024-06-23,Delivered,Debit Card
ORD001661,CUST01704,2023-09-25,Delivered,Credit Card
ORD001662,CUST02556,2023-05-26,Shipped,Cash on Delivery
ORD001663,CUST01095,2024-05-12,Shipped,Cash on Delivery
ORD001664,CUST01269,2024-12-15,Delivered,Wallet
ORD001665,CUST02013,2023-11-11,Delivered,UPI
ORD001666,CUST03276,2024-07-15,Delivered,Debit Card
ORD001667,CUST01725,2024-12-03,Delivered,Debit Card
ORD001668,CUST02535,2024-12-12,Delivered,Credit Card
ORD001669,CUST02412,2024-10-01,Delivered,Cash on Delivery
ORD001670,CUST04000,2024-10-01,Delivered,UPI
ORD001671,CUST03480,2024-10-08,Delivered,Debit Card
ORD001672,CUST01422,2023-11-08,Cancelled,Cash on Delivery
ORD001673,CUST01528,2024-10-11,Delivered,Wallet
ORD001674,CUST02315,2024-08-02,Delivered,Net Banking
ORD001675,CUST03212,2024-12-15,Delivered,Cash on Delivery
ORD001676,CUST02576,2024-11-23,Delivered,Cash on Delivery
ORD001677,CUST04146,2024-10-07,Shipped,Debit Card
ORD001678,CUST01229,2024-05-24,Delivered,Debit Card
ORD001679,CUST00068,2024-02-18,Delivered,Net Banking
ORD001680,CUST00222,2024-11-29,Delivered,Cash on Delivery
ORD001681,CUST04304,2024-11-12,Delivered,UPI
ORD001682,CUST03646,2023-10-04,Shipped,Wallet
ORD001683,CUST00344,2024-10-25,Delivered,Net Banking
ORD001684,CUST04252,2024-07-24,Returned,Cash on Delivery
ORD001685,CUST00656,2024-12-23,Processing,Wallet
ORD001686,CUST01616,2024-09-06,Delivered,Cash on Delivery
ORD001687,CUST01303,2024-11-17,Delivered,UPI
ORD001688,CUST04242,2024-12-09,Delivered,Credit Card
ORD001689,CUST01966,2024-09-04,Delivered,Cash on Delivery
ORD001690,CUST02945,2024-12-12,Returned,Cash on Delivery
ORD001691,CUST03153,2024-06-27,Delivered,Wallet
ORD001692,CUST04903,2024-09-19,Cancelled,Cash on Delivery
ORD001693,CUST04572,2024-02-02,Shipped,UPI
ORD001694,CUST04759,2024-04-02,Delivered,Credit Card
ORD001695,CUST02834,2024-02-24,Delivered,Cash on Delivery
ORD001696,CUST00108,2024-11-04,Delivered,UPI
ORD001697,CUST04309,2023-07-17,Delivered,Debit Card
ORD001698,CUST01832,2023-09-22,Delivered,Wallet
ORD001699,CUST01651,2023-04-10,Delivered,Credit Card
ORD001700,CUST03414,2024-08-06,Delivered,UPI
ORD001701,CUST02180,2024-12-09,Delivered,Net Banking
ORD001702,CUST04803,2024-06-19,Cancelled,Debit Card
ORD001703,CUST00268,2024-12-20,Delivered,Net Banking
ORD001704,CUST03364,2024-10-05,Delivered,Net Banking
ORD001705,CUST03091,2024-09-04,Delivered,Debit Card
ORD001706,CUST03893,2024-05-11,Cancelled,Net Banking
ORD001707,CUST02110,2024-05-06,Delivered,Credit Card
ORD001708,CUST01675,2023-09-19,Shipped,Debit Card
ORD001709,CUST01764,2024-12-18,Delivered,Net Banking
ORD001710,CUST02500,2024-08-25,Delivered,UPI
ORD001711,CUST03180,2024-12-07,Delivered,Debit Card
ORD001712,CUST02871,2024-12-21,Returned,Debit Card
ORD001713,CUST00175,2023-09-05,Delivered,Credit Card
ORD001714,CUST02560,2024-10-20,Delivered,Credit Card
ORD001715,CUST02768,2024-11-28,Delivered,UPI
ORD001716,CUST03215,2024-03-06,Delivered,Cash on Delivery
ORD001717,CUST03559,2024-08-11,Delivered,UPI
ORD001718,CUST03905,2024-10-23,Processing,Net Banking
ORD001719,CUST04865,2024-10-30,Delivered,Cash on Delivery
ORD001720,CUST01021,2024-10-21,Shipped,Net Banking
ORD001721,CUST01923,2024-12-09,Shipped,Cash on Delivery
ORD001722,CUST03361,2023-05-04,Delivered,Cash on Delivery
ORD001723,CUST00330,2024-12-07,Processing,Wallet
ORD001724,CUST04964,2024-10-06,Delivered,Net Banking
ORD001725,CUST04977,2024-12-25,Cancelled,Debit Card
ORD001726,CUST04709,2024-01-31,Delivered,Cash on Delivery
ORD001727,CUST02029,2024-11-04,Delivered,Cash on Delivery
ORD001728,CUST03897,2024-05-30,Delivered,Cash on Delivery
ORD001729,CUST01598,2024-10-20,Delivered,Debit Card
ORD001730,CUST01887,2024-09-30,Delivered,Debit Card
ORD001731,CUST03902,2024-12-18,Delivered,Net Banking
ORD001732,CUST00753,2024-08-21,Delivered,UPI
ORD001733,CUST04806,2024-10-13,Delivered,Net Banking
ORD001734,CUST01026,2024-09-15,Delivered,Credit Card
ORD001735,CUST01836,2024-12-10,Delivered,Debit Card
ORD001736,CUST00852,2024-10-14,Delivered,Wallet
ORD001737,CUST04781,2024-11-08,Delivered,UPI
ORD001738,CUST01871,2023-01-28,Delivered,Wallet
ORD001739,CUST01785,2023-07-26,Delivered,Credit Card
ORD001740,CUST01390,2024-11-30,Cancelled,Debit Card
ORD001741,CUST01167,2023-11-06,Cancelled,UPI
ORD001742,CUST00827,2023-09-25,Delivered,UPI
ORD001743,CUST04512,2024-01-15,Delivered,Debit Card
ORD001744,CUST04410,2024-06-22,Shipped,Debit Card
ORD001745,CUST01760,2024-07-26,Delivered,Credit Card
ORD001746,CUST03098,2024-03-09,Delivered,UPI
ORD001747,CUST01820,2024-12-28,Processing,UPI
ORD001748,CUST01695,2023-06-06,Delivered,Cash on Delivery
ORD001749,CUST01959,2024-12-21,Delivered,Cash on Delivery
ORD001750,CUST03538,2024-11-13,Delivered,Credit Card
ORD001751,CUST01965,2024-09-20,Delivered,UPI
ORD001752,CUST01202,2024-07-25,Delivered,UPI
ORD001753,CUST04173,2024-11-14,Delivered,Net Banking
ORD001754,CUST01393,2023-05-07,Delivered,Debit Card
ORD001755,CUST01178,2024-12-25,Delivered,Wallet
ORD001756,CUST00640,2024-06-09,Delivered,Cash on Delivery
ORD001757,CUST01161,2024-04-05,Delivered,Net Banking
ORD001758,CUST01631,2023-11-10,Delivered,Net Banking
ORD001759,CUST03645,2023-09-17,Delivered,Cash on Delivery
ORD001760,CUST01334,2024-10-27,Delivered,Net Banking
ORD001761,CUST00638,2024-05-18,Cancelled,Wallet
ORD001762,CUST00921,2024-10-27,Delivered,Cash on Delivery
ORD001763,CUST02189,2024-05-05,Delivered,Wallet
ORD001764,CUST02449,2023-03-16,Delivered,Cash on Delivery
ORD001765,CUST04726,2024-12-22,Delivered,Wallet
ORD001766,CUST01070,2024-12-09,Delivered,Credit Card
ORD001767,CUST04088,2024-08-24,Shipped,UPI
ORD001768,CUST01643,2024-04-28,Delivered,Credit Card
ORD001769,CUST03368,2024-10-30,Processing,Cash on Delivery
ORD001770,CUST01349,2024-12-11,Delivered,Cash on Delivery
ORD001771,CUST04043,2024-09-15,Cancelled,Credit Card
ORD001772,CUST02995,2024-04-13,Shipped,Cash on Delivery
ORD001773,CUST02344,2024-06-27,Delivered,Wallet
ORD001774,CUST00639,2024-08-19,Delivered,Credit Card
ORD001775,CUST02051,2024-11-22,Delivered,Cash on Delivery
ORD001776,CUST03682,2024-12-11,Delivered,Wallet
ORD001777,CUST01783,2024-12-08,Shipped,Cash on Delivery
ORD001778,CUST04223,2024-07-27,Delivered,Wallet
ORD001779,CUST03328,2024-12-23,Delivered,UPI
ORD001780,CUST04355,2024-12-28,Delivered,Wallet
ORD001781,CUST03288,2024-10-08,Cancelled,Cash on Delivery
ORD001782,CUST01527,2023-12-08,Delivered,Credit Card
ORD001783,CUST04207,2024-04-04,Delivered,Credit Card
ORD001784,CUST00686,2024-04-11,Delivered,Credit Card
ORD001785,CUST04517,2024-03-29,Returned,Credit Card
ORD001786,CUST00594,2024-03-17,Delivered,Net Banking
ORD001787,CUST01183,2024-06-27,Delivered,Credit Card
ORD001788,CUST02137,2024-04-29,Delivered,Debit Card
ORD001789,CUST03284,2023-09-26,Delivered,Wallet
ORD001790,CUST00534,2023-12-09,Processing,Debit Card
ORD001791,CUST02977,2024-11-17,Delivered,UPI
ORD001792,CUST02879,2023-12-14,Delivered,Cash on Delivery
ORD001793,CUST03883,2024-09-16,Delivered,Credit Card
ORD001794,CUST01423,2024-09-17,Returned,Debit Card
ORD001795,CUST01286,2024-11-13,Delivered,UPI
ORD001796,CUST01024,2023-08-20,Delivered,UPI
ORD001797,CUST02517,2024-07-24,Delivered,Net Banking
ORD001798,CUST04027,2023-08-17,Delivered,Debit Card
ORD001799,CUST00598,2024-09-06,Cancelled,Net Banking
ORD001800,CUST00378,2024-10-16,Delivered,Wallet
ORD001801,CUST04277,2024-12-19,Delivered,Debit Card
ORD001802,CUST02435,2024-01-25,Delivered,Net Banking
ORD001803,CUST03217,2023-08-18,Processing,Wallet
ORD001804,CUST02534,2024-10-06,Delivered,Cash on Delivery
ORD001805,CUST04613,2024-10-31,Delivered,Cash on Delivery
ORD001806,CUST03504,2024-10-29,Delivered,Cash on Delivery
ORD001807,CUST04176,2023-06-25,Delivered,Wallet
ORD001808,CUST02529,2023-09-03,Cancelled,Wallet
ORD001809,CUST01735,2024-12-26,Delivered,Debit Card
ORD001810,CUST02601,2023-07-12,Delivered,Net Banking
ORD001811,CUST00343,2024-02-28,Delivered,Wallet
ORD001812,CUST02082,2024-11-29,Delivered,Credit Card
ORD001813,CUST03451,2024-07-17,Returned,Cash on Delivery
ORD001814,CUST00397,2024-11-12,Cancelled,Credit Card
ORD001815,CUST00890,2023-06-27,Delivered,UPI
ORD001816,CUST00077,2024-12-04,Returned,Credit Card
ORD001817,CUST00583,2024-06-23,Delivered,Net Banking
ORD001818,CUST04305,2024-03-28,Delivered,UPI
ORD001819,CUST03265,2023-12-09,Delivered,Net Banking
ORD001820,CUST03219,2024-04-29,Delivered,Wallet
ORD001821,CUST00040,2024-12-12,Delivered,Cash on Delivery
ORD001822,CUST00262,2023-10-24,Delivered,Cash on Delivery
ORD001823,CUST02898,2023-10-25,Delivered,Debit Card
ORD001824,CUST01394,2023-12-28,Delivered,Credit Card
ORD001825,CUST00064,2024-11-21,Delivered,Cash on Delivery
ORD001826,CUST00446,2024-08-23,Delivered,UPI
ORD001827,CUST04379,2024-11-19,Delivered,Debit Card
ORD001828,CUST04724,2024-01-09,Delivered,Wallet
ORD001829,CUST02128,2023-12-05,Delivered,Wallet
ORD001830,CUST04127,2024-10-13,Cancelled,Wallet
ORD001831,CUST00651,2023-07-24,Delivered,Wallet
ORD001832,CUST00180,2024-03-30,Delivered,Credit Card
ORD001833,CUST02159,2024-01-12,Delivered,Debit Card
ORD001834,CUST04709,2024-08-08,Delivered,Wallet
ORD001835,CUST00510,2024-06-03,Delivered,Wallet
ORD001836,CUST04274,2024-03-05,Delivered,Credit Card
ORD001837,CUST04237,2024-04-24,Delivered,Net Banking
ORD001838,CUST02836,2024-07-01,Shipped,Cash on Delivery
ORD001839,CUST01970,2024-07-08,Delivered,Net Banking
ORD001840,CUST00246,2024-12-30,Delivered,Wallet
ORD001841,CUST03552,2024-12-08,Delivered,Credit Card
ORD001842,CUST04200,2024-07-09,Delivered,UPI
ORD001843,CUST04277,2024-11-11,Shipped,UPI
ORD001844,CUST01473,2024-12-24,Delivered,Debit Card
ORD001845,CUST02479,2024-03-27,Delivered,Cash on Delivery
ORD001846,CUST03331,2024-05-08,Delivered,Credit Card
ORD001847,CUST00219,2024-08-01,Delivered,Net Banking
ORD001848,CUST01481,2023-11-24,Shipped,Credit Card
ORD001849,CUST01138,2024-12-30,Delivered,Cash on Delivery
ORD001850,CUST02960,2024-11-10,Shipped,UPI
ORD001851,CUST00779,2024-08-04,Delivered,Net Banking
ORD001852,CUST03920,2023-04-27,Delivered,Net Banking
ORD001853,CUST00427,2023-11-01,Cancelled,Debit Card
ORD001854,CUST03644,2023-12-01,Delivered,Credit Card
ORD001855,CUST00214,2024-12-28,Shipped,Wallet
ORD001856,CUST04411,2024-06-16,Delivered,Net Banking
ORD001857,CUST04998,2023-12-12,Delivered,UPI
ORD001858,CUST01610,2023-07-31,Delivered,Wallet
ORD001859,CUST03303,2024-12-18,Delivered,Net Banking
ORD001860,CUST03046,2024-05-28,Shipped,Wallet
ORD001861,CUST03807,2024-08-30,Cancelled,Credit Card
ORD001862,CUST04961,2024-10-18,Delivered,UPI
ORD001863,CUST00706,2024-12-24,Delivered,Debit Card
ORD001864,CUST04106,2023-05-23,Processing,UPI
ORD001865,CUST02490,2024-10-22,Cancelled,Debit Card
ORD001866,CUST04528,2023-10-19,Cancelled,Net Banking
ORD001867,CUST01909,2023-09-23,Returned,Net Banking
ORD001868,CUST04147,2024-03-23,Shipped,Credit Card
ORD001869,CUST03823,2023-11-29,Delivered,Wallet
ORD001870,CUST03688,2024-11-05,Delivered,Net Banking
ORD001871,CUST03808,2023-08-20,Delivered,Wallet
ORD001872,CUST00757,2024-12-21,Delivered,Credit Card
ORD001873,CUST02948,2024-10-13,Processing,Net Banking
ORD001874,CUST00600,2023-08-19,Cancelled,Net Banking
ORD001875,CUST00629,2023-04-10,Delivered,Debit Card
ORD001876,CUST04555,2024-11-08,Delivered,Credit Card
ORD001877,CUST03883,2024-10-22,Returned,Cash on Delivery
ORD001878,CUST01455,2024-11-30,Delivered,UPI
ORD001879,CUST04900,2024-05-19,Returned,UPI
ORD001880,CUST00821,2023-12-03,Delivered,Credit Card
ORD001881,CUST00711,2024-09-28,Delivered,Debit Card
ORD001882,CUST03056,2024-10-04,Cancelled,Credit Card
ORD001883,CUST00759,2024-08-11,Shipped,Cash on Delivery
ORD001884,CUST04443,2024-08-31,Returned,Wallet
ORD001885,CUST01243,2024-09-18,Delivered,Debit Card
ORD001886,CUST02339,2024-03-17,Delivered,Net Banking
ORD001887,CUST03676,2024-08-30,Delivered,Debit Card
ORD001888,CUST00584,2024-12-27,Cancelled,Wallet
ORD001889,CUST03364,2024-02-12,Shipped,Cash on Delivery
ORD001890,CUST02331,2024-12-29,Delivered,Wallet
ORD001891,CUST03243,2024-11-22,Delivered,Net Banking
ORD001892,CUST02999,2024-07-07,Delivered,Wallet
ORD001893,CUST00735,2024-12-13,Returned,UPI
ORD001894,CUST00343,2024-08-28,Delivered,Debit Card
ORD001895,CUST04817,2024-11-23,Delivered,Credit Card
ORD001896,CUST02168,2024-12-24,Returned,Net Banking
ORD001897,CUST00972,2024-09-16,Delivered,Net Banking
ORD001898,CUST00039,2024-08-26,Delivered,Credit Card
ORD001899,CUST04836,2024-06-12,Delivered,UPI
ORD001900,CUST02922,2024-03-26,Delivered,Cash on Delivery
ORD001901,CUST03757,2024-04-24,Delivered,Wallet
ORD001902,CUST02602,2024-12-03,Delivered,Credit Card
ORD001903,CUST01821,2024-10-02,Cancelled,Net Banking
ORD001904,CUST03120,2024-09-20,Returned,Debit Card
ORD001905,CUST03906,2024-06-06,Shipped,Cash on Delivery
ORD001906,CUST04321,2024-06-14,Delivered,Cash on Delivery
ORD001907,CUST03030,2024-05-17,Delivered,Credit Card
ORD001908,CUST00251,2024-05-09,Delivered,Credit Card
ORD001909,CUST00458,2024-10-27,Delivered,Credit Card
ORD001910,CUST04747,2024-12-03,Delivered,Debit Card
ORD001911,CUST00298,2024-04-15,Delivered,UPI
ORD001912,CUST04865,2023-08-27,Delivered,Net Banking
ORD001913,CUST04512,2024-01-06,Delivered,UPI
ORD001914,CUST00916,2024-07-29,Delivered,Debit Card
ORD001915,CUST02839,2024-04-24,Delivered,Wallet
ORD001916,CUST00242,2024-12-01,Delivered,Debit Card
ORD001917,CUST04531,2024-12-15,Returned,Debit Card
ORD001918,CUST04443,2024-10-23,Delivered,Cash on Delivery
ORD001919,CUST01786,2024-11-07,Delivered,Debit Card
ORD001920,CUST01630,2024-07-30,Returned,UPI
ORD001921,CUST04632,2024-09-29,Returned,Cash on Delivery
ORD001922,CUST04310,2024-04-24,Delivered,UPI
ORD001923,CUST03483,2024-04-16,Returned,UPI
ORD001924,CUST00809,2024-12-04,Processing,Wallet
ORD001925,CUST04763,2024-09-25,Delivered,Wallet
ORD001926,CUST00472,2024-12-14,Delivered,Cash on Delivery
ORD001927,CUST01969,2024-12-15,Delivered,Wallet
ORD001928,CUST04557,2024-12-24,Delivered,Net Banking
ORD001929,CUST03465,2024-12-28,Delivered,Cash on Delivery
ORD001930,CUST03374,2024-12-18,Returned,Debit Card
ORD001931,CUST03139,2024-11-10,Shipped,Cash on Delivery
ORD001932,CUST02295,2024-07-25,Delivered,Debit Card
ORD001933,CUST01020,2023-04-07,Delivered,Net Banking
ORD001934,CUST01248,2024-06-24,Delivered,Wallet
ORD001935,CUST01563,2024-07-28,Delivered,Credit Card
ORD001936,CUST04842,2024-11-06,Delivered,Wallet
ORD001937,CUST03318,2024-10-31,Delivered,Wallet
ORD001938,CUST02812,2023-12-28,Processing,Net Banking
ORD001939,CUST00757,2024-07-20,Shipped,Wallet
ORD001940,CUST02889,2024-09-30,Processing,UPI
ORD001941,CUST02524,2024-11-30,Delivered,Wallet
ORD001942,CUST04636,2024-11-30,Delivered,UPI
ORD001943,CUST02015,2024-07-29,Delivered,UPI
ORD001944,CUST01024,2023-07-31,Delivered,Net Banking
ORD001945,CUST01084,2024-02-20,Shipped,Credit Card
ORD001946,CUST00849,2024-04-30,Delivered,Net Banking
ORD001947,CUST04980,2024-12-10,Shipped,UPI
ORD001948,CUST04853,2024-07-22,Delivered,Net Banking
ORD001949,CUST04759,2024-11-11,Delivered,Wallet
ORD001950,CUST04167,2024-03-10,Delivered,Debit Card
ORD001951,CUST02495,2024-08-31,Cancelled,Debit Card
ORD001952,CUST01802,2024-05-08,Delivered,Wallet
ORD001953,CUST01284,2024-03-13,Cancelled,Wallet
ORD001954,CUST00804,2024-12-03,Delivered,Wallet
ORD001955,CUST01193,2024-10-13,Delivered,Wallet
ORD001956,CUST00551,2024-10-09,Delivered,Debit Card
ORD001957,CUST00559,2024-07-09,Delivered,Debit Card
ORD001958,CUST03183,2024-09-21,Cancelled,UPI
ORD001959,CUST04451,2024-04-30,Delivered,Wallet
ORD001960,CUST04831,2024-09-05,Delivered,Debit Card
ORD001961,CUST01867,2024-10-11,Delivered,Net Banking
ORD001962,CUST00130,2023-08-19,Delivered,UPI
ORD001963,CUST00244,2024-12-24,Delivered,Credit Card
ORD001964,CUST01356,2024-06-02,Delivered,Cash on Delivery
ORD001965,CUST04537,2024-12-10,Delivered,Debit Card
ORD001966,CUST04892,2024-11-24,Returned,Wallet
ORD001967,CUST01508,2023-11-26,Cancelled,Cash on Delivery
ORD001968,CUST02847,2024-07-24,Shipped,UPI
ORD001969,CUST00972,2024-12-21,Delivered,Cash on Delivery
ORD001970,CUST00642,2024-10-03,Delivered,Debit Card
ORD001971,CUST02851,2023-11-20,Delivered,Debit Card
ORD001972,CUST04310,2024-07-30,Delivered,Wallet
ORD001973,CUST04436,2024-02-18,Delivered,Debit Card
ORD001974,CUST03855,2024-11-25,Delivered,Debit Card
ORD001975,CUST00258,2024-10-09,Shipped,Wallet
ORD001976,CUST03664,2024-10-16,Delivered,Debit Card
ORD001977,CUST04476,2024-06-10,Delivered,Wallet
ORD001978,CUST02027,2024-04-09,Delivered,Credit Card
ORD001979,CUST04358,2024-06-11,Delivered,Cash on Delivery
ORD001980,CUST02225,2024-12-23,Delivered,Net Banking
ORD001981,CUST00133,2024-04-23,Delivered,UPI
ORD001982,CUST02289,2023-07-13,Delivered,UPI
ORD001983,CUST03917,2023-02-23,Delivered,UPI
ORD001984,CUST03771,2024-09-27,Delivered,Debit Card
ORD001985,CUST04516,2024-10-01,Delivered,Net Banking
ORD001986,CUST01348,2024-03-29,Delivered,Net Banking
ORD001987,CUST01832,2023-02-03,Delivered,Credit Card
ORD001988,CUST03569,2024-06-25,Delivered,Credit Card
ORD001989,CUST03355,2024-10-28,Delivered,Cash on Delivery
ORD001990,CUST03679,2024-11-24,Shipped,Wallet
ORD001991,CUST01197,2024-10-22,Processing,UPI
ORD001992,CUST00614,2024-11-10,Delivered,Credit Card
ORD001993,CUST04741,2023-09-05,Delivered,Credit Card
ORD001994,CUST03415,2024-10-09,Delivered,Credit Card
ORD001995,CUST02655,2024-04-14,Delivered,Net Banking
ORD001996,CUST04317,2023-08-01,Delivered,Cash on Delivery
ORD001997,CUST00507,2024-12-11,Delivered,Debit Card
ORD001998,CUST04615,2024-07-19,Delivered,Net Banking
ORD001999,CUST02566,2024-12-16,Delivered,Wallet
ORD002000,CUST02995,2024-02-23,Delivered,Debit Card
ORD002001,CUST00847,2024-06-20,Shipped,Debit Card
ORD002002,CUST02875,2024-10-12,Delivered,Net Banking
ORD002003,CUST01451,2023-10-25,Shipped,Cash on Delivery
ORD002004,CUST00722,2023-03-28,Delivered,Wallet
ORD002005,CUST01287,2024-04-19,Cancelled,Credit Card
ORD002006,CUST04386,2024-10-18,Delivered,Net Banking
ORD002007,CUST03744,2024-04-21,Delivered,Debit Card
ORD002008,CUST03772,2024-12-06,Cancelled,UPI
ORD002009,CUST00875,2023-12-03,Delivered,Cash on Delivery
ORD002010,CUST02390,2023-06-04,Delivered,Cash on Delivery
ORD002011,CUST03962,2024-11-02,Delivered,Debit Card
ORD002012,CUST01701,2024-06-14,Delivered,Net Banking
ORD002013,CUST04639,2024-12-30,Delivered,Wallet
ORD002014,CUST04303,2024-04-16,Processing,Cash on Delivery
ORD002015,CUST02517,2024-10-09,Processing,Net Banking
ORD002016,CUST01990,2023-10-18,Delivered,UPI
ORD002017,CUST04040,2024-09-26,Delivered,Cash on Delivery
ORD002018,CUST03051,2024-10-31,Delivered,Credit Card
ORD002019,CUST01399,2024-02-14,Delivered,Cash on Delivery
ORD002020,CUST02454,2024-03-08,Delivered,Debit Card
ORD002021,CUST04371,2023-10-25,Shipped,Credit Card
ORD002022,CUST01517,2023-09-13,Delivered,Cash on Delivery
ORD002023,CUST04542,2024-12-04,Delivered,Cash on Delivery
ORD002024,CUST03732,2023-06-13,Delivered,UPI
ORD002025,CUST01935,2024-09-15,Delivered,Debit Card
ORD002026,CUST00916,2024-10-28,Delivered,Net Banking
ORD002027,CUST00913,2024-08-08,Processing,Debit Card
ORD002028,CUST00462,2024-09-30,Delivered,Credit Card
ORD002029,CUST01938,2024-03-07,Returned,UPI
ORD002030,CUST03902,2024-12-11,Delivered,Cash on Delivery
ORD002031,CUST02252,2024-04-17,Delivered,Net Banking
ORD002032,CUST02505,2024-07-01,Cancelled,Wallet
ORD002033,CUST02816,2023-10-23,Delivered,Debit Card
ORD002034,CUST02109,2024-12-29,Cancelled,Debit Card
ORD002035,CUST03225,2024-10-22,Delivered,Cash on Delivery
ORD002036,CUST01990,2024-10-12,Delivered,Net Banking
ORD002037,CUST00022,2024-01-17,Cancelled,Debit Card
ORD002038,CUST02041,2023-08-01,Delivered,Net Banking
ORD002039,CUST01326,2024-11-06,Delivered,Credit Card
ORD002040,CUST00528,2024-12-29,Delivered,Net Banking
ORD002041,CUST04573,2024-11-25,Delivered,Net Banking
ORD002042,CUST02900,2023-09-24,Delivered,Cash on Delivery
ORD002043,CUST01455,2024-09-10,Returned,UPI
ORD002044,CUST03626,2024-04-01,Shipped,Credit Card
ORD002045,CUST04642,2024-08-08,Delivered,Net Banking
ORD002046,CUST01267,2024-12-10,Delivered,Wallet
ORD002047,CUST03443,2024-10-21,Delivered,Cash on Delivery
ORD002048,CUST04507,2024-11-24,Shipped,Wallet
ORD002049,CUST01481,2023-11-30,Delivered,Net Banking
ORD002050,CUST04865,2023-07-20,Delivered,Debit Card
ORD002051,CUST01473,2024-12-24,Delivered,UPI
ORD002052,CUST02114,2024-04-30,Delivered,Wallet
ORD002053,CUST01325,2024-03-30,Delivered,Net Banking
ORD002054,CUST01166,2024-12-30,Delivered,Wallet
ORD002055,CUST03742,2024-04-05,Returned,UPI
ORD002056,CUST00004,2024-09-01,Delivered,Net Banking
ORD002057,CUST02726,2024-11-26,Delivered,Cash on Delivery
ORD002058,CUST04436,2023-08-17,Cancelled,Net Banking
ORD002059,CUST01896,2024-08-16,Returned,UPI
ORD002060,CUST04105,2024-03-13,Delivered,UPI
ORD002061,CUST00556,2024-09-04,Delivered,Wallet
ORD002062,CUST02144,2024-01-04,Delivered,Cash on Delivery
ORD002063,CUST01721,2024-11-28,Delivered,UPI
ORD002064,CUST00789,2024-04-22,Delivered,UPI
ORD002065,CUST04465,2024-10-15,Delivered,Debit Card
ORD002066,CUST01205,2023-11-23,Cancelled,Wallet
ORD002067,CUST01305,2024-10-05,Delivered,Net Banking
ORD002068,CUST04016,2024-10-09,Delivered,Wallet
ORD002069,CUST01810,2024-12-02,Delivered,Cash on Delivery
ORD002070,CUST00635,2024-11-04,Delivered,UPI
ORD002071,CUST00729,2024-04-02,Delivered,Debit Card
ORD002072,CUST04169,2024-03-23,Cancelled,UPI
ORD002073,CUST01232,2024-10-29,Returned,UPI
ORD002074,CUST00168,2024-12-16,Shipped,Credit Card
ORD002075,CUST03449,2023-08-11,Shipped,Credit Card
ORD002076,CUST04821,2024-05-29,Delivered,Cash on Delivery
ORD002077,CUST03265,2024-04-27,Returned,UPI
ORD002078,CUST01352,2024-12-24,Delivered,Wallet
ORD002079,CUST02767,2024-03-09,Delivered,Debit Card
ORD002080,CUST00143,2024-08-17,Delivered,UPI
ORD002081,CUST02152,2024-02-07,Processing,Net Banking
ORD002082,CUST03046,2024-09-28,Returned,Net Banking
ORD002083,CUST01528,2024-11-11,Delivered,Credit Card
ORD002084,CUST01664,2024-10-28,Delivered,Wallet
ORD002085,CUST00212,2024-12-28,Delivered,Wallet
ORD002086,CUST03662,2024-06-13,Delivered,Debit Card
ORD002087,CUST04825,2024-08-30,Shipped,Wallet
ORD002088,CUST03105,2024-07-17,Shipped,Net Banking
ORD002089,CUST03347,2024-11-11,Delivered,Cash on Delivery
ORD002090,CUST03297,2024-02-02,Delivered,UPI
ORD002091,CUST04991,2024-01-28,Cancelled,Wallet
ORD002092,CUST01176,2024-12-29,Delivered,Wallet
ORD002093,CUST03401,2024-07-10,Cancelled,Net Banking
ORD002094,CUST02902,2024-11-10,Delivered,Debit Card
ORD002095,CUST00702,2024-10-16,Delivered,Debit Card
ORD002096,CUST02985,2024-02-06,Delivered,Credit Card
ORD002097,CUST01185,2024-10-01,Delivered,Wallet
ORD002098,CUST01110,2024-11-27,Delivered,Net Banking
ORD002099,CUST01060,2024-08-22,Delivered,UPI
ORD002100,CUST03498,2024-08-03,Delivered,Cash on Delivery
ORD002101,CUST00135,2024-06-08,Cancelled,Wallet
ORD002102,CUST04040,2024-06-26,Delivered,Debit Card
ORD002103,CUST00688,2024-09-29,Delivered,UPI
ORD002104,CUST00932,2024-12-05,Delivered,Wallet
ORD002105,CUST00269,2024-10-14,Delivered,Wallet
ORD002106,CUST01029,2024-06-09,Delivered,Wallet
ORD002107,CUST02487,2024-12-19,Returned,Cash on Delivery
ORD002108,CUST04167,2024-10-16,Delivered,UPI
ORD002109,CUST02083,2024-07-15,Delivered,Credit Card
ORD002110,CUST03008,2024-05-01,Delivered,Debit Card
ORD002111,CUST01049,2024-10-16,Cancelled,Debit Card
ORD002112,CUST01959,2024-04-07,Returned,Cash on Delivery
ORD002113,CUST00168,2024-10-11,Delivered,Debit Card
ORD002114,CUST02731,2024-10-12,Processing,Debit Card
ORD002115,CUST02862,2023-11-07,Delivered,Net Banking
ORD002116,CUST03616,2024-08-20,Cancelled,Debit Card
ORD002117,CUST00025,2024-02-03,Cancelled,Debit Card
ORD002118,CUST04785,2024-11-14,Delivered,Wallet
ORD002119,CUST03457,2024-11-04,Delivered,Wallet
ORD002120,CUST02037,2024-10-23,Delivered,Wallet
ORD002121,CUST02759,2024-01-24,Processing,Wallet
ORD002122,CUST04901,2024-02-02,Delivered,Net Banking
ORD002123,CUST02250,2024-07-26,Delivered,UPI
ORD002124,CUST02926,2024-09-15,Delivered,Cash on Delivery
ORD002125,CUST04314,2024-05-09,Cancelled,Debit Card
ORD002126,CUST03407,2024-02-13,Delivered,Cash on Delivery
ORD002127,CUST01653,2024-12-23,Shipped,Wallet
ORD002128,CUST00037,2024-10-16,Delivered,UPI
ORD002129,CUST00380,2024-09-24,Delivered,Credit Card
ORD002130,CUST03351,2024-12-30,Delivered,Net Banking
ORD002131,CUST00300,2024-05-04,Delivered,Net Banking
ORD002132,CUST02948,2024-01-21,Delivered,Wallet
ORD002133,CUST04516,2024-04-14,Cancelled,Credit Card
ORD002134,CUST02256,2024-09-28,Delivered,UPI
ORD002135,CUST02822,2024-12-30,Processing,Net Banking
ORD002136,CUST04147,2024-04-09,Delivered,UPI
ORD002137,CUST03344,2023-06-23,Delivered,Debit Card
ORD002138,CUST01276,2024-10-09,Delivered,Cash on Delivery
ORD002139,CUST02004,2024-12-10,Delivered,Credit Card
ORD002140,CUST03348,2024-12-27,Delivered,UPI
ORD002141,CUST02076,2024-12-28,Delivered,Credit Card
ORD002142,CUST00135,2024-01-19,Cancelled,Debit Card
ORD002143,CUST01021,2024-10-05,Delivered,Credit Card
ORD002144,CUST02065,2024-04-05,Delivered,Cash on Delivery
ORD002145,CUST00406,2024-03-01,Shipped,Wallet
ORD002146,CUST03302,2024-11-28,Delivered,UPI
ORD002147,CUST01156,2023-12-27,Delivered,Net Banking
ORD002148,CUST03792,2024-08-29,Delivered,Cash on Delivery
ORD002149,CUST02361,2023-10-22,Delivered,Cash on Delivery
ORD002150,CUST00266,2024-09-28,Delivered,Wallet
ORD002151,CUST02385,2024-12-04,Shipped,UPI
ORD002152,CUST03990,2024-11-22,Delivered,Debit Card
ORD002153,CUST02646,2024-05-14,Processing,Credit Card
ORD002154,CUST01253,2024-10-16,Cancelled,UPI
ORD002155,CUST02823,2023-12-19,Processing,UPI
ORD002156,CUST01698,2024-10-30,Delivered,Credit Card
ORD002157,CUST04386,2024-10-12,Delivered,Wallet
ORD002158,CUST03134,2024-11-20,Delivered,Credit Card
ORD002159,CUST01846,2024-03-27,Delivered,Debit Card
ORD002160,CUST04146,2024-12-19,Shipped,Credit Card
ORD002161,CUST04262,2024-11-15,Delivered,Cash on Delivery
ORD002162,CUST04918,2024-09-22,Delivered,Cash on Delivery
ORD002163,CUST01314,2024-11-10,Delivered,Wallet
ORD002164,CUST03388,2024-11-07,Delivered,Credit Card
ORD002165,CUST04347,2024-01-16,Delivered,Wallet
ORD002166,CUST00335,2024-03-07,Delivered,Debit Card
ORD002167,CUST02501,2024-01-14,Delivered,Net Banking
ORD002168,CUST01174,2024-05-07,Cancelled,Debit Card
ORD002169,CUST00471,2024-12-29,Shipped,Cash on Delivery
ORD002170,CUST02349,2024-10-28,Shipped,Net Banking
ORD002171,CUST02579,2024-10-24,Shipped,Credit Card
ORD002172,CUST04877,2024-06-19,Cancelled,UPI
ORD002173,CUST00248,2023-10-10,Cancelled,Credit Card
ORD002174,CUST04512,2024-05-13,Delivered,Debit Card
ORD002175,CUST02679,2024-01-21,Delivered,Net Banking
ORD002176,CUST03832,2024-12-05,Delivered,UPI
ORD002177,CUST02768,2024-04-03,Delivered,Wallet
ORD002178,CUST01308,2023-10-13,Delivered,Wallet
ORD002179,CUST00993,2024-12-13,Shipped,Debit Card
ORD002180,CUST00629,2023-01-28,Delivered,Cash on Delivery
ORD002181,CUST00720,2023-06-25,Processing,UPI
ORD002182,CUST01101,2024-08-13,Delivered,Debit Card
ORD002183,CUST03265,2024-04-17,Shipped,Credit Card
ORD002184,CUST02363,2024-06-05,Delivered,Credit Card
ORD002185,CUST04923,2024-10-12,Delivered,UPI
ORD002186,CUST03284,2024-08-20,Delivered,Debit Card
ORD002187,CUST04999,2024-01-25,Delivered,Wallet
ORD002188,CUST04518,2024-10-03,Delivered,Cash on Delivery
ORD002189,CUST00523,2024-02-22,Cancelled,UPI
ORD002190,CUST00260,2023-12-08,Returned,Credit Card
ORD002191,CUST03318,2024-12-13,Delivered,Credit Card
ORD002192,CUST00125,2024-05-11,Delivered,Net Banking
ORD002193,CUST01525,2024-12-25,Cancelled,Net Banking
ORD002194,CUST03977,2023-09-22,Processing,UPI
ORD002195,CUST00371,2024-11-29,Delivered,Net Banking
ORD002196,CUST00680,2023-03-31,Cancelled,Wallet
ORD002197,CUST01140,2024-07-08,Delivered,Net Banking
ORD002198,CUST00867,2024-08-22,Cancelled,Credit Card
ORD002199,CUST04443,2024-04-01,Returned,Wallet
ORD002200,CUST04040,2024-12-23,Delivered,Debit Card
ORD002201,CUST00263,2024-08-10,Delivered,Wallet
ORD002202,CUST04170,2024-12-27,Delivered,Debit Card
ORD002203,CUST03697,2023-06-06,Delivered,Wallet
ORD002204,CUST03196,2024-11-10,Delivered,Debit Card
ORD002205,CUST03453,2024-12-14,Shipped,Debit Card
ORD002206,CUST02600,2024-02-17,Delivered,UPI
ORD002207,CUST04631,2024-07-04,Delivered,Debit Card
ORD002208,CUST02361,2023-06-24,Delivered,Net Banking
ORD002209,CUST00462,2024-10-08,Shipped,Wallet
ORD002210,CUST02256,2024-05-15,Delivered,Cash on Delivery
ORD002211,CUST04925,2024-12-26,Cancelled,Net Banking
ORD002212,CUST02824,2024-12-30,Shipped,Debit Card
ORD002213,CUST00284,2024-09-16,Delivered,Net Banking
ORD002214,CUST00301,2024-05-19,Cancelled,Cash on Delivery
ORD002215,CUST01549,2024-10-26,Delivered,Debit Card
ORD002216,CUST04813,2023-06-14,Shipped,Cash on Delivery
ORD002217,CUST04768,2024-10-13,Delivered,Credit Card
ORD002218,CUST02910,2023-12-18,Delivered,Net Banking
ORD002219,CUST03590,2024-03-21,Delivered,Debit Card
ORD002220,CUST04237,2024-11-28,Delivered,Credit Card
ORD002221,CUST03109,2024-05-04,Delivered,Net Banking
ORD002222,CUST04789,2024-07-07,Delivered,Wallet
ORD002223,CUST02088,2024-10-24,Returned,Net Banking
ORD002224,CUST02566,2024-12-09,Delivered,UPI
ORD002225,CUST00172,2024-07-06,Shipped,UPI
ORD002226,CUST02013,2024-07-03,Delivered,Net Banking
ORD002227,CUST01056,2024-10-12,Returned,Cash on Delivery
ORD002228,CUST00243,2024-12-01,Returned,Wallet
ORD002229,CUST02289,2023-12-02,Delivered,Net Banking
ORD002230,CUST01820,2024-12-20,Shipped,Net Banking
ORD002231,CUST01646,2024-11-21,Delivered,UPI
ORD002232,CUST00035,2024-12-29,Delivered,Wallet
ORD002233,CUST04148,2024-10-10,Cancelled,UPI
ORD002234,CUST00335,2024-08-27,Delivered,Debit Card
ORD002235,CUST01878,2024-07-20,Delivered,Net Banking
ORD002236,CUST00544,2024-10-15,Delivered,Net Banking
ORD002237,CUST01871,2024-10-02,Cancelled,Cash on Delivery
ORD002238,CUST04322,2024-12-19,Delivered,Debit Card
ORD002239,CUST01597,2024-05-19,Shipped,Wallet
ORD002240,CUST03153,2024-11-18,Delivered,Debit Card
ORD002241,CUST04916,2024-10-27,Delivered,Debit Card
ORD002242,CUST01197,2024-10-10,Delivered,Wallet
ORD002243,CUST03422,2024-05-12,Delivered,UPI
ORD002244,CUST03994,2024-10-12,Delivered,Cash on Delivery
ORD002245,CUST03911,2024-12-29,Delivered,Credit Card
ORD002246,CUST00055,2024-10-23,Delivered,UPI
ORD002247,CUST02787,2024-09-04,Delivered,Wallet
ORD002248,CUST01525,2024-09-23,Delivered,Wallet
ORD002249,CUST04992,2024-07-10,Delivered,Debit Card
ORD002250,CUST01488,2024-03-23,Delivered,Wallet
ORD002251,CUST04497,2023-10-23,Delivered,Debit Card
ORD002252,CUST04534,2024-12-26,Delivered,Credit Card
ORD002253,CUST04800,2024-09-04,Shipped,Wallet
ORD002254,CUST03820,2024-09-28,Delivered,Net Banking
ORD002255,CUST00480,2024-12-12,Delivered,Debit Card
ORD002256,CUST01429,2024-11-05,Delivered,Cash on Delivery
ORD002257,CUST02521,2024-11-22,Delivered,Cash on Delivery
ORD002258,CUST04073,2024-03-27,Delivered,Debit Card
ORD002259,CUST04206,2023-08-05,Delivered,Credit Card
ORD002260,CUST04497,2023-11-07,Delivered,UPI
ORD002261,CUST03837,2024-11-22,Delivered,Credit Card
ORD002262,CUST01325,2024-11-06,Delivered,Cash on Delivery
ORD002263,CUST01842,2023-10-12,Delivered,Wallet
ORD002264,CUST01820,2024-12-25,Cancelled,Cash on Delivery
ORD002265,CUST02841,2023-08-03,Delivered,UPI
ORD002266,CUST03723,2024-09-02,Delivered,Cash on Delivery
ORD002267,CUST03121,2023-08-03,Cancelled,Credit Card
ORD002268,CUST03648,2024-05-28,Delivered,Debit Card
ORD002269,CUST04310,2024-11-13,Delivered,UPI
ORD002270,CUST03948,2024-10-31,Processing,Wallet
ORD002271,CUST04516,2024-04-08,Shipped,Net Banking
ORD002272,CUST03448,2024-04-19,Processing,Debit Card
ORD002273,CUST03923,2024-11-24,Cancelled,Credit Card
ORD002274,CUST03990,2024-09-11,Delivered,Cash on Delivery
ORD002275,CUST02894,2023-12-21,Cancelled,Debit Card
ORD002276,CUST03611,2024-09-03,Delivered,UPI
ORD002277,CUST02779,2024-11-28,Delivered,Debit Card
ORD002278,CUST01050,2024-01-18,Processing,Wallet
ORD002279,CUST03094,2024-11-05,Delivered,Debit Card
ORD002280,CUST03283,2024-09-21,Delivered,Wallet
ORD002281,CUST02594,2024-11-25,Processing,UPI
ORD002282,CUST00967,2024-12-24,Delivered,Cash on Delivery
ORD002283,CUST01653,2024-03-13,Delivered,Cash on Delivery
ORD002284,CUST02214,2023-06-10,Delivered,Wallet
ORD002285,CUST03471,2024-05-29,Delivered,UPI
ORD002286,CUST02634,2024-12-17,Returned,Debit Card
ORD002287,CUST00983,2024-11-13,Cancelled,Net Banking
ORD002288,CUST03493,2024-12-17,Delivered,Wallet
ORD002289,CUST01091,2023-09-19,Shipped,UPI
ORD002290,CUST01891,2023-08-28,Delivered,Wallet
ORD002291,CUST02777,2024-06-05,Delivered,Debit Card
ORD002292,CUST03808,2024-12-07,Delivered,Wallet
ORD002293,CUST00143,2024-09-22,Processing,UPI
ORD002294,CUST03724,2024-12-19,Delivered,Wallet
ORD002295,CUST04321,2024-07-01,Delivered,Net Banking
ORD002296,CUST03467,2024-10-02,Delivered,Credit Card
ORD002297,CUST00372,2024-10-06,Delivered,Wallet
ORD002298,CUST03205,2024-12-24,Processing,Net Banking
ORD002299,CUST02049,2023-06-12,Processing,Debit Card
ORD002300,CUST04419,2024-04-17,Shipped,Credit Card
ORD002301,CUST02211,2023-10-29,Delivered,Net Banking
ORD002302,CUST01636,2024-11-16,Returned,Net Banking
ORD002303,CUST04677,2024-07-02,Delivered,UPI
ORD002304,CUST00665,2024-07-15,Delivered,Debit Card
ORD002305,CUST03364,2024-01-13,Delivered,Net Banking
ORD002306,CUST00251,2024-08-17,Delivered,Wallet
ORD002307,CUST02374,2024-06-13,Delivered,Cash on Delivery
ORD002308,CUST02856,2024-09-17,Delivered,Cash on Delivery
ORD002309,CUST04764,2024-11-14,Cancelled,Credit Card
ORD002310,CUST03651,2023-07-19,Shipped,UPI
ORD002311,CUST03538,2024-09-18,Delivered,Credit Card
ORD002312,CUST02538,2024-05-01,Delivered,Net Banking
ORD002313,CUST00386,2024-11-21,Delivered,Credit Card
ORD002314,CUST04747,2024-11-23,Shipped,Debit Card
ORD002315,CUST02134,2024-04-04,Delivered,Debit Card
ORD002316,CUST01606,2024-09-04,Delivered,Credit Card
ORD002317,CUST03907,2024-11-28,Delivered,Net Banking
ORD002318,CUST02906,2024-04-24,Returned,Net Banking
ORD002319,CUST03521,2023-07-25,Delivered,Net Banking
ORD002320,CUST00877,2024-10-02,Cancelled,Debit Card
ORD002321,CUST00316,2024-06-24,Delivered,Wallet
ORD002322,CUST03303,2024-12-11,Delivered,Cash on Delivery
ORD002323,CUST02676,2024-03-15,Delivered,Net Banking
ORD002324,CUST02541,2024-05-01,Cancelled,Wallet
ORD002325,CUST04137,2024-06-20,Shipped,Cash on Delivery
ORD002326,CUST01798,2024-07-08,Cancelled,UPI
ORD002327,CUST01145,2023-09-16,Delivered,Wallet
ORD002328,CUST03837,2024-05-25,Delivered,Wallet
ORD002329,CUST04578,2024-04-15,Delivered,Credit Card
ORD002330,CUST02323,2024-11-17,Cancelled,Net Banking
ORD002331,CUST00381,2024-05-17,Delivered,Debit Card
ORD002332,CUST04214,2024-08-23,Delivered,Cash on Delivery
ORD002333,CUST03186,2024-11-05,Delivered,Debit Card
ORD002334,CUST01731,2023-09-23,Delivered,UPI
ORD002335,CUST00265,2024-10-07,Shipped,Credit Card
ORD002336,CUST04293,2024-11-23,Shipped,Wallet
ORD002337,CUST02572,2024-08-08,Delivered,Credit Card
ORD002338,CUST00296,2024-10-10,Delivered,Debit Card
ORD002339,CUST01322,2024-09-13,Shipped,Net Banking
ORD002340,CUST01095,2024-04-26,Processing,Debit Card
ORD002341,CUST01217,2024-06-19,Shipped,Net Banking
ORD002342,CUST03558,2024-12-26,Delivered,Debit Card
ORD002343,CUST02167,2024-10-19,Delivered,Cash on Delivery
ORD002344,CUST00562,2024-11-08,Cancelled,Debit Card
ORD002345,CUST04936,2023-09-13,Shipped,Wallet
ORD002346,CUST04390,2024-11-04,Processing,Cash on Delivery
ORD002347,CUST04332,2024-02-12,Delivered,Debit Card
ORD002348,CUST00162,2024-11-03,Delivered,Credit Card
ORD002349,CUST00723,2024-06-30,Cancelled,Net Banking
ORD002350,CUST02344,2024-10-30,Delivered,UPI
ORD002351,CUST00688,2023-06-29,Delivered,UPI
ORD002352,CUST00415,2024-10-09,Delivered,UPI
ORD002353,CUST01326,2024-11-24,Cancelled,Debit Card
ORD002354,CUST04497,2024-06-13,Returned,Debit Card
ORD002355,CUST00256,2024-12-27,Cancelled,Cash on Delivery
ORD002356,CUST02131,2024-06-05,Cancelled,Credit Card
ORD002357,CUST04865,2024-04-17,Delivered,Cash on Delivery
ORD002358,CUST03265,2024-07-09,Delivered,Net Banking
ORD002359,CUST00058,2023-11-12,Delivered,Cash on Delivery
ORD002360,CUST01343,2023-05-30,Delivered,Debit Card
ORD002361,CUST00052,2024-08-11,Delivered,Wallet
ORD002362,CUST01658,2023-12-20,Shipped,UPI
ORD002363,CUST02667,2024-12-21,Processing,Cash on Delivery
ORD002364,CUST00038,2024-05-11,Delivered,Net Banking
ORD002365,CUST02288,2023-09-19,Returned,Net Banking
ORD002366,CUST01899,2024-11-11,Delivered,Credit Card
ORD002367,CUST01092,2024-08-12,Delivered,Net Banking
ORD002368,CUST00815,2024-12-27,Shipped,Wallet
ORD002369,CUST02811,2024-09-04,Delivered,Wallet
ORD002370,CUST04016,2024-10-23,Delivered,UPI
ORD002371,CUST03396,2024-10-29,Delivered,UPI
ORD002372,CUST03376,2024-04-14,Delivered,Net Banking
ORD002373,CUST04194,2024-02-09,Delivered,Wallet
ORD002374,CUST01002,2024-03-03,Shipped,Cash on Delivery
ORD002375,CUST01035,2024-09-14,Delivered,Cash on Delivery
ORD002376,CUST00496,2024-04-10,Delivered,Wallet
ORD002377,CUST02670,2024-05-28,Shipped,Debit Card
ORD002378,CUST00127,2024-04-18,Delivered,Cash on Delivery
ORD002379,CUST01713,2023-12-20,Delivered,Wallet
ORD002380,CUST00912,2024-09-02,Delivered,Net Banking
ORD002381,CUST04010,2024-04-16,Delivered,Net Banking
ORD002382,CUST02343,2023-05-03,Delivered,Cash on Delivery
ORD002383,CUST01286,2024-11-08,Cancelled,Cash on Delivery
ORD002384,CUST00219,2023-11-15,Returned,Credit Card
ORD002385,CUST03459,2024-08-17,Delivered,UPI
ORD002386,CUST00550,2024-11-17,Delivered,Net Banking
ORD002387,CUST04864,2024-04-27,Delivered,Credit Card
ORD002388,CUST00712,2023-11-20,Delivered,Debit Card
ORD002389,CUST01110,2024-05-04,Delivered,Cash on Delivery
ORD002390,CUST02501,2024-04-19,Delivered,Wallet
ORD002391,CUST01294,2024-06-04,Returned,Wallet
ORD002392,CUST03754,2024-04-04,Delivered,Cash on Delivery
ORD002393,CUST04960,2024-06-25,Delivered,Net Banking
ORD002394,CUST02168,2024-12-30,Delivered,Wallet
ORD002395,CUST03621,2024-10-31,Returned,Credit Card
ORD002396,CUST02422,2024-07-03,Shipped,Wallet
ORD002397,CUST02046,2024-04-09,Returned,Net Banking
ORD002398,CUST00198,2023-07-03,Delivered,Credit Card
ORD002399,CUST03379,2024-08-23,Delivered,UPI
ORD002400,CUST02430,2024-10-09,Delivered,Net Banking
ORD002401,CUST02792,2024-10-16,Cancelled,Credit Card
ORD002402,CUST01481,2024-05-22,Returned,Debit Card
ORD002403,CUST02768,2024-11-17,Cancelled,Credit Card
ORD002404,CUST01597,2024-09-28,Delivered,Debit Card
ORD002405,CUST00311,2024-12-22,Cancelled,Debit Card
ORD002406,CUST00559,2024-11-15,Delivered,UPI
ORD002407,CUST01334,2024-11-03,Delivered,Cash on Delivery
ORD002408,CUST02775,2024-06-23,Delivered,Credit Card
ORD002409,CUST01389,2024-11-12,Delivered,Debit Card
ORD002410,CUST02805,2023-12-11,Delivered,Debit Card
ORD002411,CUST04998,2024-03-07,Delivered,Cash on Delivery
ORD002412,CUST01317,2024-03-06,Delivered,Credit Card
ORD002413,CUST03182,2023-11-15,Delivered,Debit Card
ORD002414,CUST01926,2024-09-15,Delivered,Debit Card
ORD002415,CUST01770,2024-09-15,Delivered,Wallet
ORD002416,CUST04233,2024-12-26,Delivered,Debit Card
ORD002417,CUST02092,2024-12-11,Cancelled,Credit Card
ORD002418,CUST04838,2023-10-09,Cancelled,Debit Card
ORD002419,CUST03503,2023-12-06,Delivered,Wallet
ORD002420,CUST04635,2024-08-27,Processing,Cash on Delivery
ORD002421,CUST04522,2024-12-20,Delivered,Debit Card
ORD002422,CUST00842,2024-05-30,Processing,Cash on Delivery
ORD002423,CUST03788,2024-07-24,Delivered,Credit Card
ORD002424,CUST01077,2024-12-28,Delivered,Cash on Delivery
ORD002425,CUST02385,2024-11-24,Shipped,Credit Card
ORD002426,CUST04528,2023-11-10,Shipped,UPI
ORD002427,CUST01766,2024-11-19,Delivered,Wallet
ORD002428,CUST00261,2024-11-27,Delivered,Credit Card
ORD002429,CUST04003,2024-08-14,Delivered,Cash on Delivery
ORD002430,CUST03060,2024-10-28,Processing,Cash on Delivery
ORD002431,CUST04200,2024-09-17,Delivered,Net Banking
ORD002432,CUST04545,2023-07-11,Delivered,Debit Card
ORD002433,CUST01617,2024-04-21,Delivered,Net Banking
ORD002434,CUST04439,2024-12-29,Delivered,Wallet
ORD002435,CUST02759,2024-07-11,Delivered,Net Banking
ORD002436,CUST01926,2024-10-07,Cancelled,Cash on Delivery
ORD002437,CUST01832,2024-01-13,Delivered,Debit Card
ORD002438,CUST04900,2024-12-15,Delivered,UPI
ORD002439,CUST02359,2024-12-03,Delivered,Debit Card
ORD002440,CUST00945,2024-12-29,Delivered,Cash on Delivery
ORD002441,CUST03800,2024-11-07,Delivered,Net Banking
ORD002442,CUST02559,2024-11-12,Cancelled,Debit Card
ORD002443,CUST03399,2023-12-12,Delivered,Debit Card
ORD002444,CUST00962,2024-10-23,Delivered,Net Banking
ORD002445,CUST04029,2024-12-10,Delivered,Credit Card
ORD002446,CUST00613,2024-12-19,Delivered,Debit Card
ORD002447,CUST04741,2023-05-17,Delivered,Credit Card
ORD002448,CUST02686,2023-12-08,Returned,UPI
ORD002449,CUST03234,2024-07-06,Delivered,UPI
ORD002450,CUST01198,2024-08-20,Delivered,Credit Card
ORD002451,CUST03357,2023-07-09,Cancelled,UPI
ORD002452,CUST02316,2024-09-21,Delivered,UPI
ORD002453,CUST02823,2024-05-17,Delivered,Debit Card
ORD002454,CUST01751,2024-06-21,Cancelled,Wallet
ORD002455,CUST02663,2024-10-02,Delivered,UPI
ORD002456,CUST01183,2024-05-21,Cancelled,Net Banking
ORD002457,CUST04281,2024-05-14,Returned,Wallet
ORD002458,CUST01524,2024-11-28,Delivered,Debit Card
ORD002459,CUST02514,2024-02-26,Delivered,Credit Card
ORD002460,CUST03544,2024-12-01,Returned,Credit Card
ORD002461,CUST04167,2024-10-18,Delivered,Debit Card
ORD002462,CUST00246,2024-12-25,Delivered,Debit Card
ORD002463,CUST04121,2024-12-15,Delivered,Credit Card
ORD002464,CUST01493,2024-11-04,Delivered,Wallet
ORD002465,CUST01865,2024-12-14,Delivered,Cash on Delivery
ORD002466,CUST01244,2023-09-06,Delivered,Debit Card
ORD002467,CUST04257,2023-08-23,Shipped,Cash on Delivery
ORD002468,CUST02120,2024-07-10,Shipped,Wallet
ORD002469,CUST01397,2024-11-14,Delivered,UPI
ORD002470,CUST02238,2024-12-27,Delivered,Wallet
ORD002471,CUST02345,2024-01-12,Delivered,Cash on Delivery
ORD002472,CUST02523,2024-11-17,Delivered,Cash on Delivery
ORD002473,CUST00385,2024-10-02,Delivered,Wallet
ORD002474,CUST04659,2024-12-10,Delivered,Credit Card
ORD002475,CUST01397,2024-08-12,Delivered,Net Banking
ORD002476,CUST02547,2023-11-11,Delivered,Debit Card
ORD002477,CUST00180,2023-11-30,Cancelled,Wallet
ORD002478,CUST01865,2024-11-07,Delivered,Net Banking
ORD002479,CUST01570,2024-11-08,Delivered,UPI
ORD002480,CUST02856,2024-09-16,Delivered,UPI
ORD002481,CUST04091,2024-11-23,Delivered,Wallet
ORD002482,CUST03208,2023-08-20,Delivered,Cash on Delivery
ORD002483,CUST02404,2024-09-26,Delivered,UPI
ORD002484,CUST02625,2023-11-17,Cancelled,Wallet
ORD002485,CUST03942,2024-09-17,Delivered,Credit Card
ORD002486,CUST04376,2024-12-13,Delivered,Cash on Delivery
ORD002487,CUST01643,2023-08-25,Returned,Cash on Delivery
ORD002488,CUST00802,2024-11-13,Cancelled,Credit Card
ORD002489,CUST03019,2024-10-23,Delivered,Cash on Delivery
ORD002490,CUST04684,2024-11-03,Delivered,Cash on Delivery
ORD002491,CUST03404,2024-07-21,Delivered,Credit Card
ORD002492,CUST03300,2024-01-27,Delivered,Debit Card
ORD002493,CUST01597,2024-05-17,Cancelled,Net Banking
ORD002494,CUST03857,2024-03-07,Delivered,Net Banking
ORD002495,CUST02604,2024-10-22,Processing,Debit Card
ORD002496,CUST03748,2024-02-03,Delivered,Net Banking
ORD002497,CUST03634,2024-12-09,Delivered,Credit Card
ORD002498,CUST01019,2023-03-23,Delivered,Credit Card
ORD002499,CUST02737,2023-11-05,Returned,Debit Card
ORD002500,CUST01459,2024-07-31,Delivered,UPI
ORD002501,CUST00835,2024-11-20,Delivered,Cash on Delivery
ORD002502,CUST04847,2024-12-20,Delivered,Cash on Delivery
ORD002503,CUST00244,2024-04-27,Cancelled,Wallet
ORD002504,CUST01547,2024-12-12,Delivered,UPI
ORD002505,CUST03497,2024-07-27,Delivered,Debit Card
ORD002506,CUST01241,2024-11-20,Delivered,Net Banking
ORD002507,CUST01043,2024-01-02,Delivered,Debit Card
ORD002508,CUST04639,2024-11-25,Processing,Net Banking
ORD002509,CUST04979,2024-09-21,Delivered,Cash on Delivery
ORD002510,CUST03822,2024-07-03,Cancelled,Credit Card
ORD002511,CUST04001,2024-10-19,Delivered,Net Banking
ORD002512,CUST03363,2024-11-22,Cancelled,Wallet
ORD002513,CUST02144,2024-06-18,Processing,Credit Card
ORD002514,CUST02597,2024-07-29,Cancelled,Credit Card
ORD002515,CUST02704,2024-12-09,Delivered,Net Banking
ORD002516,CUST00573,2024-07-14,Delivered,UPI
ORD002517,CUST04752,2024-12-22,Processing,Debit Card
ORD002518,CUST00330,2024-10-24,Delivered,UPI
ORD002519,CUST00415,2024-08-20,Delivered,Cash on Delivery
ORD002520,CUST01023,2024-10-09,Cancelled,Wallet
ORD002521,CUST02044,2024-12-01,Delivered,UPI
ORD002522,CUST01060,2023-02-10,Delivered,Wallet
ORD002523,CUST03793,2024-12-21,Shipped,Cash on Delivery
ORD002524,CUST02210,2024-12-26,Returned,Credit Card
ORD002525,CUST02418,2024-04-04,Delivered,UPI
ORD002526,CUST00211,2024-09-02,Returned,Cash on Delivery
ORD002527,CUST00970,2024-08-05,Delivered,Credit Card
ORD002528,CUST00492,2024-11-27,Delivered,Net Banking
ORD002529,CUST04106,2023-03-06,Delivered,Net Banking
ORD002530,CUST04550,2024-12-11,Cancelled,Wallet
ORD002531,CUST02366,2024-07-31,Cancelled,Net Banking
ORD002532,CUST01497,2024-11-10,Cancelled,Credit Card
ORD002533,CUST03449,2024-08-25,Delivered,Cash on Delivery
ORD002534,CUST03559,2024-04-01,Processing,Net Banking
ORD002535,CUST02960,2024-10-09,Cancelled,Debit Card
ORD002536,CUST03660,2023-12-08,Delivered,Cash on Delivery
ORD002537,CUST04395,2024-11-27,Returned,Net Banking
ORD002538,CUST03350,2024-12-10,Delivered,Credit Card
ORD002539,CUST02194,2024-11-03,Cancelled,Cash on Delivery
ORD002540,CUST03493,2024-02-11,Delivered,Wallet
ORD002541,CUST00372,2024-11-03,Delivered,UPI
ORD002542,CUST01152,2024-08-06,Processing,Debit Card
ORD002543,CUST04342,2023-07-13,Delivered,Cash on Delivery
ORD002544,CUST02254,2024-12-21,Delivered,Credit Card
ORD002545,CUST01093,2024-11-19,Delivered,Debit Card
ORD002546,CUST02858,2024-06-02,Delivered,Credit Card
ORD002547,CUST01918,2024-08-30,Delivered,Credit Card
ORD002548,CUST03542,2024-07-09,Delivered,Net Banking
ORD002549,CUST02000,2024-11-26,Delivered,Debit Card
ORD002550,CUST01310,2024-12-22,Delivered,UPI
ORD002551,CUST03370,2024-10-13,Delivered,Cash on Delivery
ORD002552,CUST01027,2023-09-22,Delivered,Credit Card
ORD002553,CUST00367,2024-01-25,Delivered,Net Banking
ORD002554,CUST01653,2024-08-07,Delivered,Credit Card
ORD002555,CUST04823,2024-10-21,Delivered,Wallet
ORD002556,CUST03906,2024-07-14,Delivered,Credit Card
ORD002557,CUST01325,2024-03-27,Shipped,Debit Card
ORD002558,CUST03241,2023-11-19,Delivered,UPI
ORD002559,CUST03646,2024-07-15,Delivered,UPI
ORD002560,CUST00780,2024-06-30,Shipped,Cash on Delivery
ORD002561,CUST01764,2024-11-26,Delivered,Cash on Delivery
ORD002562,CUST03866,2024-10-22,Delivered,Cash on Delivery
ORD002563,CUST00289,2024-06-13,Delivered,UPI
ORD002564,CUST04615,2024-08-25,Delivered,UPI
ORD002565,CUST00261,2024-12-06,Delivered,Credit Card
ORD002566,CUST01643,2024-09-03,Returned,Cash on Delivery
ORD002567,CUST01636,2024-12-05,Delivered,Net Banking
ORD002568,CUST02200,2024-08-01,Delivered,Net Banking
ORD002569,CUST01333,2024-03-12,Shipped,Net Banking
ORD002570,CUST03034,2024-01-24,Delivered,Debit Card
ORD002571,CUST03220,2023-12-14,Shipped,Net Banking
ORD002572,CUST04704,2024-08-15,Shipped,Wallet
ORD002573,CUST03095,2024-06-22,Processing,Debit Card
ORD002574,CUST02600,2024-08-13,Delivered,Debit Card
ORD002575,CUST04656,2023-11-14,Shipped,UPI
ORD002576,CUST03049,2024-08-21,Delivered,Wallet
ORD002577,CUST01909,2024-01-20,Delivered,Net Banking
ORD002578,CUST03585,2024-05-08,Delivered,Net Banking
ORD002579,CUST04551,2024-09-14,Returned,Cash on Delivery
ORD002580,CUST02823,2024-03-07,Delivered,Debit Card
ORD002581,CUST01516,2024-08-07,Delivered,Credit Card
ORD002582,CUST03515,2024-09-01,Delivered,Wallet
ORD002583,CUST00773,2024-10-27,Cancelled,UPI
ORD002584,CUST01919,2024-08-20,Delivered,Net Banking
ORD002585,CUST02517,2024-10-27,Shipped,Wallet
ORD002586,CUST00202,2024-08-06,Delivered,Net Banking
ORD002587,CUST01691,2023-12-24,Delivered,UPI
ORD002588,CUST03842,2023-10-22,Returned,UPI
ORD002589,CUST02064,2024-08-18,Processing,Net Banking
ORD002590,CUST01708,2024-05-27,Cancelled,Credit Card
ORD002591,CUST02619,2024-05-05,Delivered,Cash on Delivery
ORD002592,CUST03735,2024-03-15,Delivered,Credit Card
ORD002593,CUST00643,2024-08-28,Delivered,UPI
ORD002594,CUST00046,2024-07-11,Delivered,Credit Card
ORD002595,CUST01679,2024-07-23,Shipped,Wallet
ORD002596,CUST04451,2024-11-22,Delivered,Debit Card
ORD002597,CUST02187,2023-12-19,Delivered,Cash on Delivery
ORD002598,CUST00701,2024-08-17,Shipped,Cash on Delivery
ORD002599,CUST03807,2024-06-03,Delivered,Debit Card
ORD002600,CUST02024,2024-11-18,Delivered,Net Banking
ORD002601,CUST00912,2024-10-15,Cancelled,Cash on Delivery
ORD002602,CUST01745,2024-12-03,Delivered,Cash on Delivery
ORD002603,CUST00423,2023-11-23,Delivered,Credit Card
ORD002604,CUST01773,2024-10-19,Processing,Net Banking
ORD002605,CUST04759,2024-05-17,Cancelled,Cash on Delivery
ORD002606,CUST01800,2024-03-30,Delivered,Cash on Delivery
ORD002607,CUST02227,2023-10-29,Delivered,Wallet
ORD002608,CUST04068,2024-11-12,Cancelled,Credit Card
ORD002609,CUST00877,2024-05-19,Delivered,Wallet
ORD002610,CUST04631,2024-06-22,Delivered,Credit Card
ORD002611,CUST02445,2024-11-24,Delivered,Debit Card
ORD002612,CUST04819,2024-07-19,Delivered,Wallet
ORD002613,CUST02911,2024-09-20,Delivered,Cash on Delivery
ORD002614,CUST03556,2023-11-16,Shipped,Net Banking
ORD002615,CUST00368,2024-08-22,Delivered,Wallet
ORD002616,CUST04631,2024-05-19,Delivered,UPI
ORD002617,CUST00586,2024-04-07,Delivered,Debit Card
ORD002618,CUST00282,2024-02-20,Delivered,UPI
ORD002619,CUST04001,2024-11-24,Delivered,UPI
ORD002620,CUST04476,2024-07-17,Delivered,Credit Card
ORD002621,CUST02655,2024-09-06,Cancelled,Credit Card
ORD002622,CUST02222,2023-12-24,Delivered,Net Banking
ORD002623,CUST04836,2024-06-17,Delivered,Wallet
ORD002624,CUST04157,2024-06-02,Delivered,Net Banking
ORD002625,CUST03010,2024-06-14,Delivered,Cash on Delivery
ORD002626,CUST00581,2024-01-25,Delivered,Credit Card
ORD002627,CUST04429,2024-08-26,Delivered,Wallet
ORD002628,CUST02591,2024-09-21,Delivered,Debit Card
ORD002629,CUST00670,2024-09-24,Delivered,Cash on Delivery
ORD002630,CUST01963,2024-08-05,Delivered,Net Banking
ORD002631,CUST02705,2024-07-27,Delivered,Debit Card
ORD002632,CUST04506,2024-11-27,Delivered,Net Banking
ORD002633,CUST04847,2024-12-18,Delivered,Cash on Delivery
ORD002634,CUST04767,2024-03-20,Delivered,Cash on Delivery
ORD002635,CUST02004,2024-09-17,Shipped,Wallet
ORD002636,CUST00044,2024-12-26,Delivered,Debit Card
ORD002637,CUST01029,2024-11-02,Delivered,Cash on Delivery
ORD002638,CUST04286,2024-07-14,Delivered,Cash on Delivery
ORD002639,CUST02101,2024-08-25,Delivered,UPI
ORD002640,CUST02004,2024-10-20,Shipped,Net Banking
ORD002641,CUST02783,2023-03-21,Delivered,UPI
ORD002642,CUST01513,2023-10-28,Delivered,Net Banking
ORD002643,CUST04830,2024-11-29,Delivered,Debit Card
ORD002644,CUST00251,2024-10-31,Shipped,Cash on Delivery
ORD002645,CUST04884,2024-04-28,Returned,Debit Card
ORD002646,CUST03415,2024-10-24,Delivered,Credit Card
ORD002647,CUST02980,2024-02-24,Returned,Wallet
ORD002648,CUST01183,2024-09-28,Processing,Debit Card
ORD002649,CUST01918,2024-11-08,Shipped,Credit Card
ORD002650,CUST01630,2024-09-17,Delivered,Wallet
ORD002651,CUST01262,2024-12-29,Processing,Cash on Delivery
ORD002652,CUST03030,2024-12-29,Delivered,Net Banking
ORD002653,CUST02273,2024-09-03,Delivered,Net Banking
ORD002654,CUST01989,2024-05-20,Delivered,Cash on Delivery
ORD002655,CUST01191,2023-12-13,Delivered,Debit Card
ORD002656,CUST02843,2023-04-20,Delivered,Credit Card
ORD002657,CUST02526,2024-06-21,Delivered,UPI
ORD002658,CUST03415,2024-11-08,Delivered,Cash on Delivery
ORD002659,CUST00827,2024-10-07,Delivered,Cash on Delivery
ORD002660,CUST01822,2024-05-18,Shipped,Credit Card
ORD002661,CUST04343,2024-12-11,Delivered,Credit Card
ORD002662,CUST02598,2023-07-17,Returned,Credit Card
ORD002663,CUST04951,2024-01-01,Returned,Cash on Delivery
ORD002664,CUST01254,2024-09-17,Delivered,Net Banking
ORD002665,CUST02064,2023-11-17,Shipped,Cash on Delivery
ORD002666,CUST00723,2024-09-12,Delivered,Cash on Delivery
ORD002667,CUST02273,2024-07-23,Delivered,UPI
ORD002668,CUST04083,2024-07-10,Processing,Debit Card
ORD002669,CUST03646,2024-04-04,Delivered,Cash on Delivery
ORD002670,CUST04173,2024-12-08,Delivered,Credit Card
ORD002671,CUST01548,2024-11-06,Delivered,Credit Card
ORD002672,CUST02812,2024-09-30,Delivered,Wallet
ORD002673,CUST01849,2024-09-02,Delivered,Net Banking
ORD002674,CUST01497,2024-10-05,Delivered,Credit Card
ORD002675,CUST04640,2024-12-28,Processing,UPI
ORD002676,CUST04663,2023-04-24,Shipped,Debit Card
ORD002677,CUST03526,2024-10-05,Shipped,Wallet
ORD002678,CUST03106,2024-10-13,Shipped,Wallet
ORD002679,CUST02851,2024-06-17,Delivered,UPI
ORD002680,CUST04800,2023-12-08,Cancelled,Credit Card
ORD002681,CUST00643,2024-12-13,Delivered,Credit Card
ORD002682,CUST03810,2024-05-09,Delivered,Debit Card
ORD002683,CUST00581,2024-11-23,Cancelled,Debit Card
ORD002684,CUST00602,2024-04-01,Delivered,Net Banking
ORD002685,CUST02523,2024-12-20,Delivered,Net Banking
ORD002686,CUST02076,2023-11-27,Returned,UPI
ORD002687,CUST01657,2023-04-30,Returned,Credit Card
ORD002688,CUST04753,2024-06-28,Delivered,Debit Card
ORD002689,CUST03147,2024-09-17,Cancelled,Net Banking
ORD002690,CUST03532,2024-07-25,Cancelled,UPI
ORD002691,CUST00039,2024-12-07,Cancelled,UPI
ORD002692,CUST04699,2024-02-12,Delivered,Cash on Delivery
ORD002693,CUST03765,2024-05-16,Processing,Credit Card
ORD002694,CUST03586,2024-04-06,Delivered,Credit Card
ORD002695,CUST04333,2024-11-16,Delivered,Debit Card
ORD002696,CUST02289,2024-09-14,Delivered,Net Banking
ORD002697,CUST01715,2024-02-27,Returned,Cash on Delivery
ORD002698,CUST01299,2024-08-24,Delivered,Credit Card
ORD002699,CUST00277,2024-11-25,Delivered,Wallet
ORD002700,CUST01699,2024-10-30,Delivered,Wallet
ORD002701,CUST04728,2024-04-04,Delivered,Credit Card
ORD002702,CUST00950,2024-03-06,Shipped,Debit Card
ORD002703,CUST03164,2023-10-20,Delivered,Wallet
ORD002704,CUST03545,2023-06-11,Delivered,UPI
ORD002705,CUST00322,2024-06-26,Returned,Net Banking
ORD002706,CUST01772,2024-10-22,Delivered,Wallet
ORD002707,CUST00193,2024-04-01,Delivered,Wallet
ORD002708,CUST04242,2024-12-22,Delivered,Wallet
ORD002709,CUST04852,2024-06-03,Cancelled,UPI
ORD002710,CUST00919,2024-02-04,Cancelled,Wallet
ORD002711,CUST02102,2024-05-18,Delivered,Credit Card
ORD002712,CUST04943,2024-08-26,Delivered,Debit Card
ORD002713,CUST02842,2024-11-14,Delivered,Wallet
ORD002714,CUST03287,2024-02-22,Returned,Debit Card
ORD002715,CUST04448,2024-06-05,Delivered,Debit Card
ORD002716,CUST00978,2024-11-08,Delivered,Wallet
ORD002717,CUST00468,2024-09-02,Delivered,Cash on Delivery
ORD002718,CUST04514,2024-03-30,Returned,Net Banking
ORD002719,CUST02470,2024-07-22,Delivered,Cash on Delivery
ORD002720,CUST00670,2024-04-11,Delivered,Cash on Delivery
ORD002721,CUST00221,2023-12-19,Cancelled,Credit Card
ORD002722,CUST02208,2024-11-13,Delivered,Wallet
ORD002723,CUST04195,2023-06-21,Shipped,Debit Card
ORD002724,CUST04106,2024-01-10,Shipped,Wallet
ORD002725,CUST03153,2024-08-18,Cancelled,Cash on Delivery
ORD002726,CUST02178,2024-07-07,Delivered,Net Banking
ORD002727,CUST04402,2024-11-30,Delivered,UPI
ORD002728,CUST01956,2024-10-26,Shipped,Debit Card
ORD002729,CUST02524,2024-09-20,Delivered,Cash on Delivery
ORD002730,CUST04215,2023-11-18,Delivered,Cash on Delivery
ORD002731,CUST00665,2024-12-15,Delivered,Cash on Delivery
ORD002732,CUST04218,2024-05-20,Shipped,Net Banking
ORD002733,CUST03470,2024-12-20,Delivered,Debit Card
ORD002734,CUST04198,2023-07-11,Delivered,Debit Card
ORD002735,CUST02114,2024-02-06,Delivered,Wallet
ORD002736,CUST01553,2024-09-20,Delivered,Credit Card
ORD002737,CUST01363,2023-10-01,Delivered,Credit Card
ORD002738,CUST04073,2024-03-14,Delivered,Wallet
ORD002739,CUST01271,2024-10-11,Shipped,Debit Card
ORD002740,CUST01216,2024-12-28,Delivered,Net Banking
ORD002741,CUST03093,2024-04-25,Delivered,Credit Card
ORD002742,CUST02886,2024-09-08,Delivered,Net Banking
ORD002743,CUST03626,2024-04-14,Processing,Wallet
ORD002744,CUST00397,2024-11-09,Delivered,Debit Card
ORD002745,CUST01378,2024-10-30,Delivered,UPI
ORD002746,CUST01001,2024-03-31,Shipped,Wallet
ORD002747,CUST00510,2024-01-16,Delivered,Wallet
ORD002748,CUST00398,2024-11-05,Delivered,UPI
ORD002749,CUST02254,2024-11-17,Shipped,Wallet
ORD002750,CUST03549,2024-08-17,Processing,Cash on Delivery
ORD002751,CUST04895,2024-10-02,Delivered,UPI
ORD002752,CUST01528,2024-12-14,Delivered,UPI
ORD002753,CUST01172,2023-08-15,Returned,Wallet
ORD002754,CUST04183,2024-10-21,Delivered,UPI
ORD002755,CUST02881,2024-04-05,Returned,Debit Card
ORD002756,CUST02007,2024-11-25,Delivered,Net Banking
ORD002757,CUST01509,2024-04-17,Delivered,Net Banking
ORD002758,CUST00885,2024-09-17,Processing,UPI
ORD002759,CUST02086,2023-04-22,Shipped,Net Banking
ORD002760,CUST03966,2023-10-29,Cancelled,Debit Card
ORD002761,CUST02862,2024-10-13,Delivered,Debit Card
ORD002762,CUST03762,2024-10-20,Delivered,Net Banking
ORD002763,CUST00706,2024-12-17,Delivered,Debit Card
ORD002764,CUST00860,2024-12-18,Returned,Debit Card
ORD002765,CUST03000,2024-08-14,Processing,Wallet
ORD002766,CUST00459,2023-09-25,Delivered,Cash on Delivery
ORD002767,CUST00627,2024-02-02,Delivered,Cash on Delivery
ORD002768,CUST00594,2023-09-04,Cancelled,Cash on Delivery
ORD002769,CUST03765,2024-08-03,Delivered,Wallet
ORD002770,CUST02023,2024-03-20,Delivered,Net Banking
ORD002771,CUST00038,2024-08-08,Delivered,Net Banking
ORD002772,CUST03491,2024-02-14,Delivered,Credit Card
ORD002773,CUST01205,2024-12-12,Shipped,Cash on Delivery
ORD002774,CUST01523,2024-11-21,Processing,UPI
ORD002775,CUST00505,2024-09-19,Delivered,UPI
ORD002776,CUST01379,2024-12-02,Processing,UPI
ORD002777,CUST02374,2024-03-12,Delivered,Wallet
ORD002778,CUST04996,2024-01-04,Delivered,Credit Card
ORD002779,CUST04274,2024-03-18,Returned,Cash on Delivery
ORD002780,CUST00373,2024-12-02,Delivered,Debit Card
ORD002781,CUST04702,2023-10-25,Delivered,Cash on Delivery
ORD002782,CUST01050,2024-09-26,Delivered,Net Banking
ORD002783,CUST01900,2024-08-21,Shipped,Credit Card
ORD002784,CUST01299,2024-06-22,Delivered,Credit Card
ORD002785,CUST00025,2023-06-09,Delivered,Net Banking
ORD002786,CUST02405,2024-04-23,Shipped,Wallet
ORD002787,CUST03540,2024-12-30,Delivered,Credit Card
ORD002788,CUST04167,2024-06-13,Delivered,Cash on Delivery
ORD002789,CUST00827,2023-12-04,Delivered,Credit Card
ORD002790,CUST02541,2024-07-10,Returned,Credit Card
ORD002791,CUST02755,2024-07-30,Delivered,Wallet
ORD002792,CUST02911,2024-07-24,Delivered,UPI
ORD002793,CUST03080,2024-11-29,Shipped,Cash on Delivery
ORD002794,CUST01686,2024-12-17,Delivered,Credit Card
ORD002795,CUST03878,2024-12-17,Processing,Cash on Delivery
ORD002796,CUST00075,2024-04-05,Delivered,Net Banking
ORD002797,CUST04885,2024-01-06,Delivered,Cash on Delivery
ORD002798,CUST04024,2024-03-10,Cancelled,Credit Card
ORD002799,CUST00021,2024-10-07,Delivered,UPI
ORD002800,CUST00247,2024-06-12,Delivered,Debit Card
ORD002801,CUST04996,2024-01-18,Delivered,Cash on Delivery
ORD002802,CUST03891,2024-11-12,Cancelled,Net Banking
ORD002803,CUST04814,2024-08-27,Shipped,Wallet
ORD002804,CUST00497,2023-08-16,Delivered,Cash on Delivery
ORD002805,CUST04169,2024-07-22,Delivered,Net Banking
ORD002806,CUST03994,2024-11-19,Shipped,Credit Card
ORD002807,CUST02768,2024-10-23,Delivered,Wallet
ORD002808,CUST04294,2024-08-12,Shipped,Cash on Delivery
ORD002809,CUST04483,2024-10-30,Delivered,Cash on Delivery
ORD002810,CUST03197,2024-07-22,Delivered,Debit Card
ORD002811,CUST03079,2024-10-08,Delivered,UPI
ORD002812,CUST04648,2024-08-16,Delivered,Credit Card
ORD002813,CUST02261,2024-11-13,Delivered,Debit Card
ORD002814,CUST03772,2024-06-13,Delivered,Debit Card
ORD002815,CUST03348,2024-09-04,Delivered,Credit Card
ORD002816,CUST01071,2024-09-08,Delivered,Wallet
ORD002817,CUST00023,2024-12-03,Delivered,Credit Card
ORD002818,CUST01893,2023-12-11,Returned,Cash on Delivery
ORD002819,CUST00598,2024-08-27,Delivered,Wallet
ORD002820,CUST02187,2024-08-31,Delivered,Credit Card
ORD002821,CUST00209,2024-11-26,Delivered,Debit Card
ORD002822,CUST01373,2024-01-08,Delivered,Cash on Delivery
ORD002823,CUST02032,2024-03-31,Delivered,UPI
ORD002824,CUST04667,2024-12-30,Delivered,Net Banking
ORD002825,CUST03517,2024-01-24,Delivered,Cash on Delivery
ORD002826,CUST04728,2024-03-03,Delivered,UPI
ORD002827,CUST00510,2023-10-22,Delivered,UPI
ORD002828,CUST01050,2023-11-07,Delivered,Debit Card
ORD002829,CUST04322,2024-12-23,Delivered,Wallet
ORD002830,CUST02500,2024-09-27,Shipped,Net Banking
ORD002831,CUST04968,2024-02-28,Delivered,Credit Card
ORD002832,CUST03091,2024-03-10,Delivered,Net Banking
ORD002833,CUST01597,2024-05-15,Delivered,UPI
ORD002834,CUST04253,2023-06-17,Delivered,Cash on Delivery
ORD002835,CUST01909,2024-01-06,Delivered,UPI
ORD002836,CUST00680,2023-07-18,Delivered,Net Banking
ORD002837,CUST03315,2023-12-02,Delivered,Net Banking
ORD002838,CUST04927,2024-07-17,Delivered,Wallet
ORD002839,CUST04274,2024-12-07,Delivered,Debit Card
ORD002840,CUST01202,2024-01-07,Delivered,Wallet
ORD002841,CUST02365,2024-07-08,Processing,Wallet
ORD002842,CUST01569,2024-08-02,Delivered,Net Banking
ORD002843,CUST00322,2024-08-18,Delivered,UPI
ORD002844,CUST00247,2024-03-18,Delivered,Credit Card
ORD002845,CUST02025,2024-12-02,Cancelled,Wallet
ORD002846,CUST00011,2023-09-16,Delivered,Net Banking
ORD002847,CUST00627,2024-06-03,Delivered,Debit Card
ORD002848,CUST04858,2024-09-18,Delivered,Wallet
ORD002849,CUST04302,2024-12-22,Delivered,Wallet
ORD002850,CUST03832,2024-11-20,Delivered,Credit Card
ORD002851,CUST04686,2024-05-31,Delivered,Credit Card
ORD002852,CUST02667,2024-10-26,Delivered,Net Banking
ORD002853,CUST01891,2024-10-23,Delivered,UPI
ORD002854,CUST02516,2024-12-28,Delivered,Credit Card
ORD002855,CUST04117,2024-12-29,Delivered,Net Banking
ORD002856,CUST01800,2023-08-16,Delivered,Credit Card
ORD002857,CUST00072,2024-08-18,Delivered,Wallet
ORD002858,CUST01793,2024-12-12,Delivered,Net Banking
ORD002859,CUST00730,2024-08-28,Delivered,UPI
ORD002860,CUST00220,2024-12-08,Delivered,Net Banking
ORD002861,CUST04841,2024-12-30,Delivered,Cash on Delivery
ORD002862,CUST00031,2024-05-02,Delivered,Credit Card
ORD002863,CUST03646,2024-04-10,Delivered,UPI
ORD002864,CUST00322,2024-04-05,Returned,Cash on Delivery
ORD002865,CUST04196,2024-02-09,Cancelled,Cash on Delivery
ORD002866,CUST03918,2024-10-21,Delivered,Wallet
ORD002867,CUST00180,2024-11-15,Delivered,UPI
ORD002868,CUST02691,2023-12-19,Delivered,Wallet
ORD002869,CUST03509,2024-03-26,Processing,Credit Card
ORD002870,CUST03920,2024-06-16,Delivered,Cash on Delivery
ORD002871,CUST03841,2024-10-08,Processing,Wallet
ORD002872,CUST01719,2024-12-30,Delivered,Cash on Delivery
ORD002873,CUST00357,2024-11-15,Shipped,Debit Card
ORD002874,CUST00172,2023-09-30,Delivered,Net Banking
ORD002875,CUST03540,2024-09-08,Delivered,Debit Card
ORD002876,CUST01729,2023-04-22,Shipped,Wallet
ORD002877,CUST01800,2023-11-29,Shipped,UPI
ORD002878,CUST02331,2024-09-07,Shipped,UPI
ORD002879,CUST02148,2024-01-04,Delivered,UPI
ORD002880,CUST03664,2024-07-29,Cancelled,Debit Card
ORD002881,CUST02154,2024-02-13,Delivered,Cash on Delivery
ORD002882,CUST01048,2024-07-27,Delivered,UPI
ORD002883,CUST04735,2024-12-26,Processing,UPI
ORD002884,CUST04757,2024-04-15,Delivered,Wallet
ORD002885,CUST03571,2024-10-27,Shipped,UPI
ORD002886,CUST00590,2024-09-08,Delivered,Net Banking
ORD002887,CUST01943,2024-11-20,Delivered,UPI
ORD002888,CUST04500,2024-10-10,Delivered,Debit Card
ORD002889,CUST02906,2024-08-26,Delivered,UPI
ORD002890,CUST01044,2024-05-13,Delivered,Debit Card
ORD002891,CUST03265,2024-03-06,Cancelled,Wallet
ORD002892,CUST01448,2024-02-05,Delivered,UPI
ORD002893,CUST00277,2023-10-07,Delivered,Credit Card
ORD002894,CUST00826,2024-05-17,Delivered,UPI
ORD002895,CUST04333,2024-08-02,Delivered,Cash on Delivery
ORD002896,CUST01403,2024-12-07,Delivered,UPI
ORD002897,CUST01425,2024-10-25,Delivered,Wallet
ORD002898,CUST01786,2024-10-29,Delivered,Credit Card
ORD002899,CUST02124,2024-04-06,Delivered,UPI
ORD002900,CUST00362,2024-08-13,Cancelled,Debit Card
ORD002901,CUST01835,2024-12-20,Delivered,Net Banking
ORD002902,CUST01548,2024-04-19,Processing,Cash on Delivery
ORD002903,CUST04836,2023-02-05,Shipped,UPI
ORD002904,CUST00984,2024-09-28,Delivered,Wallet
ORD002905,CUST04699,2024-04-17,Shipped,Cash on Delivery
ORD002906,CUST01042,2024-12-20,Delivered,Debit Card
ORD002907,CUST00802,2024-11-10,Shipped,UPI
ORD002908,CUST03029,2024-10-23,Cancelled,Net Banking
ORD002909,CUST00242,2024-10-10,Delivered,UPI
ORD002910,CUST03670,2024-11-11,Delivered,Debit Card
ORD002911,CUST00036,2024-12-20,Shipped,Cash on Delivery
ORD002912,CUST01708,2024-12-21,Delivered,Net Banking
ORD002913,CUST02210,2024-12-14,Delivered,UPI
ORD002914,CUST01982,2024-09-08,Delivered,Cash on Delivery
ORD002915,CUST02290,2024-11-22,Delivered,UPI
ORD002916,CUST02445,2024-11-27,Cancelled,Net Banking
ORD002917,CUST00496,2024-03-06,Shipped,Debit Card
ORD002918,CUST04810,2024-07-28,Processing,Credit Card
ORD002919,CUST01164,2024-03-05,Returned,UPI
ORD002920,CUST01809,2024-11-27,Returned,Credit Card
ORD002921,CUST01212,2024-11-08,Delivered,Debit Card
ORD002922,CUST00583,2023-12-01,Delivered,UPI
ORD002923,CUST03672,2024-10-15,Delivered,Net Banking
ORD002924,CUST02756,2023-12-16,Delivered,Cash on Delivery
ORD002925,CUST00860,2024-11-24,Delivered,Credit Card
ORD002926,CUST02431,2023-03-10,Delivered,Wallet
ORD002927,CUST00950,2024-12-30,Delivered,Debit Card
ORD002928,CUST04381,2024-06-24,Processing,Wallet
ORD002929,CUST02351,2024-04-22,Delivered,Credit Card
ORD002930,CUST03217,2023-04-12,Delivered,Net Banking
ORD002931,CUST01760,2024-10-19,Delivered,Cash on Delivery
ORD002932,CUST00233,2024-01-26,Delivered,UPI
ORD002933,CUST00991,2024-06-09,Delivered,Cash on Delivery
ORD002934,CUST03386,2024-10-13,Returned,Cash on Delivery
ORD002935,CUST00391,2024-11-07,Delivered,Cash on Delivery
ORD002936,CUST04187,2024-08-25,Cancelled,Credit Card
ORD002937,CUST04790,2024-12-27,Delivered,Credit Card
ORD002938,CUST03161,2024-12-18,Delivered,Wallet
ORD002939,CUST00892,2024-09-02,Delivered,Cash on Delivery
ORD002940,CUST03950,2024-11-03,Delivered,Credit Card
ORD002941,CUST01106,2024-12-03,Delivered,Net Banking
ORD002942,CUST02569,2023-12-18,Delivered,Cash on Delivery
ORD002943,CUST00819,2024-12-06,Delivered,Credit Card
ORD002944,CUST02953,2024-07-31,Delivered,Cash on Delivery
ORD002945,CUST00970,2024-11-19,Cancelled,Credit Card
ORD002946,CUST01251,2024-11-21,Delivered,Wallet
ORD002947,CUST04530,2023-10-25,Delivered,Net Banking
ORD002948,CUST04008,2024-06-08,Delivered,Net Banking
ORD002949,CUST04977,2024-12-27,Delivered,Wallet
ORD002950,CUST04748,2024-10-10,Returned,Wallet
ORD002951,CUST02157,2023-11-28,Delivered,Wallet
ORD002952,CUST01092,2024-08-23,Shipped,Cash on Delivery
ORD002953,CUST03585,2024-09-23,Delivered,Debit Card
ORD002954,CUST04424,2024-06-18,Shipped,UPI
ORD002955,CUST01350,2023-12-25,Delivered,Cash on Delivery
ORD002956,CUST00652,2024-11-15,Delivered,Net Banking
ORD002957,CUST03602,2024-08-05,Delivered,UPI
ORD002958,CUST01432,2024-05-28,Delivered,Net Banking
ORD002959,CUST01267,2024-12-13,Delivered,Cash on Delivery
ORD002960,CUST03091,2024-04-10,Processing,Wallet
ORD002961,CUST00829,2024-09-06,Shipped,Credit Card
ORD002962,CUST04900,2023-06-11,Delivered,Debit Card
ORD002963,CUST04871,2024-12-24,Shipped,Wallet
ORD002964,CUST02497,2024-04-28,Delivered,Debit Card
ORD002965,CUST00734,2024-11-25,Delivered,Wallet
ORD002966,CUST03038,2024-10-09,Delivered,Cash on Delivery
ORD002967,CUST02339,2023-11-14,Delivered,Cash on Delivery
ORD002968,CUST02826,2024-01-09,Delivered,Cash on Delivery
ORD002969,CUST00160,2024-08-17,Processing,Cash on Delivery
ORD002970,CUST03748,2024-07-06,Delivered,Net Banking
ORD002971,CUST02631,2024-09-17,Cancelled,Debit Card
ORD002972,CUST00517,2023-10-24,Delivered,Credit Card
ORD002973,CUST00071,2024-09-07,Delivered,UPI
ORD002974,CUST01471,2024-03-26,Delivered,Credit Card
ORD002975,CUST04521,2024-12-19,Delivered,Debit Card
ORD002976,CUST04797,2023-12-01,Cancelled,Credit Card
ORD002977,CUST02662,2024-11-29,Delivered,Debit Card
ORD002978,CUST02495,2024-12-19,Delivered,Credit Card
ORD002979,CUST04584,2024-08-06,Cancelled,Debit Card
ORD002980,CUST01871,2024-07-23,Delivered,Wallet
ORD002981,CUST02920,2024-11-05,Delivered,Debit Card
ORD002982,CUST02338,2024-12-10,Shipped,Debit Card
ORD002983,CUST04560,2024-01-29,Cancelled,UPI
ORD002984,CUST02538,2024-05-23,Shipped,Credit Card
ORD002985,CUST00280,2024-10-25,Delivered,Credit Card
ORD002986,CUST04351,2024-11-15,Delivered,Wallet
ORD002987,CUST04730,2023-06-28,Cancelled,Wallet
ORD002988,CUST03968,2024-05-07,Shipped,Net Banking
ORD002989,CUST01903,2024-02-10,Delivered,Debit Card
ORD002990,CUST01838,2024-11-24,Delivered,Cash on Delivery
ORD002991,CUST00409,2024-12-19,Delivered,Wallet
ORD002992,CUST01011,2024-10-10,Delivered,Net Banking
ORD002993,CUST02440,2024-11-22,Cancelled,Credit Card
ORD002994,CUST04562,2023-11-22,Delivered,Debit Card
ORD002995,CUST00492,2024-01-17,Delivered,Credit Card
ORD002996,CUST01394,2024-05-22,Delivered,Cash on Delivery
ORD002997,CUST00143,2024-12-15,Cancelled,Debit Card
ORD002998,CUST04903,2024-11-05,Delivered,Wallet
ORD002999,CUST04551,2024-10-09,Delivered,UPI
ORD003000,CUST01052,2024-06-30,Delivered,Credit Card
ORD003001,CUST03539,2024-12-28,Delivered,Cash on Delivery
ORD003002,CUST02495,2024-01-16,Returned,Wallet
ORD003003,CUST01404,2024-08-11,Delivered,Cash on Delivery
ORD003004,CUST02232,2023-10-10,Delivered,Wallet
ORD003005,CUST01570,2024-07-07,Delivered,Cash on Delivery
ORD003006,CUST03300,2023-09-03,Delivered,Net Banking
ORD003007,CUST03400,2023-03-09,Delivered,Credit Card
ORD003008,CUST04836,2024-04-23,Delivered,Net Banking
ORD003009,CUST00055,2024-12-30,Cancelled,Net Banking
ORD003010,CUST00892,2024-11-05,Delivered,Debit Card
ORD003011,CUST04810,2024-08-06,Delivered,Cash on Delivery
ORD003012,CUST03139,2024-12-27,Delivered,UPI
ORD003013,CUST01618,2024-05-08,Delivered,Cash on Delivery
ORD003014,CUST00627,2024-01-13,Delivered,Net Banking
ORD003015,CUST02910,2023-12-31,Cancelled,UPI
ORD003016,CUST02654,2024-07-27,Delivered,Net Banking
ORD003017,CUST04725,2023-04-15,Delivered,Wallet
ORD003018,CUST04640,2024-09-22,Returned,Cash on Delivery
ORD003019,CUST00997,2023-08-24,Shipped,Debit Card
ORD003020,CUST00251,2024-11-11,Delivered,Net Banking
ORD003021,CUST03320,2023-09-28,Cancelled,UPI
ORD003022,CUST03196,2024-10-06,Delivered,Credit Card
ORD003023,CUST03404,2024-03-31,Delivered,Wallet
ORD003024,CUST03571,2024-10-15,Delivered,Debit Card
ORD003025,CUST02261,2024-11-08,Delivered,UPI
ORD003026,CUST00405,2024-12-25,Processing,Net Banking
ORD003027,CUST00282,2024-01-11,Delivered,Cash on Delivery
ORD003028,CUST01242,2024-06-02,Delivered,Wallet
ORD003029,CUST04625,2024-06-19,Returned,Net Banking
ORD003030,CUST04302,2024-12-26,Delivered,Wallet
ORD003031,CUST01000,2024-06-25,Delivered,UPI
ORD003032,CUST04649,2024-06-27,Delivered,Wallet
ORD003033,CUST01026,2024-08-09,Delivered,Wallet
ORD003034,CUST00102,2024-12-08,Cancelled,UPI
ORD003035,CUST00437,2024-11-22,Delivered,Cash on Delivery
ORD003036,CUST04455,2023-10-19,Returned,Net Banking
ORD003037,CUST03800,2024-03-06,Delivered,UPI
ORD003038,CUST04933,2023-12-25,Delivered,Net Banking
ORD003039,CUST03738,2024-12-27,Delivered,UPI
ORD003040,CUST02311,2024-03-01,Delivered,Net Banking
ORD003041,CUST04956,2024-08-10,Delivered,UPI
ORD003042,CUST01093,2024-07-17,Cancelled,Credit Card
ORD003043,CUST03165,2024-10-11,Returned,Credit Card
ORD003044,CUST02839,2024-06-08,Returned,Cash on Delivery
ORD003045,CUST00950,2024-07-20,Delivered,Net Banking
ORD003046,CUST04924,2024-11-28,Delivered,Debit Card
ORD003047,CUST00688,2023-05-30,Delivered,Cash on Delivery
ORD003048,CUST01573,2024-02-10,Delivered,Debit Card
ORD003049,CUST03621,2024-09-22,Shipped,Cash on Delivery
ORD003050,CUST03382,2023-06-14,Delivered,Debit Card
ORD003051,CUST00667,2024-12-15,Delivered,Cash on Delivery
ORD003052,CUST02098,2024-12-05,Cancelled,UPI
ORD003053,CUST02658,2024-02-10,Delivered,UPI
ORD003054,CUST01697,2024-05-17,Shipped,Wallet
ORD003055,CUST04010,2023-09-02,Delivered,Net Banking
ORD003056,CUST03197,2024-12-07,Processing,Net Banking
ORD003057,CUST01180,2024-10-17,Returned,Wallet
ORD003058,CUST03147,2024-12-26,Delivered,UPI
ORD003059,CUST00037,2024-11-04,Delivered,Net Banking
ORD003060,CUST03796,2024-04-30,Delivered,UPI
ORD003061,CUST02589,2024-10-13,Cancelled,Wallet
ORD003062,CUST04741,2023-10-09,Delivered,UPI
ORD003063,CUST04898,2023-10-04,Cancelled,UPI
ORD003064,CUST04652,2023-12-19,Delivered,Credit Card
ORD003065,CUST02649,2024-12-01,Delivered,Credit Card
ORD003066,CUST03614,2024-11-12,Cancelled,Net Banking
ORD003067,CUST02273,2024-12-06,Delivered,Debit Card
ORD003068,CUST02405,2024-08-25,Delivered,Credit Card
ORD003069,CUST01999,2024-09-22,Delivered,Credit Card
ORD003070,CUST04801,2024-09-03,Delivered,UPI
ORD003071,CUST03625,2024-12-07,Delivered,Net Banking
ORD003072,CUST02894,2024-10-09,Shipped,Credit Card
ORD003073,CUST01714,2024-07-10,Delivered,Wallet
ORD003074,CUST03234,2024-09-14,Cancelled,Wallet
ORD003075,CUST01735,2024-12-05,Cancelled,Net Banking
ORD003076,CUST03956,2024-01-28,Cancelled,Cash on Delivery
ORD003077,CUST00143,2024-10-29,Delivered,Cash on Delivery
ORD003078,CUST00497,2023-09-05,Shipped,Wallet
ORD003079,CUST00627,2024-05-20,Cancelled,Credit Card
ORD003080,CUST03074,2024-07-12,Delivered,Net Banking
ORD003081,CUST04734,2024-05-26,Processing,UPI
ORD003082,CUST03079,2024-10-22,Delivered,Cash on Delivery
ORD003083,CUST01824,2024-07-16,Delivered,Net Banking
ORD003084,CUST00620,2023-10-29,Delivered,UPI
ORD003085,CUST01990,2024-09-25,Delivered,UPI
ORD003086,CUST03077,2024-09-08,Delivered,UPI
ORD003087,CUST03525,2024-05-15,Shipped,Wallet
ORD003088,CUST03512,2023-11-03,Processing,Net Banking
ORD003089,CUST02194,2024-07-14,Delivered,Credit Card
ORD003090,CUST02767,2024-03-07,Delivered,Net Banking
ORD003091,CUST00670,2024-12-30,Shipped,Wallet
ORD003092,CUST04435,2024-09-08,Delivered,UPI
ORD003093,CUST01564,2024-03-26,Delivered,Credit Card
ORD003094,CUST02848,2024-08-18,Processing,Credit Card
ORD003095,CUST04656,2024-11-20,Delivered,Net Banking
ORD003096,CUST03231,2024-05-29,Delivered,Credit Card
ORD003097,CUST01440,2023-11-22,Cancelled,Credit Card
ORD003098,CUST03896,2024-10-23,Delivered,Cash on Delivery
ORD003099,CUST00800,2024-06-16,Returned,Wallet
ORD003100,CUST02359,2024-12-06,Delivered,Credit Card
ORD003101,CUST01241,2024-11-26,Cancelled,UPI
ORD003102,CUST02144,2024-05-18,Delivered,Wallet
ORD003103,CUST02737,2024-07-20,Delivered,Debit Card
ORD003104,CUST00497,2023-12-23,Delivered,Credit Card
ORD003105,CUST01122,2024-11-24,Delivered,Wallet
ORD003106,CUST04505,2024-10-25,Cancelled,Credit Card
ORD003107,CUST00897,2024-09-09,Delivered,Net Banking
ORD003108,CUST03422,2023-02-24,Delivered,Credit Card
ORD003109,CUST04435,2024-11-26,Returned,UPI
ORD003110,CUST00652,2024-12-14,Delivered,Credit Card
ORD003111,CUST00168,2024-11-01,Delivered,Wallet
ORD003112,CUST01977,2024-04-25,Delivered,Credit Card
ORD003113,CUST03621,2024-11-05,Delivered,Cash on Delivery
ORD003114,CUST01210,2024-12-28,Delivered,Net Banking
ORD003115,CUST01524,2024-11-29,Delivered,UPI
ORD003116,CUST00911,2024-10-10,Delivered,UPI
ORD003117,CUST03945,2024-05-14,Shipped,Wallet
ORD003118,CUST04616,2024-05-23,Delivered,UPI
ORD003119,CUST02070,2024-01-07,Processing,Wallet
ORD003120,CUST00992,2024-08-26,Cancelled,Net Banking
ORD003121,CUST01472,2023-12-09,Delivered,Debit Card
ORD003122,CUST04230,2024-12-21,Returned,Net Banking
ORD003123,CUST02177,2024-03-20,Processing,Wallet
ORD003124,CUST00471,2024-12-30,Shipped,Net Banking
ORD003125,CUST02495,2024-06-09,Delivered,Cash on Delivery
ORD003126,CUST01096,2024-10-18,Delivered,Debit Card
ORD003127,CUST03780,2024-06-28,Delivered,Wallet
ORD003128,CUST04423,2023-12-02,Processing,Cash on Delivery
ORD003129,CUST00984,2024-02-28,Delivered,UPI
ORD003130,CUST04193,2024-04-06,Returned,Net Banking
ORD003131,CUST02268,2024-12-20,Delivered,Credit Card
ORD003132,CUST01299,2024-11-26,Delivered,Debit Card
ORD003133,CUST03121,2024-09-28,Delivered,UPI
ORD003134,CUST02165,2024-08-20,Delivered,Credit Card
ORD003135,CUST04256,2024-06-20,Delivered,Wallet
ORD003136,CUST01162,2024-11-27,Delivered,UPI
ORD003137,CUST04639,2024-11-07,Delivered,UPI
ORD003138,CUST03083,2024-12-18,Delivered,Cash on Delivery
ORD003139,CUST04501,2024-11-27,Cancelled,UPI
ORD003140,CUST04201,2024-07-16,Delivered,Credit Card
ORD003141,CUST02183,2024-10-30,Delivered,Debit Card
ORD003142,CUST01311,2024-10-26,Delivered,Credit Card
ORD003143,CUST00373,2024-12-06,Delivered,Cash on Delivery
ORD003144,CUST02799,2024-12-23,Delivered,Wallet
ORD003145,CUST01926,2024-12-07,Delivered,Credit Card
ORD003146,CUST01031,2024-12-13,Delivered,Cash on Delivery
ORD003147,CUST03516,2024-02-26,Cancelled,Net Banking
ORD003148,CUST02427,2024-10-30,Delivered,Net Banking
ORD003149,CUST01292,2024-11-13,Delivered,Credit Card
ORD003150,CUST00603,2024-09-16,Delivered,Cash on Delivery
ORD003151,CUST02189,2024-11-12,Delivered,Credit Card
ORD003152,CUST01027,2024-05-09,Delivered,Cash on Delivery
ORD003153,CUST04921,2024-07-18,Shipped,Wallet
ORD003154,CUST04312,2024-09-24,Delivered,Cash on Delivery
ORD003155,CUST02633,2024-08-09,Delivered,Net Banking
ORD003156,CUST01226,2024-11-27,Delivered,Net Banking
ORD003157,CUST00958,2024-12-20,Delivered,UPI
ORD003158,CUST01039,2024-07-10,Delivered,Credit Card
ORD003159,CUST03722,2024-04-12,Delivered,Credit Card
ORD003160,CUST03758,2023-04-14,Delivered,Net Banking
ORD003161,CUST03688,2024-11-19,Delivered,Wallet
ORD003162,CUST04433,2024-10-15,Delivered,UPI
ORD003163,CUST04405,2023-12-26,Delivered,Debit Card
ORD003164,CUST04622,2023-04-22,Delivered,Credit Card
ORD003165,CUST02011,2024-12-13,Delivered,Credit Card
ORD003166,CUST02758,2024-11-25,Delivered,Wallet
ORD003167,CUST01222,2024-10-24,Delivered,Net Banking
ORD003168,CUST04863,2024-11-11,Delivered,Debit Card
ORD003169,CUST02619,2024-08-06,Delivered,UPI
ORD003170,CUST01396,2024-12-05,Shipped,Cash on Delivery
ORD003171,CUST02843,2023-03-29,Delivered,Wallet
ORD003172,CUST03944,2024-01-27,Cancelled,Net Banking
ORD003173,CUST03353,2024-10-28,Delivered,Wallet
ORD003174,CUST02619,2024-09-07,Cancelled,Debit Card
ORD003175,CUST00446,2024-11-07,Delivered,Debit Card
ORD003176,CUST03174,2024-08-18,Delivered,Debit Card
ORD003177,CUST00450,2024-05-19,Delivered,Cash on Delivery
ORD003178,CUST00870,2024-12-25,Returned,UPI
ORD003179,CUST01004,2024-01-04,Delivered,Credit Card
ORD003180,CUST04472,2024-09-26,Delivered,Net Banking
ORD003181,CUST02035,2024-11-15,Delivered,Credit Card
ORD003182,CUST01513,2023-11-16,Delivered,Wallet
ORD003183,CUST03144,2024-03-10,Delivered,UPI
ORD003184,CUST04227,2024-05-10,Delivered,Credit Card
ORD003185,CUST00130,2024-12-20,Delivered,Net Banking
ORD003186,CUST02045,2024-08-14,Processing,Cash on Delivery
ORD003187,CUST01628,2024-01-16,Delivered,UPI
ORD003188,CUST02748,2024-11-13,Delivered,Credit Card
ORD003189,CUST01573,2024-09-05,Cancelled,Wallet
ORD003190,CUST01175,2024-10-26,Delivered,Credit Card
ORD003191,CUST02132,2024-06-11,Delivered,Wallet
ORD003192,CUST04483,2024-10-22,Cancelled,Cash on Delivery
ORD003193,CUST01349,2024-11-17,Delivered,UPI
ORD003194,CUST01383,2024-12-14,Delivered,Credit Card
ORD003195,CUST04079,2024-02-25,Cancelled,Wallet
ORD003196,CUST02687,2024-08-29,Delivered,Wallet
ORD003197,CUST00016,2024-02-21,Delivered,Credit Card
ORD003198,CUST02924,2024-11-20,Returned,Wallet
ORD003199,CUST00330,2024-12-18,Processing,Credit Card
ORD003200,CUST02707,2023-09-10,Delivered,Credit Card
ORD003201,CUST03364,2024-12-09,Delivered,Net Banking
ORD003202,CUST00910,2024-06-19,Delivered,Debit Card
ORD003203,CUST02124,2024-07-04,Delivered,Wallet
ORD003204,CUST00088,2024-09-10,Delivered,UPI
ORD003205,CUST03594,2024-04-03,Shipped,Net Banking
ORD003206,CUST00459,2024-10-18,Delivered,Credit Card
ORD003207,CUST04911,2024-05-02,Returned,Cash on Delivery
ORD003208,CUST03293,2024-07-28,Delivered,Wallet
ORD003209,CUST02823,2024-12-24,Shipped,Cash on Delivery
ORD003210,CUST03166,2024-07-17,Delivered,Wallet
ORD003211,CUST02901,2024-11-12,Delivered,Wallet
ORD003212,CUST02761,2024-01-19,Shipped,Credit Card
ORD003213,CUST02600,2024-09-30,Delivered,Wallet
ORD003214,CUST02901,2024-11-11,Delivered,Net Banking
ORD003215,CUST04252,2023-03-07,Cancelled,Credit Card
ORD003216,CUST03233,2024-11-12,Delivered,Debit Card
ORD003217,CUST01132,2024-12-11,Delivered,Debit Card
ORD003218,CUST02764,2024-06-04,Delivered,Net Banking
ORD003219,CUST01176,2024-01-27,Returned,UPI
ORD003220,CUST02994,2023-12-08,Delivered,Cash on Delivery
ORD003221,CUST01090,2024-10-25,Delivered,Debit Card
ORD003222,CUST02806,2023-12-27,Delivered,UPI
ORD003223,CUST02469,2024-11-17,Cancelled,Credit Card
ORD003224,CUST01725,2024-09-17,Delivered,Credit Card
ORD003225,CUST02853,2024-07-23,Delivered,UPI
ORD003226,CUST00701,2024-12-09,Delivered,Credit Card
ORD003227,CUST01495,2024-07-23,Processing,Credit Card
ORD003228,CUST00260,2024-10-30,Delivered,Cash on Delivery
ORD003229,CUST01863,2024-12-21,Delivered,Credit Card
ORD003230,CUST00828,2023-10-05,Delivered,UPI
ORD003231,CUST00447,2024-07-10,Delivered,Wallet
ORD003232,CUST03855,2024-12-11,Delivered,Cash on Delivery
ORD003233,CUST04963,2024-04-23,Cancelled,Wallet
ORD003234,CUST03573,2024-08-11,Delivered,UPI
ORD003235,CUST01063,2024-12-01,Delivered,Wallet
ORD003236,CUST03816,2024-02-07,Shipped,Wallet
ORD003237,CUST00593,2023-03-30,Cancelled,Wallet
ORD003238,CUST00550,2024-11-15,Shipped,Debit Card
ORD003239,CUST03051,2024-12-20,Delivered,Cash on Delivery
ORD003240,CUST01261,2024-07-12,Delivered,Credit Card
ORD003241,CUST03277,2024-12-28,Delivered,Cash on Delivery
ORD003242,CUST01822,2023-08-16,Cancelled,Credit Card
ORD003243,CUST02028,2024-10-01,Delivered,Credit Card
ORD003244,CUST01603,2024-12-18,Delivered,Credit Card
ORD003245,CUST04438,2024-03-30,Delivered,UPI
ORD003246,CUST04709,2024-10-28,Delivered,Wallet
ORD003247,CUST00478,2023-05-08,Delivered,UPI
ORD003248,CUST02210,2024-12-21,Delivered,Credit Card
ORD003249,CUST01290,2024-04-25,Delivered,Wallet
ORD003250,CUST04322,2024-11-02,Delivered,Debit Card
ORD003251,CUST00654,2023-06-01,Processing,Cash on Delivery
ORD003252,CUST00779,2024-06-01,Delivered,UPI
ORD003253,CUST02014,2024-04-25,Delivered,Credit Card
ORD003254,CUST03226,2024-07-21,Returned,Cash on Delivery
ORD003255,CUST01098,2023-12-14,Shipped,Net Banking
ORD003256,CUST01195,2023-12-16,Cancelled,Net Banking
ORD003257,CUST02894,2024-06-08,Delivered,Wallet
ORD003258,CUST03090,2024-10-19,Delivered,Credit Card
ORD003259,CUST04296,2024-09-26,Delivered,Debit Card
ORD003260,CUST03158,2023-07-05,Delivered,Net Banking
ORD003261,CUST00188,2024-03-29,Delivered,Debit Card
ORD003262,CUST02904,2024-07-21,Cancelled,Net Banking
ORD003263,CUST00478,2024-11-15,Cancelled,Wallet
ORD003264,CUST01887,2024-10-18,Cancelled,Wallet
ORD003265,CUST04306,2023-09-06,Delivered,UPI
ORD003266,CUST01800,2024-10-17,Delivered,Debit Card
ORD003267,CUST01135,2024-09-17,Delivered,UPI
ORD003268,CUST04925,2024-12-10,Delivered,Net Banking
ORD003269,CUST03398,2024-11-25,Delivered,Debit Card
ORD003270,CUST01269,2024-01-25,Delivered,UPI
ORD003271,CUST03388,2024-12-30,Delivered,UPI
ORD003272,CUST03478,2023-05-23,Delivered,Net Banking
ORD003273,CUST02428,2024-11-28,Cancelled,Cash on Delivery
ORD003274,CUST02804,2024-09-16,Returned,Wallet
ORD003275,CUST03533,2024-02-06,Delivered,Cash on Delivery
ORD003276,CUST02832,2024-04-15,Delivered,Debit Card
ORD003277,CUST02787,2023-10-27,Returned,Wallet
ORD003278,CUST04358,2023-11-16,Processing,Cash on Delivery
ORD003279,CUST02445,2024-10-21,Delivered,Net Banking
ORD003280,CUST02178,2024-08-30,Delivered,Wallet
ORD003281,CUST00127,2023-03-11,Delivered,Net Banking
ORD003282,CUST00487,2024-10-30,Returned,Wallet
ORD003283,CUST01232,2024-05-30,Delivered,Net Banking
ORD003284,CUST03463,2024-11-22,Shipped,Debit Card
ORD003285,CUST02053,2023-04-24,Cancelled,UPI
ORD003286,CUST04020,2024-11-17,Returned,Credit Card
ORD003287,CUST00970,2024-11-23,Delivered,Credit Card
ORD003288,CUST01795,2024-12-07,Delivered,Net Banking
ORD003289,CUST04995,2024-05-25,Delivered,Wallet
ORD003290,CUST01096,2024-11-12,Delivered,Debit Card
ORD003291,CUST00264,2024-08-13,Shipped,Cash on Delivery
ORD003292,CUST02353,2024-06-03,Delivered,Wallet
ORD003293,CUST03073,2024-12-21,Shipped,Credit Card
ORD003294,CUST00263,2023-10-28,Cancelled,Wallet
ORD003295,CUST01235,2024-05-04,Delivered,Credit Card
ORD003296,CUST03460,2024-12-27,Delivered,Cash on Delivery
ORD003297,CUST00654,2024-09-16,Delivered,UPI
ORD003298,CUST03411,2024-08-13,Delivered,Net Banking
ORD003299,CUST04286,2024-06-15,Delivered,Debit Card
ORD003300,CUST00845,2024-04-27,Shipped,Debit Card
ORD003301,CUST02211,2024-12-10,Delivered,Debit Card
ORD003302,CUST02216,2023-11-20,Delivered,Net Banking
ORD003303,CUST01888,2024-01-14,Delivered,Net Banking
ORD003304,CUST04950,2024-10-22,Delivered,Wallet
ORD003305,CUST04669,2024-04-19,Processing,UPI
ORD003306,CUST01001,2024-06-15,Delivered,Credit Card
ORD003307,CUST03326,2024-12-23,Delivered,Wallet
ORD003308,CUST02005,2024-09-26,Delivered,Debit Card
ORD003309,CUST03414,2024-06-23,Shipped,Debit Card
ORD003310,CUST01189,2024-09-06,Cancelled,Wallet
ORD003311,CUST02611,2024-09-13,Delivered,Debit Card
ORD003312,CUST04963,2024-10-26,Delivered,Debit Card
ORD003313,CUST01881,2023-06-05,Shipped,Wallet
ORD003314,CUST01040,2024-03-05,Returned,Credit Card
ORD003315,CUST04213,2024-11-21,Delivered,Credit Card
ORD003316,CUST00892,2024-10-23,Delivered,Wallet
ORD003317,CUST01269,2023-12-28,Delivered,Cash on Delivery
ORD003318,CUST03113,2024-11-11,Delivered,Cash on Delivery
ORD003319,CUST04800,2024-06-05,Delivered,Wallet
ORD003320,CUST03816,2023-11-27,Delivered,Credit Card
ORD003321,CUST00651,2023-09-17,Delivered,Cash on Delivery
ORD003322,CUST00809,2024-05-18,Delivered,Net Banking
ORD003323,CUST01686,2024-12-22,Delivered,Debit Card
ORD003324,CUST03877,2024-09-14,Delivered,Cash on Delivery
ORD003325,CUST03890,2024-01-20,Delivered,UPI
ORD003326,CUST00555,2024-11-20,Shipped,Debit Card
ORD003327,CUST03477,2023-07-12,Delivered,Net Banking
ORD003328,CUST02407,2024-11-10,Delivered,Wallet
ORD003329,CUST00071,2024-08-03,Delivered,UPI
ORD003330,CUST02403,2024-12-14,Delivered,Wallet
ORD003331,CUST00043,2024-12-24,Delivered,Credit Card
ORD003332,CUST02077,2024-12-17,Delivered,Credit Card
ORD003333,CUST04119,2023-11-15,Delivered,Debit Card
ORD003334,CUST04890,2024-12-18,Delivered,Net Banking
ORD003335,CUST04471,2024-03-22,Processing,Wallet
ORD003336,CUST04197,2024-11-26,Cancelled,Cash on Delivery
ORD003337,CUST02296,2024-03-02,Delivered,Debit Card
ORD003338,CUST01118,2024-09-28,Delivered,Net Banking
ORD003339,CUST01352,2024-12-06,Delivered,Cash on Delivery
ORD003340,CUST01286,2024-12-12,Delivered,Cash on Delivery
ORD003341,CUST04876,2024-01-13,Delivered,Net Banking
ORD003342,CUST03540,2024-03-24,Delivered,UPI
ORD003343,CUST00025,2024-11-04,Delivered,Wallet
ORD003344,CUST00724,2024-01-31,Cancelled,UPI
ORD003345,CUST03045,2024-09-15,Delivered,UPI
ORD003346,CUST01092,2023-12-01,Delivered,UPI
ORD003347,CUST00847,2024-07-16,Delivered,Net Banking
ORD003348,CUST01450,2024-04-07,Delivered,Wallet
ORD003349,CUST02059,2024-09-04,Delivered,Net Banking
ORD003350,CUST03443,2024-11-12,Delivered,Wallet
ORD003351,CUST02297,2024-05-19,Shipped,Debit Card
ORD003352,CUST00844,2024-09-05,Shipped,UPI
ORD003353,CUST03909,2024-05-12,Shipped,Credit Card
ORD003354,CUST04175,2024-09-30,Cancelled,Cash on Delivery
ORD003355,CUST04206,2024-02-10,Delivered,UPI
ORD003356,CUST04237,2024-09-15,Returned,Wallet
ORD003357,CUST00701,2023-12-30,Cancelled,Cash on Delivery
ORD003358,CUST00363,2023-12-08,Delivered,Net Banking
ORD003359,CUST00899,2024-08-13,Delivered,Credit Card
ORD003360,CUST02051,2024-09-13,Delivered,Net Banking
ORD003361,CUST00950,2024-07-07,Returned,Net Banking
ORD003362,CUST00356,2023-04-24,Delivered,Debit Card
ORD003363,CUST01791,2024-08-15,Delivered,UPI
ORD003364,CUST00672,2024-06-19,Delivered,UPI
ORD003365,CUST03630,2024-06-02,Shipped,UPI
ORD003366,CUST01041,2024-09-06,Delivered,UPI
ORD003367,CUST02376,2024-02-24,Delivered,Cash on Delivery
ORD003368,CUST04088,2023-08-05,Delivered,Wallet
ORD003369,CUST04256,2024-05-06,Delivered,Net Banking
ORD003370,CUST03276,2024-10-14,Delivered,Wallet
ORD003371,CUST01257,2024-11-01,Delivered,Net Banking
ORD003372,CUST04239,2024-02-14,Delivered,Debit Card
ORD003373,CUST01145,2023-06-04,Delivered,Net Banking
ORD003374,CUST04840,2024-12-28,Shipped,Debit Card
ORD003375,CUST02003,2024-03-09,Returned,Debit Card
ORD003376,CUST02401,2023-06-12,Delivered,Wallet
ORD003377,CUST03370,2024-09-05,Cancelled,Debit Card
ORD003378,CUST00143,2024-06-27,Delivered,Wallet
ORD003379,CUST02419,2024-11-13,Processing,Cash on Delivery
ORD003380,CUST01488,2024-10-12,Shipped,Credit Card
ORD003381,CUST00962,2024-11-13,Delivered,Debit Card
ORD003382,CUST00521,2024-06-08,Delivered,Cash on Delivery
ORD003383,CUST04041,2024-04-14,Shipped,Credit Card
ORD003384,CUST02921,2023-11-02,Delivered,UPI
ORD003385,CUST03090,2024-09-17,Shipped,Net Banking
ORD003386,CUST03832,2024-10-07,Delivered,Net Banking
ORD003387,CUST02437,2024-08-20,Processing,Wallet
ORD003388,CUST01290,2024-11-02,Delivered,Wallet
ORD003389,CUST00415,2024-02-21,Delivered,Credit Card
ORD003390,CUST00288,2024-12-21,Delivered,Cash on Delivery
ORD003391,CUST04316,2023-10-31,Delivered,Net Banking
ORD003392,CUST04175,2024-02-29,Delivered,Credit Card
ORD003393,CUST02855,2024-11-01,Shipped,UPI
ORD003394,CUST03540,2024-10-01,Delivered,Credit Card
ORD003395,CUST00373,2024-12-07,Delivered,UPI
ORD003396,CUST01930,2023-07-11,Delivered,Credit Card
ORD003397,CUST03049,2024-08-24,Cancelled,Wallet
ORD003398,CUST03949,2024-09-25,Delivered,Net Banking
ORD003399,CUST01040,2024-07-30,Delivered,Wallet
ORD003400,CUST02273,2024-12-29,Delivered,Net Banking
ORD003401,CUST03552,2023-11-04,Delivered,Net Banking
ORD003402,CUST01157,2024-08-17,Delivered,Cash on Delivery
ORD003403,CUST01787,2024-11-28,Delivered,Wallet
ORD003404,CUST03414,2024-12-14,Delivered,Net Banking
ORD003405,CUST00197,2024-08-30,Delivered,UPI
ORD003406,CUST03522,2023-12-08,Cancelled,Net Banking
ORD003407,CUST02359,2023-12-08,Delivered,Cash on Delivery
ORD003408,CUST03762,2024-05-23,Delivered,Debit Card
ORD003409,CUST01377,2024-11-01,Returned,Debit Card
ORD003410,CUST04159,2024-12-09,Delivered,Credit Card
ORD003411,CUST03368,2024-09-27,Delivered,Net Banking
ORD003412,CUST02735,2024-12-16,Delivered,Wallet
ORD003413,CUST00368,2024-10-13,Delivered,Cash on Delivery
ORD003414,CUST02959,2024-07-29,Delivered,UPI
ORD003415,CUST00918,2024-09-14,Delivered,Credit Card
ORD003416,CUST02325,2024-09-30,Shipped,Net Banking
ORD003417,CUST02388,2024-11-02,Delivered,Credit Card
ORD003418,CUST00121,2024-11-23,Processing,Debit Card
ORD003419,CUST02785,2024-07-26,Delivered,Cash on Delivery
ORD003420,CUST01312,2024-06-20,Delivered,Wallet
ORD003421,CUST03098,2024-06-16,Delivered,Cash on Delivery
ORD003422,CUST02707,2023-11-17,Delivered,Debit Card
ORD003423,CUST00851,2024-08-18,Shipped,Debit Card
ORD003424,CUST03165,2023-08-26,Delivered,Net Banking
ORD003425,CUST04584,2024-11-02,Delivered,Cash on Delivery
ORD003426,CUST00724,2024-08-23,Cancelled,Wallet
ORD003427,CUST02102,2023-12-16,Delivered,Credit Card
ORD003428,CUST00919,2024-03-09,Processing,Wallet
ORD003429,CUST04761,2024-12-26,Shipped,UPI
ORD003430,CUST03228,2024-08-08,Delivered,Wallet
ORD003431,CUST00446,2024-01-17,Delivered,Net Banking
ORD003432,CUST00066,2024-05-16,Delivered,Cash on Delivery
ORD003433,CUST00603,2024-09-15,Delivered,Debit Card
ORD003434,CUST00336,2024-10-11,Delivered,Credit Card
ORD003435,CUST02587,2024-11-17,Delivered,Wallet
ORD003436,CUST03363,2024-10-03,Delivered,Credit Card
ORD003437,CUST03901,2024-09-10,Delivered,Cash on Delivery
ORD003438,CUST02563,2023-11-17,Cancelled,Credit Card
ORD003439,CUST03956,2023-07-26,Delivered,Credit Card
ORD003440,CUST00214,2024-12-26,Delivered,Cash on Delivery
ORD003441,CUST00311,2024-12-25,Delivered,Wallet
ORD003442,CUST00011,2024-12-30,Delivered,Cash on Delivery
ORD003443,CUST04181,2024-12-26,Cancelled,Cash on Delivery
ORD003444,CUST03396,2024-11-05,Delivered,Net Banking
ORD003445,CUST02626,2024-09-19,Delivered,Net Banking
ORD003446,CUST04673,2024-10-25,Delivered,Cash on Delivery
ORD003447,CUST02045,2024-09-13,Processing,Wallet
ORD003448,CUST00090,2024-11-27,Delivered,Debit Card
ORD003449,CUST01397,2024-09-30,Delivered,Wallet
ORD003450,CUST00067,2023-12-20,Delivered,Cash on Delivery
ORD003451,CUST00817,2024-09-12,Delivered,Net Banking
ORD003452,CUST04556,2024-06-14,Delivered,Net Banking
ORD003453,CUST01656,2023-04-27,Delivered,Credit Card
ORD003454,CUST04126,2024-09-17,Cancelled,UPI
ORD003455,CUST01825,2024-02-03,Delivered,Credit Card
ORD003456,CUST01735,2024-12-22,Delivered,Cash on Delivery
ORD003457,CUST04042,2024-04-28,Shipped,UPI
ORD003458,CUST02428,2024-10-10,Delivered,Wallet
ORD003459,CUST03652,2024-12-25,Delivered,Net Banking
ORD003460,CUST00805,2024-09-21,Cancelled,Debit Card
ORD003461,CUST01461,2024-11-22,Delivered,Debit Card
ORD003462,CUST01656,2024-05-03,Delivered,Cash on Delivery
ORD003463,CUST02722,2024-11-15,Delivered,Cash on Delivery
ORD003464,CUST02787,2024-03-06,Shipped,Credit Card
ORD003465,CUST02177,2024-07-02,Delivered,Cash on Delivery
ORD003466,CUST00343,2024-12-24,Cancelled,Wallet
ORD003467,CUST04237,2024-07-13,Returned,Wallet
ORD003468,CUST04551,2024-10-08,Delivered,Debit Card
ORD003469,CUST02508,2023-09-18,Delivered,Debit Card
ORD003470,CUST04277,2024-12-30,Processing,Credit Card
ORD003471,CUST04496,2023-10-03,Delivered,Cash on Delivery
ORD003472,CUST03482,2023-04-21,Delivered,UPI
ORD003473,CUST02554,2023-11-16,Returned,Wallet
ORD003474,CUST01618,2023-12-28,Returned,Credit Card
ORD003475,CUST03669,2024-04-30,Delivered,Cash on Delivery
ORD003476,CUST04290,2024-10-05,Delivered,Cash on Delivery
ORD003477,CUST04831,2024-06-26,Delivered,Credit Card
ORD003478,CUST03326,2024-12-05,Delivered,Debit Card
ORD003479,CUST04531,2024-11-24,Processing,UPI
ORD003480,CUST00657,2024-08-11,Shipped,UPI
ORD003481,CUST00471,2024-12-30,Delivered,Net Banking
ORD003482,CUST00190,2023-12-05,Delivered,Wallet
ORD003483,CUST02210,2024-12-10,Delivered,Debit Card
ORD003484,CUST03676,2024-12-13,Delivered,Credit Card
ORD003485,CUST02216,2023-06-22,Delivered,UPI
ORD003486,CUST00753,2024-12-30,Delivered,Cash on Delivery
ORD003487,CUST02672,2024-04-26,Delivered,Debit Card
ORD003488,CUST00038,2024-08-18,Delivered,Debit Card
ORD003489,CUST04518,2024-10-02,Cancelled,Net Banking
ORD003490,CUST00391,2024-12-28,Delivered,Cash on Delivery
ORD003491,CUST00826,2024-09-04,Delivered,UPI
ORD003492,CUST00125,2024-09-21,Delivered,UPI
ORD003493,CUST00203,2024-11-17,Delivered,Net Banking
ORD003494,CUST02904,2024-04-08,Cancelled,Wallet
ORD003495,CUST02607,2024-11-27,Processing,Debit Card
ORD003496,CUST01399,2024-10-21,Delivered,Debit Card
ORD003497,CUST00165,2024-07-17,Delivered,Debit Card
ORD003498,CUST04318,2024-08-14,Delivered,Net Banking
ORD003499,CUST00247,2024-04-18,Delivered,UPI
ORD003500,CUST01001,2024-04-26,Delivered,Debit Card
ORD003501,CUST03513,2024-03-19,Returned,Cash on Delivery
ORD003502,CUST02008,2024-07-01,Delivered,Cash on Delivery
ORD003503,CUST01159,2024-11-14,Delivered,Cash on Delivery
ORD003504,CUST03139,2024-12-28,Delivered,Debit Card
ORD003505,CUST02830,2024-11-30,Delivered,UPI
ORD003506,CUST02546,2024-11-02,Processing,Wallet
ORD003507,CUST01045,2024-11-28,Delivered,Net Banking
ORD003508,CUST01832,2023-05-17,Delivered,Credit Card
ORD003509,CUST01753,2024-11-15,Delivered,Credit Card
ORD003510,CUST00362,2024-12-05,Delivered,UPI
ORD003511,CUST04996,2024-11-10,Delivered,Credit Card
ORD003512,CUST02691,2024-02-17,Cancelled,Wallet
ORD003513,CUST02809,2023-06-02,Shipped,Net Banking
ORD003514,CUST04302,2024-12-04,Delivered,Cash on Delivery
ORD003515,CUST02600,2024-07-02,Delivered,Debit Card
ORD003516,CUST00984,2024-05-11,Delivered,Cash on Delivery
ORD003517,CUST03273,2024-08-11,Delivered,Cash on Delivery
ORD003518,CUST00880,2024-10-12,Delivered,UPI
ORD003519,CUST02806,2024-12-26,Delivered,Credit Card
ORD003520,CUST00055,2024-12-30,Delivered,Net Banking
ORD003521,CUST01786,2024-10-10,Delivered,Wallet
ORD003522,CUST01843,2024-09-07,Delivered,Net Banking
ORD003523,CUST03816,2024-04-14,Delivered,UPI
ORD003524,CUST04321,2024-06-23,Delivered,Credit Card
ORD003525,CUST02905,2024-03-27,Delivered,Debit Card
ORD003526,CUST01131,2024-05-15,Delivered,Debit Card
ORD003527,CUST00977,2023-12-22,Processing,Cash on Delivery
ORD003528,CUST00127,2023-03-09,Shipped,UPI
ORD003529,CUST02234,2024-02-21,Delivered,Net Banking
ORD003530,CUST02296,2024-10-27,Delivered,Wallet
ORD003531,CUST00449,2024-10-03,Delivered,Net Banking
ORD003532,CUST02765,2024-04-22,Delivered,Net Banking
ORD003533,CUST03718,2024-04-14,Delivered,Wallet
ORD003534,CUST02595,2024-12-07,Delivered,Cash on Delivery
ORD003535,CUST02256,2023-12-31,Delivered,UPI
ORD003536,CUST03500,2023-11-06,Cancelled,Cash on Delivery
ORD003537,CUST04719,2024-07-09,Delivered,Wallet
ORD003538,CUST02798,2023-06-18,Delivered,Credit Card
ORD003539,CUST03559,2024-08-10,Delivered,UPI
ORD003540,CUST02758,2024-11-13,Delivered,Wallet
ORD003541,CUST03273,2024-03-08,Delivered,Debit Card
ORD003542,CUST01380,2023-12-19,Delivered,Net Banking
ORD003543,CUST04088,2023-11-03,Returned,Wallet
ORD003544,CUST00890,2024-05-01,Delivered,Debit Card
ORD003545,CUST04159,2024-08-24,Delivered,Net Banking
ORD003546,CUST00951,2024-03-08,Delivered,Debit Card
ORD003547,CUST02181,2024-12-26,Processing,Wallet
ORD003548,CUST04865,2024-10-14,Delivered,Wallet
ORD003549,CUST00260,2023-11-02,Cancelled,Debit Card
ORD003550,CUST04391,2024-12-08,Delivered,Cash on Delivery
ORD003551,CUST01374,2024-02-20,Delivered,Net Banking
ORD003552,CUST01356,2024-12-10,Processing,Cash on Delivery
ORD003553,CUST04273,2024-07-22,Delivered,Credit Card
ORD003554,CUST03316,2023-09-08,Shipped,UPI
ORD003555,CUST02901,2024-01-13,Delivered,Cash on Delivery
ORD003556,CUST00483,2024-08-04,Delivered,Wallet
ORD003557,CUST00369,2024-02-06,Delivered,Cash on Delivery
ORD003558,CUST02365,2024-10-08,Delivered,Net Banking
ORD003559,CUST02684,2024-10-03,Shipped,Cash on Delivery
ORD003560,CUST03263,2024-04-11,Delivered,UPI
ORD003561,CUST04599,2023-07-29,Delivered,Debit Card
ORD003562,CUST01870,2024-06-26,Processing,Cash on Delivery
ORD003563,CUST03475,2024-11-22,Delivered,Net Banking
ORD003564,CUST01407,2024-07-16,Delivered,Credit Card
ORD003565,CUST03422,2023-08-30,Delivered,Wallet
ORD003566,CUST00459,2024-09-06,Cancelled,Wallet
ORD003567,CUST00230,2024-11-22,Returned,Debit Card
ORD003568,CUST00866,2024-08-26,Delivered,Cash on Delivery
ORD003569,CUST01002,2024-11-29,Delivered,Net Banking
ORD003570,CUST00016,2023-11-17,Delivered,Credit Card
ORD003571,CUST03890,2023-05-09,Returned,Debit Card
ORD003572,CUST04277,2024-11-15,Delivered,Debit Card
ORD003573,CUST04854,2024-05-09,Delivered,Debit Card
ORD003574,CUST01186,2024-12-05,Delivered,Wallet
ORD003575,CUST01971,2024-12-23,Delivered,Cash on Delivery
ORD003576,CUST02047,2024-09-02,Delivered,Net Banking
ORD003577,CUST02865,2024-11-23,Cancelled,Credit Card
ORD003578,CUST04695,2024-12-15,Shipped,Net Banking
ORD003579,CUST02594,2024-09-28,Shipped,Credit Card
ORD003580,CUST04702,2024-03-24,Delivered,UPI
ORD003581,CUST01464,2024-12-19,Delivered,Credit Card
ORD003582,CUST03060,2024-11-25,Delivered,UPI
ORD003583,CUST03252,2024-12-30,Delivered,Cash on Delivery
ORD003584,CUST03863,2024-10-03,Delivered,UPI
ORD003585,CUST01348,2024-02-13,Delivered,Debit Card
ORD003586,CUST01069,2023-10-25,Delivered,Debit Card
ORD003587,CUST02699,2024-06-26,Delivered,Wallet
ORD003588,CUST02471,2024-09-19,Shipped,Net Banking
ORD003589,CUST02628,2024-12-08,Delivered,Debit Card
ORD003590,CUST01420,2024-05-29,Processing,Cash on Delivery
ORD003591,CUST00262,2023-03-28,Delivered,UPI
ORD003592,CUST01309,2023-11-10,Delivered,Cash on Delivery
ORD003593,CUST03001,2024-10-03,Delivered,Wallet
ORD003594,CUST02901,2024-05-13,Delivered,Cash on Delivery
ORD003595,CUST00020,2024-08-15,Delivered,Cash on Delivery
ORD003596,CUST02816,2023-11-26,Delivered,Net Banking
ORD003597,CUST04001,2024-12-25,Delivered,Cash on Delivery
ORD003598,CUST00082,2024-09-16,Cancelled,Wallet
ORD003599,CUST00990,2024-03-17,Cancelled,UPI
ORD003600,CUST03848,2024-05-27,Returned,Wallet
ORD003601,CUST00945,2024-12-29,Processing,Debit Card
ORD003602,CUST02377,2023-12-17,Cancelled,Wallet
ORD003603,CUST00631,2024-06-18,Shipped,UPI
ORD003604,CUST04517,2024-10-12,Delivered,Credit Card
ORD003605,CUST02001,2023-06-18,Delivered,UPI
ORD003606,CUST00681,2024-12-18,Delivered,Credit Card
ORD003607,CUST04470,2023-10-08,Delivered,Net Banking
ORD003608,CUST02826,2024-08-17,Delivered,Cash on Delivery
ORD003609,CUST04925,2024-08-13,Delivered,UPI
ORD003610,CUST01246,2024-08-24,Shipped,Wallet
ORD003611,CUST03140,2024-11-22,Delivered,UPI
ORD003612,CUST01536,2024-12-29,Processing,Debit Card
ORD003613,CUST00367,2024-05-31,Delivered,Debit Card
ORD003614,CUST01110,2024-11-03,Delivered,Net Banking
ORD003615,CUST01245,2024-09-12,Delivered,Debit Card
ORD003616,CUST00289,2024-02-07,Delivered,Debit Card
ORD003617,CUST04444,2024-06-21,Shipped,Wallet
ORD003618,CUST01617,2024-11-20,Cancelled,UPI
ORD003619,CUST01738,2023-09-06,Cancelled,Debit Card
ORD003620,CUST02112,2024-11-09,Cancelled,Credit Card
ORD003621,CUST00002,2024-12-22,Delivered,Credit Card
ORD003622,CUST00986,2024-11-13,Delivered,Wallet
ORD003623,CUST00763,2024-05-13,Delivered,UPI
ORD003624,CUST00599,2024-04-21,Cancelled,Debit Card
ORD003625,CUST04747,2024-11-02,Delivered,Credit Card
ORD003626,CUST01253,2024-08-02,Delivered,Debit Card
ORD003627,CUST02229,2024-03-13,Delivered,Credit Card
ORD003628,CUST03877,2024-12-27,Cancelled,Credit Card
ORD003629,CUST04609,2024-11-20,Returned,UPI
ORD003630,CUST02045,2024-08-29,Delivered,Debit Card
ORD003631,CUST02744,2024-08-13,Delivered,Credit Card
ORD003632,CUST00142,2024-12-03,Delivered,Credit Card
ORD003633,CUST01041,2024-06-13,Returned,Cash on Delivery
ORD003634,CUST02180,2024-12-09,Delivered,Credit Card
ORD003635,CUST03654,2023-09-20,Delivered,Net Banking
ORD003636,CUST03000,2023-09-17,Delivered,Credit Card
ORD003637,CUST02082,2024-10-27,Delivered,Credit Card
ORD003638,CUST01011,2024-12-30,Delivered,Net Banking
ORD003639,CUST00400,2024-11-29,Shipped,Cash on Delivery
ORD003640,CUST03046,2024-11-17,Delivered,Net Banking
ORD003641,CUST02501,2024-02-21,Cancelled,Debit Card
ORD003642,CUST03277,2024-12-24,Delivered,UPI
ORD003643,CUST01176,2024-12-25,Returned,Credit Card
ORD003644,CUST01299,2024-08-26,Cancelled,Credit Card
ORD003645,CUST02902,2024-06-29,Delivered,Cash on Delivery
ORD003646,CUST04342,2024-01-11,Shipped,Credit Card
ORD003647,CUST01440,2024-10-04,Shipped,Wallet
ORD003648,CUST04196,2024-07-09,Delivered,Net Banking
ORD003649,CUST04134,2024-12-26,Cancelled,UPI
ORD003650,CUST01376,2024-08-26,Cancelled,Net Banking
ORD003651,CUST00601,2023-10-31,Delivered,Wallet
ORD003652,CUST04303,2024-10-13,Shipped,Debit Card
ORD003653,CUST00877,2024-10-29,Delivered,Net Banking
ORD003654,CUST02505,2023-12-25,Delivered,Cash on Delivery
ORD003655,CUST00851,2024-09-04,Delivered,Cash on Delivery
ORD003656,CUST04625,2024-09-22,Delivered,Debit Card
ORD003657,CUST04035,2024-12-25,Returned,Wallet
ORD003658,CUST03522,2024-09-15,Delivered,UPI
ORD003659,CUST01842,2024-07-27,Delivered,Credit Card
ORD003660,CUST04277,2024-11-06,Delivered,Credit Card
ORD003661,CUST01611,2024-10-21,Cancelled,Wallet
ORD003662,CUST01795,2024-11-24,Delivered,Credit Card
ORD003663,CUST03077,2024-11-24,Returned,Debit Card
ORD003664,CUST02706,2024-11-09,Processing,Debit Card
ORD003665,CUST02447,2024-10-21,Cancelled,Cash on Delivery
ORD003666,CUST00145,2024-05-24,Shipped,Credit Card
ORD003667,CUST03641,2024-07-26,Delivered,Net Banking
ORD003668,CUST04368,2024-10-26,Delivered,Net Banking
ORD003669,CUST00254,2023-12-28,Delivered,Net Banking
ORD003670,CUST03081,2024-11-08,Delivered,Net Banking
ORD003671,CUST03806,2024-06-30,Delivered,Debit Card
ORD003672,CUST02519,2023-07-18,Shipped,Net Banking
ORD003673,CUST00286,2023-11-07,Delivered,UPI
ORD003674,CUST03962,2024-10-09,Delivered,UPI
ORD003675,CUST00414,2024-06-18,Delivered,Wallet
ORD003676,CUST04227,2023-07-11,Delivered,UPI
ORD003677,CUST00863,2024-12-20,Shipped,Net Banking
ORD003678,CUST01603,2024-12-08,Processing,Debit Card
ORD003679,CUST02143,2023-07-16,Shipped,UPI
ORD003680,CUST04873,2024-12-08,Delivered,Credit Card
ORD003681,CUST04024,2024-09-07,Delivered,Credit Card
ORD003682,CUST00148,2024-07-13,Delivered,UPI
ORD003683,CUST04016,2024-12-22,Cancelled,UPI
ORD003684,CUST04640,2024-09-18,Delivered,Net Banking
ORD003685,CUST00469,2024-01-04,Delivered,Net Banking
ORD003686,CUST02527,2023-10-29,Shipped,Credit Card
ORD003687,CUST00534,2024-12-03,Delivered,Credit Card
ORD003688,CUST00676,2024-04-03,Delivered,Net Banking
ORD003689,CUST02626,2024-08-15,Shipped,Cash on Delivery
ORD003690,CUST04850,2024-06-22,Delivered,Net Banking
ORD003691,CUST02787,2024-11-18,Delivered,UPI
ORD003692,CUST04001,2024-10-22,Returned,Debit Card
ORD003693,CUST04281,2024-05-03,Delivered,Wallet
ORD003694,CUST04020,2024-12-16,Delivered,Net Banking
ORD003695,CUST03265,2024-06-22,Cancelled,UPI
ORD003696,CUST00368,2024-12-28,Delivered,Cash on Delivery
ORD003697,CUST04496,2024-05-13,Delivered,UPI
ORD003698,CUST02583,2024-01-19,Delivered,Net Banking
ORD003699,CUST01345,2024-07-02,Delivered,Credit Card
ORD003700,CUST04138,2024-01-09,Delivered,Debit Card
ORD003701,CUST03388,2024-12-13,Delivered,Cash on Delivery
ORD003702,CUST01660,2024-09-22,Processing,Credit Card
ORD003703,CUST00002,2024-12-09,Delivered,Wallet
ORD003704,CUST03183,2024-08-30,Shipped,Debit Card
ORD003705,CUST00786,2024-03-11,Delivered,Net Banking
ORD003706,CUST00939,2024-11-06,Delivered,Credit Card
ORD003707,CUST04616,2024-10-17,Delivered,Wallet
ORD003708,CUST04173,2024-11-30,Delivered,Net Banking
ORD003709,CUST01530,2024-11-06,Delivered,UPI
ORD003710,CUST04104,2024-08-02,Delivered,Credit Card
ORD003711,CUST04867,2024-02-25,Returned,Credit Card
ORD003712,CUST00241,2024-12-17,Shipped,Wallet
ORD003713,CUST02839,2024-12-08,Delivered,Wallet
ORD003714,CUST03827,2024-05-17,Delivered,Wallet
ORD003715,CUST03549,2024-10-13,Shipped,Credit Card
ORD003716,CUST04623,2024-10-09,Delivered,Wallet
ORD003717,CUST00759,2024-11-30,Processing,Net Banking
ORD003718,CUST00893,2024-12-28,Delivered,Cash on Delivery
ORD003719,CUST00849,2024-05-19,Shipped,Debit Card
ORD003720,CUST03260,2024-12-27,Delivered,Cash on Delivery
ORD003721,CUST01176,2024-09-08,Delivered,Wallet
ORD003722,CUST03634,2024-09-20,Delivered,UPI
ORD003723,CUST01257,2024-10-02,Delivered,Wallet
ORD003724,CUST03746,2024-08-28,Delivered,UPI
ORD003725,CUST02148,2024-06-11,Delivered,Wallet
ORD003726,CUST03364,2024-12-13,Delivered,Cash on Delivery
ORD003727,CUST00036,2024-07-23,Delivered,Cash on Delivery
ORD003728,CUST04394,2024-04-24,Delivered,Credit Card
ORD003729,CUST01604,2024-02-03,Shipped,Wallet
ORD003730,CUST01856,2024-12-10,Shipped,Net Banking
ORD003731,CUST01533,2024-08-04,Delivered,Net Banking
ORD003732,CUST02730,2024-12-30,Delivered,Wallet
ORD003733,CUST02868,2024-07-24,Delivered,UPI
ORD003734,CUST02872,2024-12-13,Cancelled,Wallet
ORD003735,CUST00135,2024-02-05,Delivered,Cash on Delivery
ORD003736,CUST02240,2024-12-25,Delivered,Debit Card
ORD003737,CUST02000,2024-09-28,Cancelled,Credit Card
ORD003738,CUST04842,2024-07-24,Delivered,Credit Card
ORD003739,CUST00574,2024-12-08,Returned,Wallet
ORD003740,CUST00038,2024-06-19,Returned,Cash on Delivery
ORD003741,CUST01356,2024-08-11,Delivered,UPI
ORD003742,CUST04847,2024-09-15,Shipped,Cash on Delivery
ORD003743,CUST02090,2023-02-05,Delivered,Debit Card
ORD003744,CUST02761,2023-08-23,Cancelled,Credit Card
ORD003745,CUST01002,2024-03-07,Delivered,UPI
ORD003746,CUST04818,2024-08-22,Returned,Wallet
ORD003747,CUST03077,2024-10-30,Delivered,Net Banking
ORD003748,CUST02165,2024-09-18,Delivered,Net Banking
ORD003749,CUST03195,2024-09-30,Delivered,Debit Card
ORD003750,CUST04842,2024-07-24,Returned,Wallet
ORD003751,CUST02865,2024-11-09,Delivered,Credit Card
ORD003752,CUST01563,2024-06-15,Cancelled,Debit Card
ORD003753,CUST03513,2023-08-04,Delivered,Debit Card
ORD003754,CUST01002,2024-06-03,Delivered,Net Banking
ORD003755,CUST00938,2024-05-31,Delivered,Net Banking
ORD003756,CUST03270,2024-02-23,Delivered,Credit Card
ORD003757,CUST02282,2023-12-22,Delivered,Credit Card
ORD003758,CUST00875,2024-11-21,Delivered,UPI
ORD003759,CUST00237,2023-10-23,Delivered,Cash on Delivery
ORD003760,CUST04040,2024-07-11,Delivered,UPI
ORD003761,CUST04598,2024-09-07,Delivered,Cash on Delivery
ORD003762,CUST04920,2024-06-26,Cancelled,Cash on Delivery
ORD003763,CUST02663,2024-12-28,Delivered,Wallet
ORD003764,CUST02044,2024-09-09,Cancelled,Wallet
ORD003765,CUST04924,2024-10-01,Delivered,Debit Card
ORD003766,CUST04016,2024-12-29,Delivered,Credit Card
ORD003767,CUST01900,2024-10-16,Shipped,Credit Card
ORD003768,CUST03067,2024-10-30,Delivered,Net Banking
ORD003769,CUST01311,2024-11-04,Cancelled,Debit Card
ORD003770,CUST01071,2024-03-25,Delivered,Cash on Delivery
ORD003771,CUST01759,2024-02-16,Delivered,Net Banking
ORD003772,CUST02544,2024-10-19,Delivered,Cash on Delivery
ORD003773,CUST01710,2024-07-20,Delivered,Net Banking
ORD003774,CUST04690,2024-06-19,Delivered,Wallet
ORD003775,CUST02039,2024-09-02,Delivered,Debit Card
ORD003776,CUST01777,2024-11-24,Delivered,Credit Card
ORD003777,CUST02609,2024-06-24,Delivered,Wallet
ORD003778,CUST02152,2024-06-04,Delivered,Wallet
ORD003779,CUST03388,2024-10-19,Cancelled,Cash on Delivery
ORD003780,CUST02070,2024-05-06,Delivered,UPI
ORD003781,CUST03405,2024-11-23,Delivered,UPI
ORD003782,CUST00984,2024-05-26,Returned,Debit Card
ORD003783,CUST00428,2024-12-09,Shipped,Wallet
ORD003784,CUST04901,2024-10-25,Shipped,UPI
ORD003785,CUST03697,2024-04-11,Returned,Credit Card
ORD003786,CUST04782,2024-12-12,Shipped,Debit Card
ORD003787,CUST01355,2024-10-23,Delivered,Debit Card
ORD003788,CUST00437,2024-10-24,Cancelled,Credit Card
ORD003789,CUST02676,2024-10-17,Delivered,Wallet
ORD003790,CUST04547,2024-12-01,Delivered,Credit Card
ORD003791,CUST03856,2024-10-13,Delivered,Cash on Delivery
ORD003792,CUST02107,2024-07-29,Shipped,Cash on Delivery
ORD003793,CUST03154,2024-04-23,Delivered,Debit Card
ORD003794,CUST04174,2024-11-07,Delivered,Net Banking
ORD003795,CUST00941,2024-12-25,Delivered,Credit Card
ORD003796,CUST04681,2024-09-21,Processing,Net Banking
ORD003797,CUST03483,2024-01-27,Delivered,Net Banking
ORD003798,CUST01191,2023-10-16,Delivered,Debit Card
ORD003799,CUST00018,2024-11-18,Delivered,Cash on Delivery
ORD003800,CUST03424,2024-11-01,Processing,Cash on Delivery
ORD003801,CUST03545,2024-03-11,Shipped,Net Banking
ORD003802,CUST04673,2024-12-09,Delivered,UPI
ORD003803,CUST00065,2023-10-12,Delivered,Credit Card
ORD003804,CUST04361,2024-04-14,Delivered,Credit Card
ORD003805,CUST02260,2024-08-27,Delivered,Wallet
ORD003806,CUST04191,2024-09-28,Processing,Debit Card
ORD003807,CUST00892,2024-07-13,Delivered,Cash on Delivery
ORD003808,CUST04979,2024-10-16,Cancelled,UPI
ORD003809,CUST02517,2024-09-22,Delivered,Wallet
ORD003810,CUST03654,2023-11-26,Delivered,Net Banking
ORD003811,CUST01533,2024-07-18,Delivered,Credit Card
ORD003812,CUST01892,2024-07-07,Delivered,Debit Card
ORD003813,CUST03179,2024-10-08,Delivered,Wallet
ORD003814,CUST04106,2024-05-06,Cancelled,Debit Card
ORD003815,CUST00932,2024-12-08,Cancelled,UPI
ORD003816,CUST01461,2024-08-13,Shipped,UPI
ORD003817,CUST03273,2024-05-23,Delivered,Cash on Delivery
ORD003818,CUST03745,2024-10-08,Returned,Debit Card
ORD003819,CUST00557,2023-11-09,Cancelled,Wallet
ORD003820,CUST04381,2024-12-14,Returned,UPI
ORD003821,CUST00665,2024-12-01,Delivered,Cash on Delivery
ORD003822,CUST00670,2024-12-01,Shipped,Cash on Delivery
ORD003823,CUST04237,2024-08-17,Delivered,UPI
ORD003824,CUST03182,2024-07-25,Shipped,Wallet
ORD003825,CUST03213,2023-12-05,Delivered,Cash on Delivery
ORD003826,CUST00104,2023-07-18,Processing,Wallet
ORD003827,CUST01700,2023-12-05,Delivered,UPI
ORD003828,CUST04716,2024-03-05,Cancelled,Debit Card
ORD003829,CUST02559,2023-05-18,Delivered,Wallet
ORD003830,CUST02686,2024-06-09,Shipped,Credit Card
ORD003831,CUST03000,2023-06-03,Returned,Wallet
ORD003832,CUST03160,2024-12-27,Delivered,Wallet
ORD003833,CUST03788,2024-01-13,Processing,Credit Card
ORD003834,CUST03038,2024-08-06,Shipped,UPI
ORD003835,CUST01213,2024-09-16,Delivered,Wallet
ORD003836,CUST04818,2024-10-19,Processing,Cash on Delivery
ORD003837,CUST01679,2023-12-12,Delivered,Net Banking
ORD003838,CUST03911,2024-12-23,Delivered,Wallet
ORD003839,CUST03711,2024-08-17,Delivered,Cash on Delivery
ORD003840,CUST00087,2023-09-11,Delivered,Wallet
ORD003841,CUST02142,2024-08-29,Cancelled,UPI
ORD003842,CUST03022,2023-12-03,Delivered,Net Banking
ORD003843,CUST02765,2024-03-10,Processing,Credit Card
ORD003844,CUST00946,2024-02-19,Delivered,Cash on Delivery
ORD003845,CUST02463,2024-10-19,Delivered,UPI
ORD003846,CUST00220,2024-10-25,Delivered,Cash on Delivery
ORD003847,CUST01751,2023-07-06,Delivered,Debit Card
ORD003848,CUST01250,2024-06-12,Delivered,Debit Card
ORD003849,CUST01446,2024-09-09,Delivered,Wallet
ORD003850,CUST01823,2024-03-06,Delivered,Cash on Delivery
ORD003851,CUST00356,2023-07-03,Delivered,Wallet
ORD003852,CUST02862,2024-04-01,Cancelled,Credit Card
ORD003853,CUST00757,2024-09-15,Cancelled,Cash on Delivery
ORD003854,CUST04865,2024-09-05,Delivered,Wallet
ORD003855,CUST03342,2024-12-26,Returned,Debit Card
ORD003856,CUST01699,2024-08-27,Delivered,Cash on Delivery
ORD003857,CUST00783,2024-08-30,Returned,Net Banking
ORD003858,CUST00246,2024-12-26,Processing,Credit Card
ORD003859,CUST01440,2023-05-02,Cancelled,Debit Card
ORD003860,CUST01980,2024-12-18,Delivered,Net Banking
ORD003861,CUST01656,2024-11-17,Delivered,Cash on Delivery
ORD003862,CUST04095,2024-12-22,Processing,Net Banking
ORD003863,CUST02242,2024-09-16,Delivered,Credit Card
ORD003864,CUST02061,2024-09-03,Delivered,Net Banking
ORD003865,CUST01373,2024-02-01,Cancelled,Cash on Delivery
ORD003866,CUST00916,2024-11-19,Returned,Cash on Delivery
ORD003867,CUST01096,2024-12-02,Shipped,UPI
ORD003868,CUST02631,2024-06-22,Delivered,Wallet
ORD003869,CUST04995,2024-05-10,Delivered,Cash on Delivery
ORD003870,CUST02092,2024-09-24,Delivered,Debit Card
ORD003871,CUST04230,2024-12-15,Delivered,Net Banking
ORD003872,CUST04783,2024-08-19,Cancelled,Debit Card
ORD003873,CUST03296,2024-11-29,Delivered,Net Banking
ORD003874,CUST03710,2024-06-22,Delivered,Net Banking
ORD003875,CUST04554,2024-09-10,Delivered,Net Banking
ORD003876,CUST02013,2023-09-28,Delivered,Net Banking
ORD003877,CUST03284,2024-02-08,Processing,Debit Card
ORD003878,CUST04924,2024-11-24,Delivered,Wallet
ORD003879,CUST02841,2024-03-31,Delivered,Wallet
ORD003880,CUST01083,2024-08-02,Delivered,Net Banking
ORD003881,CUST01656,2024-06-12,Delivered,Wallet
ORD003882,CUST01898,2024-03-27,Delivered,Credit Card
ORD003883,CUST02973,2024-11-08,Delivered,UPI
ORD003884,CUST04360,2024-03-12,Delivered,Wallet
ORD003885,CUST00269,2024-09-08,Delivered,Net Banking
ORD003886,CUST04927,2023-09-16,Shipped,Net Banking
ORD003887,CUST00951,2024-03-14,Delivered,UPI
ORD003888,CUST04977,2024-11-30,Delivered,Wallet
ORD003889,CUST00847,2024-03-16,Delivered,Net Banking
ORD003890,CUST03435,2024-11-01,Delivered,Debit Card
ORD003891,CUST03045,2024-11-22,Shipped,Credit Card
ORD003892,CUST00364,2023-11-16,Delivered,Wallet
ORD003893,CUST01439,2024-09-30,Delivered,Credit Card
ORD003894,CUST02128,2023-09-15,Returned,Credit Card
ORD003895,CUST03803,2024-06-28,Delivered,Wallet
ORD003896,CUST01604,2024-03-29,Shipped,Debit Card
ORD003897,CUST00752,2024-12-28,Shipped,Net Banking
ORD003898,CUST04064,2024-12-16,Returned,UPI
ORD003899,CUST04923,2024-10-26,Delivered,UPI
ORD003900,CUST02190,2024-09-14,Delivered,Cash on Delivery
ORD003901,CUST01816,2023-03-10,Delivered,Credit Card
ORD003902,CUST02288,2024-08-20,Shipped,Net Banking
ORD003903,CUST02131,2024-11-21,Delivered,Debit Card
ORD003904,CUST04600,2024-06-26,Delivered,Debit Card
ORD003905,CUST01024,2023-10-24,Delivered,UPI
ORD003906,CUST00341,2024-02-12,Delivered,Net Banking
ORD003907,CUST02152,2024-08-14,Delivered,UPI
ORD003908,CUST02481,2024-06-21,Shipped,Wallet
ORD003909,CUST04550,2024-03-29,Delivered,Cash on Delivery
ORD003910,CUST01526,2023-11-26,Delivered,Cash on Delivery
ORD003911,CUST04867,2024-05-11,Returned,Net Banking
ORD003912,CUST00637,2024-11-14,Returned,Wallet
ORD003913,CUST04498,2024-12-08,Shipped,Debit Card
ORD003914,CUST03350,2024-06-12,Delivered,Wallet
ORD003915,CUST00816,2024-09-09,Delivered,Cash on Delivery
ORD003916,CUST00470,2024-04-05,Delivered,Cash on Delivery
ORD003917,CUST03912,2024-11-12,Delivered,Wallet
ORD003918,CUST04543,2024-12-19,Shipped,Debit Card
ORD003919,CUST02817,2024-12-24,Shipped,Cash on Delivery
ORD003920,CUST00043,2024-10-09,Shipped,Debit Card
ORD003921,CUST01176,2024-10-30,Shipped,Debit Card
ORD003922,CUST04959,2024-12-24,Delivered,Net Banking
ORD003923,CUST03891,2024-11-06,Returned,Wallet
ORD003924,CUST00852,2023-08-05,Cancelled,Cash on Delivery
ORD003925,CUST02178,2023-11-09,Delivered,Wallet
ORD003926,CUST02339,2024-09-28,Delivered,Cash on Delivery
ORD003927,CUST01263,2024-07-21,Cancelled,Wallet
ORD003928,CUST01597,2024-08-13,Cancelled,Net Banking
ORD003929,CUST01072,2023-11-29,Delivered,Debit Card
ORD003930,CUST04505,2024-12-21,Shipped,Credit Card
ORD003931,CUST03165,2024-02-08,Delivered,Cash on Delivery
ORD003932,CUST04281,2024-08-06,Delivered,Wallet
ORD003933,CUST02930,2024-08-02,Delivered,Credit Card
ORD003934,CUST03920,2023-05-20,Processing,Cash on Delivery
ORD003935,CUST00972,2024-11-02,Delivered,Debit Card
ORD003936,CUST00638,2024-04-24,Cancelled,Net Banking
ORD003937,CUST03540,2024-12-03,Delivered,Debit Card
ORD003938,CUST04197,2024-09-28,Delivered,UPI
ORD003939,CUST00581,2023-04-16,Returned,Cash on Delivery
ORD003940,CUST03237,2024-07-31,Delivered,Net Banking
ORD003941,CUST03841,2024-10-20,Delivered,UPI
ORD003942,CUST02253,2024-12-17,Delivered,Wallet
ORD003943,CUST04656,2024-12-13,Processing,Debit Card
ORD003944,CUST04615,2024-12-23,Delivered,Net Banking
ORD003945,CUST01116,2023-08-11,Delivered,Cash on Delivery
ORD003946,CUST03205,2024-10-10,Processing,Wallet
ORD003947,CUST00860,2024-10-23,Delivered,UPI
ORD003948,CUST00296,2024-11-06,Delivered,Debit Card
ORD003949,CUST01251,2024-11-17,Delivered,Credit Card
ORD003950,CUST00837,2024-12-19,Delivered,Wallet
ORD003951,CUST04951,2023-09-27,Shipped,Credit Card
ORD003952,CUST00752,2024-08-17,Delivered,Credit Card
ORD003953,CUST04959,2024-11-16,Delivered,Debit Card
ORD003954,CUST03189,2024-09-20,Shipped,UPI
ORD003955,CUST02780,2024-09-24,Returned,Debit Card
ORD003956,CUST02731,2024-12-14,Delivered,UPI
ORD003957,CUST01710,2023-06-18,Delivered,Cash on Delivery
ORD003958,CUST04570,2024-11-30,Delivered,Cash on Delivery
ORD003959,CUST01020,2023-03-08,Delivered,Wallet
ORD003960,CUST00376,2023-11-05,Returned,Credit Card
ORD003961,CUST03751,2024-05-12,Delivered,Net Banking
ORD003962,CUST04029,2024-12-03,Delivered,UPI
ORD003963,CUST04684,2024-11-24,Returned,Net Banking
ORD003964,CUST00693,2024-03-30,Delivered,Credit Card
ORD003965,CUST00672,2024-04-16,Shipped,Debit Card
ORD003966,CUST00707,2024-10-23,Shipped,Net Banking
ORD003967,CUST01905,2024-12-29,Delivered,Credit Card
ORD003968,CUST01139,2024-04-14,Delivered,Wallet
ORD003969,CUST00158,2024-08-15,Delivered,Credit Card
ORD003970,CUST02552,2024-11-28,Delivered,UPI
ORD003971,CUST04531,2024-11-30,Delivered,Cash on Delivery
ORD003972,CUST00558,2024-12-08,Delivered,Net Banking
ORD003973,CUST02541,2024-06-09,Delivered,Credit Card
ORD003974,CUST02592,2024-04-08,Cancelled,Debit Card
ORD003975,CUST01631,2024-05-21,Delivered,Credit Card
ORD003976,CUST01000,2024-02-18,Delivered,Net Banking
ORD003977,CUST03445,2024-01-11,Delivered,Cash on Delivery
ORD003978,CUST01883,2024-12-02,Delivered,Debit Card
ORD003979,CUST02981,2024-05-29,Cancelled,Credit Card
ORD003980,CUST04512,2024-02-21,Delivered,Debit Card
ORD003981,CUST04747,2024-12-14,Delivered,Cash on Delivery
ORD003982,CUST04429,2024-07-30,Delivered,Credit Card
ORD003983,CUST03558,2024-12-20,Delivered,Debit Card
ORD003984,CUST02355,2024-05-25,Cancelled,Debit Card
ORD003985,CUST02994,2023-12-05,Delivered,Debit Card
ORD003986,CUST02405,2024-06-20,Delivered,Net Banking
ORD003987,CUST01093,2023-08-12,Delivered,Debit Card
ORD003988,CUST04571,2024-04-24,Delivered,UPI
ORD003989,CUST04931,2024-06-30,Shipped,Wallet
ORD003990,CUST01325,2024-08-05,Shipped,Credit Card
ORD003991,CUST04983,2024-11-22,Delivered,Net Banking
ORD003992,CUST02361,2023-12-04,Cancelled,Wallet
ORD003993,CUST04424,2024-09-15,Returned,Debit Card
ORD003994,CUST03274,2024-08-13,Delivered,UPI
ORD003995,CUST04721,2024-11-06,Delivered,Credit Card
ORD003996,CUST04836,2024-01-13,Delivered,UPI
ORD003997,CUST02707,2024-09-22,Delivered,Wallet
ORD003998,CUST04634,2023-04-11,Returned,Cash on Delivery
ORD003999,CUST03419,2024-09-27,Delivered,Wallet
ORD004000,CUST02698,2024-06-07,Delivered,Debit Card
ORD004001,CUST03629,2024-05-23,Cancelled,Credit Card
ORD004002,CUST00855,2024-06-23,Delivered,UPI
ORD004003,CUST00878,2024-11-06,Shipped,Cash on Delivery
ORD004004,CUST00752,2023-07-22,Delivered,Credit Card
ORD004005,CUST03185,2024-02-19,Shipped,Net Banking
ORD004006,CUST03207,2024-09-17,Delivered,Net Banking
ORD004007,CUST00721,2024-05-02,Delivered,UPI
ORD004008,CUST00523,2024-04-27,Cancelled,UPI
ORD004009,CUST04123,2024-12-08,Delivered,UPI
ORD004010,CUST01280,2024-09-16,Shipped,Wallet
ORD004011,CUST00629,2024-10-07,Delivered,UPI
ORD004012,CUST04584,2024-05-01,Delivered,Wallet
ORD004013,CUST02501,2024-12-30,Delivered,Wallet
ORD004014,CUST04380,2024-09-29,Shipped,UPI
ORD004015,CUST01670,2024-08-17,Delivered,Credit Card
ORD004016,CUST00894,2024-12-21,Delivered,Cash on Delivery
ORD004017,CUST00039,2024-06-06,Delivered,Cash on Delivery
ORD004018,CUST01336,2024-07-10,Delivered,Net Banking
ORD004019,CUST00599,2023-11-16,Shipped,UPI
ORD004020,CUST01176,2024-01-27,Delivered,Credit Card
ORD004021,CUST03682,2024-03-11,Shipped,Wallet
ORD004022,CUST01510,2024-04-15,Processing,Cash on Delivery
ORD004023,CUST00950,2024-04-11,Delivered,Wallet
ORD004024,CUST03337,2024-10-16,Delivered,Cash on Delivery
ORD004025,CUST00115,2024-02-15,Delivered,Net Banking
ORD004026,CUST04040,2024-10-22,Cancelled,Debit Card
ORD004027,CUST03634,2024-09-17,Delivered,Credit Card
ORD004028,CUST04152,2024-07-06,Delivered,Wallet
ORD004029,CUST02761,2023-09-02,Cancelled,Net Banking
ORD004030,CUST01451,2024-09-28,Delivered,Debit Card
ORD004031,CUST01964,2024-11-03,Delivered,Debit Card
ORD004032,CUST04393,2023-05-06,Delivered,Wallet
ORD004033,CUST00379,2024-10-21,Cancelled,Cash on Delivery
ORD004034,CUST02011,2024-09-05,Delivered,UPI
ORD004035,CUST03283,2024-12-05,Delivered,Cash on Delivery
ORD004036,CUST04613,2024-12-12,Delivered,Debit Card
ORD004037,CUST00257,2024-11-05,Cancelled,Credit Card
ORD004038,CUST03320,2024-07-10,Cancelled,UPI
ORD004039,CUST04001,2024-11-10,Delivered,Debit Card
ORD004040,CUST03819,2023-08-31,Delivered,Wallet
ORD004041,CUST00056,2023-11-07,Delivered,Credit Card
ORD004042,CUST02431,2024-06-10,Shipped,UPI
ORD004043,CUST00277,2024-11-23,Delivered,UPI
ORD004044,CUST01825,2024-10-03,Delivered,Credit Card
ORD004045,CUST04268,2024-06-02,Delivered,Credit Card
ORD004046,CUST04450,2024-04-26,Delivered,UPI
ORD004047,CUST04902,2024-12-16,Cancelled,Credit Card
ORD004048,CUST02077,2024-12-19,Delivered,Net Banking
ORD004049,CUST03757,2024-07-31,Delivered,Net Banking
ORD004050,CUST02131,2024-12-18,Delivered,Debit Card
ORD004051,CUST03551,2024-03-23,Delivered,Wallet
ORD004052,CUST00038,2024-09-06,Delivered,UPI
ORD004053,CUST02077,2024-10-27,Returned,Debit Card
ORD004054,CUST03901,2024-11-24,Processing,Net Banking
ORD004055,CUST04451,2024-11-17,Delivered,Credit Card
ORD004056,CUST04452,2024-03-26,Delivered,Cash on Delivery
ORD004057,CUST01325,2024-03-18,Delivered,Cash on Delivery
ORD004058,CUST01527,2024-09-27,Delivered,Cash on Delivery
ORD004059,CUST01204,2024-01-08,Delivered,Credit Card
ORD004060,CUST02071,2024-10-02,Delivered,UPI
ORD004061,CUST01404,2024-05-02,Delivered,Credit Card
ORD004062,CUST00881,2024-10-07,Delivered,Credit Card
ORD004063,CUST01077,2024-12-26,Delivered,Wallet
ORD004064,CUST04613,2024-06-11,Delivered,UPI
ORD004065,CUST02397,2024-12-03,Delivered,Net Banking
ORD004066,CUST00582,2024-11-17,Delivered,Net Banking
ORD004067,CUST01745,2024-12-04,Delivered,UPI
ORD004068,CUST04674,2024-10-30,Delivered,Net Banking
ORD004069,CUST02071,2024-08-01,Delivered,UPI
ORD004070,CUST01459,2024-10-17,Cancelled,Net Banking
ORD004071,CUST03677,2024-10-18,Delivered,Credit Card
ORD004072,CUST04911,2023-10-31,Delivered,Cash on Delivery
ORD004073,CUST02191,2024-12-23,Delivered,UPI
ORD004074,CUST04603,2024-10-06,Cancelled,UPI
ORD004075,CUST01992,2023-10-06,Cancelled,Debit Card
ORD004076,CUST02340,2024-11-14,Delivered,Debit Card
ORD004077,CUST02812,2024-06-22,Cancelled,Debit Card
ORD004078,CUST01238,2024-09-07,Delivered,Net Banking
ORD004079,CUST00866,2024-12-03,Delivered,UPI
ORD004080,CUST02895,2023-09-25,Delivered,Debit Card
ORD004081,CUST00056,2024-08-31,Delivered,Debit Card
ORD004082,CUST01311,2024-11-23,Cancelled,Credit Card
ORD004083,CUST03139,2024-12-01,Delivered,Wallet
ORD004084,CUST04697,2024-12-20,Delivered,Cash on Delivery
ORD004085,CUST01658,2023-08-30,Delivered,Cash on Delivery
ORD004086,CUST03215,2024-05-20,Delivered,Debit Card
ORD004087,CUST02587,2024-09-07,Delivered,Debit Card
ORD004088,CUST02062,2024-12-01,Delivered,Cash on Delivery
ORD004089,CUST01197,2024-03-15,Cancelled,Net Banking
ORD004090,CUST01966,2024-06-15,Delivered,Net Banking
ORD004091,CUST04953,2024-12-22,Shipped,Net Banking
ORD004092,CUST01795,2024-12-24,Delivered,Credit Card
ORD004093,CUST00450,2024-10-15,Cancelled,UPI
ORD004094,CUST02912,2024-06-06,Processing,Cash on Delivery
ORD004095,CUST03901,2024-10-30,Shipped,Net Banking
ORD004096,CUST01232,2024-05-11,Delivered,Net Banking
ORD004097,CUST04247,2024-12-27,Delivered,Credit Card
ORD004098,CUST01379,2024-03-13,Cancelled,Credit Card
ORD004099,CUST00723,2024-09-27,Delivered,Credit Card
ORD004100,CUST00726,2024-05-11,Delivered,Net Banking
ORD004101,CUST01722,2024-10-30,Delivered,Wallet
ORD004102,CUST00127,2023-10-13,Delivered,Wallet
ORD004103,CUST04543,2023-07-31,Delivered,Credit Card
ORD004104,CUST00670,2024-07-18,Delivered,UPI
ORD004105,CUST04085,2023-12-17,Delivered,Cash on Delivery
ORD004106,CUST01708,2024-07-06,Shipped,Debit Card
ORD004107,CUST03910,2024-06-23,Delivered,Credit Card
ORD004108,CUST03990,2024-08-10,Delivered,Wallet
ORD004109,CUST03161,2024-11-12,Cancelled,Net Banking
ORD004110,CUST01607,2024-08-28,Cancelled,Net Banking
ORD004111,CUST03678,2024-12-18,Cancelled,Net Banking
ORD004112,CUST04321,2024-06-27,Delivered,UPI
ORD004113,CUST03920,2023-04-13,Delivered,Credit Card
ORD004114,CUST01637,2024-02-26,Delivered,Cash on Delivery
ORD004115,CUST03513,2023-08-31,Delivered,UPI
ORD004116,CUST03300,2024-06-16,Delivered,Wallet
ORD004117,CUST04709,2024-07-19,Processing,Credit Card
ORD004118,CUST04853,2024-08-07,Delivered,Net Banking
ORD004119,CUST04864,2024-06-26,Delivered,Cash on Delivery
ORD004120,CUST01527,2024-04-02,Cancelled,Cash on Delivery
ORD004121,CUST02823,2024-07-15,Delivered,UPI
ORD004122,CUST01196,2024-10-08,Delivered,Credit Card
ORD004123,CUST03597,2024-09-25,Processing,Debit Card
ORD004124,CUST00471,2024-12-30,Delivered,Wallet
ORD004125,CUST00447,2024-07-01,Delivered,Wallet
ORD004126,CUST00711,2024-07-19,Shipped,Cash on Delivery
ORD004127,CUST01355,2024-11-30,Delivered,Net Banking
ORD004128,CUST02457,2024-03-08,Delivered,Wallet
ORD004129,CUST01197,2024-05-22,Processing,Debit Card
ORD004130,CUST00797,2024-10-20,Delivered,Wallet
ORD004131,CUST00097,2024-11-10,Cancelled,Credit Card
ORD004132,CUST01774,2024-11-23,Cancelled,UPI
ORD004133,CUST02521,2023-09-02,Delivered,Debit Card
ORD004134,CUST04753,2024-10-03,Delivered,Net Banking
ORD004135,CUST04284,2023-02-12,Delivered,Credit Card
ORD004136,CUST03861,2023-06-20,Delivered,UPI
ORD004137,CUST00967,2023-06-09,Returned,Net Banking
ORD004138,CUST04407,2024-01-24,Delivered,Net Banking
ORD004139,CUST03319,2024-03-28,Delivered,Credit Card
ORD004140,CUST01962,2024-10-24,Delivered,Wallet
ORD004141,CUST02256,2024-06-25,Cancelled,Debit Card
ORD004142,CUST01183,2024-12-30,Delivered,UPI
ORD004143,CUST03030,2024-08-17,Delivered,Cash on Delivery
ORD004144,CUST00623,2024-04-26,Delivered,Credit Card
ORD004145,CUST03273,2024-03-26,Delivered,Credit Card
ORD004146,CUST00601,2024-03-28,Returned,Credit Card
ORD004147,CUST02137,2024-11-02,Shipped,Net Banking
ORD004148,CUST01472,2024-09-24,Delivered,Credit Card
ORD004149,CUST02765,2024-11-29,Returned,UPI
ORD004150,CUST02011,2024-08-09,Cancelled,UPI
ORD004151,CUST01926,2024-08-02,Delivered,Debit Card
ORD004152,CUST02071,2024-06-06,Shipped,Net Banking
ORD004153,CUST03449,2024-03-15,Delivered,Net Banking
ORD004154,CUST02930,2024-05-04,Returned,Credit Card
ORD004155,CUST03030,2024-08-09,Returned,Cash on Delivery
ORD004156,CUST01437,2024-06-12,Delivered,Credit Card
ORD004157,CUST03303,2024-11-27,Delivered,Credit Card
ORD004158,CUST00860,2024-10-10,Cancelled,Net Banking
ORD004159,CUST04242,2024-12-22,Delivered,Net Banking
ORD004160,CUST00222,2024-07-27,Delivered,Wallet
ORD004161,CUST02247,2024-04-08,Shipped,Wallet
ORD004162,CUST02450,2023-04-22,Cancelled,Cash on Delivery
ORD004163,CUST03993,2024-10-31,Delivered,Cash on Delivery
ORD004164,CUST02187,2023-08-07,Delivered,Net Banking
ORD004165,CUST03858,2024-02-20,Delivered,Debit Card
ORD004166,CUST04332,2023-09-28,Delivered,Credit Card
ORD004167,CUST03236,2024-10-11,Delivered,Credit Card
ORD004168,CUST02591,2024-08-10,Delivered,Net Banking
ORD004169,CUST03079,2023-12-27,Delivered,Cash on Delivery
ORD004170,CUST04427,2024-03-13,Cancelled,Credit Card
ORD004171,CUST02403,2024-12-03,Delivered,UPI
ORD004172,CUST02283,2024-07-30,Delivered,Cash on Delivery
ORD004173,CUST04480,2024-12-23,Delivered,Debit Card
ORD004174,CUST04903,2024-11-20,Delivered,Wallet
ORD004175,CUST00860,2024-08-16,Delivered,Debit Card
ORD004176,CUST00221,2024-07-14,Delivered,Net Banking
ORD004177,CUST03524,2024-07-19,Returned,Net Banking
ORD004178,CUST04487,2024-11-15,Delivered,Debit Card
ORD004179,CUST00158,2023-11-20,Delivered,Wallet
ORD004180,CUST01988,2023-06-29,Delivered,UPI
ORD004181,CUST02457,2024-09-29,Delivered,Cash on Delivery
ORD004182,CUST03450,2023-05-19,Delivered,Net Banking
ORD004183,CUST03449,2023-07-21,Delivered,Cash on Delivery
ORD004184,CUST00302,2024-06-12,Delivered,Cash on Delivery
ORD004185,CUST04554,2024-12-09,Shipped,UPI
ORD004186,CUST02374,2023-12-15,Processing,UPI
ORD004187,CUST03388,2024-10-20,Delivered,Wallet
ORD004188,CUST01659,2024-08-01,Delivered,Net Banking
ORD004189,CUST01694,2024-09-26,Delivered,Net Banking
ORD004190,CUST03592,2024-06-02,Delivered,UPI
ORD004191,CUST00884,2024-12-14,Delivered,Wallet
ORD004192,CUST02367,2024-12-03,Delivered,Net Banking
ORD004193,CUST04496,2024-04-21,Delivered,Debit Card
ORD004194,CUST03419,2024-09-30,Processing,Wallet
ORD004195,CUST03000,2023-03-16,Delivered,Cash on Delivery
ORD004196,CUST01835,2024-11-17,Delivered,UPI
ORD004197,CUST01642,2024-11-19,Delivered,Cash on Delivery
ORD004198,CUST04669,2024-02-08,Delivered,Debit Card
ORD004199,CUST04333,2023-12-25,Cancelled,Wallet
ORD004200,CUST03302,2024-11-12,Returned,UPI
ORD004201,CUST00834,2024-10-10,Delivered,Wallet
ORD004202,CUST02215,2024-05-23,Delivered,Credit Card
ORD004203,CUST04488,2024-11-02,Returned,Net Banking
ORD004204,CUST01063,2024-12-17,Delivered,UPI
ORD004205,CUST02042,2024-06-22,Shipped,Cash on Delivery
ORD004206,CUST01843,2024-08-14,Cancelled,UPI
ORD004207,CUST00853,2023-09-24,Processing,Net Banking
ORD004208,CUST00362,2024-12-07,Delivered,UPI
ORD004209,CUST04884,2024-11-21,Delivered,Credit Card
ORD004210,CUST01261,2024-11-26,Delivered,Wallet
ORD004211,CUST00362,2024-09-22,Delivered,Debit Card
ORD004212,CUST00889,2024-07-11,Delivered,UPI
ORD004213,CUST03077,2024-05-30,Delivered,Net Banking
ORD004214,CUST02246,2024-01-31,Delivered,UPI
ORD004215,CUST02707,2024-12-30,Delivered,Debit Card
ORD004216,CUST01614,2024-07-12,Delivered,Debit Card
ORD004217,CUST04040,2024-03-08,Delivered,Net Banking
ORD004218,CUST03183,2024-11-12,Delivered,Wallet
ORD004219,CUST03022,2024-02-29,Delivered,UPI
ORD004220,CUST00237,2023-03-27,Returned,UPI
ORD004221,CUST02560,2024-11-24,Delivered,Wallet
ORD004222,CUST04683,2023-07-16,Delivered,Wallet
ORD004223,CUST01760,2024-09-03,Delivered,Cash on Delivery
ORD004224,CUST03578,2024-12-24,Delivered,Net Banking
ORD004225,CUST04332,2024-12-16,Delivered,UPI
ORD004226,CUST04384,2024-04-12,Delivered,Net Banking
ORD004227,CUST03459,2024-09-07,Delivered,Debit Card
ORD004228,CUST02090,2023-12-31,Shipped,Debit Card
ORD004229,CUST02167,2024-11-30,Delivered,UPI
ORD004230,CUST03056,2024-10-17,Delivered,Cash on Delivery
ORD004231,CUST04600,2023-12-02,Delivered,Net Banking
ORD004232,CUST00853,2023-07-29,Delivered,Debit Card
ORD004233,CUST04059,2023-08-08,Processing,Credit Card
ORD004234,CUST02862,2024-04-28,Delivered,Credit Card
ORD004235,CUST00244,2024-04-15,Delivered,Cash on Delivery
ORD004236,CUST04377,2024-06-06,Delivered,Net Banking
ORD004237,CUST04528,2023-07-02,Cancelled,Credit Card
ORD004238,CUST00468,2024-06-04,Shipped,Wallet
ORD004239,CUST03997,2024-01-08,Delivered,UPI
ORD004240,CUST03196,2024-10-08,Delivered,Credit Card
ORD004241,CUST00711,2024-10-24,Shipped,Net Banking
ORD004242,CUST03237,2024-10-03,Delivered,Credit Card
ORD004243,CUST00417,2024-01-18,Delivered,Wallet
ORD004244,CUST04761,2024-10-25,Returned,UPI
ORD004245,CUST04349,2024-11-29,Delivered,Credit Card
ORD004246,CUST03067,2024-12-02,Delivered,Net Banking
ORD004247,CUST01899,2024-06-10,Delivered,Debit Card
ORD004248,CUST02324,2024-10-10,Delivered,Net Banking
ORD004249,CUST04661,2024-11-11,Delivered,Wallet
ORD004250,CUST04998,2023-11-01,Delivered,UPI
ORD004251,CUST01223,2024-12-06,Delivered,Net Banking
ORD004252,CUST03183,2024-11-02,Cancelled,Net Banking
ORD004253,CUST01904,2024-08-21,Shipped,Wallet
ORD004254,CUST03914,2024-04-18,Delivered,Net Banking
ORD004255,CUST03763,2024-11-01,Shipped,Credit Card
ORD004256,CUST02399,2023-12-09,Delivered,Credit Card
ORD004257,CUST02194,2024-08-05,Cancelled,UPI
ORD004258,CUST00090,2024-12-05,Shipped,Net Banking
ORD004259,CUST03060,2024-12-29,Delivered,Net Banking
ORD004260,CUST04122,2024-08-30,Delivered,Debit Card
ORD004261,CUST03236,2023-05-09,Delivered,Credit Card
ORD004262,CUST04374,2024-10-23,Delivered,Debit Card
ORD004263,CUST03484,2024-09-20,Delivered,Cash on Delivery
ORD004264,CUST03977,2024-07-08,Delivered,Debit Card
ORD004265,CUST02840,2024-01-25,Delivered,Debit Card
ORD004266,CUST04537,2024-07-25,Processing,UPI
ORD004267,CUST00662,2024-10-04,Delivered,Debit Card
ORD004268,CUST03082,2024-09-25,Cancelled,Credit Card
ORD004269,CUST02025,2024-11-20,Delivered,UPI
ORD004270,CUST03026,2023-11-26,Delivered,Net Banking
ORD004271,CUST01990,2024-03-10,Delivered,Net Banking
ORD004272,CUST03179,2024-11-26,Returned,UPI
ORD004273,CUST03590,2024-10-26,Cancelled,Credit Card
ORD004274,CUST00036,2024-08-11,Delivered,Debit Card
ORD004275,CUST00353,2024-07-07,Delivered,Cash on Delivery
ORD004276,CUST01070,2024-08-27,Delivered,Credit Card
ORD004277,CUST00753,2024-05-19,Delivered,Credit Card
ORD004278,CUST04720,2024-12-28,Delivered,UPI
ORD004279,CUST02573,2024-12-23,Delivered,Credit Card
ORD004280,CUST01843,2024-05-22,Delivered,Net Banking
ORD004281,CUST01895,2024-07-14,Delivered,Debit Card
ORD004282,CUST03757,2024-04-19,Processing,Debit Card
ORD004283,CUST01841,2024-12-25,Shipped,Credit Card
ORD004284,CUST02801,2023-07-19,Processing,Wallet
ORD004285,CUST00966,2024-05-04,Shipped,UPI
ORD004286,CUST04221,2024-02-13,Delivered,Wallet
ORD004287,CUST04866,2024-05-13,Delivered,Cash on Delivery
ORD004288,CUST02247,2024-05-10,Delivered,Debit Card
ORD004289,CUST03000,2023-09-12,Delivered,Wallet
ORD004290,CUST04088,2023-12-07,Delivered,Debit Card
ORD004291,CUST04525,2023-06-24,Delivered,Net Banking
ORD004292,CUST01900,2024-09-18,Delivered,Cash on Delivery
ORD004293,CUST02481,2024-02-02,Shipped,Cash on Delivery
ORD004294,CUST03611,2024-11-28,Delivered,Debit Card
ORD004295,CUST00901,2024-09-15,Delivered,Wallet
ORD004296,CUST02070,2024-03-12,Delivered,Wallet
ORD004297,CUST01926,2024-09-08,Cancelled,UPI
ORD004298,CUST00371,2024-08-15,Delivered,UPI
ORD004299,CUST04380,2024-08-01,Delivered,Debit Card
ORD004300,CUST03205,2023-09-16,Delivered,Debit Card
ORD004301,CUST01990,2024-02-09,Delivered,Cash on Delivery
ORD004302,CUST03074,2024-03-29,Delivered,Debit Card
ORD004303,CUST03670,2024-11-11,Processing,Wallet
ORD004304,CUST02604,2024-08-08,Delivered,Cash on Delivery
ORD004305,CUST03682,2024-05-04,Cancelled,Net Banking
ORD004306,CUST03799,2024-05-30,Delivered,Net Banking
ORD004307,CUST04302,2024-12-17,Shipped,Credit Card
ORD004308,CUST04494,2023-10-07,Delivered,UPI
ORD004309,CUST00880,2024-09-21,Delivered,Debit Card
ORD004310,CUST01585,2024-05-09,Cancelled,UPI
ORD004311,CUST04248,2024-09-25,Delivered,Credit Card
ORD004312,CUST00247,2024-01-06,Delivered,Wallet
ORD004313,CUST00676,2024-12-16,Delivered,Debit Card
ORD004314,CUST03650,2024-12-25,Delivered,Debit Card
ORD004315,CUST00597,2024-12-27,Cancelled,UPI
ORD004316,CUST04260,2024-06-06,Delivered,Net Banking
ORD004317,CUST00469,2024-08-02,Delivered,Net Banking
ORD004318,CUST02353,2024-04-25,Delivered,Wallet
ORD004319,CUST04277,2024-11-13,Delivered,Debit Card
ORD004320,CUST02765,2024-06-17,Delivered,Credit Card
ORD004321,CUST02178,2024-11-03,Delivered,Debit Card
ORD004322,CUST01630,2024-10-04,Delivered,Wallet
ORD004323,CUST02385,2024-11-20,Delivered,Cash on Delivery
ORD004324,CUST04290,2024-12-18,Delivered,Net Banking
ORD004325,CUST01229,2024-11-18,Returned,Debit Card
ORD004326,CUST00247,2024-11-10,Delivered,Wallet
ORD004327,CUST02745,2024-12-29,Delivered,Credit Card
ORD004328,CUST02853,2024-08-01,Cancelled,Credit Card
ORD004329,CUST03493,2024-06-11,Delivered,UPI
ORD004330,CUST00768,2024-12-16,Delivered,UPI
ORD004331,CUST04607,2024-11-02,Delivered,Cash on Delivery
ORD004332,CUST02882,2024-11-27,Delivered,Cash on Delivery
ORD004333,CUST00450,2024-05-26,Delivered,Cash on Delivery
ORD004334,CUST02917,2024-12-03,Delivered,Wallet
ORD004335,CUST03768,2024-10-13,Delivered,Wallet
ORD004336,CUST01027,2024-03-11,Delivered,UPI
ORD004337,CUST01286,2024-11-24,Delivered,UPI
ORD004338,CUST00905,2024-11-05,Delivered,Credit Card
ORD004339,CUST01334,2024-10-29,Delivered,Cash on Delivery
ORD004340,CUST04918,2023-10-20,Cancelled,Debit Card
ORD004341,CUST03091,2024-05-18,Delivered,Debit Card
ORD004342,CUST03809,2024-05-04,Shipped,Cash on Delivery
ORD004343,CUST02285,2024-12-16,Delivered,UPI
ORD004344,CUST04424,2024-10-26,Returned,Debit Card
ORD004345,CUST02037,2023-11-17,Delivered,Credit Card
ORD004346,CUST04350,2023-07-08,Delivered,Cash on Delivery
ORD004347,CUST01566,2024-07-21,Delivered,Debit Card
ORD004348,CUST02010,2023-07-09,Delivered,Cash on Delivery
ORD004349,CUST01388,2023-11-18,Shipped,Net Banking
ORD004350,CUST04505,2024-10-05,Delivered,UPI
ORD004351,CUST03039,2023-11-26,Cancelled,Cash on Delivery
ORD004352,CUST04306,2024-04-13,Delivered,UPI
ORD004353,CUST00918,2024-07-13,Shipped,UPI
ORD004354,CUST00680,2023-06-04,Shipped,Cash on Delivery
ORD004355,CUST01216,2024-11-20,Delivered,Debit Card
ORD004356,CUST03255,2024-10-18,Cancelled,Debit Card
ORD004357,CUST02735,2024-11-09,Delivered,Net Banking
ORD004358,CUST03265,2024-08-13,Delivered,Credit Card
ORD004359,CUST04371,2024-11-05,Delivered,Cash on Delivery
ORD004360,CUST02815,2024-03-12,Delivered,Net Banking
ORD004361,CUST02765,2024-11-29,Delivered,Debit Card
ORD004362,CUST03296,2024-11-08,Delivered,Net Banking
ORD004363,CUST00640,2024-10-15,Delivered,Net Banking
ORD004364,CUST00057,2024-12-26,Delivered,Cash on Delivery
ORD004365,CUST04528,2023-06-13,Delivered,Net Banking
ORD004366,CUST02906,2024-12-23,Delivered,Cash on Delivery
ORD004367,CUST04111,2024-12-26,Delivered,UPI
ORD004368,CUST04361,2024-11-30,Processing,Net Banking
ORD004369,CUST03523,2024-09-04,Delivered,Debit Card
ORD004370,CUST01636,2024-12-12,Returned,Credit Card
ORD004371,CUST03016,2024-07-20,Delivered,Cash on Delivery
ORD004372,CUST01840,2024-09-14,Delivered,Net Banking
ORD004373,CUST04656,2023-12-09,Delivered,Cash on Delivery
ORD004374,CUST01856,2023-06-16,Delivered,Cash on Delivery
ORD004375,CUST03779,2024-12-01,Delivered,Net Banking
ORD004376,CUST04322,2024-12-13,Delivered,Debit Card
ORD004377,CUST03524,2024-10-13,Delivered,Credit Card
ORD004378,CUST00140,2024-04-07,Delivered,Cash on Delivery
ORD004379,CUST00254,2023-10-22,Returned,Net Banking
ORD004380,CUST01223,2024-11-21,Delivered,Wallet
ORD004381,CUST02501,2024-03-13,Shipped,Net Banking
ORD004382,CUST03096,2024-10-30,Delivered,Cash on Delivery
ORD004383,CUST00670,2024-09-21,Delivered,Net Banking
ORD004384,CUST01423,2024-12-09,Returned,UPI
ORD004385,CUST04868,2024-08-17,Delivered,Debit Card
ORD004386,CUST00993,2024-11-23,Delivered,Cash on Delivery
ORD004387,CUST04877,2024-04-23,Processing,UPI
ORD004388,CUST03445,2024-01-20,Delivered,Cash on Delivery
ORD004389,CUST01591,2024-10-11,Returned,Cash on Delivery
ORD004390,CUST01376,2024-12-17,Delivered,Debit Card
ORD004391,CUST03363,2024-08-15,Delivered,Cash on Delivery
ORD004392,CUST04602,2024-12-11,Delivered,UPI
ORD004393,CUST04869,2024-10-08,Delivered,Debit Card
ORD004394,CUST03141,2023-10-13,Delivered,Credit Card
ORD004395,CUST02325,2024-06-16,Delivered,Cash on Delivery
ORD004396,CUST03598,2024-09-17,Delivered,Net Banking
ORD004397,CUST00710,2024-12-23,Delivered,Net Banking
ORD004398,CUST02053,2023-11-17,Delivered,Cash on Delivery
ORD004399,CUST03746,2024-09-02,Delivered,Wallet
ORD004400,CUST01031,2024-12-19,Delivered,UPI
ORD004401,CUST04217,2024-10-26,Cancelled,Cash on Delivery
ORD004402,CUST04681,2024-04-07,Delivered,Credit Card
ORD004403,CUST03299,2023-05-22,Delivered,Wallet
ORD004404,CUST03982,2024-11-01,Returned,Net Banking
ORD004405,CUST00599,2024-11-06,Delivered,Wallet
ORD004406,CUST04525,2024-03-31,Delivered,Debit Card
ORD004407,CUST04966,2024-12-27,Delivered,Cash on Delivery
ORD004408,CUST01836,2024-12-06,Delivered,Net Banking
ORD004409,CUST04107,2024-08-29,Delivered,Credit Card
ORD004410,CUST04197,2024-10-01,Delivered,Debit Card
ORD004411,CUST00293,2024-01-22,Shipped,Cash on Delivery
ORD004412,CUST00599,2024-11-25,Shipped,Debit Card
ORD004413,CUST02463,2024-11-05,Delivered,UPI
ORD004414,CUST04785,2023-11-04,Cancelled,UPI
ORD004415,CUST00604,2024-11-20,Delivered,UPI
ORD004416,CUST04551,2024-09-29,Cancelled,Wallet
ORD004417,CUST00510,2024-05-30,Shipped,Credit Card
ORD004418,CUST00151,2024-11-06,Delivered,Net Banking
ORD004419,CUST03448,2024-04-25,Delivered,Wallet
ORD004420,CUST01144,2024-11-08,Cancelled,UPI
ORD004421,CUST01905,2024-10-16,Delivered,Credit Card
ORD004422,CUST02508,2024-02-02,Delivered,Debit Card
ORD004423,CUST02649,2024-11-29,Delivered,Cash on Delivery
ORD004424,CUST03079,2024-02-14,Delivered,Debit Card
ORD004425,CUST04725,2024-05-01,Delivered,Cash on Delivery
ORD004426,CUST00939,2024-06-16,Delivered,Credit Card
ORD004427,CUST04312,2023-11-01,Delivered,Debit Card
ORD004428,CUST04652,2024-03-04,Delivered,Net Banking
ORD004429,CUST02526,2024-02-26,Shipped,Debit Card
ORD004430,CUST03459,2024-05-16,Delivered,Wallet
ORD004431,CUST00203,2024-12-04,Shipped,Debit Card
ORD004432,CUST03464,2024-12-05,Delivered,Cash on Delivery
ORD004433,CUST02834,2024-09-13,Delivered,Wallet
ORD004434,CUST00876,2024-12-14,Delivered,Net Banking
ORD004435,CUST03910,2024-02-01,Delivered,Debit Card
ORD004436,CUST01083,2024-09-15,Delivered,Credit Card
ORD004437,CUST02168,2024-12-26,Delivered,UPI
ORD004438,CUST04785,2023-12-15,Cancelled,Cash on Delivery
ORD004439,CUST02288,2024-04-08,Delivered,Net Banking
ORD004440,CUST04451,2024-01-30,Delivered,Wallet
ORD004441,CUST02167,2024-07-06,Delivered,Wallet
ORD004442,CUST04258,2024-04-02,Cancelled,Net Banking
ORD004443,CUST04674,2024-12-01,Delivered,UPI
ORD004444,CUST03090,2024-08-30,Delivered,Credit Card
ORD004445,CUST02316,2024-05-19,Delivered,Credit Card
ORD004446,CUST00640,2024-08-21,Delivered,UPI
ORD004447,CUST00368,2024-06-07,Delivered,Net Banking
ORD004448,CUST04217,2024-09-23,Shipped,Credit Card
ORD004449,CUST01072,2023-07-22,Shipped,Debit Card
ORD004450,CUST00036,2024-12-04,Shipped,UPI
ORD004451,CUST03664,2024-07-02,Delivered,Debit Card
ORD004452,CUST00932,2024-10-30,Delivered,Wallet
ORD004453,CUST02782,2023-07-18,Shipped,Credit Card
ORD004454,CUST01032,2024-10-28,Delivered,Wallet
ORD004455,CUST00800,2023-11-25,Processing,Cash on Delivery
ORD004456,CUST02619,2024-12-09,Delivered,UPI
ORD004457,CUST01980,2024-10-06,Returned,Credit Card
ORD004458,CUST01176,2024-04-24,Delivered,Cash on Delivery
ORD004459,CUST02594,2024-09-16,Returned,Wallet
ORD004460,CUST03097,2024-12-13,Delivered,Wallet
ORD004461,CUST02812,2024-04-01,Delivered,Debit Card
ORD004462,CUST01192,2024-09-23,Returned,Net Banking
ORD004463,CUST00530,2024-09-04,Shipped,Cash on Delivery
ORD004464,CUST00259,2023-10-22,Shipped,Credit Card
ORD004465,CUST00897,2024-11-16,Delivered,Debit Card
ORD004466,CUST04123,2024-10-05,Delivered,Wallet
ORD004467,CUST00070,2024-10-17,Delivered,Cash on Delivery
ORD004468,CUST01246,2024-05-24,Delivered,Net Banking
ORD004469,CUST01708,2024-09-03,Delivered,Debit Card
ORD004470,CUST03424,2024-09-13,Delivered,Wallet
ORD004471,CUST01139,2024-03-18,Delivered,Credit Card
ORD004472,CUST04819,2024-05-10,Delivered,Debit Card
ORD004473,CUST01218,2024-10-14,Delivered,Debit Card
ORD004474,CUST02148,2024-04-07,Delivered,Wallet
ORD004475,CUST00918,2024-10-30,Delivered,Wallet
ORD004476,CUST00984,2023-09-21,Delivered,Net Banking
ORD004477,CUST00507,2024-11-21,Delivered,Debit Card
ORD004478,CUST03194,2024-09-07,Delivered,UPI
ORD004479,CUST00991,2024-02-12,Shipped,Debit Card
ORD004480,CUST02371,2024-03-23,Delivered,Debit Card
ORD004481,CUST03064,2024-12-16,Delivered,Debit Card
ORD004482,CUST01990,2024-02-05,Delivered,Credit Card
ORD004483,CUST01695,2023-03-01,Delivered,Debit Card
ORD004484,CUST00784,2024-05-21,Delivered,UPI
ORD004485,CUST00247,2023-12-24,Delivered,Credit Card
ORD004486,CUST01167,2023-12-15,Processing,Cash on Delivery
ORD004487,CUST00706,2024-12-02,Delivered,Net Banking
ORD004488,CUST02887,2024-12-22,Cancelled,UPI
ORD004489,CUST02399,2024-02-24,Cancelled,Net Banking
ORD004490,CUST02212,2024-05-02,Delivered,Debit Card
ORD004491,CUST02546,2024-12-29,Delivered,Cash on Delivery
ORD004492,CUST00298,2024-11-04,Delivered,Net Banking
ORD004493,CUST04004,2024-07-29,Delivered,Debit Card
ORD004494,CUST03654,2023-11-18,Delivered,UPI
ORD004495,CUST03489,2024-07-19,Delivered,Debit Card
ORD004496,CUST01616,2024-06-13,Delivered,UPI
ORD004497,CUST00808,2023-08-15,Delivered,UPI
ORD004498,CUST03540,2024-11-02,Delivered,Cash on Delivery
ORD004499,CUST01081,2023-12-28,Delivered,Net Banking
ORD004500,CUST00983,2024-07-03,Shipped,Net Banking
ORD004501,CUST01666,2024-07-02,Delivered,Credit Card
ORD004502,CUST02940,2023-09-28,Processing,Debit Card
ORD004503,CUST04987,2024-05-14,Processing,Debit Card
ORD004504,CUST00650,2024-11-30,Delivered,Credit Card
ORD004505,CUST03140,2024-09-17,Delivered,Cash on Delivery
ORD004506,CUST03651,2023-12-10,Delivered,Credit Card
ORD004507,CUST00154,2024-12-14,Delivered,UPI
ORD004508,CUST03424,2023-10-26,Delivered,Credit Card
ORD004509,CUST01978,2024-12-03,Delivered,Cash on Delivery
ORD004510,CUST03293,2024-09-11,Delivered,Wallet
ORD004511,CUST01292,2023-07-21,Delivered,UPI
ORD004512,CUST04531,2024-12-13,Delivered,Net Banking
ORD004513,CUST02638,2024-01-16,Delivered,Debit Card
ORD004514,CUST00550,2024-12-04,Shipped,Credit Card
ORD004515,CUST01849,2024-02-10,Delivered,Cash on Delivery
ORD004516,CUST04753,2024-11-09,Returned,Wallet
ORD004517,CUST02067,2023-10-16,Delivered,Cash on Delivery
ORD004518,CUST01705,2024-09-09,Delivered,Net Banking
ORD004519,CUST02728,2024-01-20,Delivered,Net Banking
ORD004520,CUST03827,2024-11-24,Delivered,Cash on Delivery
ORD004521,CUST03459,2023-12-23,Delivered,Wallet
ORD004522,CUST02965,2024-11-28,Delivered,Debit Card
ORD004523,CUST04753,2024-09-27,Cancelled,Net Banking
ORD004524,CUST04704,2024-10-02,Delivered,Credit Card
ORD004525,CUST00996,2024-10-21,Delivered,Cash on Delivery
ORD004526,CUST04566,2024-08-11,Delivered,UPI
ORD004527,CUST01820,2024-12-10,Delivered,Cash on Delivery
ORD004528,CUST01105,2024-06-02,Shipped,Credit Card
ORD004529,CUST03183,2024-07-15,Shipped,UPI
ORD004530,CUST03472,2024-10-14,Delivered,UPI
ORD004531,CUST02319,2024-10-11,Delivered,Net Banking
ORD004532,CUST00736,2024-05-11,Delivered,Net Banking
ORD004533,CUST03459,2024-12-30,Cancelled,Wallet
ORD004534,CUST03510,2024-10-15,Delivered,Credit Card
ORD004535,CUST04197,2024-08-19,Returned,Net Banking
ORD004536,CUST04010,2024-06-21,Cancelled,Wallet
ORD004537,CUST03720,2024-05-15,Delivered,UPI
ORD004538,CUST00878,2024-11-07,Delivered,Cash on Delivery
ORD004539,CUST04591,2024-11-30,Delivered,Credit Card
ORD004540,CUST00732,2024-02-15,Delivered,Wallet
ORD004541,CUST03682,2024-05-29,Delivered,Cash on Delivery
ORD004542,CUST00389,2024-02-11,Delivered,UPI
ORD004543,CUST02038,2024-07-22,Delivered,Net Banking
ORD004544,CUST04634,2024-01-30,Delivered,Debit Card
ORD004545,CUST04781,2024-06-04,Shipped,Cash on Delivery
ORD004546,CUST04238,2024-12-06,Delivered,Wallet
ORD004547,CUST02340,2024-11-25,Shipped,Cash on Delivery
ORD004548,CUST00984,2024-08-02,Delivered,Net Banking
ORD004549,CUST01966,2024-03-23,Delivered,Net Banking
ORD004550,CUST00823,2024-07-04,Delivered,Cash on Delivery
ORD004551,CUST04237,2024-09-30,Delivered,Debit Card
ORD004552,CUST02594,2024-11-10,Delivered,Debit Card
ORD004553,CUST03916,2023-02-18,Returned,Net Banking
ORD004554,CUST04970,2024-12-19,Delivered,Net Banking
ORD004555,CUST00991,2024-07-27,Delivered,Wallet
ORD004556,CUST04877,2024-05-30,Processing,Debit Card
ORD004557,CUST01999,2024-09-29,Returned,Debit Card
ORD004558,CUST01355,2024-12-17,Shipped,Net Banking
ORD004559,CUST02808,2024-10-19,Shipped,Debit Card
ORD004560,CUST00556,2024-11-15,Delivered,Cash on Delivery
ORD004561,CUST01866,2024-02-07,Delivered,Net Banking
ORD004562,CUST01001,2023-06-21,Shipped,Cash on Delivery
ORD004563,CUST03660,2024-11-29,Returned,Net Banking
ORD004564,CUST03173,2023-09-26,Delivered,Net Banking
ORD004565,CUST01606,2023-12-17,Delivered,Debit Card
ORD004566,CUST04003,2024-12-11,Delivered,UPI
ORD004567,CUST03836,2024-12-07,Delivered,Credit Card
ORD004568,CUST03598,2024-06-23,Returned,Wallet
ORD004569,CUST04862,2024-07-03,Shipped,Net Banking
ORD004570,CUST00021,2024-10-25,Cancelled,Net Banking
ORD004571,CUST04759,2023-03-21,Cancelled,Cash on Delivery
ORD004572,CUST00293,2023-11-19,Delivered,Credit Card
ORD004573,CUST01180,2024-11-14,Delivered,Wallet
ORD004574,CUST00591,2024-06-06,Delivered,Wallet
ORD004575,CUST00562,2024-09-17,Delivered,Debit Card
ORD004576,CUST02911,2024-05-21,Delivered,Credit Card
ORD004577,CUST01349,2024-12-03,Delivered,Debit Card
ORD004578,CUST00680,2023-07-02,Cancelled,Credit Card
ORD004579,CUST04450,2024-01-01,Delivered,UPI
ORD004580,CUST03300,2024-06-18,Delivered,Wallet
ORD004581,CUST04379,2024-10-10,Delivered,Credit Card
ORD004582,CUST04138,2024-06-26,Cancelled,UPI
ORD004583,CUST00324,2024-03-15,Delivered,Credit Card
ORD004584,CUST02900,2023-08-21,Delivered,Wallet
ORD004585,CUST01714,2024-09-19,Shipped,Debit Card
ORD004586,CUST01659,2024-08-05,Delivered,UPI
ORD004587,CUST02212,2024-07-11,Delivered,Wallet
ORD004588,CUST03497,2024-07-29,Delivered,Credit Card
ORD004589,CUST04246,2024-12-15,Cancelled,Cash on Delivery
ORD004590,CUST03455,2024-08-10,Delivered,UPI
ORD004591,CUST03243,2024-12-24,Delivered,Net Banking
ORD004592,CUST00303,2023-09-08,Delivered,UPI
ORD004593,CUST02749,2023-10-26,Delivered,UPI
ORD004594,CUST00556,2024-10-13,Processing,Net Banking
ORD004595,CUST01643,2023-05-30,Delivered,Net Banking
ORD004596,CUST00615,2024-12-25,Returned,Wallet
ORD004597,CUST01011,2024-10-03,Cancelled,Cash on Delivery
ORD004598,CUST03837,2024-12-05,Delivered,Wallet
ORD004599,CUST00115,2023-12-14,Cancelled,Credit Card
ORD004600,CUST01719,2024-12-26,Cancelled,Wallet
ORD004601,CUST01191,2024-03-08,Delivered,Credit Card
ORD004602,CUST01616,2024-09-16,Delivered,Cash on Delivery
ORD004603,CUST03076,2024-12-17,Shipped,Credit Card
ORD004604,CUST01713,2023-07-29,Delivered,Cash on Delivery
ORD004605,CUST04194,2024-10-16,Delivered,Debit Card
ORD004606,CUST03956,2024-05-15,Delivered,Debit Card
ORD004607,CUST04961,2024-10-20,Delivered,Net Banking
ORD004608,CUST04552,2024-09-16,Delivered,Credit Card
ORD004609,CUST02502,2024-07-25,Delivered,Cash on Delivery
ORD004610,CUST03453,2024-11-14,Delivered,Credit Card
ORD004611,CUST00469,2024-07-04,Delivered,Wallet
ORD004612,CUST00723,2024-04-02,Delivered,Cash on Delivery
ORD004613,CUST00153,2024-08-09,Delivered,Wallet
ORD004614,CUST00860,2024-12-29,Delivered,Net Banking
ORD004615,CUST02163,2024-10-01,Shipped,Wallet
ORD004616,CUST04695,2024-06-20,Delivered,Wallet
ORD004617,CUST03358,2024-08-19,Delivered,Credit Card
ORD004618,CUST00685,2024-10-29,Cancelled,Credit Card
ORD004619,CUST03765,2024-07-22,Delivered,Debit Card
ORD004620,CUST03396,2024-11-15,Delivered,UPI
ORD004621,CUST00601,2024-11-11,Delivered,Wallet
ORD004622,CUST04147,2024-06-20,Processing,Cash on Delivery
ORD004623,CUST04016,2024-08-30,Delivered,Debit Card
ORD004624,CUST00288,2024-12-19,Delivered,Net Banking
ORD004625,CUST01715,2024-01-15,Cancelled,Wallet
ORD004626,CUST02077,2024-09-01,Cancelled,Debit Card
ORD004627,CUST03541,2024-12-10,Delivered,Wallet
ORD004628,CUST02614,2024-08-24,Delivered,Net Banking
ORD004629,CUST01373,2024-04-05,Delivered,Wallet
ORD004630,CUST02410,2024-12-03,Delivered,UPI
ORD004631,CUST03837,2024-09-03,Delivered,Cash on Delivery
ORD004632,CUST02604,2023-12-27,Delivered,Cash on Delivery
ORD004633,CUST01679,2024-03-16,Shipped,Wallet
ORD004634,CUST04083,2024-08-05,Shipped,Net Banking
ORD004635,CUST02279,2023-11-20,Delivered,Wallet
ORD004636,CUST03265,2023-08-27,Delivered,Wallet
ORD004637,CUST04747,2024-11-06,Delivered,Debit Card
ORD004638,CUST01378,2024-12-07,Delivered,Credit Card
ORD004639,CUST04322,2024-12-13,Processing,Net Banking
ORD004640,CUST03664,2024-08-19,Delivered,Wallet
ORD004641,CUST03097,2024-07-15,Delivered,Wallet
ORD004642,CUST04377,2023-09-12,Delivered,Debit Card
ORD004643,CUST04454,2024-05-21,Delivered,Cash on Delivery
ORD004644,CUST03911,2024-12-27,Delivered,Debit Card
ORD004645,CUST01083,2024-12-09,Delivered,Net Banking
ORD004646,CUST03520,2024-06-01,Delivered,Credit Card
ORD004647,CUST00479,2024-10-26,Delivered,Debit Card
ORD004648,CUST01164,2024-05-11,Delivered,Cash on Delivery
ORD004649,CUST01140,2024-03-01,Delivered,Cash on Delivery
ORD004650,CUST04332,2024-08-08,Cancelled,Credit Card
ORD004651,CUST04624,2024-12-21,Delivered,UPI
ORD004652,CUST04776,2024-09-21,Delivered,Wallet
ORD004653,CUST02592,2024-07-22,Delivered,Net Banking
ORD004654,CUST00444,2024-07-11,Delivered,UPI
ORD004655,CUST04890,2024-10-14,Delivered,Cash on Delivery
ORD004656,CUST01598,2024-11-21,Delivered,UPI
ORD004657,CUST01813,2024-05-29,Cancelled,Net Banking
ORD004658,CUST01279,2024-11-10,Cancelled,Net Banking
ORD004659,CUST01682,2024-03-11,Delivered,Cash on Delivery
ORD004660,CUST00417,2024-08-02,Delivered,Credit Card
ORD004661,CUST02214,2024-07-17,Delivered,Credit Card
ORD004662,CUST03353,2024-02-15,Delivered,Cash on Delivery
ORD004663,CUST04451,2024-10-02,Delivered,UPI
ORD004664,CUST01536,2024-12-29,Cancelled,Credit Card
ORD004665,CUST01202,2024-05-14,Cancelled,Credit Card
ORD004666,CUST00043,2024-10-04,Delivered,Wallet
ORD004667,CUST01525,2024-10-11,Shipped,Debit Card
ORD004668,CUST00201,2024-06-18,Delivered,UPI
ORD004669,CUST04329,2024-06-23,Delivered,Credit Card
ORD004670,CUST00348,2024-10-01,Shipped,UPI
ORD004671,CUST04992,2024-12-28,Delivered,Credit Card
ORD004672,CUST04348,2024-12-03,Returned,Wallet
ORD004673,CUST03478,2023-04-03,Delivered,Credit Card
ORD004674,CUST02676,2024-03-29,Delivered,Credit Card
ORD004675,CUST04759,2024-08-24,Processing,Debit Card
ORD004676,CUST02916,2024-11-08,Delivered,Cash on Delivery
ORD004677,CUST02715,2024-09-14,Delivered,Credit Card
ORD004678,CUST02475,2024-08-20,Delivered,UPI
ORD004679,CUST03492,2024-01-23,Processing,Net Banking
ORD004680,CUST01110,2024-12-30,Shipped,Net Banking
ORD004681,CUST00686,2023-09-05,Delivered,Net Banking
ORD004682,CUST03502,2024-06-11,Delivered,Wallet
ORD004683,CUST02541,2024-11-18,Delivered,Wallet
ORD004684,CUST04512,2024-05-14,Delivered,Debit Card
ORD004685,CUST01451,2024-12-28,Delivered,Credit Card
ORD004686,CUST04119,2024-05-03,Processing,Wallet
ORD004687,CUST03190,2024-05-25,Delivered,Net Banking
ORD004688,CUST03607,2024-04-28,Delivered,Cash on Delivery
ORD004689,CUST00706,2024-12-07,Delivered,UPI
ORD004690,CUST02840,2024-05-16,Shipped,UPI
ORD004691,CUST03911,2024-12-15,Delivered,Debit Card
ORD004692,CUST01043,2023-08-29,Cancelled,UPI
ORD004693,CUST04467,2024-10-10,Delivered,Credit Card
ORD004694,CUST03586,2024-03-21,Delivered,Wallet
ORD004695,CUST04247,2024-11-20,Delivered,Net Banking
ORD004696,CUST03679,2024-09-30,Delivered,Cash on Delivery
ORD004697,CUST04531,2024-12-08,Delivered,Credit Card
ORD004698,CUST03299,2023-07-28,Delivered,Cash on Delivery
ORD004699,CUST03707,2024-05-05,Delivered,Net Banking
ORD004700,CUST02056,2024-12-19,Delivered,Net Banking
ORD004701,CUST04953,2024-05-31,Delivered,Cash on Delivery
ORD004702,CUST03039,2023-12-06,Delivered,UPI
ORD004703,CUST04616,2024-11-15,Processing,UPI
ORD004704,CUST04183,2024-07-09,Delivered,UPI
ORD004705,CUST02758,2024-12-10,Shipped,Net Banking
ORD004706,CUST00849,2024-09-02,Delivered,Credit Card
ORD004707,CUST04602,2024-11-14,Cancelled,UPI
ORD004708,CUST02422,2024-11-15,Shipped,Debit Card
ORD004709,CUST00259,2023-04-08,Delivered,Wallet
ORD004710,CUST04639,2024-11-07,Delivered,Debit Card
ORD004711,CUST01528,2024-10-08,Returned,Net Banking
ORD004712,CUST00810,2024-12-13,Returned,Net Banking
ORD004713,CUST03997,2024-12-14,Delivered,Debit Card
ORD004714,CUST03169,2024-09-30,Shipped,Cash on Delivery
ORD004715,CUST03293,2024-08-30,Cancelled,Cash on Delivery
ORD004716,CUST00983,2024-06-29,Returned,Credit Card
ORD004717,CUST03364,2024-10-25,Delivered,Wallet
ORD004718,CUST01684,2023-08-09,Cancelled,Debit Card
ORD004719,CUST00147,2024-10-02,Delivered,UPI
ORD004720,CUST00256,2024-09-11,Delivered,Net Banking
ORD004721,CUST00511,2024-10-11,Delivered,Cash on Delivery
ORD004722,CUST02405,2024-06-13,Cancelled,Credit Card
ORD004723,CUST00066,2024-08-22,Shipped,Net Banking
ORD004724,CUST01888,2024-05-26,Delivered,Cash on Delivery
ORD004725,CUST04126,2023-05-17,Delivered,Debit Card
ORD004726,CUST03025,2024-12-11,Delivered,UPI
ORD004727,CUST00048,2024-12-06,Delivered,Debit Card
ORD004728,CUST04710,2024-10-09,Cancelled,UPI
ORD004729,CUST00643,2024-10-27,Delivered,Credit Card
ORD004730,CUST03901,2024-08-20,Delivered,Credit Card
ORD004731,CUST00358,2024-09-16,Returned,Net Banking
ORD004732,CUST04109,2024-05-20,Delivered,Wallet
ORD004733,CUST03571,2024-09-18,Processing,Wallet
ORD004734,CUST00066,2024-08-19,Delivered,Net Banking
ORD004735,CUST01404,2024-06-14,Shipped,Debit Card
ORD004736,CUST03388,2024-10-05,Cancelled,UPI
ORD004737,CUST03506,2023-02-20,Delivered,Debit Card
ORD004738,CUST04640,2024-09-08,Cancelled,UPI
ORD004739,CUST03291,2024-08-22,Shipped,Debit Card
ORD004740,CUST03078,2024-11-27,Processing,Credit Card
ORD004741,CUST01197,2023-10-30,Delivered,Net Banking
ORD004742,CUST01972,2024-01-23,Delivered,Net Banking
ORD004743,CUST00068,2024-03-25,Delivered,UPI
ORD004744,CUST00918,2024-08-05,Delivered,Wallet
ORD004745,CUST03923,2024-08-16,Delivered,Cash on Delivery
ORD004746,CUST01333,2024-06-16,Delivered,Wallet
ORD004747,CUST04436,2024-10-26,Cancelled,Credit Card
ORD004748,CUST03566,2024-04-19,Delivered,Wallet
ORD004749,CUST01191,2024-09-03,Shipped,UPI
ORD004750,CUST00983,2024-07-28,Delivered,Cash on Delivery
ORD004751,CUST00122,2024-06-09,Delivered,UPI
ORD004752,CUST01927,2024-11-02,Delivered,Net Banking
ORD004753,CUST04073,2023-11-15,Delivered,Cash on Delivery
ORD004754,CUST04718,2024-12-16,Delivered,Wallet
ORD004755,CUST03805,2024-04-15,Delivered,Debit Card
ORD004756,CUST01136,2024-10-18,Delivered,UPI
ORD004757,CUST01516,2024-08-09,Delivered,UPI
ORD004758,CUST03478,2024-11-28,Returned,Debit Card
ORD004759,CUST02879,2023-05-31,Shipped,Cash on Delivery
ORD004760,CUST04281,2024-10-13,Delivered,Credit Card
ORD004761,CUST03771,2024-06-06,Delivered,UPI
ORD004762,CUST04239,2024-08-31,Delivered,Debit Card
ORD004763,CUST02654,2024-09-23,Delivered,Credit Card
ORD004764,CUST03598,2023-05-09,Cancelled,Cash on Delivery
ORD004765,CUST03325,2024-04-25,Delivered,Credit Card
ORD004766,CUST02655,2024-08-24,Delivered,UPI
ORD004767,CUST03415,2024-12-24,Cancelled,Credit Card
ORD004768,CUST03274,2024-10-12,Processing,Credit Card
ORD004769,CUST04886,2024-11-12,Delivered,Wallet
ORD004770,CUST03405,2024-06-02,Cancelled,Cash on Delivery
ORD004771,CUST01347,2024-09-02,Delivered,Credit Card
ORD004772,CUST01389,2024-10-31,Shipped,UPI
ORD004773,CUST00023,2024-11-25,Delivered,Net Banking
ORD004774,CUST00527,2024-05-05,Delivered,UPI
ORD004775,CUST00706,2024-12-10,Shipped,Net Banking
ORD004776,CUST02498,2024-01-11,Shipped,Cash on Delivery
ORD004777,CUST02572,2023-08-29,Delivered,Net Banking
ORD004778,CUST00362,2024-11-21,Delivered,Wallet
ORD004779,CUST04959,2024-12-21,Shipped,UPI
ORD004780,CUST03622,2024-11-04,Delivered,Cash on Delivery
ORD004781,CUST04245,2024-10-07,Cancelled,Cash on Delivery
ORD004782,CUST02203,2024-08-04,Delivered,Wallet
ORD004783,CUST02589,2024-11-17,Shipped,UPI
ORD004784,CUST00643,2024-12-28,Cancelled,Cash on Delivery
ORD004785,CUST04196,2024-11-21,Delivered,Wallet
ORD004786,CUST01043,2023-06-25,Shipped,UPI
ORD004787,CUST01513,2024-07-09,Delivered,UPI
ORD004788,CUST04733,2024-12-24,Cancelled,Wallet
ORD004789,CUST02881,2024-10-31,Shipped,Net Banking
ORD004790,CUST00530,2024-08-14,Delivered,UPI
ORD004791,CUST00847,2024-07-22,Delivered,Debit Card
ORD004792,CUST00583,2024-05-29,Delivered,Credit Card
ORD004793,CUST03602,2024-03-28,Delivered,Cash on Delivery
ORD004794,CUST03060,2024-10-19,Shipped,Wallet
ORD004795,CUST02161,2024-11-03,Delivered,Wallet
ORD004796,CUST01136,2024-03-13,Delivered,Wallet
ORD004797,CUST02213,2024-12-21,Returned,Credit Card
ORD004798,CUST03064,2024-10-05,Delivered,Credit Card
ORD004799,CUST00849,2024-12-23,Delivered,Debit Card
ORD004800,CUST00174,2024-12-12,Delivered,UPI
ORD004801,CUST04148,2024-09-13,Returned,Net Banking
ORD004802,CUST04865,2024-10-20,Delivered,Net Banking
ORD004803,CUST03145,2023-12-12,Delivered,Debit Card
ORD004804,CUST03707,2024-04-14,Delivered,Debit Card
ORD004805,CUST00330,2024-11-11,Returned,UPI
ORD004806,CUST00446,2023-11-12,Cancelled,Wallet
ORD004807,CUST01564,2024-06-15,Cancelled,Credit Card
ORD004808,CUST02784,2023-08-05,Processing,Net Banking
ORD004809,CUST00205,2024-03-20,Processing,Cash on Delivery
ORD004810,CUST02516,2024-12-03,Delivered,Net Banking
ORD004811,CUST01031,2024-12-18,Shipped,Net Banking
ORD004812,CUST00415,2024-08-07,Delivered,Wallet
ORD004813,CUST04082,2023-05-27,Delivered,UPI
ORD004814,CUST04802,2024-07-28,Shipped,Cash on Delivery
ORD004815,CUST00892,2024-08-03,Delivered,Debit Card
ORD004816,CUST01197,2024-11-21,Returned,Net Banking
ORD004817,CUST00415,2024-09-28,Delivered,UPI
ORD004818,CUST03652,2024-12-15,Delivered,Net Banking
ORD004819,CUST04301,2024-11-27,Delivered,Credit Card
ORD004820,CUST00235,2024-08-21,Delivered,Wallet
ORD004821,CUST01877,2024-12-11,Delivered,Cash on Delivery
ORD004822,CUST00950,2023-12-16,Delivered,Wallet
ORD004823,CUST01923,2024-07-04,Returned,Wallet
ORD004824,CUST01083,2024-08-27,Shipped,Credit Card
ORD004825,CUST03515,2024-09-30,Delivered,Net Banking
ORD004826,CUST00665,2024-07-09,Delivered,Credit Card
ORD004827,CUST03099,2023-08-11,Delivered,Net Banking
ORD004828,CUST04138,2024-06-27,Delivered,Wallet
ORD004829,CUST03898,2023-08-11,Delivered,UPI
ORD004830,CUST02450,2024-10-08,Delivered,UPI
ORD004831,CUST02656,2024-09-17,Delivered,Cash on Delivery
ORD004832,CUST04057,2024-09-17,Shipped,Cash on Delivery
ORD004833,CUST01750,2024-12-04,Delivered,Wallet
ORD004834,CUST01019,2023-11-05,Delivered,Debit Card
ORD004835,CUST03461,2024-09-27,Delivered,Debit Card
ORD004836,CUST02727,2024-08-26,Delivered,Net Banking
ORD004837,CUST02551,2024-07-19,Returned,Net Banking
ORD004838,CUST03687,2024-07-28,Shipped,Net Banking
ORD004839,CUST04826,2024-05-19,Delivered,Wallet
ORD004840,CUST00724,2024-12-09,Delivered,Cash on Delivery
ORD004841,CUST02813,2024-11-13,Delivered,Wallet
ORD004842,CUST01527,2024-01-15,Delivered,UPI
ORD004843,CUST04916,2024-07-10,Delivered,Wallet
ORD004844,CUST00367,2024-09-13,Delivered,Cash on Delivery
ORD004845,CUST01877,2024-08-14,Delivered,Wallet
ORD004846,CUST00909,2023-07-18,Delivered,Net Banking
ORD004847,CUST02498,2024-01-09,Shipped,UPI
ORD004848,CUST02457,2024-04-11,Cancelled,Debit Card
ORD004849,CUST01079,2024-12-28,Delivered,Net Banking
ORD004850,CUST00665,2024-09-16,Delivered,Debit Card
ORD004851,CUST04155,2023-02-22,Delivered,Cash on Delivery
ORD004852,CUST02256,2024-10-29,Delivered,UPI
ORD004853,CUST02737,2023-05-21,Delivered,Credit Card
ORD004854,CUST03243,2024-12-09,Delivered,Credit Card
ORD004855,CUST04489,2024-12-20,Delivered,Cash on Delivery
ORD004856,CUST01745,2024-06-08,Delivered,Debit Card
ORD004857,CUST04245,2024-10-09,Processing,Cash on Delivery
ORD004858,CUST02246,2024-01-28,Returned,UPI
ORD004859,CUST00216,2023-09-13,Delivered,Credit Card
ORD004860,CUST03417,2023-10-13,Delivered,UPI
ORD004861,CUST02437,2024-05-30,Delivered,Cash on Delivery
ORD004862,CUST03697,2023-11-07,Delivered,Debit Card
ORD004863,CUST00108,2024-11-24,Cancelled,UPI
ORD004864,CUST03536,2024-10-07,Delivered,Debit Card
ORD004865,CUST01575,2024-11-16,Delivered,Net Banking
ORD004866,CUST04639,2024-12-06,Delivered,Credit Card
ORD004867,CUST03181,2024-10-21,Delivered,Wallet
ORD004868,CUST01866,2024-05-30,Delivered,Cash on Delivery
ORD004869,CUST02738,2024-05-11,Shipped,Credit Card
ORD004870,CUST02183,2024-10-25,Delivered,Credit Card
ORD004871,CUST01672,2024-01-10,Cancelled,UPI
ORD004872,CUST00151,2024-10-18,Delivered,Net Banking
ORD004873,CUST04878,2024-01-18,Delivered,Credit Card
ORD004874,CUST03414,2024-11-27,Delivered,Cash on Delivery
ORD004875,CUST03980,2023-10-02,Delivered,Debit Card
ORD004876,CUST00941,2024-11-29,Shipped,UPI
ORD004877,CUST02731,2024-12-22,Delivered,Cash on Delivery
ORD004878,CUST01559,2024-11-11,Processing,Credit Card
ORD004879,CUST00165,2023-10-28,Delivered,Cash on Delivery
ORD004880,CUST01823,2024-07-14,Delivered,UPI
ORD004881,CUST01449,2023-04-23,Delivered,Net Banking
ORD004882,CUST01416,2024-11-11,Delivered,Debit Card
ORD004883,CUST02801,2024-01-02,Cancelled,Net Banking
ORD004884,CUST01487,2024-01-24,Shipped,Debit Card
ORD004885,CUST02422,2023-12-11,Delivered,Credit Card
ORD004886,CUST00362,2024-12-10,Delivered,Cash on Delivery
ORD004887,CUST03841,2024-08-20,Processing,UPI
ORD004888,CUST04349,2024-12-08,Delivered,Debit Card
ORD004889,CUST03986,2024-10-25,Delivered,Debit Card
ORD004890,CUST04738,2024-08-14,Returned,Debit Card
ORD004891,CUST02839,2024-08-08,Shipped,Cash on Delivery
ORD004892,CUST03399,2024-08-31,Cancelled,Credit Card
ORD004893,CUST00565,2023-04-09,Delivered,Net Banking
ORD004894,CUST00056,2024-03-15,Delivered,Credit Card
ORD004895,CUST00535,2023-10-27,Delivered,UPI
ORD004896,CUST01043,2023-01-15,Delivered,Debit Card
ORD004897,CUST03443,2024-12-01,Delivered,Cash on Delivery
ORD004898,CUST03226,2024-10-22,Delivered,Credit Card
ORD004899,CUST00178,2024-12-25,Delivered,Credit Card
ORD004900,CUST03350,2023-10-01,Delivered,Net Banking
ORD004901,CUST00463,2024-10-16,Delivered,UPI
ORD004902,CUST03785,2024-06-30,Delivered,Wallet
ORD004903,CUST01437,2023-10-18,Delivered,Debit Card
ORD004904,CUST00922,2024-02-17,Delivered,Cash on Delivery
ORD004905,CUST04018,2024-02-18,Delivered,Net Banking
ORD004906,CUST03427,2023-04-22,Delivered,Wallet
ORD004907,CUST01633,2024-05-07,Delivered,Wallet
ORD004908,CUST00605,2023-07-30,Delivered,Wallet
ORD004909,CUST01257,2023-06-28,Processing,Debit Card
ORD004910,CUST04221,2024-11-25,Cancelled,Debit Card
ORD004911,CUST02468,2024-12-21,Delivered,Credit Card
ORD004912,CUST01325,2024-06-09,Delivered,Credit Card
ORD004913,CUST03995,2024-12-22,Shipped,Debit Card
ORD004914,CUST00973,2024-04-24,Delivered,Wallet
ORD004915,CUST04865,2023-10-17,Delivered,Debit Card
ORD004916,CUST00879,2024-12-20,Delivered,Credit Card
ORD004917,CUST02881,2024-10-02,Delivered,Credit Card
ORD004918,CUST00171,2024-07-18,Delivered,Wallet
ORD004919,CUST00397,2024-09-19,Processing,Credit Card
ORD004920,CUST04542,2024-12-18,Cancelled,Wallet
ORD004921,CUST00597,2024-03-02,Delivered,UPI
ORD004922,CUST03067,2024-12-26,Delivered,Debit Card
ORD004923,CUST04266,2024-02-23,Cancelled,UPI
ORD004924,CUST03855,2024-10-06,Delivered,Wallet
ORD004925,CUST01238,2023-12-15,Delivered,Debit Card
ORD004926,CUST01716,2023-08-25,Processing,Cash on Delivery
ORD004927,CUST00793,2024-01-27,Processing,UPI
ORD004928,CUST00530,2024-10-27,Delivered,UPI
ORD004929,CUST02420,2024-02-27,Returned,Net Banking
ORD004930,CUST02241,2024-04-11,Delivered,Credit Card
ORD004931,CUST00277,2024-02-17,Delivered,UPI
ORD004932,CUST04723,2024-12-05,Processing,Net Banking
ORD004933,CUST01977,2024-05-17,Delivered,Debit Card
ORD004934,CUST03990,2024-09-23,Delivered,Debit Card
ORD004935,CUST03703,2024-06-10,Delivered,Debit Card
ORD004936,CUST04951,2024-09-07,Delivered,Net Banking
ORD004937,CUST02028,2024-02-08,Delivered,Credit Card
ORD004938,CUST04537,2024-11-06,Delivered,Cash on Delivery
ORD004939,CUST01820,2024-12-02,Delivered,Debit Card
ORD004940,CUST02391,2024-09-19,Delivered,Debit Card
ORD004941,CUST04578,2024-12-21,Delivered,Debit Card
ORD004942,CUST02594,2024-10-31,Delivered,UPI
ORD004943,CUST04808,2023-11-17,Delivered,Net Banking
ORD004944,CUST03089,2024-11-26,Delivered,Wallet
ORD004945,CUST00562,2024-09-14,Delivered,UPI
ORD004946,CUST02207,2023-07-09,Cancelled,Credit Card
ORD004947,CUST04314,2024-11-18,Shipped,Net Banking
ORD004948,CUST03877,2023-12-31,Shipped,UPI
ORD004949,CUST03401,2024-07-23,Delivered,Cash on Delivery
ORD004950,CUST01511,2024-10-20,Delivered,UPI
ORD004951,CUST04245,2024-12-24,Delivered,UPI
ORD004952,CUST03477,2023-10-08,Delivered,Wallet
ORD004953,CUST01263,2024-06-26,Cancelled,Cash on Delivery
ORD004954,CUST01647,2024-05-08,Cancelled,Cash on Delivery
ORD004955,CUST04119,2024-12-22,Delivered,Debit Card
ORD004956,CUST02279,2024-09-25,Delivered,UPI
ORD004957,CUST01249,2024-10-09,Delivered,UPI
ORD004958,CUST02187,2024-08-05,Delivered,Debit Card
ORD004959,CUST04495,2023-11-30,Delivered,UPI
ORD004960,CUST02970,2023-08-23,Delivered,Wallet
ORD004961,CUST04566,2024-10-28,Delivered,Wallet
ORD004962,CUST00525,2023-08-18,Delivered,Cash on Delivery
ORD004963,CUST04426,2024-09-10,Delivered,Debit Card
ORD004964,CUST01162,2024-10-16,Shipped,Cash on Delivery
ORD004965,CUST03640,2024-10-31,Cancelled,Wallet
ORD004966,CUST02890,2024-09-23,Delivered,Net Banking
ORD004967,CUST00288,2024-12-15,Delivered,Wallet
ORD004968,CUST00293,2024-05-20,Delivered,Net Banking
ORD004969,CUST00739,2024-11-05,Returned,Credit Card
ORD004970,CUST04753,2024-06-08,Delivered,Debit Card
ORD004971,CUST03427,2024-12-10,Delivered,Credit Card
ORD004972,CUST04704,2024-05-06,Processing,Cash on Delivery
ORD004973,CUST01174,2024-05-02,Delivered,Net Banking
ORD004974,CUST01736,2024-01-03,Delivered,Wallet
ORD004975,CUST04669,2024-06-25,Returned,Cash on Delivery
ORD004976,CUST00598,2024-09-05,Shipped,Debit Card
ORD004977,CUST01490,2024-11-27,Delivered,Credit Card
ORD004978,CUST03155,2024-05-14,Delivered,UPI
ORD004979,CUST01925,2024-08-29,Delivered,Credit Card
ORD004980,CUST02813,2024-12-21,Shipped,Credit Card
ORD004981,CUST00472,2024-12-08,Delivered,Credit Card
ORD004982,CUST01714,2024-07-14,Delivered,Net Banking
ORD004983,CUST03513,2024-06-12,Delivered,Credit Card
ORD004984,CUST00477,2024-02-08,Delivered,UPI
ORD004985,CUST04562,2024-01-30,Delivered,UPI
ORD004986,CUST03046,2024-12-14,Delivered,Net Banking
ORD004987,CUST00582,2024-12-19,Delivered,Credit Card
ORD004988,CUST02013,2024-06-17,Delivered,UPI
ORD004989,CUST02241,2024-05-28,Delivered,Credit Card
ORD004990,CUST00851,2024-09-26,Delivered,Net Banking
ORD004991,CUST04387,2024-12-05,Cancelled,Wallet
ORD004992,CUST01623,2023-12-12,Delivered,Debit Card
ORD004993,CUST01078,2024-06-17,Cancelled,Wallet
ORD004994,CUST01468,2024-10-25,Processing,Net Banking
ORD004995,CUST02706,2024-11-11,Delivered,Net Banking
ORD004996,CUST04237,2024-10-23,Processing,Wallet
ORD004997,CUST02505,2024-02-06,Cancelled,Cash on Delivery
ORD004998,CUST04467,2024-12-20,Delivered,Debit Card
ORD004999,CUST03306,2024-02-06,Delivered,Credit Card
ORD005000,CUST04555,2024-01-16,Processing,Net Banking
ORD005001,CUST02609,2024-04-26,Returned,Wallet
ORD005002,CUST03940,2024-06-14,Delivered,Credit Card
ORD005003,CUST01348,2024-01-12,Delivered,Cash on Delivery
ORD005004,CUST04721,2024-10-22,Delivered,Wallet
ORD005005,CUST00345,2024-07-26,Delivered,Debit Card
ORD005006,CUST02277,2023-07-14,Delivered,UPI
ORD005007,CUST00530,2024-12-05,Delivered,Cash on Delivery
ORD005008,CUST01239,2024-10-03,Delivered,UPI
ORD005009,CUST02046,2024-06-26,Delivered,Debit Card
ORD005010,CUST01800,2024-02-01,Processing,Debit Card
ORD005011,CUST03212,2024-12-23,Delivered,Credit Card
ORD005012,CUST00453,2024-10-15,Delivered,Wallet
ORD005013,CUST01973,2024-06-10,Shipped,Credit Card
ORD005014,CUST01308,2023-03-24,Cancelled,Wallet
ORD005015,CUST04451,2023-12-31,Delivered,Net Banking
ORD005016,CUST02672,2024-06-19,Delivered,UPI
ORD005017,CUST00827,2024-10-27,Processing,Wallet
ORD005018,CUST02393,2024-12-16,Delivered,Wallet
ORD005019,CUST00558,2024-12-05,Delivered,Debit Card
ORD005020,CUST00530,2024-07-15,Delivered,UPI
ORD005021,CUST01077,2024-12-26,Delivered,UPI
ORD005022,CUST04800,2024-02-21,Shipped,Credit Card
ORD005023,CUST01890,2024-07-12,Delivered,Wallet
ORD005024,CUST02701,2024-09-18,Delivered,Cash on Delivery
ORD005025,CUST00740,2024-06-28,Delivered,Credit Card
ORD005026,CUST01346,2023-12-12,Delivered,Cash on Delivery
ORD005027,CUST04085,2024-07-02,Delivered,Cash on Delivery
ORD005028,CUST04960,2024-10-30,Delivered,Debit Card
ORD005029,CUST04656,2024-01-13,Delivered,Wallet
ORD005030,CUST02994,2024-09-24,Delivered,Wallet
ORD005031,CUST02563,2024-06-30,Delivered,Net Banking
ORD005032,CUST01423,2024-08-05,Delivered,Net Banking
ORD005033,CUST00984,2023-09-25,Delivered,Wallet
ORD005034,CUST02214,2023-05-31,Delivered,Net Banking
ORD005035,CUST00178,2024-12-24,Delivered,Net Banking
ORD005036,CUST02801,2023-09-05,Delivered,UPI
ORD005037,CUST04884,2023-08-06,Delivered,UPI
ORD005038,CUST04281,2024-08-14,Delivered,Wallet
ORD005039,CUST03318,2024-10-06,Delivered,Debit Card
ORD005040,CUST01191,2024-08-02,Cancelled,UPI
ORD005041,CUST01930,2023-09-27,Shipped,Cash on Delivery
ORD005042,CUST03060,2024-12-14,Delivered,Net Banking
ORD005043,CUST00701,2024-09-09,Delivered,UPI
ORD005044,CUST02742,2024-12-19,Delivered,Debit Card
ORD005045,CUST02890,2024-09-25,Delivered,UPI
ORD005046,CUST00951,2024-12-29,Delivered,Wallet
ORD005047,CUST01186,2023-10-31,Delivered,Debit Card
ORD005048,CUST04169,2024-06-08,Returned,Debit Card
ORD005049,CUST04616,2024-02-08,Delivered,Cash on Delivery
ORD005050,CUST02001,2023-12-16,Delivered,Cash on Delivery
ORD005051,CUST03961,2024-08-03,Delivered,Debit Card
ORD005052,CUST02184,2024-09-27,Cancelled,Wallet
ORD005053,CUST00077,2024-07-02,Shipped,Debit Card
ORD005054,CUST02392,2024-11-01,Processing,Net Banking
ORD005055,CUST04285,2024-12-26,Delivered,UPI
ORD005056,CUST03492,2024-07-05,Delivered,Credit Card
ORD005057,CUST00983,2024-08-12,Cancelled,Debit Card
ORD005058,CUST01630,2024-12-22,Delivered,Net Banking
ORD005059,CUST00856,2024-11-23,Delivered,Cash on Delivery
ORD005060,CUST02371,2024-11-08,Cancelled,Debit Card
ORD005061,CUST03482,2024-06-14,Cancelled,Net Banking
ORD005062,CUST00941,2024-12-15,Delivered,UPI
ORD005063,CUST04826,2024-07-08,Delivered,Debit Card
ORD005064,CUST03292,2024-12-02,Delivered,Credit Card
ORD005065,CUST01823,2024-06-11,Delivered,Wallet
ORD005066,CUST01563,2024-05-10,Shipped,Wallet
ORD005067,CUST01530,2024-06-09,Shipped,Cash on Delivery
ORD005068,CUST01967,2023-12-09,Cancelled,Cash on Delivery
ORD005069,CUST02583,2024-04-06,Delivered,Cash on Delivery
ORD005070,CUST04162,2023-07-06,Delivered,Net Banking
ORD005071,CUST03662,2024-11-11,Delivered,Wallet
ORD005072,CUST01640,2024-07-16,Delivered,Net Banking
ORD005073,CUST00321,2024-10-11,Delivered,Net Banking
ORD005074,CUST00108,2024-11-23,Delivered,Credit Card
ORD005075,CUST00891,2024-08-30,Delivered,Wallet
ORD005076,CUST02038,2024-05-15,Delivered,UPI
ORD005077,CUST01451,2023-05-24,Processing,Debit Card
ORD005078,CUST02670,2023-08-14,Processing,Wallet
ORD005079,CUST01299,2024-10-13,Delivered,Credit Card
ORD005080,CUST01585,2024-11-12,Delivered,Credit Card
ORD005081,CUST03740,2024-10-21,Processing,Credit Card
ORD005082,CUST01089,2024-12-29,Delivered,Wallet
ORD005083,CUST04439,2024-12-29,Delivered,Cash on Delivery
ORD005084,CUST00685,2024-10-04,Shipped,Debit Card
ORD005085,CUST01340,2024-06-18,Delivered,Cash on Delivery
ORD005086,CUST03961,2024-12-21,Returned,Net Banking
ORD005087,CUST01906,2024-11-28,Cancelled,Cash on Delivery
ORD005088,CUST04890,2024-12-26,Delivered,Net Banking
ORD005089,CUST01541,2024-11-25,Delivered,Wallet
ORD005090,CUST02222,2024-03-31,Delivered,Wallet
ORD005091,CUST04903,2023-12-01,Returned,Wallet
ORD005092,CUST01288,2024-10-09,Delivered,Credit Card
ORD005093,CUST01404,2024-05-30,Delivered,Cash on Delivery
ORD005094,CUST01288,2023-12-04,Delivered,Credit Card
ORD005095,CUST02709,2024-11-18,Returned,Net Banking
ORD005096,CUST00260,2024-11-13,Delivered,Credit Card
ORD005097,CUST04820,2023-07-20,Cancelled,Wallet
ORD005098,CUST01743,2024-08-12,Delivered,Debit Card
ORD005099,CUST02041,2024-07-10,Delivered,Cash on Delivery
ORD005100,CUST00171,2024-07-18,Returned,Wallet
ORD005101,CUST00851,2024-09-28,Delivered,Debit Card
ORD005102,CUST03121,2024-01-31,Delivered,Debit Card
ORD005103,CUST00701,2024-12-28,Shipped,Debit Card
ORD005104,CUST00780,2024-10-06,Delivered,Wallet
ORD005105,CUST00653,2024-10-30,Delivered,Wallet
ORD005106,CUST00685,2024-08-26,Delivered,Net Banking
ORD005107,CUST03670,2024-10-07,Delivered,Cash on Delivery
ORD005108,CUST03306,2024-10-02,Cancelled,Wallet
ORD005109,CUST02168,2024-12-06,Delivered,Debit Card
ORD005110,CUST02981,2024-08-11,Shipped,Net Banking
ORD005111,CUST00389,2024-10-25,Delivered,Wallet
ORD005112,CUST03079,2024-04-26,Delivered,UPI
ORD005113,CUST04303,2024-12-13,Returned,Cash on Delivery
ORD005114,CUST02259,2023-08-21,Delivered,Wallet
ORD005115,CUST01326,2024-12-09,Cancelled,Net Banking
ORD005116,CUST03211,2024-07-29,Delivered,Cash on Delivery
ORD005117,CUST04312,2023-08-05,Shipped,Debit Card
ORD005118,CUST01820,2024-12-20,Delivered,UPI
ORD005119,CUST00001,2024-02-11,Shipped,Debit Card
ORD005120,CUST03331,2024-02-04,Delivered,Net Banking
ORD005121,CUST01238,2024-07-10,Delivered,Cash on Delivery
ORD005122,CUST02421,2024-10-19,Delivered,Wallet
ORD005123,CUST03055,2024-05-05,Cancelled,Debit Card
ORD005124,CUST00068,2024-10-31,Delivered,Credit Card
ORD005125,CUST00011,2024-12-20,Processing,UPI
ORD005126,CUST02106,2024-06-11,Shipped,Debit Card
ORD005127,CUST00161,2024-09-18,Delivered,Credit Card
ORD005128,CUST01199,2024-11-24,Delivered,Debit Card
ORD005129,CUST01450,2024-09-06,Delivered,Net Banking
ORD005130,CUST02511,2024-12-05,Delivered,Wallet
ORD005131,CUST00151,2024-11-28,Processing,Cash on Delivery
ORD005132,CUST03328,2024-11-10,Delivered,Cash on Delivery
ORD005133,CUST03730,2024-09-22,Delivered,Credit Card
ORD005134,CUST00039,2024-12-24,Delivered,Net Banking
ORD005135,CUST02927,2024-04-21,Cancelled,Debit Card
ORD005136,CUST01026,2024-11-13,Processing,Wallet
ORD005137,CUST01575,2024-10-30,Shipped,Net Banking
ORD005138,CUST02786,2024-05-23,Delivered,Debit Card
ORD005139,CUST02355,2024-03-25,Cancelled,Credit Card
ORD005140,CUST03956,2023-06-27,Delivered,Credit Card
ORD005141,CUST00401,2024-12-27,Delivered,Debit Card
ORD005142,CUST04024,2024-09-30,Delivered,Cash on Delivery
ORD005143,CUST00534,2023-11-26,Delivered,Cash on Delivery
ORD005144,CUST04286,2024-12-27,Delivered,Wallet
ORD005145,CUST04302,2024-12-30,Delivered,UPI
ORD005146,CUST04082,2024-10-09,Cancelled,Net Banking
ORD005147,CUST03370,2023-07-27,Processing,Wallet
ORD005148,CUST00852,2024-03-18,Delivered,Cash on Delivery
ORD005149,CUST03025,2024-05-04,Shipped,Debit Card
ORD005150,CUST00046,2024-09-28,Delivered,Debit Card
ORD005151,CUST04218,2023-12-13,Shipped,Wallet
ORD005152,CUST02260,2024-08-31,Delivered,UPI
ORD005153,CUST02007,2024-12-23,Processing,Net Banking
ORD005154,CUST00725,2024-08-01,Cancelled,Credit Card
ORD005155,CUST04245,2024-11-22,Delivered,Debit Card
ORD005156,CUST00474,2024-03-02,Delivered,Cash on Delivery
ORD005157,CUST01798,2023-06-10,Delivered,UPI
ORD005158,CUST03590,2024-05-16,Delivered,UPI
ORD005159,CUST00112,2024-05-12,Delivered,UPI
ORD005160,CUST03524,2024-08-01,Processing,Wallet
ORD005161,CUST03558,2024-12-27,Delivered,Net Banking
ORD005162,CUST02479,2024-12-02,Delivered,Wallet
ORD005163,CUST00584,2024-12-17,Delivered,Cash on Delivery
ORD005164,CUST01161,2023-10-28,Processing,Net Banking
ORD005165,CUST03242,2024-06-10,Delivered,UPI
ORD005166,CUST00172,2024-09-05,Shipped,Cash on Delivery
ORD005167,CUST00104,2023-06-20,Delivered,Credit Card
ORD005168,CUST00172,2024-11-09,Returned,Net Banking
ORD005169,CUST01364,2024-07-25,Delivered,Debit Card
ORD005170,CUST02128,2024-05-20,Delivered,Cash on Delivery
ORD005171,CUST03670,2024-12-10,Delivered,Credit Card
ORD005172,CUST00322,2024-07-03,Delivered,Debit Card
ORD005173,CUST01440,2024-01-26,Cancelled,Debit Card
ORD005174,CUST04517,2024-04-22,Delivered,UPI
ORD005175,CUST04615,2024-11-06,Delivered,Wallet
ORD005176,CUST01345,2024-06-10,Delivered,Wallet
ORD005177,CUST01191,2024-05-19,Delivered,Cash on Delivery
ORD005178,CUST03571,2024-05-03,Delivered,Cash on Delivery
ORD005179,CUST03662,2024-06-23,Returned,Cash on Delivery
ORD005180,CUST04173,2024-12-05,Returned,Wallet
ORD005181,CUST04323,2024-10-21,Returned,UPI
ORD005182,CUST02559,2024-09-14,Shipped,Credit Card
ORD005183,CUST04053,2024-07-04,Delivered,Credit Card
ORD005184,CUST03632,2024-10-22,Delivered,Cash on Delivery
ORD005185,CUST04605,2024-01-30,Delivered,Credit Card
ORD005186,CUST01751,2023-08-15,Delivered,Credit Card
ORD005187,CUST00293,2024-08-11,Returned,Wallet
ORD005188,CUST04451,2024-06-07,Delivered,Wallet
ORD005189,CUST03662,2024-04-02,Returned,Credit Card
ORD005190,CUST01976,2024-12-13,Delivered,UPI
ORD005191,CUST01548,2024-12-22,Delivered,Credit Card
ORD005192,CUST01472,2024-03-01,Delivered,Debit Card
ORD005193,CUST03797,2024-02-10,Delivered,UPI
ORD005194,CUST04333,2024-08-22,Delivered,UPI
ORD005195,CUST00870,2024-11-16,Delivered,Cash on Delivery
ORD005196,CUST01903,2023-07-27,Delivered,Net Banking
ORD005197,CUST01389,2024-10-31,Delivered,Wallet
ORD005198,CUST02765,2024-01-02,Delivered,Debit Card
ORD005199,CUST03757,2024-11-03,Delivered,Credit Card
ORD005200,CUST00095,2024-12-18,Delivered,UPI
ORD005201,CUST00581,2023-11-10,Delivered,Credit Card
ORD005202,CUST03419,2024-10-31,Cancelled,Credit Card
ORD005203,CUST01670,2024-10-19,Delivered,Debit Card
ORD005204,CUST01663,2024-10-04,Shipped,UPI
ORD005205,CUST00057,2024-05-23,Delivered,UPI
ORD005206,CUST03583,2024-08-21,Delivered,Wallet
ORD005207,CUST01964,2023-12-14,Delivered,UPI
ORD005208,CUST00391,2024-12-30,Delivered,Net Banking
ORD005209,CUST00620,2024-10-26,Delivered,Net Banking
ORD005210,CUST04126,2023-06-04,Delivered,Wallet
ORD005211,CUST02513,2024-06-08,Delivered,UPI
ORD005212,CUST01559,2024-11-12,Cancelled,Debit Card
ORD005213,CUST01802,2023-05-19,Delivered,Net Banking
ORD005214,CUST00312,2024-11-18,Delivered,Debit Card
ORD005215,CUST00773,2024-10-02,Delivered,UPI
ORD005216,CUST01083,2024-12-28,Cancelled,UPI
ORD005217,CUST02436,2024-02-17,Delivered,Cash on Delivery
ORD005218,CUST01618,2023-10-13,Delivered,Wallet
ORD005219,CUST01311,2024-11-19,Delivered,Wallet
ORD005220,CUST02203,2024-10-08,Delivered,Net Banking
ORD005221,CUST04461,2024-09-13,Delivered,UPI
ORD005222,CUST02988,2024-08-02,Delivered,Credit Card
ORD005223,CUST03856,2024-06-18,Delivered,Net Banking
ORD005224,CUST03725,2024-03-01,Delivered,Cash on Delivery
ORD005225,CUST03899,2024-12-05,Delivered,Net Banking
ORD005226,CUST02289,2023-11-17,Processing,Debit Card
ORD005227,CUST02445,2024-11-23,Delivered,UPI
ORD005228,CUST02144,2023-07-20,Delivered,Cash on Delivery
ORD005229,CUST01783,2024-05-03,Delivered,Net Banking
ORD005230,CUST04011,2024-07-21,Delivered,Net Banking
ORD005231,CUST02466,2024-06-16,Delivered,UPI
ORD005232,CUST01121,2024-10-15,Delivered,Credit Card
ORD005233,CUST04996,2024-03-27,Delivered,Cash on Delivery
ORD005234,CUST01804,2024-06-01,Processing,Wallet
ORD005235,CUST00533,2024-06-10,Delivered,Debit Card
ORD005236,CUST02082,2024-11-13,Delivered,Net Banking
ORD005237,CUST03265,2024-10-21,Delivered,Wallet
ORD005238,CUST04558,2023-07-28,Cancelled,Debit Card
ORD005239,CUST04444,2024-12-06,Delivered,UPI
ORD005240,CUST03880,2024-08-30,Delivered,Credit Card
ORD005241,CUST02093,2024-12-26,Returned,Cash on Delivery
ORD005242,CUST04496,2024-04-08,Delivered,Wallet
ORD005243,CUST00989,2023-09-05,Delivered,Cash on Delivery
ORD005244,CUST02106,2024-12-27,Delivered,Credit Card
ORD005245,CUST03051,2024-12-19,Delivered,Wallet
ORD005246,CUST04497,2024-04-17,Delivered,UPI
ORD005247,CUST00183,2024-09-30,Delivered,UPI
ORD005248,CUST03931,2024-08-29,Delivered,UPI
ORD005249,CUST00725,2024-08-13,Delivered,Net Banking
ORD005250,CUST01513,2024-09-03,Delivered,UPI
ORD005251,CUST04001,2024-12-11,Processing,Credit Card
ORD005252,CUST03902,2024-12-19,Processing,Debit Card
ORD005253,CUST02787,2024-08-13,Delivered,UPI
ORD005254,CUST04079,2024-02-25,Delivered,UPI
ORD005255,CUST02054,2024-12-26,Delivered,Debit Card
ORD005256,CUST03478,2023-08-05,Delivered,Wallet
ORD005257,CUST01837,2024-11-25,Delivered,Wallet
ORD005258,CUST04359,2024-06-29,Delivered,UPI
ORD005259,CUST03179,2024-10-13,Delivered,UPI
ORD005260,CUST03788,2024-06-27,Delivered,Debit Card
ORD005261,CUST00145,2024-05-31,Delivered,Cash on Delivery
ORD005262,CUST02816,2023-12-09,Delivered,Credit Card
ORD005263,CUST01745,2024-05-25,Delivered,Debit Card
ORD005264,CUST02874,2024-01-04,Delivered,Wallet
ORD005265,CUST03199,2024-02-19,Cancelled,Cash on Delivery
ORD005266,CUST02988,2024-12-15,Returned,Credit Card
ORD005267,CUST02758,2024-12-21,Delivered,Debit Card
ORD005268,CUST02926,2024-11-08,Delivered,Credit Card
ORD005269,CUST02605,2024-04-17,Delivered,Wallet
ORD005270,CUST03462,2024-07-21,Cancelled,Debit Card
ORD005271,CUST02091,2024-08-25,Delivered,Net Banking
ORD005272,CUST02195,2024-12-24,Delivered,Cash on Delivery
ORD005273,CUST01735,2024-12-05,Delivered,Net Banking
ORD005274,CUST02440,2023-11-15,Delivered,Debit Card
ORD005275,CUST01390,2024-12-20,Delivered,UPI
ORD005276,CUST02221,2024-01-05,Cancelled,Cash on Delivery
ORD005277,CUST01623,2024-02-27,Processing,Cash on Delivery
ORD005278,CUST04613,2024-12-11,Delivered,Credit Card
ORD005279,CUST01587,2024-05-07,Delivered,Cash on Delivery
ORD005280,CUST01497,2024-12-21,Delivered,Wallet
ORD005281,CUST00214,2024-12-30,Delivered,Wallet
ORD005282,CUST03630,2023-07-31,Delivered,Debit Card
ORD005283,CUST04353,2024-12-08,Processing,Net Banking
ORD005284,CUST04998,2024-06-28,Delivered,Wallet
ORD005285,CUST02985,2024-12-17,Delivered,Cash on Delivery
ORD005286,CUST02676,2024-08-06,Delivered,UPI
ORD005287,CUST00642,2024-05-30,Delivered,Wallet
ORD005288,CUST04369,2024-11-17,Delivered,Cash on Delivery
ORD005289,CUST04275,2024-11-03,Delivered,Net Banking
ORD005290,CUST04042,2024-02-22,Delivered,Cash on Delivery
ORD005291,CUST03107,2024-12-25,Returned,Debit Card
ORD005292,CUST02988,2024-09-19,Delivered,Cash on Delivery
ORD005293,CUST04239,2024-11-18,Cancelled,Wallet
ORD005294,CUST03424,2024-09-13,Delivered,UPI
ORD005295,CUST03907,2024-11-14,Cancelled,Cash on Delivery
ORD005296,CUST03549,2024-08-19,Delivered,Debit Card
ORD005297,CUST04193,2024-05-19,Delivered,UPI
ORD005298,CUST03788,2024-03-06,Delivered,Net Banking
ORD005299,CUST02686,2024-02-29,Delivered,UPI
ORD005300,CUST04863,2023-12-28,Delivered,Credit Card
ORD005301,CUST01843,2024-08-31,Shipped,Debit Card
ORD005302,CUST04528,2024-11-18,Shipped,Debit Card
ORD005303,CUST02793,2024-08-26,Delivered,Debit Card
ORD005304,CUST00043,2024-09-27,Shipped,UPI
ORD005305,CUST04184,2024-12-04,Cancelled,Wallet
ORD005306,CUST01658,2024-04-27,Returned,Cash on Delivery
ORD005307,CUST02332,2024-03-27,Shipped,Debit Card
ORD005308,CUST04337,2024-12-18,Delivered,Credit Card
ORD005309,CUST00180,2024-07-12,Delivered,Net Banking
ORD005310,CUST04407,2023-04-26,Delivered,Credit Card
ORD005311,CUST04722,2024-12-12,Returned,Wallet
ORD005312,CUST01787,2024-06-19,Delivered,Cash on Delivery
ORD005313,CUST03051,2024-11-18,Delivered,UPI
ORD005314,CUST00822,2024-12-01,Shipped,Debit Card
ORD005315,CUST00148,2024-06-24,Delivered,Debit Card
ORD005316,CUST01263,2024-03-13,Delivered,Credit Card
ORD005317,CUST00068,2024-03-20,Delivered,Debit Card
ORD005318,CUST01159,2024-11-03,Returned,UPI
ORD005319,CUST03491,2024-07-05,Delivered,Cash on Delivery
ORD005320,CUST00720,2024-08-30,Shipped,Net Banking
ORD005321,CUST01340,2024-07-09,Delivered,Debit Card
ORD005322,CUST01564,2024-11-20,Cancelled,Wallet
ORD005323,CUST04381,2024-07-27,Delivered,UPI
ORD005324,CUST04411,2024-05-25,Delivered,Debit Card
ORD005325,CUST03039,2024-10-15,Delivered,Net Banking
ORD005326,CUST04895,2024-09-04,Shipped,Net Banking
ORD005327,CUST04792,2023-01-27,Delivered,Net Banking
ORD005328,CUST00156,2024-08-08,Shipped,Credit Card
ORD005329,CUST03571,2024-06-18,Processing,Credit Card
ORD005330,CUST00517,2024-09-13,Delivered,Wallet
ORD005331,CUST04351,2024-12-13,Delivered,Wallet
ORD005332,CUST04058,2024-06-09,Delivered,Net Banking
ORD005333,CUST04513,2024-10-21,Delivered,Wallet
ORD005334,CUST02605,2024-06-09,Delivered,Debit Card
ORD005335,CUST02359,2024-05-14,Delivered,Cash on Delivery
ORD005336,CUST01981,2024-10-29,Delivered,Wallet
ORD005337,CUST03526,2024-12-08,Delivered,Cash on Delivery
ORD005338,CUST00557,2024-08-23,Delivered,Debit Card
ORD005339,CUST02768,2024-05-30,Delivered,Debit Card
ORD005340,CUST00730,2024-01-28,Delivered,Wallet
ORD005341,CUST02481,2024-06-08,Delivered,Debit Card
ORD005342,CUST01564,2024-06-28,Delivered,UPI
ORD005343,CUST00065,2024-06-24,Delivered,Net Banking
ORD005344,CUST00629,2023-04-28,Processing,Wallet
ORD005345,CUST00901,2024-07-18,Delivered,Credit Card
ORD005346,CUST04230,2024-12-23,Processing,Wallet
ORD005347,CUST00330,2024-08-23,Delivered,UPI
ORD005348,CUST03585,2024-04-30,Delivered,Net Banking
ORD005349,CUST04355,2024-09-24,Shipped,Cash on Delivery
ORD005350,CUST03263,2024-03-06,Delivered,UPI
ORD005351,CUST01802,2024-09-03,Delivered,Cash on Delivery
ORD005352,CUST00722,2024-02-01,Delivered,Wallet
ORD005353,CUST04995,2024-09-22,Delivered,Wallet
ORD005354,CUST00755,2024-11-04,Delivered,Credit Card
ORD005355,CUST04290,2024-11-02,Processing,UPI
ORD005356,CUST02096,2024-05-19,Delivered,Wallet
ORD005357,CUST00302,2024-05-19,Shipped,Cash on Delivery
ORD005358,CUST02029,2024-10-23,Delivered,Credit Card
ORD005359,CUST04183,2024-09-15,Delivered,Cash on Delivery
ORD005360,CUST02775,2024-08-06,Delivered,Cash on Delivery
ORD005361,CUST04683,2024-09-16,Delivered,Credit Card
ORD005362,CUST03274,2024-10-20,Processing,Net Banking
ORD005363,CUST04312,2024-04-26,Delivered,Wallet
ORD005364,CUST03353,2024-03-25,Delivered,Cash on Delivery
ORD005365,CUST01060,2023-06-19,Delivered,Net Banking
ORD005366,CUST03205,2023-11-02,Delivered,Net Banking
ORD005367,CUST00682,2024-12-24,Cancelled,UPI
ORD005368,CUST03422,2023-12-06,Delivered,Debit Card
ORD005369,CUST02909,2024-12-13,Delivered,Net Banking
ORD005370,CUST02005,2024-07-31,Delivered,Cash on Delivery
ORD005371,CUST01218,2024-03-27,Shipped,Credit Card
ORD005372,CUST00663,2024-12-12,Delivered,UPI
ORD005373,CUST01276,2024-03-01,Returned,Credit Card
ORD005374,CUST03414,2024-11-30,Delivered,Net Banking
ORD005375,CUST03980,2024-01-02,Delivered,UPI
ORD005376,CUST00241,2024-12-11,Delivered,Wallet
ORD005377,CUST04175,2024-04-07,Delivered,Net Banking
ORD005378,CUST03180,2024-09-30,Cancelled,Credit Card
ORD005379,CUST01244,2023-07-03,Delivered,Net Banking
ORD005380,CUST01096,2024-09-26,Shipped,Wallet
ORD005381,CUST04678,2024-08-28,Delivered,Wallet
ORD005382,CUST01292,2024-11-25,Delivered,Debit Card
ORD005383,CUST01280,2024-07-16,Processing,Credit Card
ORD005384,CUST00589,2024-06-26,Delivered,Credit Card
ORD005385,CUST01966,2023-10-31,Returned,Net Banking
ORD005386,CUST02823,2024-01-08,Delivered,Net Banking
ORD005387,CUST00057,2024-07-19,Delivered,Net Banking
ORD005388,CUST04312,2023-10-22,Cancelled,Cash on Delivery
ORD005389,CUST01591,2024-11-16,Delivered,UPI
ORD005390,CUST04791,2024-09-27,Delivered,Credit Card
ORD005391,CUST03113,2024-12-18,Delivered,Cash on Delivery
ORD005392,CUST02219,2024-12-22,Delivered,Cash on Delivery
ORD005393,CUST00967,2023-07-24,Delivered,UPI
ORD005394,CUST00209,2024-06-22,Delivered,UPI
ORD005395,CUST03986,2024-11-26,Delivered,Wallet
ORD005396,CUST00848,2024-10-08,Shipped,Net Banking
ORD005397,CUST00104,2024-01-01,Delivered,Debit Card
ORD005398,CUST03852,2024-10-25,Shipped,Cash on Delivery
ORD005399,CUST02575,2024-12-28,Delivered,Debit Card
ORD005400,CUST03745,2024-12-26,Cancelled,Cash on Delivery
ORD005401,CUST03219,2024-12-11,Cancelled,Cash on Delivery
ORD005402,CUST04940,2024-01-22,Shipped,Cash on Delivery
ORD005403,CUST02991,2024-02-16,Cancelled,Debit Card
ORD005404,CUST02748,2024-11-12,Delivered,Credit Card
ORD005405,CUST00897,2024-11-24,Delivered,Wallet
ORD005406,CUST01070,2024-11-19,Returned,Wallet
ORD005407,CUST00292,2023-09-25,Delivered,Credit Card
ORD005408,CUST04728,2024-05-24,Shipped,Wallet
ORD005409,CUST01119,2024-07-25,Processing,Debit Card
ORD005410,CUST00042,2024-11-25,Shipped,Net Banking
ORD005411,CUST03959,2024-12-25,Delivered,Net Banking
ORD005412,CUST01530,2023-12-26,Delivered,Credit Card
ORD005413,CUST01140,2024-07-22,Returned,UPI
ORD005414,CUST00300,2024-10-11,Delivered,Credit Card
ORD005415,CUST03841,2024-10-06,Delivered,Cash on Delivery
ORD005416,CUST00270,2024-12-16,Processing,Net Banking
ORD005417,CUST02915,2024-08-26,Cancelled,Debit Card
ORD005418,CUST04721,2024-11-21,Shipped,UPI
ORD005419,CUST03923,2024-09-12,Delivered,Credit Card
ORD005420,CUST01248,2024-10-23,Delivered,UPI
ORD005421,CUST03699,2023-05-19,Returned,UPI
ORD005422,CUST02965,2024-11-19,Shipped,Net Banking
ORD005423,CUST04625,2024-09-04,Shipped,UPI
ORD005424,CUST01081,2024-04-16,Delivered,Debit Card
ORD005425,CUST04878,2024-01-19,Delivered,Debit Card
ORD005426,CUST02518,2024-09-17,Delivered,Net Banking
ORD005427,CUST02252,2024-08-04,Shipped,Cash on Delivery
ORD005428,CUST01473,2024-12-26,Delivered,UPI
ORD005429,CUST04271,2023-08-30,Delivered,Debit Card
ORD005430,CUST04998,2023-03-15,Delivered,Cash on Delivery
ORD005431,CUST04615,2024-11-15,Shipped,Debit Card
ORD005432,CUST00686,2023-10-12,Delivered,UPI
ORD005433,CUST04340,2024-12-21,Delivered,Net Banking
ORD005434,CUST03879,2024-09-27,Cancelled,Net Banking
ORD005435,CUST02398,2024-01-07,Delivered,Cash on Delivery
ORD005436,CUST02551,2024-03-13,Delivered,Credit Card
ORD005437,CUST04679,2024-06-19,Cancelled,Cash on Delivery
ORD005438,CUST02505,2024-10-09,Delivered,Wallet
ORD005439,CUST04349,2024-12-15,Shipped,Credit Card
ORD005440,CUST01043,2023-12-06,Delivered,Wallet
ORD005441,CUST03826,2024-03-22,Delivered,Credit Card
ORD005442,CUST01455,2024-10-12,Delivered,Debit Card
ORD005443,CUST04099,2024-12-25,Cancelled,Wallet
ORD005444,CUST00497,2023-12-13,Delivered,UPI
ORD005445,CUST00784,2024-05-19,Processing,Net Banking
ORD005446,CUST03654,2024-04-06,Delivered,Cash on Delivery
ORD005447,CUST04590,2024-08-01,Delivered,Net Banking
ORD005448,CUST02628,2024-12-11,Delivered,Wallet
ORD005449,CUST03459,2024-05-28,Delivered,Net Banking
ORD005450,CUST04736,2024-10-07,Delivered,Wallet
ORD005451,CUST03535,2024-01-28,Delivered,Wallet
ORD005452,CUST03551,2024-05-28,Delivered,Credit Card
ORD005453,CUST03453,2024-04-19,Delivered,UPI
ORD005454,CUST04516,2024-04-21,Shipped,UPI
ORD005455,CUST00130,2023-09-05,Delivered,Wallet
ORD005456,CUST04872,2023-12-11,Delivered,Debit Card
ORD005457,CUST02511,2024-12-22,Delivered,Cash on Delivery
ORD005458,CUST02662,2024-08-16,Delivered,UPI
ORD005459,CUST00704,2024-04-10,Delivered,Cash on Delivery
ORD005460,CUST03634,2024-12-24,Delivered,Wallet
ORD005461,CUST00784,2024-04-30,Delivered,Credit Card
ORD005462,CUST02743,2023-09-23,Delivered,Debit Card
ORD005463,CUST04909,2024-09-29,Delivered,Debit Card
ORD005464,CUST01955,2024-12-29,Delivered,Net Banking
ORD005465,CUST01220,2023-10-02,Cancelled,Cash on Delivery
ORD005466,CUST04413,2024-12-25,Delivered,Credit Card
ORD005467,CUST03857,2024-09-01,Delivered,Debit Card
ORD005468,CUST00197,2024-11-14,Delivered,Wallet
ORD005469,CUST01288,2024-11-02,Delivered,Debit Card
ORD005470,CUST01510,2023-09-22,Shipped,UPI
ORD005471,CUST00471,2024-12-29,Delivered,Net Banking
ORD005472,CUST00725,2024-11-02,Delivered,Net Banking
ORD005473,CUST04127,2024-04-02,Shipped,Wallet
ORD005474,CUST02320,2024-11-10,Returned,Cash on Delivery
ORD005475,CUST02533,2024-02-21,Delivered,Debit Card
ORD005476,CUST00283,2024-12-19,Cancelled,Cash on Delivery
ORD005477,CUST02976,2024-07-15,Shipped,Wallet
ORD005478,CUST03725,2023-12-19,Delivered,Cash on Delivery
ORD005479,CUST00849,2024-04-16,Delivered,UPI
ORD005480,CUST04397,2024-07-11,Delivered,Credit Card
ORD005481,CUST02469,2024-07-29,Shipped,UPI
ORD005482,CUST02765,2024-12-30,Shipped,Credit Card
ORD005483,CUST03662,2024-07-12,Delivered,Net Banking
ORD005484,CUST01935,2024-12-07,Delivered,Credit Card
ORD005485,CUST01449,2023-07-04,Delivered,UPI
ORD005486,CUST04316,2023-06-07,Cancelled,Wallet
ORD005487,CUST01275,2024-12-18,Shipped,UPI
ORD005488,CUST04371,2024-08-19,Delivered,Cash on Delivery
ORD005489,CUST00301,2024-05-23,Delivered,Net Banking
ORD005490,CUST04213,2024-11-26,Delivered,UPI
ORD005491,CUST01180,2024-06-22,Delivered,Cash on Delivery
ORD005492,CUST03051,2024-12-25,Delivered,Wallet
ORD005493,CUST02858,2024-03-22,Delivered,Net Banking
ORD005494,CUST02541,2024-04-12,Delivered,UPI
ORD005495,CUST03413,2024-11-18,Shipped,Net Banking
ORD005496,CUST00088,2024-07-08,Cancelled,Wallet
ORD005497,CUST04663,2023-04-12,Delivered,Wallet
ORD005498,CUST02226,2024-11-07,Cancelled,UPI
ORD005499,CUST04865,2024-12-20,Delivered,Debit Card
ORD005500,CUST04871,2024-12-14,Delivered,Cash on Delivery
ORD005501,CUST04386,2024-10-28,Delivered,Debit Card
ORD005502,CUST03323,2024-11-09,Processing,Wallet
ORD005503,CUST03569,2024-10-01,Processing,Wallet
ORD005504,CUST01241,2024-04-05,Delivered,Wallet
ORD005505,CUST04145,2023-02-18,Delivered,Cash on Delivery
ORD005506,CUST00779,2024-04-09,Delivered,Cash on Delivery
ORD005507,CUST00640,2024-06-26,Delivered,UPI
ORD005508,CUST02587,2024-11-09,Delivered,Credit Card
ORD005509,CUST03813,2023-07-02,Shipped,UPI
ORD005510,CUST00618,2023-09-08,Delivered,Debit Card
ORD005511,CUST00666,2024-11-19,Processing,Net Banking
ORD005512,CUST03943,2024-06-22,Cancelled,UPI
ORD005513,CUST02839,2024-05-25,Delivered,Cash on Delivery
ORD005514,CUST03208,2024-01-18,Delivered,Wallet
ORD005515,CUST00198,2023-07-14,Cancelled,Credit Card
ORD005516,CUST02898,2023-06-08,Delivered,Debit Card
ORD005517,CUST02993,2023-12-25,Shipped,Cash on Delivery
ORD005518,CUST01841,2024-07-11,Cancelled,Net Banking
ORD005519,CUST01473,2024-12-27,Shipped,Cash on Delivery
ORD005520,CUST04960,2024-11-07,Delivered,Cash on Delivery
ORD005521,CUST00280,2024-11-28,Delivered,Credit Card
ORD005522,CUST00676,2024-03-26,Delivered,Net Banking
ORD005523,CUST02803,2024-11-25,Delivered,Credit Card
ORD005524,CUST02093,2024-07-19,Cancelled,Credit Card
ORD005525,CUST03060,2024-12-10,Returned,Net Banking
ORD005526,CUST01643,2023-11-02,Shipped,UPI
ORD005527,CUST02110,2024-05-21,Delivered,Net Banking
ORD005528,CUST02292,2024-11-28,Delivered,Credit Card
ORD005529,CUST01021,2024-06-03,Processing,Credit Card
ORD005530,CUST02161,2024-07-25,Delivered,Debit Card
ORD005531,CUST03757,2024-05-28,Delivered,Net Banking
ORD005532,CUST03590,2024-10-21,Delivered,Wallet
ORD005533,CUST04819,2024-07-29,Delivered,Wallet
ORD005534,CUST04904,2024-08-14,Delivered,UPI
ORD005535,CUST04600,2024-10-12,Delivered,Net Banking
ORD005536,CUST04350,2024-07-01,Delivered,UPI
ORD005537,CUST02391,2024-11-18,Delivered,Cash on Delivery
ORD005538,CUST03550,2024-10-05,Delivered,Credit Card
ORD005539,CUST00828,2023-07-13,Delivered,Wallet
ORD005540,CUST03042,2024-03-28,Delivered,Wallet
ORD005541,CUST01660,2024-08-05,Delivered,Net Banking
ORD005542,CUST02546,2024-10-13,Delivered,Cash on Delivery
ORD005543,CUST02527,2024-11-22,Delivered,Net Banking
ORD005544,CUST00373,2024-12-16,Delivered,UPI
ORD005545,CUST00049,2024-03-20,Delivered,Cash on Delivery
ORD005546,CUST02443,2024-10-12,Shipped,UPI
ORD005547,CUST04753,2024-05-18,Delivered,Net Banking
ORD005548,CUST01553,2024-11-13,Shipped,Net Banking
ORD005549,CUST00957,2024-06-27,Delivered,Cash on Delivery
ORD005550,CUST02497,2024-01-09,Returned,Credit Card
ORD005551,CUST01167,2024-11-06,Shipped,Credit Card
ORD005552,CUST01520,2024-01-20,Shipped,Debit Card
ORD005553,CUST02519,2024-05-27,Delivered,Wallet
ORD005554,CUST03470,2024-09-22,Cancelled,Net Banking
ORD005555,CUST04106,2023-04-22,Delivered,Debit Card
ORD005556,CUST04290,2024-09-30,Returned,Credit Card
ORD005557,CUST04014,2024-12-10,Delivered,Net Banking
ORD005558,CUST00368,2024-09-25,Delivered,Credit Card
ORD005559,CUST04914,2024-10-21,Shipped,Net Banking
ORD005560,CUST04424,2024-06-17,Delivered,Cash on Delivery
ORD005561,CUST01832,2023-11-11,Delivered,Wallet
ORD005562,CUST01834,2024-12-10,Delivered,Debit Card
ORD005563,CUST00591,2024-09-01,Delivered,Debit Card
ORD005564,CUST02014,2024-05-01,Processing,Wallet
ORD005565,CUST00376,2024-02-14,Shipped,Net Banking
ORD005566,CUST03297,2024-09-18,Delivered,Debit Card
ORD005567,CUST02272,2024-11-04,Delivered,UPI
ORD005568,CUST02367,2024-02-28,Delivered,UPI
ORD005569,CUST00958,2024-09-05,Delivered,Net Banking
ORD005570,CUST01821,2024-08-03,Delivered,Credit Card
ORD005571,CUST03292,2024-11-09,Delivered,UPI
ORD005572,CUST00779,2024-09-01,Delivered,Cash on Delivery
ORD005573,CUST03165,2024-09-14,Delivered,Debit Card
ORD005574,CUST01193,2024-12-08,Delivered,Cash on Delivery
ORD005575,CUST02902,2024-07-06,Delivered,Net Banking
ORD005576,CUST02505,2024-02-16,Delivered,Cash on Delivery
ORD005577,CUST01239,2024-01-29,Shipped,Net Banking
ORD005578,CUST03918,2024-11-13,Delivered,Debit Card
ORD005579,CUST00368,2024-12-12,Delivered,Cash on Delivery
ORD005580,CUST03127,2024-12-10,Delivered,Wallet
ORD005581,CUST04785,2024-12-10,Delivered,UPI
ORD005582,CUST02091,2024-05-21,Returned,Net Banking
ORD005583,CUST04986,2024-07-30,Shipped,Wallet
ORD005584,CUST03183,2024-10-17,Delivered,Debit Card
ORD005585,CUST02163,2024-05-25,Shipped,Net Banking
ORD005586,CUST04790,2024-12-28,Delivered,Cash on Delivery
ORD005587,CUST04765,2024-12-20,Shipped,Wallet
ORD005588,CUST04056,2023-07-07,Shipped,Wallet
ORD005589,CUST04402,2024-12-15,Delivered,Wallet
ORD005590,CUST03863,2024-05-02,Delivered,Credit Card
ORD005591,CUST04379,2024-06-22,Delivered,Debit Card
ORD005592,CUST00135,2024-03-09,Delivered,UPI
ORD005593,CUST04407,2024-08-12,Delivered,UPI
ORD005594,CUST04901,2024-08-25,Delivered,UPI
ORD005595,CUST00511,2024-09-29,Returned,Credit Card
ORD005596,CUST03808,2024-02-29,Shipped,Wallet
ORD005597,CUST02004,2024-11-11,Delivered,Net Banking
ORD005598,CUST03303,2024-10-10,Delivered,Net Banking
ORD005599,CUST04610,2023-08-21,Delivered,Wallet
ORD005600,CUST00450,2024-05-28,Delivered,UPI
ORD005601,CUST02011,2024-07-05,Shipped,Cash on Delivery
ORD005602,CUST00870,2024-12-01,Delivered,UPI
ORD005603,CUST01311,2024-12-25,Cancelled,Net Banking
ORD005604,CUST00459,2024-08-14,Cancelled,UPI
ORD005605,CUST04303,2024-07-23,Delivered,UPI
ORD005606,CUST01497,2024-11-23,Delivered,Debit Card
ORD005607,CUST04119,2024-12-23,Delivered,Wallet
ORD005608,CUST04823,2024-06-27,Delivered,Net Banking
ORD005609,CUST02922,2023-12-11,Shipped,Debit Card
ORD005610,CUST02786,2023-09-05,Delivered,UPI
ORD005611,CUST01290,2024-01-07,Delivered,Debit Card
ORD005612,CUST04083,2024-05-26,Delivered,Debit Card
ORD005613,CUST01602,2024-12-15,Delivered,UPI
ORD005614,CUST00720,2023-11-23,Delivered,Credit Card
ORD005615,CUST00344,2023-10-17,Delivered,Wallet
ORD005616,CUST03549,2024-11-27,Delivered,Debit Card
ORD005617,CUST01891,2024-04-07,Delivered,Credit Card
ORD005618,CUST00825,2024-03-22,Shipped,Net Banking
ORD005619,CUST04079,2024-06-06,Delivered,Cash on Delivery
ORD005620,CUST02684,2023-03-29,Delivered,Net Banking
ORD005621,CUST00369,2024-02-02,Delivered,Debit Card
ORD005622,CUST01377,2024-11-11,Delivered,Cash on Delivery
ORD005623,CUST02586,2024-08-26,Delivered,UPI
ORD005624,CUST00477,2023-11-05,Delivered,Cash on Delivery
ORD005625,CUST02151,2023-12-16,Delivered,Credit Card
ORD005626,CUST00039,2024-10-07,Delivered,Net Banking
ORD005627,CUST04025,2024-09-25,Processing,Net Banking
ORD005628,CUST04777,2023-10-22,Delivered,Debit Card
ORD005629,CUST03991,2023-08-21,Delivered,Net Banking
ORD005630,CUST00722,2024-11-16,Processing,Debit Card
ORD005631,CUST00171,2024-11-10,Delivered,UPI
ORD005632,CUST03940,2024-09-14,Delivered,UPI
ORD005633,CUST01350,2023-10-24,Delivered,UPI
ORD005634,CUST02997,2024-12-09,Delivered,Debit Card
ORD005635,CUST01176,2024-04-06,Delivered,Debit Card
ORD005636,CUST03977,2024-12-23,Delivered,Debit Card
ORD005637,CUST04600,2023-08-02,Delivered,Wallet
ORD005638,CUST00172,2024-10-25,Delivered,Cash on Delivery
ORD005639,CUST03531,2024-11-13,Delivered,Wallet
ORD005640,CUST00171,2024-08-25,Delivered,Net Banking
ORD005641,CUST01899,2024-12-15,Delivered,Credit Card
ORD005642,CUST04733,2024-11-06,Delivered,Net Banking
ORD005643,CUST00741,2024-09-03,Delivered,Credit Card
ORD005644,CUST00640,2024-10-29,Delivered,Wallet
ORD005645,CUST01337,2024-12-19,Shipped,UPI
ORD005646,CUST01638,2023-04-14,Delivered,Cash on Delivery
ORD005647,CUST04261,2024-08-04,Processing,UPI
ORD005648,CUST03310,2024-05-26,Cancelled,UPI
ORD005649,CUST01668,2024-09-19,Delivered,Credit Card
ORD005650,CUST04254,2024-07-27,Shipped,Net Banking
ORD005651,CUST00672,2024-10-02,Delivered,Cash on Delivery
ORD005652,CUST03645,2024-03-22,Delivered,Debit Card
ORD005653,CUST00459,2024-04-09,Delivered,Debit Card
ORD005654,CUST03822,2023-06-17,Delivered,Credit Card
ORD005655,CUST00246,2024-12-24,Cancelled,Debit Card
ORD005656,CUST04196,2024-10-16,Cancelled,Debit Card
ORD005657,CUST01164,2024-10-03,Delivered,Credit Card
ORD005658,CUST00946,2023-08-15,Processing,Credit Card
ORD005659,CUST01475,2024-05-31,Delivered,UPI
ORD005660,CUST01333,2023-10-10,Delivered,Credit Card
ORD005661,CUST03845,2024-05-13,Delivered,Credit Card
ORD005662,CUST02600,2024-07-31,Delivered,Net Banking
ORD005663,CUST01800,2024-12-10,Shipped,Debit Card
ORD005664,CUST01803,2023-12-09,Delivered,Wallet
ORD005665,CUST02839,2024-08-09,Returned,UPI
ORD005666,CUST02988,2024-10-04,Delivered,UPI
ORD005667,CUST03687,2024-08-26,Delivered,Net Banking
ORD005668,CUST03348,2024-07-05,Delivered,Net Banking
ORD005669,CUST01171,2023-03-02,Delivered,Credit Card
ORD005670,CUST02559,2024-11-14,Delivered,Cash on Delivery
ORD005671,CUST03433,2024-12-22,Delivered,Debit Card
ORD005672,CUST04667,2024-12-22,Cancelled,Debit Card
ORD005673,CUST02507,2024-11-14,Delivered,Debit Card
ORD005674,CUST02672,2024-07-04,Returned,Cash on Delivery
ORD005675,CUST00364,2024-05-20,Delivered,Wallet
ORD005676,CUST02974,2023-08-14,Delivered,Debit Card
ORD005677,CUST01473,2024-12-26,Returned,Cash on Delivery
ORD005678,CUST03540,2024-05-22,Delivered,Cash on Delivery
ORD005679,CUST03633,2024-07-13,Returned,Debit Card
ORD005680,CUST01440,2024-10-25,Delivered,UPI
ORD005681,CUST03037,2024-11-22,Delivered,Cash on Delivery
ORD005682,CUST00459,2023-11-14,Delivered,Net Banking
ORD005683,CUST01820,2024-12-17,Shipped,Net Banking
ORD005684,CUST04696,2024-12-19,Delivered,Debit Card
ORD005685,CUST02007,2024-12-18,Delivered,Debit Card
ORD005686,CUST02829,2024-10-29,Delivered,Cash on Delivery
ORD005687,CUST04721,2024-10-03,Delivered,UPI
ORD005688,CUST00860,2024-11-23,Shipped,Cash on Delivery
ORD005689,CUST01226,2024-10-17,Delivered,Debit Card
ORD005690,CUST02349,2023-08-02,Cancelled,Debit Card
ORD005691,CUST01274,2024-12-11,Delivered,Cash on Delivery
ORD005692,CUST01176,2024-07-20,Delivered,Credit Card
ORD005693,CUST03672,2024-07-30,Shipped,UPI
ORD005694,CUST04976,2023-07-21,Delivered,Wallet
ORD005695,CUST00496,2024-08-07,Delivered,Debit Card
ORD005696,CUST02009,2024-07-06,Delivered,Net Banking
ORD005697,CUST00224,2024-10-14,Delivered,UPI
ORD005698,CUST01633,2024-07-14,Delivered,Cash on Delivery
ORD005699,CUST00631,2024-08-11,Delivered,Debit Card
ORD005700,CUST02391,2024-11-06,Delivered,UPI
ORD005701,CUST03940,2024-04-02,Delivered,Debit Card
ORD005702,CUST04601,2024-05-30,Delivered,Wallet
ORD005703,CUST04770,2023-05-03,Delivered,Cash on Delivery
ORD005704,CUST01043,2023-08-18,Delivered,Debit Card
ORD005705,CUST01899,2024-12-07,Shipped,Wallet
ORD005706,CUST03320,2023-09-03,Delivered,Wallet
ORD005707,CUST02667,2024-11-23,Delivered,Wallet
ORD005708,CUST02546,2024-01-31,Processing,UPI
ORD005709,CUST04995,2024-10-23,Delivered,Debit Card
ORD005710,CUST01608,2024-08-01,Processing,Debit Card
ORD005711,CUST00971,2023-04-10,Cancelled,Credit Card
ORD005712,CUST02273,2024-11-02,Shipped,UPI
ORD005713,CUST00039,2024-08-14,Delivered,UPI
ORD005714,CUST01096,2024-12-13,Returned,Wallet
ORD005715,CUST00725,2024-10-22,Cancelled,Net Banking
ORD005716,CUST04777,2023-10-01,Delivered,Cash on Delivery
ORD005717,CUST03674,2024-01-23,Delivered,Cash on Delivery
ORD005718,CUST02801,2024-07-19,Delivered,UPI
ORD005719,CUST04351,2024-11-03,Delivered,Credit Card
ORD005720,CUST02971,2024-03-28,Delivered,Debit Card
ORD005721,CUST00392,2024-07-09,Processing,Wallet
ORD005722,CUST02514,2024-11-02,Delivered,UPI
ORD005723,CUST03373,2024-08-20,Processing,Cash on Delivery
ORD005724,CUST00278,2024-12-06,Delivered,Cash on Delivery
ORD005725,CUST04152,2024-08-06,Delivered,Credit Card
ORD005726,CUST04916,2024-05-18,Delivered,UPI
ORD005727,CUST00700,2024-08-10,Returned,Cash on Delivery
ORD005728,CUST01675,2024-04-19,Delivered,Credit Card
ORD005729,CUST01708,2024-01-23,Delivered,Cash on Delivery
ORD005730,CUST02704,2024-12-05,Delivered,Debit Card
ORD005731,CUST00145,2024-03-11,Delivered,Credit Card
ORD005732,CUST03564,2024-11-30,Cancelled,Net Banking
ORD005733,CUST00096,2024-06-20,Delivered,Net Banking
ORD005734,CUST01077,2024-12-29,Delivered,Credit Card
ORD005735,CUST00860,2024-08-12,Delivered,Wallet
ORD005736,CUST02490,2024-03-08,Delivered,UPI
ORD005737,CUST03679,2024-11-17,Delivered,Debit Card
ORD005738,CUST02886,2024-10-21,Delivered,Debit Card
ORD005739,CUST01048,2024-04-03,Delivered,Wallet
ORD005740,CUST00449,2024-08-17,Delivered,Wallet
ORD005741,CUST00486,2023-09-05,Delivered,Cash on Delivery
ORD005742,CUST02686,2024-08-25,Delivered,Wallet
ORD005743,CUST00945,2024-12-27,Delivered,Net Banking
ORD005744,CUST02856,2024-09-30,Delivered,Wallet
ORD005745,CUST01218,2024-02-02,Delivered,Net Banking
ORD005746,CUST02842,2024-11-05,Delivered,Cash on Delivery
ORD005747,CUST04155,2024-03-02,Delivered,UPI
ORD005748,CUST00388,2024-07-21,Delivered,Credit Card
ORD005749,CUST04333,2024-10-25,Shipped,UPI
ORD005750,CUST00018,2024-12-06,Delivered,Net Banking
ORD005751,CUST00513,2024-04-23,Delivered,Debit Card
ORD005752,CUST04398,2023-01-27,Delivered,Wallet
ORD005753,CUST00618,2024-05-02,Delivered,Debit Card
ORD005754,CUST03897,2024-04-30,Delivered,UPI
ORD005755,CUST01575,2024-09-13,Delivered,Wallet
ORD005756,CUST04860,2024-10-11,Cancelled,Credit Card
ORD005757,CUST00627,2024-01-31,Shipped,UPI
ORD005758,CUST01853,2023-10-14,Delivered,UPI
ORD005759,CUST00185,2024-12-25,Delivered,Wallet
ORD005760,CUST04173,2024-12-29,Delivered,Wallet
ORD005761,CUST00627,2024-04-16,Delivered,Debit Card
ORD005762,CUST00130,2024-09-10,Delivered,UPI
ORD005763,CUST02976,2024-11-06,Delivered,Credit Card
ORD005764,CUST01738,2024-09-02,Delivered,Credit Card
ORD005765,CUST04600,2024-12-01,Shipped,Net Banking
ORD005766,CUST04652,2024-01-05,Delivered,Debit Card
ORD005767,CUST04380,2024-10-31,Delivered,Wallet
ORD005768,CUST01611,2024-10-30,Delivered,UPI
ORD005769,CUST04414,2023-11-11,Delivered,Debit Card
ORD005770,CUST04868,2024-11-14,Delivered,Wallet
ORD005771,CUST00502,2023-09-06,Delivered,Wallet
ORD005772,CUST04322,2024-11-30,Delivered,Cash on Delivery
ORD005773,CUST02227,2024-01-24,Shipped,UPI
ORD005774,CUST01341,2024-12-05,Delivered,Net Banking
ORD005775,CUST02753,2024-12-25,Delivered,Wallet
ORD005776,CUST02578,2024-08-07,Delivered,Credit Card
ORD005777,CUST04271,2024-07-29,Delivered,Credit Card
ORD005778,CUST02876,2024-06-01,Delivered,Debit Card
ORD005779,CUST03868,2024-04-24,Delivered,Debit Card
ORD005780,CUST01473,2024-12-27,Shipped,UPI
ORD005781,CUST01247,2023-07-10,Delivered,UPI
ORD005782,CUST00530,2024-05-29,Shipped,Cash on Delivery
ORD005783,CUST01564,2024-05-26,Delivered,Net Banking
ORD005784,CUST00068,2024-10-07,Delivered,Net Banking
ORD005785,CUST02021,2024-03-28,Processing,UPI
ORD005786,CUST03552,2024-11-08,Delivered,Debit Card
ORD005787,CUST02937,2024-07-08,Delivered,UPI
ORD005788,CUST02036,2024-07-27,Processing,Wallet
ORD005789,CUST04639,2024-11-10,Delivered,UPI
ORD005790,CUST00797,2024-12-23,Shipped,Wallet
ORD005791,CUST00378,2024-06-12,Delivered,UPI
ORD005792,CUST03501,2024-08-30,Delivered,Wallet
ORD005793,CUST00143,2024-09-02,Delivered,Cash on Delivery
ORD005794,CUST02874,2024-07-05,Processing,Debit Card
ORD005795,CUST01999,2024-05-20,Delivered,Net Banking
ORD005796,CUST02399,2023-10-24,Delivered,Net Banking
ORD005797,CUST03391,2023-11-21,Shipped,Cash on Delivery
ORD005798,CUST01291,2024-12-03,Delivered,Cash on Delivery
ORD005799,CUST01519,2024-12-22,Delivered,Debit Card
ORD005800,CUST01591,2024-08-31,Delivered,Wallet
ORD005801,CUST02986,2024-10-01,Delivered,Wallet
ORD005802,CUST00557,2023-06-02,Delivered,Cash on Delivery
ORD005803,CUST03197,2024-10-22,Delivered,Debit Card
ORD005804,CUST00626,2024-08-24,Delivered,Net Banking
ORD005805,CUST04281,2024-11-20,Delivered,Cash on Delivery
ORD005806,CUST01083,2024-09-28,Returned,Wallet
ORD005807,CUST02415,2024-03-24,Delivered,Cash on Delivery
ORD005808,CUST01517,2023-04-15,Delivered,Net Banking
ORD005809,CUST03942,2024-10-09,Delivered,UPI
ORD005810,CUST00511,2024-10-27,Delivered,Credit Card
ORD005811,CUST03165,2024-08-15,Returned,Net Banking
ORD005812,CUST02601,2023-07-05,Delivered,Debit Card
ORD005813,CUST00115,2024-02-08,Returned,Credit Card
ORD005814,CUST00945,2024-12-24,Shipped,Debit Card
ORD005815,CUST02092,2024-11-17,Cancelled,Debit Card
ORD005816,CUST01279,2024-11-10,Delivered,Credit Card
ORD005817,CUST03866,2024-04-22,Delivered,Net Banking
ORD005818,CUST04644,2024-05-29,Delivered,Wallet
ORD005819,CUST00174,2024-10-31,Delivered,Debit Card
ORD005820,CUST03984,2024-12-22,Processing,Wallet
ORD005821,CUST01452,2024-07-15,Delivered,Credit Card
ORD005822,CUST01378,2024-11-05,Delivered,Debit Card
ORD005823,CUST01447,2024-02-10,Delivered,Net Banking
ORD005824,CUST02299,2024-03-18,Delivered,Net Banking
ORD005825,CUST02132,2024-08-02,Delivered,Net Banking
ORD005826,CUST00149,2024-03-05,Delivered,Net Banking
ORD005827,CUST00654,2024-09-02,Returned,Net Banking
ORD005828,CUST04514,2023-09-17,Delivered,UPI
ORD005829,CUST00701,2023-12-05,Returned,UPI
ORD005830,CUST04165,2024-10-05,Shipped,Cash on Delivery
ORD005831,CUST04625,2024-06-30,Delivered,Net Banking
ORD005832,CUST01005,2023-11-03,Delivered,Net Banking
ORD005833,CUST04728,2024-07-14,Delivered,Net Banking
ORD005834,CUST03077,2024-08-03,Processing,Wallet
ORD005835,CUST02643,2024-09-21,Delivered,Credit Card
ORD005836,CUST03111,2024-04-03,Delivered,Wallet
ORD005837,CUST04826,2024-05-05,Delivered,Wallet
ORD005838,CUST00472,2024-12-23,Shipped,UPI
ORD005839,CUST04137,2024-01-26,Returned,Cash on Delivery
ORD005840,CUST00311,2024-12-26,Delivered,Wallet
ORD005841,CUST03106,2024-12-10,Delivered,Credit Card
ORD005842,CUST01336,2023-11-23,Delivered,UPI
ORD005843,CUST04237,2024-11-13,Delivered,Debit Card
ORD005844,CUST04758,2024-11-06,Delivered,Cash on Delivery
ORD005845,CUST01154,2024-03-10,Cancelled,Cash on Delivery
ORD005846,CUST02578,2024-07-24,Returned,UPI
ORD005847,CUST04640,2024-11-19,Delivered,Cash on Delivery
ORD005848,CUST03493,2024-03-16,Delivered,Credit Card
ORD005849,CUST02200,2024-07-28,Delivered,Net Banking
ORD005850,CUST03470,2024-08-22,Delivered,Net Banking
ORD005851,CUST00583,2024-10-08,Shipped,Cash on Delivery
ORD005852,CUST04960,2024-05-11,Shipped,Debit Card
ORD005853,CUST00590,2024-08-20,Shipped,Wallet
ORD005854,CUST03042,2024-05-02,Delivered,Wallet
ORD005855,CUST03917,2024-06-04,Delivered,Net Banking
ORD005856,CUST03282,2024-10-11,Delivered,Debit Card
ORD005857,CUST03943,2024-07-17,Delivered,Cash on Delivery
ORD005858,CUST01019,2024-06-07,Delivered,UPI
ORD005859,CUST02394,2024-10-19,Delivered,Net Banking
ORD005860,CUST03417,2023-11-20,Delivered,Credit Card
ORD005861,CUST02527,2024-10-31,Processing,Credit Card
ORD005862,CUST04426,2024-09-12,Delivered,Net Banking
ORD005863,CUST01745,2024-08-30,Shipped,Wallet
ORD005864,CUST02662,2024-12-23,Shipped,UPI
ORD005865,CUST02508,2023-05-17,Returned,Credit Card
ORD005866,CUST02930,2024-08-28,Delivered,Credit Card
ORD005867,CUST03418,2024-10-16,Cancelled,Cash on Delivery
ORD005868,CUST00544,2023-07-23,Delivered,Wallet
ORD005869,CUST01695,2023-03-15,Shipped,Wallet
ORD005870,CUST00508,2024-04-11,Delivered,Wallet
ORD005871,CUST02634,2024-12-22,Delivered,UPI
ORD005872,CUST04845,2024-07-04,Delivered,UPI
ORD005873,CUST03067,2024-10-03,Delivered,Net Banking
ORD005874,CUST04886,2024-09-03,Delivered,UPI
ORD005875,CUST02507,2024-11-27,Delivered,UPI
ORD005876,CUST00317,2024-01-02,Returned,Wallet
ORD005877,CUST02385,2024-12-23,Returned,Credit Card
ORD005878,CUST01722,2024-10-01,Returned,Credit Card
ORD005879,CUST02669,2024-12-03,Delivered,Net Banking
ORD005880,CUST00881,2024-11-23,Cancelled,Wallet
ORD005881,CUST03210,2024-02-05,Delivered,Cash on Delivery
ORD005882,CUST02177,2024-12-28,Processing,Wallet
ORD005883,CUST00065,2023-08-21,Returned,Net Banking
ORD005884,CUST04864,2024-06-28,Shipped,UPI
ORD005885,CUST02520,2024-11-25,Shipped,Cash on Delivery
ORD005886,CUST01430,2024-10-04,Delivered,Wallet
ORD005887,CUST04281,2024-10-27,Delivered,Debit Card
ORD005888,CUST01564,2024-03-16,Shipped,UPI
ORD005889,CUST04616,2024-12-29,Returned,Credit Card
ORD005890,CUST02912,2024-08-09,Delivered,Credit Card
ORD005891,CUST01738,2024-04-18,Cancelled,Wallet
ORD005892,CUST00895,2023-10-01,Cancelled,UPI
ORD005893,CUST04216,2024-09-17,Shipped,Wallet
ORD005894,CUST02393,2023-07-06,Delivered,Cash on Delivery
ORD005895,CUST03521,2023-12-27,Returned,Wallet
ORD005896,CUST04416,2024-04-22,Delivered,Cash on Delivery
ORD005897,CUST00068,2024-11-25,Delivered,Credit Card
ORD005898,CUST04163,2024-07-16,Delivered,Cash on Delivery
ORD005899,CUST04217,2024-12-13,Cancelled,Wallet
ORD005900,CUST04119,2023-08-12,Delivered,Cash on Delivery
ORD005901,CUST02701,2024-11-01,Cancelled,UPI
ORD005902,CUST00201,2023-07-07,Delivered,Net Banking
ORD005903,CUST03196,2024-12-22,Delivered,Credit Card
ORD005904,CUST00929,2024-09-21,Delivered,Debit Card
ORD005905,CUST00201,2024-10-14,Cancelled,Cash on Delivery
ORD005906,CUST02226,2024-11-19,Delivered,Net Banking
ORD005907,CUST03535,2023-11-28,Delivered,Wallet
ORD005908,CUST02038,2024-10-28,Delivered,Debit Card
ORD005909,CUST01809,2024-10-12,Delivered,UPI
ORD005910,CUST01618,2023-12-21,Shipped,Wallet
ORD005911,CUST03757,2024-01-10,Returned,Debit Card
ORD005912,CUST04461,2024-07-04,Processing,Net Banking
ORD005913,CUST01529,2024-12-17,Processing,Cash on Delivery
ORD005914,CUST04940,2023-10-28,Delivered,Cash on Delivery
ORD005915,CUST00703,2024-03-21,Cancelled,Wallet
ORD005916,CUST03874,2024-12-23,Delivered,Cash on Delivery
ORD005917,CUST01193,2024-12-23,Delivered,Debit Card
ORD005918,CUST02020,2024-07-31,Delivered,Net Banking
ORD005919,CUST02198,2024-02-22,Shipped,Credit Card
ORD005920,CUST02578,2024-08-25,Cancelled,UPI
ORD005921,CUST03866,2023-04-20,Returned,UPI
ORD005922,CUST02661,2024-06-25,Delivered,Credit Card
ORD005923,CUST00815,2024-12-22,Delivered,Cash on Delivery
ORD005924,CUST00642,2023-11-18,Delivered,Credit Card
ORD005925,CUST00694,2024-08-15,Cancelled,UPI
ORD005926,CUST03334,2024-10-26,Processing,Net Banking
ORD005927,CUST04159,2023-10-01,Delivered,Cash on Delivery
ORD005928,CUST01604,2023-12-06,Delivered,Debit Card
ORD005929,CUST02809,2023-07-13,Shipped,Credit Card
ORD005930,CUST00686,2023-10-20,Delivered,Wallet
ORD005931,CUST03858,2024-05-22,Delivered,UPI
ORD005932,CUST04918,2023-07-01,Delivered,Net Banking
ORD005933,CUST02556,2024-03-13,Delivered,UPI
ORD005934,CUST04853,2024-12-23,Processing,Debit Card
ORD005935,CUST02374,2024-05-19,Delivered,Wallet
ORD005936,CUST04286,2024-12-09,Returned,Debit Card
ORD005937,CUST01161,2024-01-31,Cancelled,Cash on Delivery
ORD005938,CUST01842,2023-08-27,Delivered,Debit Card
ORD005939,CUST04290,2024-11-03,Shipped,Net Banking
ORD005940,CUST00477,2024-01-20,Delivered,UPI
ORD005941,CUST00634,2024-08-09,Delivered,Credit Card
ORD005942,CUST02582,2024-10-11,Shipped,Net Banking
ORD005943,CUST00477,2024-09-18,Delivered,Cash on Delivery
ORD005944,CUST04224,2024-07-21,Delivered,Cash on Delivery
ORD005945,CUST02254,2024-11-25,Cancelled,UPI
ORD005946,CUST03249,2024-12-15,Delivered,Net Banking
ORD005947,CUST02967,2024-10-11,Cancelled,Cash on Delivery
ORD005948,CUST01751,2024-11-19,Shipped,Cash on Delivery
ORD005949,CUST03950,2024-11-16,Delivered,Cash on Delivery
ORD005950,CUST01011,2024-09-25,Cancelled,Cash on Delivery
ORD005951,CUST02291,2024-07-31,Delivered,Net Banking
ORD005952,CUST02629,2024-12-27,Cancelled,Credit Card
ORD005953,CUST00711,2024-03-21,Returned,Cash on Delivery
ORD005954,CUST02812,2023-09-22,Shipped,Cash on Delivery
ORD005955,CUST01786,2024-12-29,Delivered,Net Banking
ORD005956,CUST02982,2024-07-13,Delivered,Cash on Delivery
ORD005957,CUST02516,2024-12-16,Delivered,Wallet
ORD005958,CUST00090,2024-12-12,Shipped,Credit Card
ORD005959,CUST00886,2024-05-25,Delivered,Debit Card
ORD005960,CUST02851,2024-04-07,Delivered,Credit Card
ORD005961,CUST04546,2023-11-07,Delivered,UPI
ORD005962,CUST02985,2024-09-13,Processing,UPI
ORD005963,CUST00282,2024-01-01,Delivered,Credit Card
ORD005964,CUST01164,2024-10-03,Delivered,Debit Card
ORD005965,CUST03482,2024-04-26,Cancelled,Credit Card
ORD005966,CUST01519,2024-10-10,Delivered,Debit Card
ORD005967,CUST03703,2024-03-01,Delivered,Debit Card
ORD005968,CUST02698,2024-08-22,Delivered,Debit Card
ORD005969,CUST00037,2024-11-30,Delivered,Debit Card
ORD005970,CUST01004,2024-11-07,Delivered,Cash on Delivery
ORD005971,CUST01181,2024-12-09,Delivered,UPI
ORD005972,CUST03559,2024-11-10,Delivered,Cash on Delivery
ORD005973,CUST04679,2024-08-12,Delivered,Net Banking
ORD005974,CUST03230,2024-08-26,Delivered,Cash on Delivery
ORD005975,CUST02354,2024-10-24,Delivered,Net Banking
ORD005976,CUST04017,2024-11-07,Delivered,Net Banking
ORD005977,CUST04014,2024-11-17,Delivered,Debit Card
ORD005978,CUST03237,2024-08-28,Delivered,UPI
ORD005979,CUST04088,2024-01-11,Delivered,Net Banking
ORD005980,CUST01884,2024-12-27,Shipped,Cash on Delivery
ORD005981,CUST01812,2024-02-09,Shipped,UPI
ORD005982,CUST03056,2024-03-11,Delivered,Net Banking
ORD005983,CUST04782,2024-10-07,Cancelled,Debit Card
ORD005984,CUST01797,2024-06-17,Cancelled,UPI
ORD005985,CUST01553,2024-12-24,Delivered,Cash on Delivery
ORD005986,CUST04853,2024-07-28,Delivered,Debit Card
ORD005987,CUST00675,2023-08-18,Returned,Net Banking
ORD005988,CUST01433,2024-03-22,Shipped,Debit Card
ORD005989,CUST02354,2024-12-02,Delivered,Net Banking
ORD005990,CUST03538,2024-09-26,Shipped,Cash on Delivery
ORD005991,CUST02096,2024-02-07,Shipped,Net Banking
ORD005992,CUST04181,2024-12-26,Returned,Debit Card
ORD005993,CUST04444,2024-10-16,Cancelled,Cash on Delivery
ORD005994,CUST01260,2024-04-18,Processing,Cash on Delivery
ORD005995,CUST01879,2024-07-08,Delivered,UPI
ORD005996,CUST03448,2024-09-04,Delivered,Cash on Delivery
ORD005997,CUST02110,2024-04-23,Delivered,Debit Card
ORD005998,CUST00162,2024-10-06,Cancelled,Debit Card
ORD005999,CUST04451,2024-01-24,Delivered,UPI
ORD006000,CUST00695,2023-03-03,Delivered,Net Banking
ORD006001,CUST02450,2023-02-26,Delivered,Debit Card
ORD006002,CUST04126,2023-08-28,Delivered,Wallet
ORD006003,CUST04017,2024-05-30,Delivered,UPI
ORD006004,CUST04848,2023-08-06,Cancelled,Cash on Delivery
ORD006005,CUST04956,2024-09-03,Delivered,Cash on Delivery
ORD006006,CUST00911,2024-04-16,Shipped,Wallet
ORD006007,CUST00603,2024-09-06,Delivered,Cash on Delivery
ORD006008,CUST01978,2024-11-06,Returned,UPI
ORD006009,CUST02010,2024-05-28,Delivered,UPI
ORD006010,CUST04412,2023-07-27,Delivered,Wallet
ORD006011,CUST02686,2023-08-17,Processing,Net Banking
ORD006012,CUST03630,2024-08-05,Delivered,Cash on Delivery
ORD006013,CUST02426,2024-09-03,Delivered,Wallet
ORD006014,CUST04183,2024-12-23,Shipped,Net Banking
ORD006015,CUST01226,2024-12-26,Delivered,Cash on Delivery
ORD006016,CUST00515,2024-07-27,Delivered,Debit Card
ORD006017,CUST01935,2024-10-31,Delivered,UPI
ORD006018,CUST02554,2024-01-27,Delivered,Net Banking
ORD006019,CUST00407,2024-11-03,Delivered,Wallet
ORD006020,CUST04728,2024-10-07,Delivered,Wallet
ORD006021,CUST03513,2023-06-25,Delivered,UPI
ORD006022,CUST02190,2024-10-22,Delivered,Debit Card
ORD006023,CUST01348,2024-08-13,Delivered,Wallet
ORD006024,CUST00078,2024-12-03,Delivered,Credit Card
ORD006025,CUST02913,2023-10-21,Delivered,Credit Card
ORD006026,CUST01276,2024-04-05,Cancelled,Cash on Delivery
ORD006027,CUST03646,2024-07-05,Delivered,Credit Card
ORD006028,CUST02339,2024-08-08,Cancelled,Credit Card
ORD006029,CUST01528,2024-08-06,Delivered,UPI
ORD006030,CUST03595,2024-10-14,Delivered,UPI
ORD006031,CUST00344,2024-12-10,Delivered,Wallet
ORD006032,CUST03450,2024-08-31,Delivered,Net Banking
ORD006033,CUST03651,2023-09-21,Delivered,Wallet
ORD006034,CUST04019,2024-11-22,Delivered,Credit Card
ORD006035,CUST04646,2024-06-12,Delivered,Credit Card
ORD006036,CUST02840,2024-02-29,Cancelled,Debit Card
ORD006037,CUST03064,2024-08-28,Shipped,Debit Card
ORD006038,CUST04937,2024-10-05,Delivered,Debit Card
ORD006039,CUST00018,2024-11-13,Delivered,Net Banking
ORD006040,CUST01126,2024-11-01,Delivered,Wallet
ORD006041,CUST00130,2024-10-03,Delivered,Cash on Delivery
ORD006042,CUST04820,2024-04-16,Shipped,Cash on Delivery
ORD006043,CUST00458,2024-11-21,Delivered,Cash on Delivery
ORD006044,CUST02339,2023-08-17,Delivered,Credit Card
ORD006045,CUST04214,2024-06-12,Delivered,Debit Card
ORD006046,CUST04239,2024-12-30,Delivered,Debit Card
ORD006047,CUST02758,2024-12-23,Delivered,Credit Card
ORD006048,CUST01239,2023-10-08,Cancelled,Debit Card
ORD006049,CUST02047,2024-12-12,Delivered,Cash on Delivery
ORD006050,CUST04841,2024-12-25,Delivered,Debit Card
ORD006051,CUST02953,2024-05-19,Delivered,Net Banking
ORD006052,CUST00290,2024-02-28,Delivered,Net Banking
ORD006053,CUST01639,2023-06-24,Cancelled,Cash on Delivery
ORD006054,CUST04741,2024-08-17,Cancelled,Credit Card
ORD006055,CUST02335,2024-12-06,Shipped,UPI
ORD006056,CUST04560,2024-11-14,Cancelled,Cash on Delivery
ORD006057,CUST00942,2024-12-24,Processing,Net Banking
ORD006058,CUST00949,2023-05-26,Delivered,Debit Card
ORD006059,CUST01917,2024-09-07,Delivered,UPI
ORD006060,CUST03284,2024-12-09,Delivered,UPI
ORD006061,CUST01229,2024-11-04,Delivered,UPI
ORD006062,CUST01056,2024-07-31,Delivered,Debit Card
ORD006063,CUST00923,2024-02-11,Delivered,Credit Card
ORD006064,CUST01250,2024-04-22,Delivered,Debit Card
ORD006065,CUST01346,2024-12-08,Delivered,Wallet
ORD006066,CUST01269,2024-12-04,Delivered,UPI
ORD006067,CUST04961,2024-12-22,Cancelled,Wallet
ORD006068,CUST02858,2024-10-31,Delivered,Cash on Delivery
ORD006069,CUST00370,2023-10-12,Cancelled,Debit Card
ORD006070,CUST00407,2024-11-16,Delivered,Wallet
ORD006071,CUST02124,2023-11-08,Delivered,UPI
ORD006072,CUST03935,2024-01-24,Delivered,Wallet
ORD006073,CUST00492,2024-01-25,Delivered,Credit Card
ORD006074,CUST00578,2024-04-19,Delivered,Credit Card
ORD006075,CUST00198,2023-10-05,Delivered,Cash on Delivery
ORD006076,CUST03989,2023-11-04,Delivered,Cash on Delivery
ORD006077,CUST02054,2024-04-02,Cancelled,Wallet
ORD006078,CUST02801,2024-06-02,Delivered,Cash on Delivery
ORD006079,CUST03091,2024-01-25,Delivered,Net Banking
ORD006080,CUST04836,2024-09-25,Delivered,Net Banking
ORD006081,CUST00161,2024-12-15,Delivered,Credit Card
ORD006082,CUST04445,2024-06-11,Delivered,Net Banking
ORD006083,CUST04571,2024-09-30,Cancelled,Cash on Delivery
ORD006084,CUST01745,2024-11-11,Cancelled,Cash on Delivery
ORD006085,CUST02150,2024-12-16,Delivered,Cash on Delivery
ORD006086,CUST02457,2024-03-24,Delivered,Wallet
ORD006087,CUST00290,2023-12-18,Delivered,Debit Card
ORD006088,CUST00390,2024-12-05,Delivered,Wallet
ORD006089,CUST04685,2024-06-08,Delivered,Cash on Delivery
ORD006090,CUST01714,2024-10-06,Delivered,Wallet
ORD006091,CUST04781,2024-08-15,Delivered,UPI
ORD006092,CUST02854,2024-12-07,Delivered,UPI
ORD006093,CUST04528,2024-12-03,Delivered,Debit Card
ORD006094,CUST02349,2023-09-10,Delivered,UPI
ORD006095,CUST02255,2024-02-19,Delivered,Cash on Delivery
ORD006096,CUST03415,2024-10-08,Delivered,Cash on Delivery
ORD006097,CUST04963,2024-10-27,Delivered,Debit Card
ORD006098,CUST01700,2024-05-11,Delivered,Net Banking
ORD006099,CUST00353,2024-06-23,Delivered,Cash on Delivery
ORD006100,CUST01134,2024-12-09,Delivered,Cash on Delivery
ORD006101,CUST02735,2024-10-08,Delivered,Net Banking
ORD006102,CUST01412,2024-07-21,Returned,Credit Card
ORD006103,CUST02081,2024-12-09,Returned,Net Banking
ORD006104,CUST00236,2024-10-06,Delivered,Net Banking
ORD006105,CUST01919,2024-07-18,Cancelled,Wallet
ORD006106,CUST00089,2024-10-15,Cancelled,Debit Card
ORD006107,CUST00247,2024-03-11,Processing,UPI
ORD006108,CUST04402,2024-11-14,Delivered,Net Banking
ORD006109,CUST00661,2024-09-30,Delivered,Net Banking
ORD006110,CUST03096,2024-12-09,Delivered,UPI
ORD006111,CUST01969,2023-04-29,Processing,Cash on Delivery
ORD006112,CUST02839,2024-06-30,Delivered,Net Banking
ORD006113,CUST03914,2024-09-04,Delivered,Debit Card
ORD006114,CUST04512,2024-07-27,Shipped,Wallet
ORD006115,CUST03663,2024-11-15,Shipped,Cash on Delivery
ORD006116,CUST04600,2024-11-14,Delivered,Cash on Delivery
ORD006117,CUST03350,2024-07-30,Delivered,Cash on Delivery
ORD006118,CUST00127,2024-12-12,Delivered,Net Banking
ORD006119,CUST04606,2023-10-07,Shipped,Net Banking
ORD006120,CUST00471,2024-12-30,Delivered,Debit Card
ORD006121,CUST00701,2024-07-16,Delivered,Debit Card
ORD006122,CUST03768,2024-08-10,Delivered,Wallet
ORD006123,CUST03746,2024-09-16,Delivered,Wallet
ORD006124,CUST01653,2023-08-15,Delivered,Net Banking
ORD006125,CUST00357,2024-12-27,Delivered,Net Banking
ORD006126,CUST03200,2024-08-10,Delivered,Net Banking
ORD006127,CUST03034,2024-11-15,Delivered,UPI
ORD006128,CUST02594,2024-12-05,Delivered,Cash on Delivery
ORD006129,CUST01306,2024-12-06,Delivered,Wallet
ORD006130,CUST00327,2024-08-14,Delivered,Net Banking
ORD006131,CUST02985,2024-05-12,Processing,Net Banking
ORD006132,CUST02911,2024-09-21,Shipped,Wallet
ORD006133,CUST00363,2024-03-27,Delivered,Cash on Delivery
ORD006134,CUST03909,2024-11-24,Shipped,Cash on Delivery
ORD006135,CUST04218,2024-04-22,Delivered,Debit Card
ORD006136,CUST03012,2024-12-04,Shipped,Cash on Delivery
ORD006137,CUST03916,2024-06-16,Delivered,Debit Card
ORD006138,CUST01043,2023-10-02,Cancelled,Credit Card
ORD006139,CUST04663,2023-12-06,Cancelled,Net Banking
ORD006140,CUST03145,2023-12-13,Delivered,Credit Card
ORD006141,CUST00224,2024-12-27,Cancelled,Net Banking
ORD006142,CUST03303,2024-10-24,Cancelled,Wallet
ORD006143,CUST02511,2024-11-29,Delivered,Wallet
ORD006144,CUST00642,2024-08-10,Delivered,Wallet
ORD006145,CUST04467,2024-04-19,Delivered,UPI
ORD006146,CUST00591,2024-12-12,Cancelled,UPI
ORD006147,CUST03215,2024-12-28,Delivered,Credit Card
ORD006148,CUST02275,2024-11-01,Delivered,Credit Card
ORD006149,CUST02092,2024-10-29,Cancelled,Wallet
ORD006150,CUST01976,2024-12-22,Delivered,Credit Card
ORD006151,CUST02094,2024-11-26,Delivered,Credit Card
ORD006152,CUST01100,2024-07-06,Shipped,Net Banking
ORD006153,CUST04178,2024-07-18,Delivered,Cash on Delivery
ORD006154,CUST01773,2024-08-18,Delivered,UPI
ORD006155,CUST02541,2024-11-07,Delivered,UPI
ORD006156,CUST03048,2024-01-03,Delivered,Cash on Delivery
ORD006157,CUST02924,2024-11-26,Delivered,UPI
ORD006158,CUST04013,2024-10-10,Delivered,Cash on Delivery
ORD006159,CUST00311,2024-12-29,Delivered,Credit Card
ORD006160,CUST00108,2024-12-04,Processing,Debit Card
ORD006161,CUST01001,2024-12-24,Delivered,Debit Card
ORD006162,CUST03265,2023-03-05,Delivered,Net Banking
ORD006163,CUST03090,2024-10-17,Cancelled,UPI
ORD006164,CUST01721,2024-11-21,Delivered,Cash on Delivery
ORD006165,CUST01980,2024-09-04,Delivered,UPI
ORD006166,CUST03366,2024-10-24,Delivered,Cash on Delivery
ORD006167,CUST00967,2024-12-30,Shipped,UPI
ORD006168,CUST00130,2023-08-06,Shipped,Cash on Delivery
ORD006169,CUST02541,2024-10-06,Shipped,Debit Card
ORD006170,CUST04940,2024-07-12,Delivered,Cash on Delivery
ORD006171,CUST00784,2024-05-26,Processing,Cash on Delivery
ORD006172,CUST01958,2024-04-09,Delivered,Debit Card
ORD006173,CUST01756,2024-12-04,Delivered,UPI
ORD006174,CUST01756,2024-12-04,Shipped,Wallet
ORD006175,CUST00492,2024-03-04,Delivered,Cash on Delivery
ORD006176,CUST04173,2024-11-24,Cancelled,Debit Card
ORD006177,CUST01336,2023-11-07,Delivered,Cash on Delivery
ORD006178,CUST01545,2024-07-31,Delivered,UPI
ORD006179,CUST03348,2024-08-24,Delivered,Cash on Delivery
ORD006180,CUST00641,2024-08-03,Delivered,Debit Card
ORD006181,CUST01892,2024-03-02,Delivered,Wallet
ORD006182,CUST04200,2024-09-18,Returned,Credit Card
ORD006183,CUST02510,2024-12-28,Delivered,Debit Card
ORD006184,CUST00077,2024-06-15,Delivered,Wallet
ORD006185,CUST04119,2024-04-18,Processing,Wallet
ORD006186,CUST01716,2024-07-25,Delivered,Wallet
ORD006187,CUST02559,2024-01-19,Delivered,Debit Card
ORD006188,CUST04591,2024-12-11,Delivered,Cash on Delivery
ORD006189,CUST04341,2024-04-08,Cancelled,Wallet
ORD006190,CUST01093,2024-05-21,Delivered,Cash on Delivery
ORD006191,CUST00216,2024-08-24,Delivered,Net Banking
ORD006192,CUST04332,2023-09-19,Delivered,Debit Card
ORD006193,CUST00171,2024-11-15,Shipped,UPI
ORD006194,CUST04632,2024-10-09,Delivered,Wallet
ORD006195,CUST02011,2024-06-04,Shipped,Credit Card
ORD006196,CUST02107,2024-08-05,Delivered,Credit Card
ORD006197,CUST01938,2024-10-25,Delivered,Debit Card
ORD006198,CUST04639,2024-12-20,Delivered,Cash on Delivery
ORD006199,CUST01849,2024-07-15,Delivered,Net Banking
ORD006200,CUST01908,2023-11-09,Delivered,Net Banking
ORD006201,CUST04987,2024-02-02,Delivered,UPI
ORD006202,CUST04736,2024-12-03,Delivered,Credit Card
ORD006203,CUST00950,2024-03-28,Delivered,Debit Card
ORD006204,CUST02345,2024-01-28,Delivered,Credit Card
ORD006205,CUST01349,2024-11-26,Delivered,UPI
ORD006206,CUST03368,2024-11-18,Cancelled,Debit Card
ORD006207,CUST04125,2024-12-27,Returned,Debit Card
ORD006208,CUST03540,2024-04-25,Delivered,Debit Card
ORD006209,CUST03898,2024-08-12,Delivered,UPI
ORD006210,CUST03997,2024-10-01,Delivered,Credit Card
ORD006211,CUST02067,2024-08-10,Delivered,Cash on Delivery
ORD006212,CUST03507,2024-12-25,Processing,Cash on Delivery
ORD006213,CUST00688,2023-09-18,Delivered,Credit Card
ORD006214,CUST02174,2024-03-16,Delivered,Wallet
ORD006215,CUST03606,2024-09-12,Delivered,Cash on Delivery
ORD006216,CUST01101,2024-04-23,Delivered,Net Banking
ORD006217,CUST00253,2024-12-08,Delivered,Net Banking
ORD006218,CUST00700,2024-08-25,Delivered,Net Banking
ORD006219,CUST01293,2024-08-22,Delivered,Net Banking
ORD006220,CUST00527,2024-01-15,Delivered,Debit Card
ORD006221,CUST00870,2024-12-05,Delivered,Debit Card
ORD006222,CUST00065,2024-06-16,Delivered,Debit Card
ORD006223,CUST04684,2024-11-06,Delivered,Credit Card
ORD006224,CUST01756,2024-12-28,Delivered,Cash on Delivery
ORD006225,CUST01283,2023-07-24,Delivered,Cash on Delivery
ORD006226,CUST04456,2024-01-18,Delivered,Cash on Delivery
ORD006227,CUST03180,2024-12-30,Delivered,Net Banking
ORD006228,CUST04984,2024-10-05,Delivered,Credit Card
ORD006229,CUST02106,2024-10-18,Shipped,Credit Card
ORD006230,CUST03175,2024-06-20,Delivered,Credit Card
ORD006231,CUST02791,2024-02-09,Cancelled,UPI
ORD006232,CUST00009,2024-09-23,Delivered,Wallet
ORD006233,CUST03091,2024-07-27,Delivered,Credit Card
ORD006234,CUST01564,2024-05-20,Delivered,UPI
ORD006235,CUST01759,2024-10-10,Processing,Credit Card
ORD006236,CUST04679,2024-10-30,Delivered,Wallet
ORD006237,CUST01288,2024-01-05,Returned,Credit Card
ORD006238,CUST02706,2024-12-26,Delivered,Credit Card
ORD006239,CUST04173,2024-12-28,Delivered,Cash on Delivery
ORD006240,CUST02489,2024-04-19,Delivered,Cash on Delivery
ORD006241,CUST02260,2024-06-29,Cancelled,UPI
ORD006242,CUST00654,2023-06-23,Returned,Cash on Delivery
ORD006243,CUST01796,2024-12-11,Shipped,Debit Card
ORD006244,CUST02409,2024-08-05,Delivered,Wallet
ORD006245,CUST04770,2024-10-02,Shipped,UPI
ORD006246,CUST02922,2024-03-29,Delivered,Wallet
ORD006247,CUST02214,2024-01-24,Delivered,UPI
ORD006248,CUST01238,2024-01-21,Processing,Debit Card
ORD006249,CUST03941,2024-03-24,Delivered,Wallet
ORD006250,CUST04643,2024-04-18,Delivered,Wallet
ORD006251,CUST04556,2024-09-23,Delivered,Credit Card
ORD006252,CUST03513,2024-04-26,Processing,Debit Card
ORD006253,CUST03262,2024-02-25,Processing,Credit Card
ORD006254,CUST03426,2024-03-14,Returned,Debit Card
ORD006255,CUST03061,2024-08-02,Returned,Credit Card
ORD006256,CUST00977,2023-04-29,Processing,Wallet
ORD006257,CUST02083,2024-10-19,Delivered,Credit Card
ORD006258,CUST02882,2024-11-25,Delivered,Wallet
ORD006259,CUST02756,2024-11-07,Delivered,Credit Card
ORD006260,CUST04700,2024-03-23,Delivered,Cash on Delivery
ORD006261,CUST04612,2024-12-29,Delivered,Cash on Delivery
ORD006262,CUST03209,2024-07-29,Delivered,Cash on Delivery
ORD006263,CUST03820,2024-04-13,Delivered,Wallet
ORD006264,CUST03303,2024-11-05,Delivered,UPI
ORD006265,CUST03983,2024-11-14,Delivered,Debit Card
ORD006266,CUST03038,2024-09-02,Delivered,Net Banking
ORD006267,CUST00642,2023-03-05,Cancelled,UPI
ORD006268,CUST01026,2024-11-15,Delivered,Wallet
ORD006269,CUST03459,2023-12-20,Delivered,Wallet
ORD006270,CUST03340,2024-12-19,Cancelled,Wallet
ORD006271,CUST03870,2024-12-08,Shipped,UPI
ORD006272,CUST01183,2024-09-02,Delivered,Cash on Delivery
ORD006273,CUST00303,2024-07-02,Delivered,Cash on Delivery
ORD006274,CUST01963,2023-09-08,Delivered,Debit Card
ORD006275,CUST01545,2024-05-29,Processing,Cash on Delivery
ORD006276,CUST02231,2024-06-19,Delivered,Wallet
ORD006277,CUST01150,2024-05-19,Cancelled,Credit Card
ORD006278,CUST01707,2023-11-23,Delivered,Credit Card
ORD006279,CUST04148,2024-11-26,Shipped,Net Banking
ORD006280,CUST02291,2024-10-24,Delivered,UPI
ORD006281,CUST00842,2024-03-03,Delivered,Wallet
ORD006282,CUST04213,2024-08-30,Delivered,Wallet
ORD006283,CUST01172,2023-12-19,Delivered,Credit Card
ORD006284,CUST00386,2024-05-17,Delivered,Cash on Delivery
ORD006285,CUST04302,2024-12-08,Delivered,Credit Card
ORD006286,CUST04202,2024-06-19,Delivered,Credit Card
ORD006287,CUST04430,2023-09-25,Returned,UPI
ORD006288,CUST03469,2024-07-02,Returned,UPI
ORD006289,CUST00368,2024-08-04,Processing,Debit Card
ORD006290,CUST01716,2024-06-16,Cancelled,Credit Card
ORD006291,CUST02903,2024-08-08,Delivered,UPI
ORD006292,CUST02918,2024-05-22,Delivered,Wallet
ORD006293,CUST04194,2024-02-10,Delivered,UPI
ORD006294,CUST04253,2023-12-26,Returned,Cash on Delivery
ORD006295,CUST00884,2024-10-14,Delivered,Debit Card
ORD006296,CUST04181,2024-12-26,Shipped,Credit Card
ORD006297,CUST03051,2024-10-26,Delivered,Net Banking
ORD006298,CUST01606,2023-11-24,Returned,Wallet
ORD006299,CUST00615,2024-09-21,Delivered,Debit Card
ORD006300,CUST01963,2023-08-22,Shipped,Net Banking
ORD006301,CUST03593,2024-06-25,Shipped,Wallet
ORD006302,CUST02839,2024-09-14,Delivered,UPI
ORD006303,CUST02780,2023-12-23,Returned,Wallet
ORD006304,CUST01277,2023-12-04,Shipped,Net Banking
ORD006305,CUST04885,2024-01-26,Processing,Debit Card
ORD006306,CUST00685,2024-11-28,Delivered,UPI
ORD006307,CUST01886,2023-04-09,Delivered,Debit Card
ORD006308,CUST00406,2024-02-23,Cancelled,Cash on Delivery
ORD006309,CUST01162,2024-11-06,Delivered,Credit Card
ORD006310,CUST03451,2024-04-17,Delivered,Net Banking
ORD006311,CUST03545,2023-06-07,Delivered,Credit Card
ORD006312,CUST00104,2024-01-01,Cancelled,Net Banking
ORD006313,CUST00613,2024-12-07,Shipped,Credit Card
ORD006314,CUST01440,2024-02-20,Delivered,Debit Card
ORD006315,CUST02209,2024-12-04,Delivered,Debit Card
ORD006316,CUST03905,2024-09-08,Shipped,UPI
ORD006317,CUST03355,2024-12-10,Cancelled,Credit Card
ORD006318,CUST00340,2024-07-03,Shipped,Wallet
ORD006319,CUST03819,2023-11-28,Shipped,Credit Card
ORD006320,CUST00612,2024-10-14,Delivered,Credit Card
ORD006321,CUST01089,2024-12-06,Delivered,UPI
ORD006322,CUST00183,2024-01-14,Delivered,Debit Card
ORD006323,CUST01192,2024-04-14,Delivered,Net Banking
ORD006324,CUST04942,2024-05-26,Delivered,Debit Card
ORD006325,CUST03462,2024-10-03,Delivered,Cash on Delivery
ORD006326,CUST00614,2024-12-25,Delivered,Credit Card
ORD006327,CUST00827,2024-11-22,Processing,Debit Card
ORD006328,CUST03132,2024-12-21,Delivered,Wallet
ORD006329,CUST03877,2024-07-23,Delivered,UPI
ORD006330,CUST02559,2024-05-17,Delivered,UPI
ORD006331,CUST05000,2023-09-25,Delivered,Cash on Delivery
ORD006332,CUST00244,2024-08-24,Delivered,Debit Card
ORD006333,CUST03492,2023-08-13,Processing,UPI
ORD006334,CUST04572,2024-04-28,Delivered,Wallet
ORD006335,CUST01294,2024-03-28,Shipped,Debit Card
ORD006336,CUST03414,2024-06-20,Delivered,Cash on Delivery
ORD006337,CUST01093,2024-11-25,Delivered,Net Banking
ORD006338,CUST03111,2024-04-07,Delivered,Net Banking
ORD006339,CUST01842,2023-05-30,Shipped,Net Banking
ORD006340,CUST02438,2024-09-19,Delivered,Cash on Delivery
ORD006341,CUST01464,2024-07-28,Returned,Credit Card
ORD006342,CUST03415,2024-12-07,Cancelled,Wallet
ORD006343,CUST02633,2023-12-19,Delivered,Wallet
ORD006344,CUST02564,2024-06-17,Delivered,Wallet
ORD006345,CUST02224,2024-08-03,Delivered,Credit Card
ORD006346,CUST03025,2024-02-16,Delivered,UPI
ORD006347,CUST00459,2024-06-28,Cancelled,Credit Card
ORD006348,CUST00546,2024-06-30,Processing,Credit Card
ORD006349,CUST00077,2024-08-03,Delivered,Wallet
ORD006350,CUST00160,2024-06-28,Returned,Cash on Delivery
ORD006351,CUST02213,2024-12-29,Delivered,Wallet
ORD006352,CUST00551,2024-09-04,Delivered,Wallet
ORD006353,CUST04736,2024-12-11,Shipped,Wallet
ORD006354,CUST00038,2024-08-08,Delivered,Cash on Delivery
ORD006355,CUST04580,2024-11-27,Delivered,Cash on Delivery
ORD006356,CUST03491,2024-10-13,Delivered,Wallet
ORD006357,CUST01229,2024-05-06,Delivered,Net Banking
ORD006358,CUST03835,2024-09-14,Delivered,Net Banking
ORD006359,CUST01199,2024-09-06,Delivered,UPI
ORD006360,CUST04529,2024-07-13,Delivered,Wallet
ORD006361,CUST04720,2024-12-23,Delivered,Net Banking
ORD006362,CUST04016,2024-05-12,Cancelled,Cash on Delivery
ORD006363,CUST01674,2023-03-31,Delivered,Net Banking
ORD006364,CUST00809,2024-07-24,Delivered,Cash on Delivery
ORD006365,CUST00437,2023-12-18,Processing,Debit Card
ORD006366,CUST01102,2024-02-27,Delivered,Credit Card
ORD006367,CUST02728,2024-06-25,Delivered,Wallet
ORD006368,CUST03404,2024-03-13,Shipped,Debit Card
ORD006369,CUST05000,2023-12-23,Delivered,Net Banking
ORD006370,CUST01614,2024-08-11,Delivered,Wallet
ORD006371,CUST03855,2024-08-05,Processing,UPI
ORD006372,CUST04826,2024-05-06,Cancelled,UPI
ORD006373,CUST01355,2024-12-20,Delivered,Cash on Delivery
ORD006374,CUST03652,2024-12-08,Delivered,Wallet
ORD006375,CUST04391,2024-10-30,Delivered,Net Banking
ORD006376,CUST01716,2023-09-27,Delivered,Debit Card
ORD006377,CUST02066,2024-06-19,Returned,Credit Card
ORD006378,CUST03934,2024-12-03,Delivered,Wallet
ORD006379,CUST00302,2024-01-06,Delivered,Wallet
ORD006380,CUST04569,2024-10-20,Delivered,Debit Card
ORD006381,CUST03489,2024-12-07,Delivered,Credit Card
ORD006382,CUST00283,2024-11-29,Delivered,Wallet
ORD006383,CUST04614,2024-04-14,Delivered,UPI
ORD006384,CUST04255,2023-09-06,Delivered,Credit Card
ORD006385,CUST04714,2024-02-01,Shipped,Wallet
ORD006386,CUST01388,2023-04-24,Delivered,Cash on Delivery
ORD006387,CUST02191,2024-12-22,Delivered,Credit Card
ORD006388,CUST02376,2024-03-21,Delivered,UPI
ORD006389,CUST02285,2024-11-27,Delivered,Debit Card
ORD006390,CUST03556,2024-01-12,Shipped,Credit Card
ORD006391,CUST03538,2024-05-15,Delivered,UPI
ORD006392,CUST03396,2024-12-06,Delivered,Credit Card
ORD006393,CUST01843,2024-08-08,Delivered,Credit Card
ORD006394,CUST02679,2024-09-30,Delivered,Wallet
ORD006395,CUST01291,2024-12-14,Cancelled,Net Banking
ORD006396,CUST00665,2024-12-23,Returned,Debit Card
ORD006397,CUST01797,2024-05-21,Shipped,UPI
ORD006398,CUST00283,2024-12-18,Delivered,Wallet
ORD006399,CUST02754,2023-11-24,Delivered,Credit Card
ORD006400,CUST04823,2024-12-05,Cancelled,Debit Card
ORD006401,CUST03082,2024-09-14,Delivered,UPI
ORD006402,CUST03995,2024-08-05,Shipped,UPI
ORD006403,CUST03462,2024-08-08,Delivered,Cash on Delivery
ORD006404,CUST04290,2024-09-06,Delivered,UPI
ORD006405,CUST04800,2024-03-08,Cancelled,Net Banking
ORD006406,CUST04112,2024-04-28,Delivered,UPI
ORD006407,CUST02194,2024-11-21,Cancelled,Credit Card
ORD006408,CUST00544,2024-04-17,Delivered,Wallet
ORD006409,CUST02277,2024-03-21,Delivered,Credit Card
ORD006410,CUST02202,2024-05-04,Shipped,Cash on Delivery
ORD006411,CUST01700,2024-03-13,Delivered,Net Banking
ORD006412,CUST04359,2024-08-22,Delivered,Net Banking
ORD006413,CUST02529,2024-02-14,Delivered,Debit Card
ORD006414,CUST04322,2024-12-26,Returned,Debit Card
ORD006415,CUST03347,2023-10-23,Delivered,UPI
ORD006416,CUST00577,2023-10-14,Delivered,UPI
ORD006417,CUST04672,2024-12-26,Delivered,UPI
ORD006418,CUST04995,2024-08-25,Delivered,Net Banking
ORD006419,CUST03074,2024-07-16,Delivered,Credit Card
ORD006420,CUST03697,2023-07-01,Delivered,UPI
ORD006421,CUST01250,2024-05-14,Delivered,Debit Card
ORD006422,CUST04759,2024-12-29,Delivered,Net Banking
ORD006423,CUST01352,2024-12-05,Shipped,UPI
ORD006424,CUST04408,2024-10-28,Delivered,Debit Card
ORD006425,CUST03726,2024-12-29,Delivered,Debit Card
ORD006426,CUST03806,2024-09-29,Delivered,Net Banking
ORD006427,CUST03401,2024-08-08,Delivered,Cash on Delivery
ORD006428,CUST02557,2024-05-05,Cancelled,Credit Card
ORD006429,CUST01269,2024-07-23,Delivered,Debit Card
ORD006430,CUST04868,2024-05-27,Returned,Wallet
ORD006431,CUST04262,2024-12-20,Delivered,Credit Card
ORD006432,CUST04953,2024-12-20,Shipped,Cash on Delivery
ORD006433,CUST03459,2024-04-25,Delivered,Debit Card
ORD006434,CUST03907,2024-09-20,Delivered,Wallet
ORD006435,CUST03672,2024-08-21,Delivered,Debit Card
ORD006436,CUST01623,2024-02-05,Delivered,Credit Card
ORD006437,CUST01900,2024-10-13,Delivered,UPI
ORD006438,CUST00620,2024-02-08,Delivered,UPI
ORD006439,CUST04517,2024-07-06,Delivered,UPI
ORD006440,CUST01849,2023-10-19,Delivered,UPI
ORD006441,CUST04278,2024-12-15,Cancelled,Wallet
ORD006442,CUST04998,2024-08-21,Delivered,Net Banking
ORD006443,CUST02726,2024-05-10,Delivered,Credit Card
ORD006444,CUST02295,2024-09-14,Delivered,UPI
ORD006445,CUST00545,2024-05-15,Delivered,Credit Card
ORD006446,CUST01286,2024-11-22,Delivered,Cash on Delivery
ORD006447,CUST04361,2024-11-26,Delivered,Debit Card
ORD006448,CUST01588,2024-08-16,Delivered,Net Banking
ORD006449,CUST00277,2024-06-29,Cancelled,UPI
ORD006450,CUST03368,2024-11-28,Delivered,Net Banking
ORD006451,CUST02763,2023-08-29,Returned,Cash on Delivery
ORD006452,CUST00260,2024-11-02,Cancelled,Net Banking
ORD006453,CUST04827,2024-11-19,Returned,Credit Card
ORD006454,CUST00057,2024-03-20,Delivered,Cash on Delivery
ORD006455,CUST00614,2024-12-27,Delivered,Debit Card
ORD006456,CUST03045,2024-05-26,Delivered,Credit Card
ORD006457,CUST01705,2024-10-20,Shipped,Debit Card
ORD006458,CUST00427,2024-03-13,Cancelled,Wallet
ORD006459,CUST00343,2024-06-14,Delivered,Wallet
ORD006460,CUST01566,2024-04-10,Returned,UPI
ORD006461,CUST00078,2024-01-19,Delivered,Net Banking
ORD006462,CUST03165,2023-09-07,Delivered,UPI
ORD006463,CUST02940,2023-02-06,Delivered,Wallet
ORD006464,CUST04267,2024-06-24,Delivered,UPI
ORD006465,CUST01002,2024-10-28,Delivered,Net Banking
ORD006466,CUST03039,2024-02-08,Delivered,Cash on Delivery
ORD006467,CUST00371,2024-08-24,Delivered,Debit Card
ORD006468,CUST02004,2024-11-26,Cancelled,Debit Card
ORD006469,CUST00895,2024-03-05,Returned,Wallet
ORD006470,CUST04865,2024-02-04,Delivered,Net Banking
ORD006471,CUST03521,2024-01-06,Delivered,Credit Card
ORD006472,CUST02578,2024-08-28,Delivered,Net Banking
ORD006473,CUST04633,2024-10-06,Delivered,Net Banking
ORD006474,CUST01290,2024-09-13,Shipped,UPI
ORD006475,CUST02338,2024-12-08,Delivered,Cash on Delivery
ORD006476,CUST04306,2023-12-31,Delivered,Debit Card
ORD006477,CUST03803,2024-12-20,Delivered,Cash on Delivery
ORD006478,CUST00431,2024-11-12,Delivered,Cash on Delivery
ORD006479,CUST00242,2024-12-06,Delivered,Net Banking
ORD006480,CUST02541,2024-01-09,Delivered,Debit Card
ORD006481,CUST00039,2024-09-29,Delivered,Cash on Delivery
ORD006482,CUST03394,2023-05-16,Returned,Net Banking
ORD006483,CUST04104,2024-11-23,Delivered,Debit Card
ORD006484,CUST02404,2024-10-03,Delivered,Net Banking
ORD006485,CUST00922,2023-09-25,Delivered,Wallet
ORD006486,CUST02330,2023-12-27,Shipped,Net Banking
ORD006487,CUST04980,2024-10-15,Processing,UPI
ORD006488,CUST00209,2024-11-08,Cancelled,Debit Card
ORD006489,CUST01112,2024-12-29,Processing,Wallet
ORD006490,CUST03746,2024-09-11,Cancelled,UPI
ORD006491,CUST03284,2024-04-19,Delivered,Credit Card
ORD006492,CUST02592,2024-08-12,Cancelled,UPI
ORD006493,CUST01090,2024-11-28,Cancelled,Net Banking
ORD006494,CUST01658,2023-05-06,Delivered,UPI
ORD006495,CUST00370,2024-01-05,Shipped,Cash on Delivery
ORD006496,CUST00648,2024-12-09,Delivered,Debit Card
ORD006497,CUST03056,2024-04-24,Shipped,UPI
ORD006498,CUST02676,2024-07-13,Delivered,Debit Card
ORD006499,CUST04656,2024-06-12,Delivered,Credit Card
ORD006500,CUST04092,2024-06-28,Shipped,UPI
ORD006501,CUST00473,2024-11-22,Delivered,Wallet
ORD006502,CUST01523,2024-11-21,Delivered,Debit Card
ORD006503,CUST03111,2023-08-01,Returned,UPI
ORD006504,CUST01627,2023-08-22,Delivered,Debit Card
ORD006505,CUST03208,2024-06-22,Delivered,Net Banking
ORD006506,CUST01678,2024-07-09,Delivered,UPI
ORD006507,CUST04277,2024-12-07,Delivered,Credit Card
ORD006508,CUST03991,2024-04-14,Delivered,Debit Card
ORD006509,CUST00392,2024-05-23,Delivered,Net Banking
ORD006510,CUST04728,2024-07-10,Processing,Credit Card
ORD006511,CUST04406,2024-05-23,Delivered,UPI
ORD006512,CUST04655,2023-05-22,Delivered,Net Banking
ORD006513,CUST04578,2023-06-20,Delivered,Net Banking
ORD006514,CUST01139,2023-12-23,Delivered,Debit Card
ORD006515,CUST03891,2024-09-20,Delivered,UPI
ORD006516,CUST04127,2024-07-19,Delivered,Wallet
ORD006517,CUST01822,2024-07-28,Delivered,Cash on Delivery
ORD006518,CUST02686,2024-04-19,Delivered,Credit Card
ORD006519,CUST00766,2024-02-04,Shipped,UPI
ORD006520,CUST04946,2024-12-13,Delivered,Debit Card
ORD006521,CUST04842,2024-10-22,Shipped,Debit Card
ORD006522,CUST03413,2024-04-14,Processing,Wallet
ORD006523,CUST00530,2024-10-09,Delivered,Net Banking
ORD006524,CUST04912,2024-06-05,Delivered,Credit Card
ORD006525,CUST04716,2024-09-24,Processing,Wallet
ORD006526,CUST03320,2024-05-29,Delivered,Wallet
ORD006527,CUST04908,2023-09-07,Cancelled,Debit Card
ORD006528,CUST03453,2024-02-09,Cancelled,Net Banking
ORD006529,CUST00490,2024-10-12,Cancelled,Wallet
ORD006530,CUST02224,2024-12-11,Delivered,Debit Card
ORD006531,CUST03154,2024-06-08,Cancelled,Wallet
ORD006532,CUST03378,2023-04-21,Delivered,Cash on Delivery
ORD006533,CUST01138,2024-12-15,Processing,Cash on Delivery
ORD006534,CUST03890,2024-08-06,Delivered,Credit Card
ORD006535,CUST04399,2024-10-05,Returned,Debit Card
ORD006536,CUST02559,2023-06-16,Cancelled,Credit Card
ORD006537,CUST04702,2024-09-05,Processing,Debit Card
ORD006538,CUST02471,2024-11-22,Delivered,Debit Card
ORD006539,CUST04890,2024-11-05,Delivered,Wallet
ORD006540,CUST04496,2024-08-06,Delivered,Wallet
ORD006541,CUST00627,2023-12-04,Shipped,Wallet
ORD006542,CUST04113,2024-01-18,Cancelled,Debit Card
ORD006543,CUST03542,2024-12-22,Delivered,Net Banking
ORD006544,CUST01608,2024-05-08,Delivered,Credit Card
ORD006545,CUST03626,2024-03-18,Delivered,Net Banking
ORD006546,CUST02433,2024-10-15,Shipped,Net Banking
ORD006547,CUST04405,2024-01-04,Delivered,Cash on Delivery
ORD006548,CUST01805,2024-07-13,Delivered,Cash on Delivery
ORD006549,CUST02797,2024-05-23,Cancelled,Credit Card
ORD006550,CUST01627,2024-12-01,Delivered,Credit Card
ORD006551,CUST00346,2023-05-09,Delivered,Debit Card
ORD006552,CUST02340,2024-12-12,Cancelled,Debit Card
ORD006553,CUST01383,2024-12-20,Cancelled,Wallet
ORD006554,CUST03489,2024-04-16,Delivered,Net Banking
ORD006555,CUST01000,2024-12-03,Delivered,Net Banking
ORD006556,CUST02203,2024-11-03,Delivered,Wallet
ORD006557,CUST02770,2024-09-01,Delivered,Net Banking
ORD006558,CUST00247,2024-11-06,Cancelled,Net Banking
ORD006559,CUST00654,2023-05-18,Cancelled,Cash on Delivery
ORD006560,CUST03205,2024-10-11,Delivered,Cash on Delivery
ORD006561,CUST03961,2024-08-18,Cancelled,Credit Card
ORD006562,CUST04805,2024-05-31,Processing,Cash on Delivery
ORD006563,CUST00852,2023-08-11,Delivered,UPI
ORD006564,CUST03572,2024-06-29,Delivered,UPI
ORD006565,CUST04606,2023-05-29,Shipped,Cash on Delivery
ORD006566,CUST02220,2024-06-24,Delivered,UPI
ORD006567,CUST04561,2024-09-10,Processing,Debit Card
ORD006568,CUST04946,2023-12-18,Delivered,Wallet
ORD006569,CUST00335,2023-05-30,Cancelled,Net Banking
ORD006570,CUST02217,2024-03-31,Shipped,Debit Card
ORD006571,CUST02713,2024-10-22,Delivered,UPI
ORD006572,CUST02905,2024-11-20,Delivered,Wallet
ORD006573,CUST04039,2024-01-01,Processing,Cash on Delivery
ORD006574,CUST04188,2024-04-12,Delivered,Credit Card
ORD006575,CUST02004,2024-12-19,Delivered,Cash on Delivery
ORD006576,CUST00521,2023-09-25,Delivered,Debit Card
ORD006577,CUST02273,2024-11-26,Delivered,Debit Card
ORD006578,CUST00711,2024-08-17,Delivered,Net Banking
ORD006579,CUST01709,2024-11-07,Delivered,UPI
ORD006580,CUST01304,2024-12-22,Delivered,UPI
ORD006581,CUST01686,2024-12-20,Delivered,UPI
ORD006582,CUST00037,2024-12-24,Delivered,Cash on Delivery
ORD006583,CUST00018,2024-09-28,Processing,Wallet
ORD006584,CUST00581,2023-04-12,Delivered,Net Banking
ORD006585,CUST00437,2024-07-08,Delivered,UPI
ORD006586,CUST03740,2024-08-31,Returned,Net Banking
ORD006587,CUST02924,2024-11-29,Delivered,Credit Card
ORD006588,CUST03137,2024-09-03,Delivered,Credit Card
ORD006589,CUST02207,2024-07-25,Cancelled,Debit Card
ORD006590,CUST03196,2024-11-25,Cancelled,UPI
ORD006591,CUST03856,2024-09-12,Cancelled,Credit Card
ORD006592,CUST00344,2024-12-20,Cancelled,UPI
ORD006593,CUST01314,2024-12-29,Delivered,Wallet
ORD006594,CUST02359,2024-05-04,Shipped,Cash on Delivery
ORD006595,CUST02415,2024-12-14,Delivered,Cash on Delivery
ORD006596,CUST01432,2024-05-17,Cancelled,Net Banking
ORD006597,CUST02376,2024-01-28,Delivered,Net Banking
ORD006598,CUST00288,2024-12-22,Delivered,Wallet
ORD006599,CUST01589,2023-07-30,Delivered,Debit Card
ORD006600,CUST01905,2024-10-25,Delivered,Debit Card
ORD006601,CUST02083,2024-07-15,Delivered,Credit Card
ORD006602,CUST03538,2024-11-03,Delivered,Wallet
ORD006603,CUST02587,2024-09-18,Delivered,Wallet
ORD006604,CUST00837,2024-10-31,Delivered,Wallet
ORD006605,CUST03284,2024-06-22,Delivered,Wallet
ORD006606,CUST04480,2024-11-20,Processing,Cash on Delivery
ORD006607,CUST02759,2024-06-20,Delivered,Debit Card
ORD006608,CUST04104,2024-10-06,Shipped,UPI
ORD006609,CUST03962,2024-08-14,Delivered,Net Banking
ORD006610,CUST03652,2024-12-10,Delivered,Credit Card
ORD006611,CUST01460,2024-10-12,Delivered,Debit Card
ORD006612,CUST01760,2023-07-21,Delivered,Debit Card
ORD006613,CUST04865,2023-07-06,Delivered,Wallet
ORD006614,CUST04188,2024-01-20,Delivered,Credit Card
ORD006615,CUST03325,2024-01-19,Processing,Wallet
ORD006616,CUST01440,2024-02-28,Delivered,Cash on Delivery
ORD006617,CUST01964,2024-10-15,Shipped,Debit Card
ORD006618,CUST01096,2024-10-07,Returned,UPI
ORD006619,CUST03706,2023-06-07,Delivered,Net Banking
ORD006620,CUST04709,2024-06-01,Delivered,Cash on Delivery
ORD006621,CUST01183,2024-10-07,Delivered,Wallet
ORD006622,CUST02273,2024-10-28,Delivered,Debit Card
ORD006623,CUST01670,2024-11-13,Shipped,Net Banking
ORD006624,CUST04747,2024-10-27,Delivered,UPI
ORD006625,CUST01271,2024-08-21,Delivered,Net Banking
ORD006626,CUST01616,2024-05-14,Delivered,Credit Card
ORD006627,CUST01615,2024-02-27,Delivered,Debit Card
ORD006628,CUST03877,2023-12-06,Delivered,Wallet
ORD006629,CUST03616,2024-02-18,Delivered,Credit Card
ORD006630,CUST00797,2024-12-18,Delivered,Net Banking
ORD006631,CUST04515,2024-09-15,Shipped,Credit Card
ORD006632,CUST00362,2024-11-15,Delivered,Credit Card
ORD006633,CUST03855,2024-08-22,Delivered,Credit Card
ORD006634,CUST00078,2024-07-21,Delivered,UPI
ORD006635,CUST02559,2024-01-17,Delivered,Credit Card
ORD006636,CUST01101,2024-07-10,Delivered,UPI
ORD006637,CUST03505,2024-07-09,Delivered,Wallet
ORD006638,CUST04677,2024-12-16,Delivered,Wallet
ORD006639,CUST00328,2023-09-30,Shipped,Credit Card
ORD006640,CUST04046,2024-12-04,Cancelled,Credit Card
ORD006641,CUST00556,2024-10-04,Delivered,Debit Card
ORD006642,CUST00773,2024-10-03,Delivered,UPI
ORD006643,CUST02967,2024-03-26,Delivered,Net Banking
ORD006644,CUST03594,2024-09-08,Delivered,Net Banking
ORD006645,CUST01633,2024-04-12,Cancelled,UPI
ORD006646,CUST00750,2024-10-06,Delivered,Debit Card
ORD006647,CUST02566,2024-12-05,Delivered,Credit Card
ORD006648,CUST04321,2024-09-02,Processing,Cash on Delivery
ORD006649,CUST03645,2023-07-07,Delivered,Wallet
ORD006650,CUST01604,2023-08-05,Delivered,Debit Card
ORD006651,CUST00575,2024-06-22,Cancelled,UPI
ORD006652,CUST04588,2024-11-16,Delivered,Cash on Delivery
ORD006653,CUST03942,2024-05-09,Delivered,Debit Card
ORD006654,CUST02869,2023-11-26,Returned,Cash on Delivery
ORD006655,CUST04547,2024-10-25,Delivered,Wallet
ORD006656,CUST03921,2024-12-10,Delivered,UPI
ORD006657,CUST04916,2023-10-31,Delivered,Net Banking
ORD006658,CUST01658,2023-08-16,Cancelled,UPI
ORD006659,CUST02792,2024-11-05,Delivered,UPI
ORD006660,CUST03935,2024-07-06,Delivered,Wallet
ORD006661,CUST02848,2024-09-23,Cancelled,Credit Card
ORD006662,CUST03826,2023-06-07,Delivered,Wallet
ORD006663,CUST01802,2023-08-05,Delivered,Credit Card
ORD006664,CUST01865,2024-05-09,Delivered,UPI
ORD006665,CUST02745,2024-12-23,Delivered,Debit Card
ORD006666,CUST04435,2024-09-25,Delivered,Wallet
ORD006667,CUST03045,2024-10-07,Delivered,Wallet
ORD006668,CUST02791,2024-02-13,Delivered,Credit Card
ORD006669,CUST01788,2024-03-27,Delivered,Cash on Delivery
ORD006670,CUST02588,2024-05-30,Delivered,Debit Card
ORD006671,CUST01373,2023-11-12,Delivered,Credit Card
ORD006672,CUST00519,2024-12-26,Delivered,UPI
ORD006673,CUST02440,2024-09-08,Delivered,Credit Card
ORD006674,CUST01581,2023-10-22,Delivered,UPI
ORD006675,CUST02554,2024-02-22,Delivered,Wallet
ORD006676,CUST00459,2024-04-24,Delivered,Cash on Delivery
ORD006677,CUST01629,2024-02-17,Cancelled,Wallet
ORD006678,CUST02777,2024-03-22,Delivered,UPI
ORD006679,CUST01171,2024-08-30,Delivered,Cash on Delivery
ORD006680,CUST04552,2023-12-23,Shipped,UPI
ORD006681,CUST01045,2024-09-01,Delivered,Wallet
ORD006682,CUST04699,2023-07-17,Delivered,Net Banking
ORD006683,CUST01202,2024-05-15,Returned,Net Banking
ORD006684,CUST02145,2024-07-26,Shipped,UPI
ORD006685,CUST03471,2024-07-25,Delivered,Debit Card
ORD006686,CUST02562,2024-11-29,Delivered,Net Banking
ORD006687,CUST02195,2024-11-09,Delivered,Debit Card
ORD006688,CUST01073,2024-11-16,Delivered,Debit Card
ORD006689,CUST03780,2024-07-12,Processing,Net Banking
ORD006690,CUST00205,2024-09-21,Shipped,Wallet
ORD006691,CUST00172,2024-01-26,Returned,Debit Card
ORD006692,CUST01591,2024-09-13,Delivered,Cash on Delivery
ORD006693,CUST02737,2024-01-18,Delivered,Debit Card
ORD006694,CUST03142,2024-11-04,Shipped,Wallet
ORD006695,CUST02361,2023-04-14,Delivered,UPI
ORD006696,CUST02842,2024-11-09,Delivered,Net Banking
ORD006697,CUST04191,2024-12-18,Shipped,UPI
ORD006698,CUST02167,2024-07-12,Returned,Wallet
ORD006699,CUST04106,2023-08-17,Delivered,Net Banking
ORD006700,CUST00497,2023-11-24,Delivered,Debit Card
ORD006701,CUST01936,2024-08-14,Shipped,Cash on Delivery
ORD006702,CUST00123,2024-08-16,Delivered,UPI
ORD006703,CUST02195,2024-11-05,Delivered,Net Banking
ORD006704,CUST01879,2024-10-14,Delivered,Wallet
ORD006705,CUST04312,2024-06-27,Shipped,UPI
ORD006706,CUST04056,2023-09-19,Delivered,Debit Card
ORD006707,CUST02323,2024-12-09,Returned,Net Banking
ORD006708,CUST04122,2024-06-06,Delivered,UPI
ORD006709,CUST01310,2024-03-18,Delivered,Wallet
ORD006710,CUST01300,2023-12-30,Delivered,Credit Card
ORD006711,CUST04856,2024-09-04,Delivered,Cash on Delivery
ORD006712,CUST03025,2024-11-22,Cancelled,Debit Card
ORD006713,CUST04126,2024-10-28,Delivered,Credit Card
ORD006714,CUST04924,2024-10-19,Delivered,Debit Card
ORD006715,CUST01232,2024-01-20,Delivered,Debit Card
ORD006716,CUST00096,2024-09-22,Delivered,Cash on Delivery
ORD006717,CUST02039,2024-08-06,Delivered,Credit Card
ORD006718,CUST00916,2024-08-12,Delivered,Wallet
ORD006719,CUST00287,2024-12-19,Shipped,Credit Card
ORD006720,CUST03347,2024-05-30,Delivered,Wallet
ORD006721,CUST02184,2024-04-06,Delivered,Wallet
ORD006722,CUST02679,2024-05-07,Processing,Net Banking
ORD006723,CUST00311,2024-12-24,Delivered,Credit Card
ORD006724,CUST01107,2024-07-11,Delivered,Debit Card
ORD006725,CUST01777,2024-12-22,Delivered,Wallet
ORD006726,CUST00214,2024-12-25,Shipped,UPI
ORD006727,CUST03826,2024-08-13,Delivered,Net Banking
ORD006728,CUST03751,2024-09-15,Delivered,Credit Card
ORD006729,CUST02527,2024-04-22,Delivered,Credit Card
ORD006730,CUST04838,2023-12-01,Returned,Credit Card
ORD006731,CUST00367,2024-12-18,Delivered,Wallet
ORD006732,CUST01326,2024-10-21,Delivered,Wallet
ORD006733,CUST03855,2024-06-11,Delivered,Cash on Delivery
ORD006734,CUST01630,2024-07-09,Delivered,Debit Card
ORD006735,CUST03573,2024-07-14,Delivered,UPI
ORD006736,CUST02469,2024-10-07,Cancelled,Cash on Delivery
ORD006737,CUST01192,2024-07-07,Delivered,Credit Card
ORD006738,CUST01176,2024-10-23,Delivered,UPI
ORD006739,CUST04531,2024-12-16,Delivered,Credit Card
ORD006740,CUST00753,2024-12-15,Delivered,Wallet
ORD006741,CUST03466,2024-10-13,Delivered,Wallet
ORD006742,CUST04853,2024-08-30,Delivered,Credit Card
ORD006743,CUST00860,2024-11-04,Delivered,UPI
ORD006744,CUST01273,2024-08-23,Delivered,Credit Card
ORD006745,CUST04451,2024-05-25,Delivered,Wallet
ORD006746,CUST04775,2024-07-04,Delivered,Net Banking
ORD006747,CUST02761,2024-02-17,Processing,Net Banking
ORD006748,CUST00189,2024-10-05,Shipped,Cash on Delivery
ORD006749,CUST00594,2024-03-04,Delivered,Cash on Delivery
ORD006750,CUST01858,2024-09-17,Delivered,Wallet
ORD006751,CUST01966,2024-07-16,Delivered,Cash on Delivery
ORD006752,CUST01730,2024-10-28,Delivered,Cash on Delivery
ORD006753,CUST03920,2024-03-09,Delivered,UPI
ORD006754,CUST02373,2024-11-27,Returned,Credit Card
ORD006755,CUST04598,2024-09-03,Delivered,Cash on Delivery
ORD006756,CUST00016,2024-01-14,Returned,Debit Card
ORD006757,CUST03444,2024-11-04,Delivered,Debit Card
ORD006758,CUST01976,2024-12-11,Delivered,Wallet
ORD006759,CUST02082,2024-08-11,Delivered,Wallet
ORD006760,CUST01595,2024-10-08,Delivered,Debit Card
ORD006761,CUST03571,2024-08-04,Delivered,Credit Card
ORD006762,CUST03386,2024-07-02,Delivered,Cash on Delivery
ORD006763,CUST01456,2024-10-04,Delivered,Credit Card
ORD006764,CUST01585,2024-02-24,Delivered,Net Banking
ORD006765,CUST03980,2024-05-13,Delivered,Net Banking
ORD006766,CUST00602,2024-09-04,Delivered,Net Banking
ORD006767,CUST04290,2024-10-10,Processing,Net Banking
ORD006768,CUST01227,2023-03-26,Cancelled,Wallet
ORD006769,CUST03916,2024-06-17,Delivered,Net Banking
ORD006770,CUST01848,2023-12-12,Delivered,Debit Card
ORD006771,CUST04196,2024-04-20,Delivered,Wallet
ORD006772,CUST00511,2024-10-17,Delivered,Debit Card
ORD006773,CUST02886,2024-09-01,Delivered,Debit Card
ORD006774,CUST00343,2024-12-23,Delivered,Credit Card
ORD006775,CUST00864,2024-10-10,Delivered,Debit Card
ORD006776,CUST00700,2024-08-05,Delivered,UPI
ORD006777,CUST01007,2023-05-19,Cancelled,Wallet
ORD006778,CUST03579,2024-07-29,Delivered,Net Banking
ORD006779,CUST04726,2023-09-27,Delivered,Credit Card
ORD006780,CUST03176,2024-08-26,Delivered,Net Banking
ORD006781,CUST02347,2024-07-01,Delivered,Credit Card
ORD006782,CUST03911,2024-12-13,Delivered,Cash on Delivery
ORD006783,CUST01078,2024-07-03,Shipped,Credit Card
ORD006784,CUST01832,2024-12-24,Delivered,Net Banking
ORD006785,CUST04510,2024-11-17,Processing,Cash on Delivery
ORD006786,CUST03899,2024-12-22,Delivered,Cash on Delivery
ORD006787,CUST04263,2024-12-20,Cancelled,UPI
ORD006788,CUST03597,2024-05-02,Delivered,Credit Card
ORD006789,CUST01544,2024-06-28,Delivered,Credit Card
ORD006790,CUST02619,2024-12-17,Cancelled,Debit Card
ORD006791,CUST01745,2024-07-27,Delivered,Debit Card
ORD006792,CUST01651,2023-08-01,Delivered,Credit Card
ORD006793,CUST01508,2024-10-14,Delivered,Wallet
ORD006794,CUST00631,2024-12-21,Delivered,UPI
ORD006795,CUST02221,2024-04-26,Processing,Net Banking
ORD006796,CUST03062,2024-10-29,Delivered,Wallet
ORD006797,CUST00145,2024-11-28,Shipped,Cash on Delivery
ORD006798,CUST03029,2024-10-21,Delivered,Net Banking
ORD006799,CUST03877,2024-12-29,Delivered,Net Banking
ORD006800,CUST00923,2023-12-14,Shipped,Cash on Delivery
ORD006801,CUST02041,2024-04-29,Cancelled,Cash on Delivery
ORD006802,CUST03513,2024-08-30,Cancelled,Credit Card
ORD006803,CUST04010,2024-05-24,Delivered,Net Banking
ORD006804,CUST03237,2024-09-11,Delivered,Cash on Delivery
ORD006805,CUST03855,2024-09-23,Delivered,Cash on Delivery
ORD006806,CUST04868,2024-11-07,Delivered,Net Banking
ORD006807,CUST00078,2024-10-26,Delivered,UPI
ORD006808,CUST01026,2024-12-08,Delivered,Cash on Delivery
ORD006809,CUST02598,2024-08-10,Delivered,Credit Card
ORD006810,CUST04636,2024-08-13,Delivered,UPI
ORD006811,CUST04599,2024-06-22,Processing,Debit Card
ORD006812,CUST00087,2024-03-30,Delivered,Wallet
ORD006813,CUST00248,2023-05-20,Delivered,Cash on Delivery
ORD006814,CUST01325,2024-08-07,Delivered,Wallet
ORD006815,CUST00261,2024-10-27,Delivered,Net Banking
ORD006816,CUST03994,2024-11-12,Delivered,Wallet
ORD006817,CUST00878,2024-11-28,Delivered,Debit Card
ORD006818,CUST01475,2024-09-16,Delivered,UPI
ORD006819,CUST00844,2024-01-14,Delivered,Net Banking
ORD006820,CUST01145,2024-11-01,Delivered,Wallet
ORD006821,CUST01820,2024-11-23,Delivered,Wallet
ORD006822,CUST00720,2023-08-01,Delivered,Credit Card
ORD006823,CUST03645,2024-12-24,Delivered,UPI
ORD006824,CUST04721,2024-09-29,Delivered,UPI
ORD006825,CUST00686,2024-03-10,Returned,Debit Card
ORD006826,CUST04623,2024-10-10,Delivered,Debit Card
ORD006827,CUST04570,2024-12-20,Processing,Net Banking
ORD006828,CUST03997,2023-12-11,Delivered,Credit Card
ORD006829,CUST04578,2024-02-10,Delivered,Cash on Delivery
ORD006830,CUST02691,2024-07-15,Delivered,UPI
ORD006831,CUST02189,2024-02-09,Delivered,Wallet
ORD006832,CUST00415,2024-09-22,Delivered,Wallet
ORD006833,CUST00078,2024-03-19,Delivered,Credit Card
ORD006834,CUST04123,2024-09-08,Delivered,Wallet
ORD006835,CUST04878,2024-08-31,Shipped,Cash on Delivery
ORD006836,CUST01418,2024-02-03,Delivered,UPI
ORD006837,CUST04310,2024-06-20,Delivered,Credit Card
ORD006838,CUST01349,2024-12-11,Delivered,Credit Card
ORD006839,CUST04716,2024-12-13,Delivered,Cash on Delivery
ORD006840,CUST01833,2024-11-27,Delivered,Debit Card
ORD006841,CUST04903,2024-07-20,Delivered,Wallet
ORD006842,CUST02001,2024-05-20,Delivered,Credit Card
ORD006843,CUST03826,2024-04-30,Delivered,Debit Card
ORD006844,CUST02371,2023-05-27,Cancelled,Cash on Delivery
ORD006845,CUST01171,2024-04-08,Cancelled,Wallet
ORD006846,CUST01883,2024-08-26,Delivered,Cash on Delivery
ORD006847,CUST02104,2024-09-09,Delivered,Credit Card
ORD006848,CUST03336,2024-12-26,Delivered,Net Banking
ORD006849,CUST01216,2024-12-12,Delivered,UPI
ORD006850,CUST02823,2024-06-21,Processing,UPI
ORD006851,CUST00458,2024-02-26,Cancelled,UPI
ORD006852,CUST02518,2024-11-20,Delivered,UPI
ORD006853,CUST02812,2023-12-12,Delivered,Credit Card
ORD006854,CUST01898,2024-01-20,Shipped,Wallet
ORD006855,CUST03459,2024-10-20,Delivered,Wallet
ORD006856,CUST04732,2024-12-16,Delivered,Credit Card
ORD006857,CUST02823,2024-12-23,Returned,Debit Card
ORD006858,CUST03886,2024-08-28,Delivered,Net Banking
ORD006859,CUST00130,2024-01-26,Returned,Wallet
ORD006860,CUST04395,2023-09-08,Shipped,UPI
ORD006861,CUST02331,2024-10-05,Delivered,UPI
ORD006862,CUST00793,2024-04-25,Delivered,Debit Card
ORD006863,CUST03155,2023-08-28,Delivered,UPI
ORD006864,CUST04516,2024-10-18,Cancelled,Net Banking
ORD006865,CUST03135,2024-12-08,Delivered,Wallet
ORD006866,CUST01525,2024-05-22,Delivered,Debit Card
ORD006867,CUST00614,2024-12-16,Delivered,Net Banking
ORD006868,CUST02924,2024-11-25,Delivered,Debit Card
ORD006869,CUST04512,2024-06-19,Delivered,Debit Card
ORD006870,CUST03155,2024-03-17,Delivered,Debit Card
ORD006871,CUST02224,2024-09-02,Delivered,Wallet
ORD006872,CUST00446,2023-12-12,Delivered,Debit Card
ORD006873,CUST03819,2023-09-20,Cancelled,Cash on Delivery
ORD006874,CUST02361,2024-03-01,Delivered,Cash on Delivery
ORD006875,CUST04674,2024-11-24,Delivered,UPI
ORD006876,CUST01311,2024-09-25,Processing,Credit Card
ORD006877,CUST04095,2024-12-23,Delivered,Cash on Delivery
ORD006878,CUST04645,2024-12-26,Delivered,Wallet
ORD006879,CUST03002,2024-09-29,Delivered,UPI
ORD006880,CUST02319,2024-12-14,Shipped,Wallet
ORD006881,CUST00842,2024-03-02,Shipped,Debit Card
ORD006882,CUST04057,2024-11-02,Delivered,Cash on Delivery
ORD006883,CUST01319,2024-05-22,Delivered,Wallet
ORD006884,CUST00174,2024-09-20,Delivered,UPI
ORD006885,CUST00560,2023-07-11,Delivered,Cash on Delivery
ORD006886,CUST00517,2024-06-06,Delivered,UPI
ORD006887,CUST00222,2024-07-08,Processing,Debit Card
ORD006888,CUST04556,2024-05-04,Shipped,Wallet
ORD006889,CUST02109,2024-11-23,Delivered,Cash on Delivery
ORD006890,CUST03713,2024-04-28,Shipped,Debit Card
ORD006891,CUST02706,2024-12-21,Delivered,Credit Card
ORD006892,CUST01348,2024-10-23,Shipped,UPI
ORD006893,CUST03571,2024-10-22,Delivered,Net Banking
ORD006894,CUST03598,2023-06-05,Cancelled,UPI
ORD006895,CUST00115,2024-10-05,Delivered,Credit Card
ORD006896,CUST02241,2023-12-06,Shipped,Credit Card
ORD006897,CUST02092,2024-12-25,Delivered,UPI
ORD006898,CUST02149,2024-05-01,Cancelled,Net Banking
ORD006899,CUST01451,2023-10-09,Delivered,Debit Card
ORD006900,CUST02332,2024-10-01,Delivered,Wallet
ORD006901,CUST01318,2023-11-12,Delivered,Credit Card
ORD006902,CUST00766,2023-12-31,Delivered,Credit Card
ORD006903,CUST03388,2024-09-07,Delivered,Wallet
ORD006904,CUST00025,2024-03-04,Delivered,Wallet
ORD006905,CUST00735,2024-08-30,Shipped,Credit Card
ORD006906,CUST04242,2024-12-26,Delivered,Wallet
ORD006907,CUST04227,2024-08-10,Shipped,Net Banking
ORD006908,CUST04826,2024-11-25,Delivered,UPI
ORD006909,CUST02288,2023-12-12,Shipped,Net Banking
ORD006910,CUST02862,2023-12-01,Shipped,Wallet
ORD006911,CUST00224,2024-12-28,Delivered,UPI
ORD006912,CUST00918,2024-08-22,Delivered,Debit Card
ORD006913,CUST02479,2024-04-19,Delivered,Cash on Delivery
ORD006914,CUST01353,2023-09-14,Cancelled,Cash on Delivery
ORD006915,CUST00372,2024-12-23,Delivered,UPI
ORD006916,CUST02619,2024-04-03,Delivered,Cash on Delivery
ORD006917,CUST04781,2024-09-29,Delivered,Credit Card
ORD006918,CUST04905,2024-03-02,Delivered,Net Banking
ORD006919,CUST01566,2024-01-04,Delivered,Cash on Delivery
ORD006920,CUST03982,2024-05-09,Cancelled,Credit Card
ORD006921,CUST03586,2023-12-02,Delivered,Credit Card
ORD006922,CUST00756,2024-05-12,Delivered,Debit Card
ORD006923,CUST00878,2024-11-27,Delivered,Net Banking
ORD006924,CUST02168,2024-12-29,Delivered,Debit Card
ORD006925,CUST04936,2024-07-24,Delivered,Net Banking
ORD006926,CUST02538,2024-02-10,Returned,UPI
ORD006927,CUST04175,2024-05-29,Delivered,UPI
ORD006928,CUST04451,2024-03-18,Delivered,Wallet
ORD006929,CUST02727,2024-09-29,Delivered,Credit Card
ORD006930,CUST03651,2023-05-29,Delivered,Debit Card
ORD006931,CUST01394,2023-07-05,Delivered,Debit Card
ORD006932,CUST02252,2024-07-28,Returned,Cash on Delivery
ORD006933,CUST02102,2023-08-10,Cancelled,Credit Card
ORD006934,CUST04386,2024-10-06,Shipped,Wallet
ORD006935,CUST00283,2024-12-18,Returned,Net Banking
ORD006936,CUST02132,2024-12-22,Delivered,Wallet
ORD006937,CUST00821,2024-05-07,Shipped,UPI
ORD006938,CUST02634,2024-12-25,Delivered,Cash on Delivery
ORD006939,CUST03585,2024-05-19,Shipped,Wallet
ORD006940,CUST01090,2024-10-10,Delivered,Credit Card
ORD006941,CUST04963,2024-02-01,Delivered,Cash on Delivery
ORD006942,CUST04329,2024-02-29,Shipped,Cash on Delivery
ORD006943,CUST01164,2024-03-19,Delivered,UPI
ORD006944,CUST02384,2023-04-09,Shipped,Net Banking
ORD006945,CUST03318,2024-01-08,Delivered,Credit Card
ORD006946,CUST04074,2024-05-04,Delivered,Net Banking
ORD006947,CUST01002,2024-02-19,Shipped,Debit Card
ORD006948,CUST01371,2024-03-03,Shipped,Debit Card
ORD006949,CUST02801,2024-05-09,Shipped,Debit Card
ORD006950,CUST00945,2024-12-28,Delivered,Wallet
ORD006951,CUST03571,2024-05-27,Delivered,Wallet
ORD006952,CUST04558,2024-03-25,Delivered,Wallet
ORD006953,CUST02170,2024-06-27,Returned,Cash on Delivery
ORD006954,CUST04217,2024-12-03,Delivered,Debit Card
ORD006955,CUST02530,2024-01-09,Delivered,Cash on Delivery
ORD006956,CUST01913,2024-08-21,Delivered,Debit Card
ORD006957,CUST02581,2024-12-19,Shipped,Cash on Delivery
ORD006958,CUST04010,2023-10-28,Delivered,Credit Card
ORD006959,CUST04801,2024-08-28,Shipped,Credit Card
ORD006960,CUST03884,2024-09-20,Delivered,UPI
ORD006961,CUST02696,2024-12-25,Delivered,Cash on Delivery
ORD006962,CUST02756,2023-12-18,Delivered,Wallet
ORD006963,CUST04105,2024-08-14,Delivered,Credit Card
ORD006964,CUST00851,2024-10-17,Delivered,UPI
ORD006965,CUST00469,2024-03-25,Processing,Debit Card
ORD006966,CUST00905,2024-03-17,Delivered,Cash on Delivery
ORD006967,CUST00530,2024-11-20,Delivered,UPI
ORD006968,CUST03897,2024-04-12,Delivered,Wallet
ORD006969,CUST03820,2023-08-13,Delivered,Wallet
ORD006970,CUST03662,2024-11-13,Shipped,Wallet
ORD006971,CUST01836,2024-12-15,Delivered,Net Banking
ORD006972,CUST00822,2024-11-06,Delivered,Wallet
ORD006973,CUST01079,2024-10-23,Delivered,Debit Card
ORD006974,CUST00786,2024-10-04,Delivered,Wallet
ORD006975,CUST01192,2024-08-01,Delivered,Net Banking
ORD006976,CUST02170,2024-07-04,Shipped,Wallet
ORD006977,CUST04769,2024-01-17,Delivered,Wallet
ORD006978,CUST00770,2024-12-11,Delivered,Wallet
ORD006979,CUST01977,2024-11-17,Delivered,UPI
ORD006980,CUST03822,2024-02-03,Delivered,Net Banking
ORD006981,CUST02099,2024-07-10,Delivered,Credit Card
ORD006982,CUST02256,2024-11-27,Delivered,Cash on Delivery
ORD006983,CUST03968,2024-12-09,Shipped,Debit Card
ORD006984,CUST02084,2023-09-03,Delivered,UPI
ORD006985,CUST00629,2023-02-10,Delivered,Debit Card
ORD006986,CUST04638,2024-12-29,Delivered,Debit Card
ORD006987,CUST02667,2024-09-18,Cancelled,UPI
ORD006988,CUST01964,2024-08-17,Delivered,UPI
ORD006989,CUST03386,2024-09-10,Processing,UPI
ORD006990,CUST00052,2024-04-24,Delivered,UPI
ORD006991,CUST01433,2023-10-20,Delivered,Cash on Delivery
ORD006992,CUST01262,2024-12-20,Delivered,Cash on Delivery
ORD006993,CUST00478,2024-06-02,Shipped,Credit Card
ORD006994,CUST01964,2024-12-29,Delivered,Cash on Delivery
ORD006995,CUST01976,2024-12-13,Delivered,Debit Card
ORD006996,CUST04639,2024-11-11,Delivered,Net Banking
ORD006997,CUST01833,2024-11-21,Delivered,Wallet
ORD006998,CUST02242,2024-07-16,Delivered,Debit Card
ORD006999,CUST00574,2024-08-20,Cancelled,Cash on Delivery
ORD007000,CUST04446,2024-09-26,Delivered,UPI
ORD007001,CUST01643,2024-08-08,Delivered,Debit Card
ORD007002,CUST01091,2024-08-10,Delivered,Credit Card
ORD007003,CUST03091,2024-11-23,Returned,Net Banking
ORD007004,CUST03265,2024-02-11,Delivered,Debit Card
ORD007005,CUST03680,2024-07-08,Cancelled,Debit Card
ORD007006,CUST04995,2024-06-25,Delivered,Wallet
ORD007007,CUST01325,2024-10-28,Delivered,Cash on Delivery
ORD007008,CUST04861,2024-08-12,Delivered,Net Banking
ORD007009,CUST00438,2024-10-20,Delivered,UPI
ORD007010,CUST04437,2024-11-04,Delivered,Net Banking
ORD007011,CUST03641,2024-10-04,Delivered,UPI
ORD007012,CUST01624,2024-06-07,Delivered,Net Banking
ORD007013,CUST04927,2024-05-08,Delivered,Wallet
ORD007014,CUST02672,2024-01-23,Delivered,UPI
ORD007015,CUST03079,2024-08-15,Delivered,Wallet
ORD007016,CUST02256,2024-04-08,Delivered,Net Banking
ORD007017,CUST03055,2024-12-19,Delivered,Credit Card
ORD007018,CUST02339,2024-10-21,Delivered,Credit Card
ORD007019,CUST01032,2023-10-01,Delivered,Credit Card
ORD007020,CUST01049,2024-09-02,Delivered,Net Banking
ORD007021,CUST02584,2024-03-02,Cancelled,Debit Card
ORD007022,CUST00007,2024-07-26,Delivered,Wallet
ORD007023,CUST02985,2024-06-17,Delivered,Net Banking
ORD007024,CUST03781,2024-08-10,Cancelled,Wallet
ORD007025,CUST04545,2024-12-13,Delivered,Cash on Delivery
ORD007026,CUST03931,2024-11-16,Delivered,Credit Card
ORD007027,CUST01027,2024-03-10,Delivered,UPI
ORD007028,CUST02299,2024-10-31,Delivered,Credit Card
ORD007029,CUST01929,2024-11-28,Delivered,Wallet
ORD007030,CUST01526,2024-07-28,Delivered,Debit Card
ORD007031,CUST01455,2024-10-19,Delivered,Cash on Delivery
ORD007032,CUST00735,2024-03-03,Delivered,Credit Card
ORD007033,CUST02858,2024-09-25,Delivered,UPI
ORD007034,CUST02530,2023-06-23,Delivered,Net Banking
ORD007035,CUST03923,2024-10-03,Delivered,Debit Card
ORD007036,CUST02770,2024-07-17,Delivered,Cash on Delivery
ORD007037,CUST01732,2024-12-19,Shipped,UPI
ORD007038,CUST02075,2023-07-19,Delivered,Credit Card
ORD007039,CUST02801,2024-09-27,Shipped,Net Banking
ORD007040,CUST01412,2024-07-01,Processing,Net Banking
ORD007041,CUST01078,2024-11-05,Delivered,Credit Card
ORD007042,CUST03999,2024-09-17,Shipped,UPI
ORD007043,CUST01564,2024-07-23,Delivered,UPI
ORD007044,CUST02575,2024-12-16,Delivered,Debit Card
ORD007045,CUST02090,2024-06-20,Returned,Cash on Delivery
ORD007046,CUST00911,2024-10-30,Processing,Debit Card
ORD007047,CUST02880,2024-10-06,Delivered,Credit Card
ORD007048,CUST02745,2024-12-24,Delivered,Debit Card
ORD007049,CUST02025,2024-12-27,Delivered,Cash on Delivery
ORD007050,CUST02578,2023-09-16,Delivered,Cash on Delivery
ORD007051,CUST03846,2024-12-24,Delivered,Credit Card
ORD007052,CUST03808,2024-06-02,Processing,Net Banking
ORD007053,CUST02296,2024-09-02,Delivered,Cash on Delivery
ORD007054,CUST04040,2024-11-06,Delivered,Cash on Delivery
ORD007055,CUST04979,2024-10-21,Delivered,Net Banking
ORD007056,CUST02579,2024-05-30,Shipped,Debit Card
ORD007057,CUST03285,2024-10-05,Delivered,Cash on Delivery
ORD007058,CUST02945,2024-12-30,Delivered,Debit Card
ORD007059,CUST02824,2024-12-29,Returned,UPI
ORD007060,CUST02340,2024-11-28,Delivered,UPI
ORD007061,CUST00849,2024-07-14,Delivered,Debit Card
ORD007062,CUST01497,2024-11-12,Delivered,Debit Card
ORD007063,CUST01239,2023-12-23,Shipped,UPI
ORD007064,CUST02758,2024-12-23,Delivered,Debit Card
ORD007065,CUST04049,2024-11-10,Delivered,Cash on Delivery
ORD007066,CUST03879,2024-04-20,Cancelled,Credit Card
ORD007067,CUST03541,2024-11-27,Delivered,Wallet
ORD007068,CUST01048,2024-05-14,Delivered,Wallet
ORD007069,CUST02578,2024-10-29,Delivered,Cash on Delivery
ORD007070,CUST01871,2024-04-23,Shipped,Wallet
ORD007071,CUST00502,2024-02-29,Delivered,Net Banking
ORD007072,CUST04435,2024-11-27,Cancelled,Cash on Delivery
ORD007073,CUST00595,2024-05-31,Delivered,Net Banking
ORD007074,CUST00419,2024-11-27,Delivered,Net Banking
ORD007075,CUST03916,2023-12-15,Cancelled,Debit Card
ORD007076,CUST04826,2024-10-01,Delivered,UPI
ORD007077,CUST00058,2024-02-25,Delivered,Cash on Delivery
ORD007078,CUST01244,2024-09-19,Cancelled,Credit Card
ORD007079,CUST04155,2023-02-21,Delivered,Debit Card
ORD007080,CUST01346,2024-08-24,Delivered,Credit Card
ORD007081,CUST01440,2023-09-14,Delivered,Credit Card
ORD007082,CUST02137,2024-11-16,Delivered,Wallet
ORD007083,CUST01411,2024-10-07,Cancelled,Net Banking
ORD007084,CUST00389,2024-08-23,Delivered,UPI
ORD007085,CUST02775,2024-07-31,Delivered,Cash on Delivery
ORD007086,CUST03348,2024-09-10,Delivered,Cash on Delivery
ORD007087,CUST00269,2024-06-12,Delivered,Cash on Delivery
ORD007088,CUST04415,2024-04-21,Cancelled,Debit Card
ORD007089,CUST03406,2024-07-01,Delivered,Debit Card
ORD007090,CUST02856,2024-12-07,Delivered,Credit Card
ORD007091,CUST02523,2024-12-04,Delivered,Credit Card
ORD007092,CUST03996,2024-10-06,Delivered,Credit Card
ORD007093,CUST02426,2023-12-16,Delivered,Wallet
ORD007094,CUST02013,2024-09-14,Delivered,UPI
ORD007095,CUST01027,2024-04-11,Delivered,Net Banking
ORD007096,CUST01493,2024-10-28,Processing,Cash on Delivery
ORD007097,CUST03651,2023-04-07,Delivered,Debit Card
ORD007098,CUST01898,2024-06-24,Delivered,Credit Card
ORD007099,CUST04435,2024-10-18,Processing,UPI
ORD007100,CUST04191,2024-08-05,Delivered,UPI
ORD007101,CUST02367,2023-10-09,Delivered,Cash on Delivery
ORD007102,CUST02520,2024-12-28,Delivered,UPI
ORD007103,CUST03878,2024-12-24,Cancelled,Debit Card
ORD007104,CUST00892,2024-08-06,Delivered,UPI
ORD007105,CUST04106,2024-02-20,Shipped,Net Banking
ORD007106,CUST03473,2024-10-27,Delivered,Cash on Delivery
ORD007107,CUST03886,2024-12-24,Returned,Net Banking
ORD007108,CUST03230,2024-08-18,Delivered,Cash on Delivery
ORD007109,CUST02532,2024-07-13,Delivered,Credit Card
ORD007110,CUST03525,2023-12-11,Processing,UPI
ORD007111,CUST03339,2024-01-02,Delivered,UPI
ORD007112,CUST02994,2024-01-08,Delivered,UPI
ORD007113,CUST03139,2024-11-18,Delivered,Debit Card
ORD007114,CUST00243,2024-02-06,Delivered,Net Banking
ORD007115,CUST01917,2024-07-28,Delivered,Cash on Delivery
ORD007116,CUST03237,2024-12-21,Delivered,Debit Card
ORD007117,CUST02735,2024-12-11,Shipped,Cash on Delivery
ORD007118,CUST01508,2024-09-25,Delivered,Cash on Delivery
ORD007119,CUST03721,2024-04-19,Cancelled,UPI
ORD007120,CUST03614,2024-03-12,Delivered,Net Banking
ORD007121,CUST02178,2024-08-10,Delivered,Credit Card
ORD007122,CUST00233,2024-07-29,Delivered,Wallet
ORD007123,CUST03425,2023-11-06,Delivered,Net Banking
ORD007124,CUST00574,2024-09-03,Delivered,UPI
ORD007125,CUST02531,2024-11-30,Cancelled,Cash on Delivery
ORD007126,CUST04296,2024-12-12,Cancelled,Debit Card
ORD007127,CUST00605,2024-10-25,Delivered,Wallet
ORD007128,CUST02355,2024-02-23,Delivered,Cash on Delivery
ORD007129,CUST04733,2024-10-30,Delivered,UPI
ORD007130,CUST02745,2024-11-13,Delivered,Credit Card
ORD007131,CUST01760,2023-10-21,Delivered,Debit Card
ORD007132,CUST01325,2024-02-09,Processing,Debit Card
ORD007133,CUST02485,2024-09-29,Delivered,Wallet
ORD007134,CUST01152,2023-10-24,Delivered,Net Banking
ORD007135,CUST04327,2024-10-27,Delivered,Wallet
ORD007136,CUST00901,2024-12-09,Delivered,Credit Card
ORD007137,CUST04486,2024-10-28,Delivered,Net Banking
ORD007138,CUST02611,2024-11-10,Delivered,Net Banking
ORD007139,CUST00793,2024-06-10,Delivered,Wallet
ORD007140,CUST00757,2024-11-19,Delivered,UPI
ORD007141,CUST03209,2024-09-21,Delivered,Credit Card
ORD007142,CUST01039,2023-12-20,Delivered,Wallet
ORD007143,CUST00860,2024-10-28,Cancelled,Cash on Delivery
ORD007144,CUST01101,2024-12-06,Shipped,Wallet
ORD007145,CUST04841,2024-12-28,Delivered,Debit Card
ORD007146,CUST00951,2024-06-07,Delivered,Net Banking
ORD007147,CUST01335,2024-12-25,Delivered,Credit Card
ORD007148,CUST00694,2024-04-03,Delivered,Debit Card
ORD007149,CUST00057,2024-04-26,Delivered,UPI
ORD007150,CUST01110,2024-02-22,Cancelled,Debit Card
ORD007151,CUST04634,2023-12-23,Delivered,Debit Card
ORD007152,CUST03547,2024-07-16,Processing,Cash on Delivery
ORD007153,CUST00467,2024-09-07,Shipped,Wallet
ORD007154,CUST02670,2024-02-13,Delivered,Debit Card
ORD007155,CUST04900,2023-04-17,Delivered,UPI
ORD007156,CUST02529,2023-12-24,Cancelled,Net Banking
ORD007157,CUST02124,2024-02-05,Returned,Cash on Delivery
ORD007158,CUST04459,2024-12-13,Delivered,Credit Card
ORD007159,CUST01041,2024-04-19,Cancelled,Net Banking
ORD007160,CUST03917,2024-02-16,Delivered,Cash on Delivery
ORD007161,CUST02851,2023-06-09,Returned,UPI
ORD007162,CUST00612,2023-08-27,Delivered,Debit Card
ORD007163,CUST04435,2024-11-13,Delivered,Credit Card
ORD007164,CUST04107,2024-05-19,Shipped,UPI
ORD007165,CUST03746,2024-10-08,Cancelled,Wallet
ORD007166,CUST01533,2024-04-14,Delivered,Debit Card
ORD007167,CUST02924,2024-08-08,Delivered,Net Banking
ORD007168,CUST03306,2023-08-02,Shipped,Net Banking
ORD007169,CUST01955,2024-12-28,Delivered,Cash on Delivery
ORD007170,CUST01545,2024-05-11,Delivered,Wallet
ORD007171,CUST01189,2024-09-03,Delivered,Debit Card
ORD007172,CUST04728,2024-11-05,Shipped,Debit Card
ORD007173,CUST03339,2023-07-14,Cancelled,Net Banking
ORD007174,CUST03096,2024-12-09,Delivered,UPI
ORD007175,CUST02067,2024-02-14,Returned,UPI
ORD007176,CUST01172,2024-02-10,Cancelled,Net Banking
ORD007177,CUST02005,2024-10-25,Delivered,Wallet
ORD007178,CUST00972,2024-10-23,Shipped,UPI
ORD007179,CUST00642,2024-05-13,Delivered,Cash on Delivery
ORD007180,CUST03505,2024-07-06,Delivered,Net Banking
ORD007181,CUST00440,2024-10-14,Delivered,UPI
ORD007182,CUST02082,2024-11-08,Delivered,Wallet
ORD007183,CUST01071,2023-12-19,Delivered,Net Banking
ORD007184,CUST00946,2024-12-28,Delivered,Credit Card
ORD007185,CUST03767,2024-11-10,Delivered,Wallet
ORD007186,CUST00458,2024-07-03,Delivered,UPI
ORD007187,CUST04079,2023-10-20,Delivered,UPI
ORD007188,CUST04946,2024-01-27,Delivered,UPI
ORD007189,CUST03471,2024-07-14,Delivered,Debit Card
ORD007190,CUST04613,2024-04-12,Delivered,Debit Card
ORD007191,CUST03935,2024-05-07,Returned,Net Banking
ORD007192,CUST03658,2024-08-26,Processing,Debit Card
ORD007193,CUST03219,2024-04-01,Delivered,Wallet
ORD007194,CUST04925,2024-09-06,Delivered,Cash on Delivery
ORD007195,CUST04227,2024-08-08,Delivered,UPI
ORD007196,CUST01126,2024-08-31,Cancelled,UPI
ORD007197,CUST02906,2024-04-19,Delivered,Wallet
ORD007198,CUST00911,2024-08-09,Delivered,Debit Card
ORD007199,CUST00440,2024-10-07,Delivered,Net Banking
ORD007200,CUST02143,2023-09-03,Delivered,Cash on Delivery
ORD007201,CUST00828,2024-07-22,Delivered,Cash on Delivery
ORD007202,CUST01483,2024-08-30,Shipped,UPI
ORD007203,CUST00043,2024-09-01,Delivered,Credit Card
ORD007204,CUST02792,2023-12-06,Delivered,UPI
ORD007205,CUST04303,2024-03-24,Delivered,Net Banking
ORD007206,CUST01684,2023-12-30,Delivered,UPI
ORD007207,CUST01906,2024-11-21,Delivered,Credit Card
ORD007208,CUST00852,2024-01-18,Returned,Cash on Delivery
ORD007209,CUST00391,2024-12-30,Delivered,Net Banking
ORD007210,CUST02748,2024-10-21,Delivered,Net Banking
ORD007211,CUST00605,2023-12-27,Delivered,Cash on Delivery
ORD007212,CUST02093,2023-11-12,Shipped,Cash on Delivery
ORD007213,CUST03021,2023-05-30,Delivered,Debit Card
ORD007214,CUST04827,2024-11-18,Delivered,Net Banking
ORD007215,CUST04111,2024-12-20,Delivered,Credit Card
ORD007216,CUST04522,2024-11-19,Shipped,Debit Card
ORD007217,CUST04319,2023-10-15,Delivered,UPI
ORD007218,CUST02445,2024-12-26,Processing,Wallet
ORD007219,CUST04920,2024-12-08,Delivered,UPI
ORD007220,CUST04471,2023-09-20,Cancelled,Wallet
ORD007221,CUST00135,2023-11-14,Delivered,Net Banking
ORD007222,CUST02902,2024-08-15,Processing,Net Banking
ORD007223,CUST03038,2024-09-24,Delivered,Net Banking
ORD007224,CUST02001,2024-01-28,Delivered,Debit Card
ORD007225,CUST01182,2024-09-09,Delivered,Credit Card
ORD007226,CUST03022,2024-03-21,Processing,Debit Card
ORD007227,CUST00990,2024-11-15,Delivered,Debit Card
ORD007228,CUST01777,2024-12-28,Delivered,UPI
ORD007229,CUST00511,2024-06-06,Delivered,Wallet
ORD007230,CUST04393,2023-06-04,Cancelled,Net Banking
ORD007231,CUST02952,2024-12-08,Shipped,Cash on Delivery
ORD007232,CUST00419,2024-11-20,Delivered,Credit Card
ORD007233,CUST04884,2023-06-22,Delivered,UPI
ORD007234,CUST00068,2024-04-19,Delivered,Credit Card
ORD007235,CUST01708,2023-06-13,Cancelled,UPI
ORD007236,CUST00461,2024-02-18,Delivered,UPI
ORD007237,CUST01102,2024-11-13,Delivered,Net Banking
ORD007238,CUST00632,2023-08-05,Delivered,Credit Card
ORD007239,CUST04256,2024-02-16,Delivered,Wallet
ORD007240,CUST02572,2024-06-03,Cancelled,Debit Card
ORD007241,CUST03752,2024-01-07,Delivered,Wallet
ORD007242,CUST00203,2024-12-12,Returned,Net Banking
ORD007243,CUST03923,2024-05-28,Delivered,Wallet
ORD007244,CUST00025,2023-10-17,Delivered,Net Banking
ORD007245,CUST03725,2023-05-04,Shipped,Cash on Delivery
ORD007246,CUST02731,2024-12-18,Shipped,Debit Card
ORD007247,CUST03732,2023-12-29,Cancelled,Net Banking
ORD007248,CUST01352,2024-11-23,Delivered,Credit Card
ORD007249,CUST01856,2023-04-20,Delivered,UPI
ORD007250,CUST03670,2024-12-28,Delivered,Net Banking
ORD007251,CUST03521,2023-11-29,Shipped,UPI
ORD007252,CUST01150,2023-04-30,Delivered,Cash on Delivery
ORD007253,CUST01254,2024-10-13,Delivered,Cash on Delivery
ORD007254,CUST03703,2024-04-12,Delivered,Wallet
ORD007255,CUST03976,2024-10-25,Processing,UPI
ORD007256,CUST01300,2023-09-08,Delivered,UPI
ORD007257,CUST01063,2024-12-03,Delivered,Cash on Delivery
ORD007258,CUST04453,2024-12-18,Delivered,UPI
ORD007259,CUST02330,2024-08-13,Delivered,UPI
ORD007260,CUST01261,2024-03-13,Delivered,Net Banking
ORD007261,CUST04262,2024-11-28,Shipped,Wallet
ORD007262,CUST03099,2024-06-26,Delivered,UPI
ORD007263,CUST02907,2024-10-18,Shipped,Wallet
ORD007264,CUST00354,2024-11-01,Cancelled,Net Banking
ORD007265,CUST04991,2023-10-15,Delivered,UPI
ORD007266,CUST03614,2024-02-16,Cancelled,UPI
ORD007267,CUST03651,2024-07-24,Delivered,Cash on Delivery
ORD007268,CUST02874,2024-04-10,Shipped,Cash on Delivery
ORD007269,CUST00873,2024-09-12,Cancelled,Wallet
ORD007270,CUST02209,2024-07-28,Delivered,Debit Card
ORD007271,CUST04000,2024-03-23,Delivered,Net Banking
ORD007272,CUST00724,2024-11-10,Delivered,Wallet
ORD007273,CUST04408,2024-11-20,Delivered,Net Banking
ORD007274,CUST02191,2024-12-30,Delivered,UPI
ORD007275,CUST00945,2024-12-29,Delivered,Debit Card
ORD007276,CUST02872,2024-06-28,Returned,Cash on Delivery
ORD007277,CUST01547,2024-12-12,Delivered,Net Banking
ORD007278,CUST01707,2024-04-27,Delivered,Cash on Delivery
ORD007279,CUST00447,2024-06-04,Returned,UPI
ORD007280,CUST01198,2024-09-24,Delivered,UPI
ORD007281,CUST02829,2024-09-25,Delivered,Wallet
ORD007282,CUST03473,2024-11-06,Delivered,Credit Card
ORD007283,CUST03640,2024-09-11,Delivered,UPI
ORD007284,CUST02220,2024-08-23,Delivered,UPI
ORD007285,CUST00643,2024-10-26,Delivered,Wallet
ORD007286,CUST00388,2024-10-29,Delivered,Net Banking
ORD007287,CUST02114,2024-04-18,Delivered,Credit Card
ORD007288,CUST04648,2024-08-25,Delivered,Wallet
ORD007289,CUST04213,2024-06-21,Shipped,Net Banking
ORD007290,CUST01871,2024-03-23,Delivered,UPI
ORD007291,CUST01070,2024-09-04,Processing,Cash on Delivery
ORD007292,CUST04965,2023-10-01,Shipped,UPI
ORD007293,CUST01971,2024-01-28,Processing,Wallet
ORD007294,CUST04696,2024-06-19,Delivered,UPI
ORD007295,CUST00614,2024-12-11,Cancelled,Credit Card
ORD007296,CUST03616,2023-04-19,Shipped,Net Banking
ORD007297,CUST04156,2024-11-29,Delivered,Cash on Delivery
ORD007298,CUST02505,2024-07-09,Cancelled,Credit Card
ORD007299,CUST02559,2023-12-08,Delivered,Wallet
ORD007300,CUST03319,2024-05-25,Returned,Wallet
ORD007301,CUST01373,2024-06-27,Delivered,Cash on Delivery
ORD007302,CUST03813,2024-01-30,Delivered,Net Banking
ORD007303,CUST04008,2023-12-26,Delivered,Cash on Delivery
ORD007304,CUST03004,2024-11-27,Shipped,Net Banking
ORD007305,CUST04769,2023-11-15,Delivered,Debit Card
ORD007306,CUST01737,2024-05-06,Delivered,Cash on Delivery
ORD007307,CUST02324,2024-06-09,Delivered,Net Banking
ORD007308,CUST04996,2024-12-18,Delivered,Net Banking
ORD007309,CUST01945,2024-04-24,Delivered,Debit Card
ORD007310,CUST03981,2023-11-27,Delivered,Wallet
ORD007311,CUST03736,2023-12-10,Delivered,Debit Card
ORD007312,CUST04892,2024-11-26,Delivered,Cash on Delivery
ORD007313,CUST01261,2024-02-26,Returned,Wallet
ORD007314,CUST00945,2024-12-28,Shipped,Wallet
ORD007315,CUST02446,2024-12-29,Cancelled,UPI
ORD007316,CUST02505,2024-02-03,Delivered,Debit Card
ORD007317,CUST04414,2024-01-15,Delivered,Net Banking
ORD007318,CUST04333,2023-08-17,Cancelled,Cash on Delivery
ORD007319,CUST01834,2024-01-10,Delivered,Cash on Delivery
ORD007320,CUST01942,2024-12-08,Cancelled,Cash on Delivery
ORD007321,CUST03781,2024-07-07,Delivered,Wallet
ORD007322,CUST00270,2024-11-05,Delivered,Debit Card
ORD007323,CUST04163,2024-02-04,Delivered,Net Banking
ORD007324,CUST04065,2024-07-09,Returned,Debit Card
ORD007325,CUST02881,2024-06-27,Returned,Credit Card
ORD007326,CUST04600,2024-02-08,Delivered,Debit Card
ORD007327,CUST01822,2024-05-09,Delivered,Cash on Delivery
ORD007328,CUST02273,2024-09-24,Delivered,Net Banking
ORD007329,CUST02527,2023-12-03,Delivered,Wallet
ORD007330,CUST00469,2024-01-01,Shipped,Wallet
ORD007331,CUST03680,2024-07-18,Delivered,Net Banking
ORD007332,CUST04605,2023-09-07,Delivered,Net Banking
ORD007333,CUST01226,2024-11-13,Cancelled,Credit Card
ORD007334,CUST02722,2024-09-18,Cancelled,Net Banking
ORD007335,CUST00090,2024-12-02,Cancelled,Credit Card
ORD007336,CUST00665,2024-10-08,Delivered,Cash on Delivery
ORD007337,CUST03520,2024-05-04,Delivered,Cash on Delivery
ORD007338,CUST02252,2024-04-01,Shipped,Wallet
ORD007339,CUST01925,2024-05-04,Delivered,Net Banking
ORD007340,CUST01564,2024-07-30,Shipped,Net Banking
ORD007341,CUST00057,2024-05-02,Delivered,UPI
ORD007342,CUST03182,2024-06-02,Delivered,Cash on Delivery
ORD007343,CUST01292,2024-11-23,Delivered,Wallet
ORD007344,CUST03999,2024-08-18,Delivered,Debit Card
ORD007345,CUST00417,2024-09-04,Cancelled,Net Banking
ORD007346,CUST03453,2024-04-23,Delivered,Debit Card
ORD007347,CUST01158,2024-06-21,Delivered,Credit Card
ORD007348,CUST04391,2024-08-14,Delivered,Wallet
ORD007349,CUST03237,2024-09-21,Delivered,Debit Card
ORD007350,CUST01239,2024-12-19,Shipped,Debit Card
ORD007351,CUST02278,2024-10-21,Returned,Wallet
ORD007352,CUST04455,2024-02-05,Delivered,Net Banking
ORD007353,CUST01048,2024-11-10,Processing,Credit Card
ORD007354,CUST03309,2024-10-13,Delivered,Net Banking
ORD007355,CUST00417,2024-10-01,Delivered,Credit Card
ORD007356,CUST03694,2024-12-09,Delivered,UPI
ORD007357,CUST02495,2024-10-15,Delivered,UPI
ORD007358,CUST02722,2024-06-21,Cancelled,Cash on Delivery
ORD007359,CUST00142,2024-09-04,Delivered,Wallet
ORD007360,CUST02793,2024-06-23,Delivered,Debit Card
ORD007361,CUST03222,2023-08-27,Shipped,UPI
ORD007362,CUST01713,2023-07-29,Cancelled,Credit Card
ORD007363,CUST02743,2024-08-25,Cancelled,Debit Card
ORD007364,CUST00537,2024-10-04,Cancelled,UPI
ORD007365,CUST04953,2024-09-06,Delivered,UPI
ORD007366,CUST02178,2024-10-01,Delivered,Debit Card
ORD007367,CUST02457,2024-02-07,Delivered,UPI
ORD007368,CUST04290,2024-05-14,Shipped,Wallet
ORD007369,CUST04435,2024-08-30,Delivered,Debit Card
ORD007370,CUST01481,2024-10-09,Shipped,UPI
ORD007371,CUST01063,2024-12-12,Returned,Cash on Delivery
ORD007372,CUST00612,2024-01-27,Cancelled,Credit Card
ORD007373,CUST01193,2024-11-25,Delivered,UPI
ORD007374,CUST02501,2024-10-30,Delivered,Debit Card
ORD007375,CUST04425,2024-10-31,Delivered,Wallet
ORD007376,CUST03969,2024-02-27,Delivered,Cash on Delivery
ORD007377,CUST00213,2024-11-19,Cancelled,Wallet
ORD007378,CUST02027,2024-04-06,Delivered,Credit Card
ORD007379,CUST00932,2024-11-14,Delivered,UPI
ORD007380,CUST03065,2024-12-22,Delivered,Credit Card
ORD007381,CUST00090,2024-12-16,Delivered,UPI
ORD007382,CUST00247,2024-04-18,Delivered,Wallet
ORD007383,CUST02808,2024-11-03,Delivered,Net Banking
ORD007384,CUST01026,2024-10-20,Delivered,Wallet
ORD007385,CUST03067,2024-10-24,Processing,Credit Card
ORD007386,CUST04344,2024-09-22,Delivered,Cash on Delivery
ORD007387,CUST03832,2024-12-07,Processing,Debit Card
ORD007388,CUST03033,2024-12-21,Shipped,UPI
ORD007389,CUST02501,2024-03-14,Delivered,Cash on Delivery
ORD007390,CUST00050,2024-12-29,Delivered,UPI
ORD007391,CUST01241,2024-09-20,Returned,Credit Card
ORD007392,CUST00313,2024-12-09,Processing,Wallet
ORD007393,CUST03417,2023-11-17,Delivered,Net Banking
ORD007394,CUST02576,2024-03-31,Shipped,Wallet
ORD007395,CUST00789,2024-07-10,Delivered,UPI
ORD007396,CUST04034,2024-11-21,Shipped,Net Banking
ORD007397,CUST01787,2024-12-20,Shipped,UPI
ORD007398,CUST04743,2024-05-26,Shipped,Credit Card
ORD007399,CUST01519,2024-12-18,Cancelled,Credit Card
ORD007400,CUST04721,2024-10-18,Returned,UPI
ORD007401,CUST01212,2024-12-30,Returned,UPI
ORD007402,CUST01488,2024-12-23,Delivered,Cash on Delivery
ORD007403,CUST02686,2024-01-27,Delivered,Credit Card
ORD007404,CUST02013,2023-10-25,Delivered,Wallet
ORD007405,CUST04461,2024-02-04,Delivered,UPI
ORD007406,CUST02743,2024-02-24,Shipped,Credit Card
ORD007407,CUST04104,2024-11-15,Delivered,Net Banking
ORD007408,CUST00313,2024-12-08,Delivered,Wallet
ORD007409,CUST01658,2023-10-11,Delivered,Wallet
ORD007410,CUST02110,2024-07-31,Cancelled,UPI
ORD007411,CUST01503,2024-08-08,Delivered,Debit Card
ORD007412,CUST02980,2024-09-21,Delivered,Net Banking
ORD007413,CUST01531,2023-07-24,Cancelled,Debit Card
ORD007414,CUST00523,2024-02-22,Delivered,Credit Card
ORD007415,CUST01894,2024-07-25,Delivered,Wallet
ORD007416,CUST01451,2024-04-03,Shipped,Net Banking
ORD007417,CUST00530,2024-05-22,Shipped,Debit Card
ORD007418,CUST01579,2024-10-21,Shipped,Cash on Delivery
ORD007419,CUST01029,2024-09-12,Shipped,Net Banking
ORD007420,CUST01506,2024-09-24,Delivered,Net Banking
ORD007421,CUST04188,2024-07-13,Delivered,Net Banking
ORD007422,CUST03579,2024-02-18,Delivered,Credit Card
ORD007423,CUST00759,2024-10-30,Shipped,Debit Card
ORD007424,CUST03455,2024-03-10,Delivered,Wallet
ORD007425,CUST00478,2024-06-16,Delivered,Wallet
ORD007426,CUST03668,2024-10-19,Shipped,Cash on Delivery
ORD007427,CUST01792,2024-08-06,Delivered,Wallet
ORD007428,CUST00212,2024-12-29,Delivered,Credit Card
ORD007429,CUST02316,2024-10-05,Delivered,Net Banking
ORD007430,CUST01871,2023-07-16,Delivered,Credit Card
ORD007431,CUST03640,2024-05-18,Delivered,UPI
ORD007432,CUST00486,2024-09-04,Cancelled,Cash on Delivery
ORD007433,CUST02797,2024-03-21,Delivered,Cash on Delivery
ORD007434,CUST04085,2024-12-28,Delivered,Credit Card
ORD007435,CUST03679,2024-11-29,Cancelled,Wallet
ORD007436,CUST02093,2024-06-03,Delivered,Net Banking
ORD007437,CUST00614,2024-11-04,Delivered,Debit Card
ORD007438,CUST00087,2024-05-28,Delivered,Net Banking
ORD007439,CUST02670,2024-03-14,Processing,Credit Card
ORD007440,CUST04322,2024-11-21,Shipped,Debit Card
ORD007441,CUST03518,2024-12-13,Delivered,Cash on Delivery
ORD007442,CUST02403,2024-11-12,Delivered,Cash on Delivery
ORD007443,CUST04461,2024-12-11,Shipped,UPI
ORD007444,CUST02695,2024-08-01,Delivered,Net Banking
ORD007445,CUST02672,2024-05-28,Delivered,Wallet
ORD007446,CUST02950,2024-11-03,Delivered,Debit Card
ORD007447,CUST00283,2024-11-29,Cancelled,Credit Card
ORD007448,CUST01279,2024-11-29,Delivered,Debit Card
ORD007449,CUST03459,2023-12-14,Shipped,Debit Card
ORD007450,CUST00750,2023-09-04,Cancelled,Cash on Delivery
ORD007451,CUST03282,2024-10-15,Delivered,Wallet
ORD007452,CUST03444,2024-04-11,Shipped,Cash on Delivery
ORD007453,CUST04979,2024-10-31,Delivered,Wallet
ORD007454,CUST01093,2024-03-10,Shipped,Net Banking
ORD007455,CUST02145,2024-03-16,Delivered,UPI
ORD007456,CUST02110,2024-09-23,Delivered,Net Banking
ORD007457,CUST03374,2024-12-01,Delivered,Cash on Delivery
ORD007458,CUST02131,2024-05-07,Delivered,UPI
ORD007459,CUST02857,2024-03-10,Delivered,Credit Card
ORD007460,CUST01604,2023-11-06,Delivered,Wallet
ORD007461,CUST00216,2024-11-16,Delivered,UPI
ORD007462,CUST01571,2024-07-15,Cancelled,Cash on Delivery
ORD007463,CUST04131,2024-11-23,Delivered,Wallet
ORD007464,CUST02106,2024-08-13,Returned,Wallet
ORD007465,CUST04468,2024-12-17,Delivered,Cash on Delivery
ORD007466,CUST00651,2023-08-31,Delivered,Net Banking
ORD007467,CUST00011,2024-08-22,Delivered,UPI
ORD007468,CUST02393,2024-01-14,Delivered,Debit Card
ORD007469,CUST02632,2023-11-14,Delivered,Wallet
ORD007470,CUST03554,2024-07-30,Delivered,Wallet
ORD007471,CUST02905,2024-06-12,Delivered,UPI
ORD007472,CUST00848,2023-09-20,Processing,Credit Card
ORD007473,CUST04836,2023-09-28,Returned,Credit Card
ORD007474,CUST01052,2024-09-30,Cancelled,Debit Card
ORD007475,CUST01043,2023-02-23,Delivered,Wallet
ORD007476,CUST01938,2024-06-17,Delivered,Wallet
ORD007477,CUST03433,2024-11-26,Delivered,Net Banking
ORD007478,CUST04535,2024-11-03,Delivered,Cash on Delivery
ORD007479,CUST02144,2023-10-27,Returned,UPI
ORD007480,CUST03808,2024-12-18,Processing,Debit Card
ORD007481,CUST02920,2024-09-21,Delivered,Credit Card
ORD007482,CUST01663,2024-09-19,Delivered,UPI
ORD007483,CUST03513,2023-02-08,Processing,Cash on Delivery
ORD007484,CUST00694,2024-04-09,Cancelled,Debit Card
ORD007485,CUST04697,2024-02-04,Cancelled,Cash on Delivery
ORD007486,CUST00910,2023-10-13,Delivered,Net Banking
ORD007487,CUST03616,2024-03-02,Shipped,Wallet
ORD007488,CUST03142,2024-10-11,Delivered,Net Banking
ORD007489,CUST01759,2024-01-05,Returned,UPI
ORD007490,CUST04701,2024-12-24,Delivered,Debit Card
ORD007491,CUST04480,2024-04-14,Delivered,Credit Card
ORD007492,CUST02672,2023-10-20,Delivered,UPI
ORD007493,CUST01191,2024-01-01,Delivered,Credit Card
ORD007494,CUST02335,2024-11-18,Delivered,Debit Card
ORD007495,CUST02418,2024-05-23,Shipped,Net Banking
ORD007496,CUST00379,2024-05-27,Delivered,UPI
ORD007497,CUST02482,2024-02-20,Delivered,Cash on Delivery
ORD007498,CUST03980,2024-05-06,Delivered,Cash on Delivery
ORD007499,CUST02014,2024-09-08,Shipped,UPI
ORD007500,CUST02797,2024-03-05,Cancelled,Credit Card
ORD007501,CUST00402,2024-08-02,Delivered,Cash on Delivery
ORD007502,CUST02404,2024-12-28,Returned,Credit Card
ORD007503,CUST04912,2024-02-27,Delivered,Credit Card
ORD007504,CUST00088,2023-12-21,Shipped,Wallet
ORD007505,CUST02051,2024-10-28,Delivered,Cash on Delivery
ORD007506,CUST02948,2024-12-28,Delivered,UPI
ORD007507,CUST01772,2024-01-22,Processing,UPI
ORD007508,CUST02110,2024-10-26,Delivered,Credit Card
ORD007509,CUST01021,2024-07-01,Delivered,UPI
ORD007510,CUST02881,2024-08-15,Delivered,Net Banking
ORD007511,CUST04342,2024-12-18,Delivered,UPI
ORD007512,CUST02057,2024-08-25,Delivered,UPI
ORD007513,CUST03405,2024-04-07,Delivered,Debit Card
ORD007514,CUST04293,2024-12-06,Delivered,Debit Card
ORD007515,CUST04757,2024-10-20,Delivered,UPI
ORD007516,CUST01724,2024-10-29,Delivered,Net Banking
ORD007517,CUST03630,2024-03-14,Delivered,Wallet
ORD007518,CUST03381,2023-12-12,Shipped,UPI
ORD007519,CUST04693,2024-12-03,Delivered,Credit Card
ORD007520,CUST04147,2024-11-03,Delivered,Credit Card
ORD007521,CUST00881,2024-10-08,Delivered,Debit Card
ORD007522,CUST03364,2024-05-07,Returned,UPI
ORD007523,CUST00701,2024-05-27,Delivered,Net Banking
ORD007524,CUST01581,2023-11-15,Delivered,Cash on Delivery
ORD007525,CUST03884,2024-09-28,Processing,UPI
ORD007526,CUST00406,2023-11-19,Delivered,Debit Card
ORD007527,CUST02178,2023-11-15,Delivered,Wallet
ORD007528,CUST00581,2023-10-30,Delivered,UPI
ORD007529,CUST01592,2024-06-01,Delivered,Credit Card
ORD007530,CUST04612,2024-12-17,Cancelled,UPI
ORD007531,CUST04275,2024-08-08,Delivered,Debit Card
ORD007532,CUST01812,2023-05-17,Delivered,Debit Card
ORD007533,CUST04443,2024-04-23,Delivered,Net Banking
ORD007534,CUST02211,2023-12-30,Processing,Net Banking
ORD007535,CUST04095,2024-12-26,Delivered,UPI
ORD007536,CUST02956,2024-06-02,Delivered,Debit Card
ORD007537,CUST03022,2024-02-10,Delivered,Net Banking
ORD007538,CUST04162,2024-03-26,Cancelled,UPI
ORD007539,CUST01167,2024-01-09,Delivered,Wallet
ORD007540,CUST00067,2024-03-29,Delivered,Credit Card
ORD007541,CUST02905,2023-10-26,Delivered,Wallet
ORD007542,CUST03435,2024-08-15,Delivered,Wallet
ORD007543,CUST01766,2024-11-19,Delivered,Credit Card
ORD007544,CUST02114,2024-10-27,Delivered,Net Banking
ORD007545,CUST01050,2024-09-13,Delivered,Debit Card
ORD007546,CUST02124,2023-10-04,Delivered,Cash on Delivery
ORD007547,CUST02014,2024-11-25,Returned,Net Banking
ORD007548,CUST03101,2024-12-10,Delivered,Credit Card
ORD007549,CUST00750,2023-09-27,Shipped,Cash on Delivery
ORD007550,CUST04446,2024-09-28,Delivered,Net Banking
ORD007551,CUST02051,2024-11-24,Delivered,Credit Card
ORD007552,CUST03941,2024-11-11,Delivered,Net Banking
ORD007553,CUST01958,2024-09-16,Cancelled,Wallet
ORD007554,CUST00558,2024-12-01,Delivered,UPI
ORD007555,CUST03165,2024-03-21,Delivered,UPI
ORD007556,CUST03627,2023-10-14,Delivered,Debit Card
ORD007557,CUST02502,2024-10-30,Delivered,Wallet
ORD007558,CUST04706,2024-10-14,Delivered,Credit Card
ORD007559,CUST01858,2024-12-28,Delivered,UPI
ORD007560,CUST01508,2024-07-06,Delivered,Debit Card
ORD007561,CUST03767,2024-11-06,Delivered,UPI
ORD007562,CUST01353,2023-08-13,Delivered,Net Banking
ORD007563,CUST01713,2024-10-15,Delivered,UPI
ORD007564,CUST03000,2023-06-22,Delivered,UPI
ORD007565,CUST01919,2024-08-09,Delivered,UPI
ORD007566,CUST01831,2024-10-04,Delivered,Net Banking
ORD007567,CUST00602,2023-08-24,Delivered,UPI
ORD007568,CUST02001,2024-09-20,Delivered,Net Banking
ORD007569,CUST00263,2023-08-16,Processing,Cash on Delivery
ORD007570,CUST02296,2024-01-29,Delivered,Wallet
ORD007571,CUST03358,2024-06-01,Delivered,Net Banking
ORD007572,CUST00176,2024-12-17,Delivered,Net Banking
ORD007573,CUST00143,2024-09-13,Shipped,UPI
ORD007574,CUST04281,2024-05-30,Delivered,Net Banking
ORD007575,CUST01786,2024-10-16,Delivered,Debit Card
ORD007576,CUST01689,2024-11-14,Delivered,Credit Card
ORD007577,CUST04803,2024-10-18,Delivered,UPI
ORD007578,CUST00386,2024-03-06,Delivered,UPI
ORD007579,CUST01896,2024-08-19,Delivered,Cash on Delivery
ORD007580,CUST04633,2024-11-15,Returned,Credit Card
ORD007581,CUST01311,2024-10-24,Delivered,Debit Card
ORD007582,CUST03287,2024-05-16,Delivered,Wallet
ORD007583,CUST01493,2023-07-03,Delivered,Wallet
ORD007584,CUST04506,2024-10-13,Delivered,Wallet
ORD007585,CUST02872,2024-01-03,Delivered,Credit Card
ORD007586,CUST01988,2023-07-30,Delivered,UPI
ORD007587,CUST00858,2024-12-30,Shipped,Cash on Delivery
ORD007588,CUST00146,2024-10-22,Delivered,Net Banking
ORD007589,CUST04952,2024-03-14,Shipped,Debit Card
ORD007590,CUST02525,2024-07-02,Delivered,UPI
ORD007591,CUST00225,2024-12-06,Delivered,Net Banking
ORD007592,CUST03808,2023-12-19,Shipped,Credit Card
ORD007593,CUST01311,2024-10-21,Shipped,Credit Card
ORD007594,CUST00038,2024-06-11,Cancelled,UPI
ORD007595,CUST03644,2024-01-06,Delivered,Cash on Delivery
ORD007596,CUST02985,2024-03-08,Delivered,UPI
ORD007597,CUST00190,2024-06-09,Delivered,Credit Card
ORD007598,CUST00686,2024-12-23,Delivered,Cash on Delivery
ORD007599,CUST01433,2023-05-03,Delivered,Cash on Delivery
ORD007600,CUST01101,2024-06-23,Delivered,Credit Card
ORD007601,CUST04759,2024-01-05,Returned,Cash on Delivery
ORD007602,CUST01923,2024-11-20,Delivered,UPI
ORD007603,CUST00391,2024-11-25,Delivered,Cash on Delivery
ORD007604,CUST02415,2024-09-24,Delivered,Net Banking
ORD007605,CUST00983,2024-09-18,Delivered,Debit Card
ORD007606,CUST00258,2024-10-03,Delivered,Debit Card
ORD007607,CUST03899,2024-12-13,Shipped,Wallet
ORD007608,CUST03399,2023-08-27,Delivered,Wallet
ORD007609,CUST02842,2024-10-27,Delivered,Wallet
ORD007610,CUST00214,2024-12-28,Delivered,Net Banking
ORD007611,CUST01692,2024-12-15,Delivered,Debit Card
ORD007612,CUST02170,2024-05-12,Delivered,Cash on Delivery
ORD007613,CUST04820,2024-08-29,Shipped,Net Banking
ORD007614,CUST00447,2024-10-23,Delivered,UPI
ORD007615,CUST03462,2024-12-03,Returned,Cash on Delivery
ORD007616,CUST03622,2024-12-19,Delivered,Debit Card
ORD007617,CUST04775,2024-10-29,Delivered,UPI
ORD007618,CUST00331,2024-12-12,Delivered,Net Banking
ORD007619,CUST03626,2023-11-11,Delivered,Cash on Delivery
ORD007620,CUST01124,2024-12-13,Delivered,Debit Card
ORD007621,CUST00880,2024-08-17,Cancelled,Wallet
ORD007622,CUST01223,2024-11-08,Delivered,Cash on Delivery
ORD007623,CUST02136,2023-10-10,Delivered,Credit Card
ORD007624,CUST04238,2024-05-13,Delivered,UPI
ORD007625,CUST04451,2024-01-05,Delivered,Net Banking
ORD007626,CUST00254,2023-06-19,Delivered,Debit Card
ORD007627,CUST00344,2024-11-07,Delivered,Credit Card
ORD007628,CUST04900,2023-12-23,Delivered,Debit Card
ORD007629,CUST03208,2024-01-13,Returned,Credit Card
ORD007630,CUST00490,2024-08-24,Delivered,Wallet
ORD007631,CUST03771,2023-08-24,Delivered,UPI
ORD007632,CUST00357,2024-12-12,Delivered,Debit Card
ORD007633,CUST03463,2024-12-01,Processing,Debit Card
ORD007634,CUST01513,2024-08-15,Delivered,Wallet
ORD007635,CUST04567,2024-03-25,Delivered,Wallet
ORD007636,CUST01989,2023-09-20,Delivered,Wallet
ORD007637,CUST01899,2024-06-22,Cancelled,Net Banking
ORD007638,CUST04759,2024-05-15,Delivered,UPI
ORD007639,CUST00483,2024-10-06,Delivered,Wallet
ORD007640,CUST02024,2024-10-23,Delivered,Wallet
ORD007641,CUST00282,2024-11-09,Shipped,Cash on Delivery
ORD007642,CUST01925,2024-02-24,Cancelled,Debit Card
ORD007643,CUST04227,2024-11-02,Returned,UPI
ORD007644,CUST01603,2024-12-04,Delivered,Net Banking
ORD007645,CUST01162,2024-10-12,Delivered,Debit Card
ORD007646,CUST02916,2024-09-23,Delivered,UPI
ORD007647,CUST02398,2023-06-20,Shipped,Credit Card
ORD007648,CUST04083,2024-03-12,Delivered,Wallet
ORD007649,CUST02609,2024-07-12,Delivered,Net Banking
ORD007650,CUST01821,2024-07-06,Delivered,Wallet
ORD007651,CUST02240,2024-12-24,Delivered,Wallet
ORD007652,CUST00037,2024-10-10,Returned,Credit Card
ORD007653,CUST02679,2023-12-07,Delivered,Net Banking
ORD007654,CUST00009,2024-10-17,Delivered,Cash on Delivery
ORD007655,CUST04307,2024-12-15,Delivered,Cash on Delivery
ORD007656,CUST04316,2024-07-01,Delivered,UPI
ORD007657,CUST02704,2024-12-05,Processing,Wallet
ORD007658,CUST01030,2024-08-20,Delivered,Credit Card
ORD007659,CUST01048,2023-08-29,Delivered,Wallet
ORD007660,CUST04767,2023-07-14,Delivered,Debit Card
ORD007661,CUST03703,2024-11-14,Shipped,Wallet
ORD007662,CUST03477,2024-03-16,Returned,UPI
ORD007663,CUST00381,2024-04-04,Delivered,Debit Card
ORD007664,CUST02993,2024-06-29,Delivered,Credit Card
ORD007665,CUST01730,2024-10-26,Delivered,UPI
ORD007666,CUST00652,2024-11-26,Delivered,Net Banking
ORD007667,CUST01348,2024-11-08,Delivered,Wallet
ORD007668,CUST02609,2024-04-18,Delivered,UPI
ORD007669,CUST01800,2024-09-02,Processing,UPI
ORD007670,CUST04379,2024-10-27,Delivered,UPI
ORD007671,CUST04472,2024-09-02,Cancelled,UPI
ORD007672,CUST02568,2024-07-14,Delivered,Debit Card
ORD007673,CUST04684,2024-11-23,Delivered,Wallet
ORD007674,CUST01156,2024-11-15,Processing,Net Banking
ORD007675,CUST04003,2024-10-13,Delivered,Credit Card
ORD007676,CUST03857,2024-03-09,Delivered,Debit Card
ORD007677,CUST04529,2024-07-27,Delivered,Cash on Delivery
ORD007678,CUST04914,2024-07-24,Delivered,UPI
ORD007679,CUST01220,2024-08-24,Delivered,Cash on Delivery
ORD007680,CUST02649,2024-12-14,Delivered,Debit Card
ORD007681,CUST01186,2023-09-09,Shipped,Net Banking
ORD007682,CUST03513,2023-02-20,Delivered,Debit Card
ORD007683,CUST03155,2024-03-26,Delivered,Debit Card
ORD007684,CUST00768,2024-12-03,Delivered,Cash on Delivery
ORD007685,CUST01311,2024-12-07,Delivered,Wallet
ORD007686,CUST00310,2023-10-10,Delivered,Net Banking
ORD007687,CUST01280,2024-05-07,Delivered,Credit Card
ORD007688,CUST04196,2024-01-20,Returned,Net Banking
ORD007689,CUST01415,2024-09-21,Delivered,Net Banking
ORD007690,CUST03266,2024-09-22,Shipped,Debit Card
ORD007691,CUST00492,2024-09-24,Delivered,UPI
ORD007692,CUST02197,2024-12-03,Shipped,Credit Card
ORD007693,CUST01715,2024-08-29,Delivered,Debit Card
ORD007694,CUST01533,2024-08-05,Delivered,UPI
ORD007695,CUST02277,2023-11-03,Delivered,Wallet
ORD007696,CUST02995,2023-11-22,Delivered,UPI
ORD007697,CUST01460,2024-09-01,Cancelled,Debit Card
ORD007698,CUST03944,2023-06-03,Cancelled,Credit Card
ORD007699,CUST03067,2024-09-16,Delivered,Cash on Delivery
ORD007700,CUST00174,2024-08-29,Delivered,UPI
ORD007701,CUST04931,2024-10-19,Delivered,Cash on Delivery
ORD007702,CUST00723,2024-10-21,Delivered,UPI
ORD007703,CUST03738,2024-12-08,Cancelled,Debit Card
ORD007704,CUST01250,2023-12-19,Processing,Cash on Delivery
ORD007705,CUST03594,2024-10-13,Delivered,Credit Card
ORD007706,CUST01191,2024-12-30,Delivered,Wallet
ORD007707,CUST02133,2023-10-06,Returned,Wallet
ORD007708,CUST00072,2024-11-22,Delivered,Wallet
ORD007709,CUST04430,2024-11-22,Delivered,Debit Card
ORD007710,CUST00530,2024-11-05,Delivered,Net Banking
ORD007711,CUST02839,2024-12-04,Returned,UPI
ORD007712,CUST00253,2024-12-17,Delivered,Wallet
ORD007713,CUST01620,2024-06-12,Delivered,Debit Card
ORD007714,CUST04088,2024-09-24,Delivered,Debit Card
ORD007715,CUST01077,2024-12-28,Delivered,Credit Card
ORD007716,CUST03762,2024-06-03,Delivered,Wallet
ORD007717,CUST01007,2024-11-27,Shipped,Net Banking
ORD007718,CUST01363,2024-05-11,Delivered,UPI
ORD007719,CUST00599,2024-04-08,Delivered,Credit Card
ORD007720,CUST04296,2024-09-30,Delivered,Cash on Delivery
ORD007721,CUST02856,2024-10-15,Delivered,Wallet
ORD007722,CUST03520,2024-08-15,Returned,Net Banking
ORD007723,CUST04721,2024-12-07,Delivered,Credit Card
ORD007724,CUST04169,2024-04-12,Delivered,Credit Card
ORD007725,CUST00637,2024-11-10,Delivered,Net Banking
ORD007726,CUST04474,2024-02-15,Delivered,Credit Card
ORD007727,CUST03630,2024-06-25,Delivered,UPI
ORD007728,CUST01785,2024-10-02,Delivered,Credit Card
ORD007729,CUST00277,2024-05-15,Delivered,Cash on Delivery
ORD007730,CUST01440,2023-08-03,Cancelled,Cash on Delivery
ORD007731,CUST00002,2024-09-01,Delivered,Net Banking
ORD007732,CUST03288,2024-01-29,Delivered,Net Banking
ORD007733,CUST02534,2024-07-02,Delivered,Debit Card
ORD007734,CUST03633,2024-07-29,Delivered,Wallet
ORD007735,CUST04435,2024-10-14,Delivered,Cash on Delivery
ORD007736,CUST00171,2024-10-23,Delivered,UPI
ORD007737,CUST03848,2024-06-09,Delivered,UPI
ORD007738,CUST03513,2024-01-22,Cancelled,UPI
ORD007739,CUST02797,2024-06-24,Delivered,Net Banking
ORD007740,CUST02144,2024-02-19,Delivered,UPI
ORD007741,CUST00889,2024-06-21,Delivered,UPI
ORD007742,CUST04588,2023-07-23,Shipped,UPI
ORD007743,CUST03430,2024-11-02,Delivered,UPI
ORD007744,CUST01263,2023-12-22,Delivered,Wallet
ORD007745,CUST03394,2024-07-23,Delivered,Wallet
ORD007746,CUST02922,2023-05-14,Delivered,Wallet
ORD007747,CUST01580,2024-12-29,Shipped,Wallet
ORD007748,CUST03467,2024-01-29,Processing,Wallet
ORD007749,CUST01971,2023-08-08,Shipped,Wallet
ORD007750,CUST04530,2024-12-01,Delivered,Debit Card
ORD007751,CUST00406,2024-02-06,Delivered,Wallet
ORD007752,CUST04695,2024-11-30,Delivered,Debit Card
ORD007753,CUST01953,2024-06-27,Delivered,Cash on Delivery
ORD007754,CUST01050,2024-02-04,Cancelled,Net Banking
ORD007755,CUST04969,2024-02-22,Shipped,Debit Card
ORD007756,CUST04555,2023-11-06,Returned,UPI
ORD007757,CUST02110,2024-07-15,Delivered,Debit Card
ORD007758,CUST02331,2024-09-02,Delivered,Credit Card
ORD007759,CUST04230,2024-12-25,Delivered,UPI
ORD007760,CUST00676,2024-10-01,Delivered,Net Banking
ORD007761,CUST01965,2024-09-06,Delivered,Wallet
ORD007762,CUST00599,2023-12-14,Cancelled,Credit Card
ORD007763,CUST00254,2023-11-30,Cancelled,Debit Card
ORD007764,CUST03378,2024-07-08,Delivered,Credit Card
ORD007765,CUST03396,2024-12-29,Returned,Cash on Delivery
ORD007766,CUST01935,2024-11-08,Delivered,Cash on Delivery
ORD007767,CUST04377,2024-07-12,Delivered,Net Banking
ORD007768,CUST00757,2024-11-11,Delivered,UPI
ORD007769,CUST04183,2024-11-03,Delivered,Credit Card
ORD007770,CUST03156,2024-10-08,Delivered,Debit Card
ORD007771,CUST00968,2023-05-15,Cancelled,Net Banking
ORD007772,CUST01147,2024-12-14,Shipped,Wallet
ORD007773,CUST03650,2024-12-23,Delivered,Net Banking
ORD007774,CUST03861,2024-10-19,Cancelled,Wallet
ORD007775,CUST00692,2024-08-16,Cancelled,Debit Card
ORD007776,CUST03808,2024-11-15,Delivered,Debit Card
ORD007777,CUST04792,2024-05-13,Delivered,Debit Card
ORD007778,CUST03218,2024-11-01,Delivered,Cash on Delivery
ORD007779,CUST02523,2024-12-14,Delivered,Cash on Delivery
ORD007780,CUST00706,2024-11-28,Processing,Cash on Delivery
ORD007781,CUST02011,2024-10-16,Processing,Credit Card
ORD007782,CUST02592,2024-02-26,Delivered,Cash on Delivery
ORD007783,CUST00415,2024-12-09,Delivered,Credit Card
ORD007784,CUST04397,2024-10-13,Delivered,UPI
ORD007785,CUST04308,2024-12-07,Delivered,Wallet
ORD007786,CUST04960,2024-11-25,Delivered,Debit Card
ORD007787,CUST04502,2024-08-31,Delivered,Net Banking
ORD007788,CUST04143,2024-08-31,Delivered,Wallet
ORD007789,CUST04543,2024-11-13,Delivered,Credit Card
ORD007790,CUST00366,2023-11-05,Delivered,Net Banking
ORD007791,CUST01999,2024-07-24,Delivered,Credit Card
ORD007792,CUST04111,2024-11-28,Shipped,Wallet
ORD007793,CUST04669,2023-09-13,Delivered,Net Banking
ORD007794,CUST00688,2024-10-18,Delivered,Wallet
ORD007795,CUST04302,2024-12-02,Delivered,UPI
ORD007796,CUST04578,2023-07-10,Cancelled,Net Banking
ORD007797,CUST01481,2024-09-24,Delivered,Net Banking
ORD007798,CUST04564,2024-11-18,Delivered,UPI
ORD007799,CUST00400,2024-03-28,Delivered,Debit Card
ORD007800,CUST00977,2023-08-05,Delivered,UPI
ORD007801,CUST04308,2024-03-02,Cancelled,Net Banking
ORD007802,CUST04845,2024-11-11,Shipped,Debit Card
ORD007803,CUST01787,2024-01-26,Delivered,Credit Card
ORD007804,CUST04166,2024-05-24,Delivered,Net Banking
ORD007805,CUST03325,2024-08-31,Cancelled,Cash on Delivery
ORD007806,CUST03079,2024-11-08,Delivered,Wallet
ORD007807,CUST02562,2024-12-08,Delivered,Wallet
ORD007808,CUST02197,2024-11-29,Delivered,Cash on Delivery
ORD007809,CUST01849,2023-11-07,Cancelled,Credit Card
ORD007810,CUST00081,2024-10-03,Delivered,Net Banking
ORD007811,CUST00311,2024-12-29,Cancelled,UPI
ORD007812,CUST04381,2024-09-18,Delivered,Net Banking
ORD007813,CUST01611,2024-11-22,Delivered,Wallet
ORD007814,CUST00779,2024-06-02,Cancelled,Credit Card
ORD007815,CUST04082,2023-08-09,Delivered,UPI
ORD007816,CUST01511,2024-10-15,Shipped,Credit Card
ORD007817,CUST01396,2024-12-02,Delivered,Cash on Delivery
ORD007818,CUST02421,2024-09-14,Delivered,UPI
ORD007819,CUST00296,2024-10-31,Delivered,UPI
ORD007820,CUST04402,2024-11-14,Delivered,Net Banking
ORD007821,CUST01020,2024-11-14,Shipped,Cash on Delivery
ORD007822,CUST02022,2024-08-13,Delivered,Net Banking
ORD007823,CUST01752,2024-11-16,Delivered,UPI
ORD007824,CUST00379,2024-03-08,Delivered,Credit Card
ORD007825,CUST00721,2024-05-27,Delivered,UPI
ORD007826,CUST02177,2024-10-03,Shipped,Net Banking
ORD007827,CUST03408,2023-09-29,Delivered,Wallet
ORD007828,CUST00260,2024-08-05,Delivered,Net Banking
ORD007829,CUST02768,2024-02-18,Delivered,UPI
ORD007830,CUST02134,2024-11-26,Delivered,Wallet
ORD007831,CUST00779,2024-03-27,Delivered,Cash on Delivery
ORD007832,CUST03360,2023-12-12,Cancelled,Net Banking
ORD007833,CUST02120,2024-02-29,Delivered,Credit Card
ORD007834,CUST01734,2024-07-13,Delivered,Credit Card
ORD007835,CUST02905,2024-04-09,Delivered,Cash on Delivery
ORD007836,CUST02740,2024-07-24,Delivered,UPI
ORD007837,CUST01527,2024-07-11,Delivered,Net Banking
ORD007838,CUST02872,2023-11-17,Delivered,Net Banking
ORD007839,CUST00363,2024-06-29,Cancelled,Cash on Delivery
ORD007840,CUST04035,2024-12-19,Delivered,Credit Card
ORD007841,CUST02327,2024-11-12,Delivered,Credit Card
ORD007842,CUST02805,2024-05-30,Cancelled,UPI
ORD007843,CUST01259,2024-05-24,Delivered,Net Banking
ORD007844,CUST03900,2024-11-11,Shipped,Credit Card
ORD007845,CUST04191,2024-11-19,Delivered,Credit Card
ORD007846,CUST04412,2024-04-05,Delivered,Wallet
ORD007847,CUST00725,2024-12-20,Cancelled,Debit Card
ORD007848,CUST00989,2024-01-22,Returned,UPI
ORD007849,CUST02136,2024-04-25,Delivered,Debit Card
ORD007850,CUST00588,2024-11-29,Processing,Net Banking
ORD007851,CUST02169,2023-12-02,Cancelled,Debit Card
ORD007852,CUST01232,2024-09-09,Returned,Cash on Delivery
ORD007853,CUST04227,2024-11-27,Delivered,UPI
ORD007854,CUST01697,2024-09-17,Delivered,Credit Card
ORD007855,CUST02057,2024-11-12,Delivered,Net Banking
ORD007856,CUST01821,2024-09-24,Delivered,Net Banking
ORD007857,CUST01332,2024-12-22,Cancelled,Cash on Delivery
ORD007858,CUST01678,2023-07-21,Returned,Cash on Delivery
ORD007859,CUST00283,2024-12-30,Delivered,Debit Card
ORD007860,CUST03048,2023-07-28,Cancelled,Debit Card
ORD007861,CUST03496,2024-07-03,Shipped,Debit Card
ORD007862,CUST00859,2024-11-29,Delivered,Debit Card
ORD007863,CUST01350,2024-12-11,Delivered,Debit Card
ORD007864,CUST03347,2023-11-13,Delivered,Wallet
ORD007865,CUST01579,2024-12-18,Delivered,Cash on Delivery
ORD007866,CUST03912,2024-08-08,Shipped,Net Banking
ORD007867,CUST03303,2024-12-26,Delivered,Cash on Delivery
ORD007868,CUST03401,2023-11-06,Processing,Credit Card
ORD007869,CUST01598,2024-12-24,Delivered,UPI
ORD007870,CUST04316,2024-01-11,Delivered,Net Banking
ORD007871,CUST03010,2024-09-23,Shipped,Debit Card
ORD007872,CUST03151,2024-12-26,Shipped,Cash on Delivery
ORD007873,CUST03478,2024-06-05,Delivered,UPI
ORD007874,CUST00993,2024-12-24,Processing,Wallet
ORD007875,CUST01724,2024-11-17,Delivered,Credit Card
ORD007876,CUST03243,2024-12-01,Delivered,Debit Card
ORD007877,CUST02945,2024-02-19,Returned,Debit Card
ORD007878,CUST03626,2024-12-30,Delivered,Debit Card
ORD007879,CUST00753,2024-06-12,Delivered,Wallet
ORD007880,CUST02479,2024-08-29,Delivered,Wallet
ORD007881,CUST00924,2024-11-19,Shipped,UPI
ORD007882,CUST04681,2024-12-01,Delivered,Cash on Delivery
ORD007883,CUST02862,2024-07-31,Delivered,Debit Card
ORD007884,CUST03453,2024-11-15,Delivered,UPI
ORD007885,CUST03078,2024-10-01,Delivered,Credit Card
ORD007886,CUST01118,2024-11-03,Delivered,UPI
ORD007887,CUST01325,2024-03-25,Returned,Credit Card
ORD007888,CUST02240,2024-11-24,Processing,Wallet
ORD007889,CUST00067,2024-01-20,Shipped,Credit Card
ORD007890,CUST03855,2024-06-14,Delivered,UPI
ORD007891,CUST01728,2023-12-13,Delivered,Cash on Delivery
ORD007892,CUST04230,2024-12-20,Delivered,Net Banking
ORD007893,CUST02517,2024-12-10,Delivered,UPI
ORD007894,CUST04225,2024-02-05,Delivered,Cash on Delivery
ORD007895,CUST01990,2023-05-27,Delivered,Credit Card
ORD007896,CUST01021,2024-04-20,Delivered,UPI
ORD007897,CUST01193,2024-10-31,Delivered,Cash on Delivery
ORD007898,CUST00849,2024-08-11,Delivered,Credit Card
ORD007899,CUST04254,2024-07-19,Delivered,Credit Card
ORD007900,CUST00991,2024-08-20,Delivered,Wallet
ORD007901,CUST00214,2024-12-28,Delivered,Wallet
ORD007902,CUST03165,2024-07-19,Shipped,Credit Card
ORD007903,CUST00938,2024-01-24,Delivered,Cash on Delivery
ORD007904,CUST04575,2024-06-24,Delivered,Wallet
ORD007905,CUST03105,2024-03-16,Delivered,Cash on Delivery
ORD007906,CUST01110,2024-04-18,Shipped,UPI
ORD007907,CUST01356,2024-11-25,Delivered,Cash on Delivery
ORD007908,CUST01958,2024-01-26,Delivered,UPI
ORD007909,CUST04743,2024-01-12,Delivered,Credit Card
ORD007910,CUST04976,2024-10-28,Delivered,Net Banking
ORD007911,CUST00603,2024-07-25,Delivered,Net Banking
ORD007912,CUST01783,2023-11-23,Delivered,Credit Card
ORD007913,CUST03067,2024-10-14,Delivered,Net Banking
ORD007914,CUST03153,2024-09-14,Delivered,Net Banking
ORD007915,CUST02214,2024-01-29,Cancelled,UPI
ORD007916,CUST03837,2024-07-21,Cancelled,UPI
ORD007917,CUST03420,2024-09-28,Shipped,Wallet
ORD007918,CUST00746,2024-10-07,Delivered,Debit Card
ORD007919,CUST01192,2024-12-29,Shipped,Credit Card
ORD007920,CUST03498,2024-12-27,Delivered,Cash on Delivery
ORD007921,CUST04903,2024-08-16,Cancelled,UPI
ORD007922,CUST02339,2023-06-19,Delivered,Net Banking
ORD007923,CUST00890,2024-09-12,Cancelled,Debit Card
ORD007924,CUST01019,2023-04-04,Delivered,UPI
ORD007925,CUST04570,2024-11-25,Delivered,UPI
ORD007926,CUST04512,2024-05-10,Returned,Wallet
ORD007927,CUST04865,2024-10-10,Delivered,Cash on Delivery
ORD007928,CUST00562,2024-10-23,Shipped,Debit Card
ORD007929,CUST00171,2024-07-12,Delivered,Net Banking
ORD007930,CUST02572,2024-09-07,Returned,UPI
ORD007931,CUST02728,2023-12-10,Delivered,Wallet
ORD007932,CUST03077,2024-12-10,Delivered,Credit Card
ORD007933,CUST02985,2024-05-18,Delivered,Debit Card
ORD007934,CUST02148,2023-09-05,Delivered,UPI
ORD007935,CUST03596,2024-10-30,Delivered,Cash on Delivery
ORD007936,CUST04292,2024-05-22,Delivered,UPI
ORD007937,CUST02979,2024-11-10,Delivered,Credit Card
ORD007938,CUST01575,2024-09-11,Delivered,Credit Card
ORD007939,CUST01713,2024-07-13,Delivered,Debit Card
ORD007940,CUST04444,2024-09-08,Delivered,Cash on Delivery
ORD007941,CUST01824,2024-09-26,Delivered,Cash on Delivery
ORD007942,CUST00519,2024-12-30,Processing,UPI
ORD007943,CUST02283,2024-07-29,Delivered,Credit Card
ORD007944,CUST04412,2023-09-27,Shipped,Wallet
ORD007945,CUST01263,2023-11-26,Delivered,Cash on Delivery
ORD007946,CUST04123,2024-09-25,Shipped,Wallet
ORD007947,CUST04613,2024-04-10,Delivered,Debit Card
ORD007948,CUST01166,2024-12-29,Delivered,Cash on Delivery
ORD007949,CUST04486,2024-06-06,Returned,Credit Card
ORD007950,CUST01825,2023-11-18,Delivered,Wallet
ORD007951,CUST03034,2023-11-12,Delivered,UPI
ORD007952,CUST00383,2024-11-13,Cancelled,Wallet
ORD007953,CUST03222,2023-11-24,Delivered,Net Banking
ORD007954,CUST01777,2024-12-01,Delivered,Debit Card
ORD007955,CUST04034,2024-09-25,Delivered,UPI
ORD007956,CUST04979,2024-11-07,Processing,Wallet
ORD007957,CUST02541,2024-03-08,Cancelled,Wallet
ORD007958,CUST01298,2023-04-12,Delivered,Debit Card
ORD007959,CUST01207,2024-05-13,Delivered,Cash on Delivery
ORD007960,CUST03768,2024-06-10,Delivered,Cash on Delivery
ORD007961,CUST01812,2024-12-23,Delivered,Cash on Delivery
ORD007962,CUST01445,2024-12-09,Delivered,Net Banking
ORD007963,CUST02611,2024-12-26,Delivered,UPI
ORD007964,CUST03896,2023-06-16,Returned,Net Banking
ORD007965,CUST03183,2024-07-09,Delivered,Cash on Delivery
ORD007966,CUST03359,2024-09-28,Shipped,Debit Card
ORD007967,CUST01527,2023-09-18,Delivered,Net Banking
ORD007968,CUST03546,2023-10-01,Delivered,Debit Card
ORD007969,CUST02888,2024-12-10,Shipped,Wallet
ORD007970,CUST01786,2024-11-22,Processing,Cash on Delivery
ORD007971,CUST01084,2024-11-07,Delivered,Credit Card
ORD007972,CUST04127,2024-12-29,Delivered,Net Banking
ORD007973,CUST02556,2023-12-21,Cancelled,Credit Card
ORD007974,CUST04327,2024-03-16,Delivered,Net Banking
ORD007975,CUST00950,2024-01-13,Delivered,Credit Card
ORD007976,CUST04969,2024-09-01,Processing,Credit Card
ORD007977,CUST04242,2024-12-19,Processing,UPI
ORD007978,CUST03805,2023-08-27,Delivered,Net Banking
ORD007979,CUST01896,2024-07-01,Delivered,Cash on Delivery
ORD007980,CUST02630,2024-12-10,Returned,Cash on Delivery
ORD007981,CUST03066,2024-05-30,Cancelled,Wallet
ORD007982,CUST02124,2023-12-16,Processing,Credit Card
ORD007983,CUST00263,2024-04-18,Delivered,Net Banking
ORD007984,CUST00300,2024-02-10,Delivered,UPI
ORD007985,CUST04003,2024-11-18,Delivered,Net Banking
ORD007986,CUST02625,2024-05-25,Delivered,Credit Card
ORD007987,CUST04410,2024-01-17,Processing,Debit Card
ORD007988,CUST01175,2024-08-16,Delivered,Debit Card
ORD007989,CUST02894,2024-11-15,Delivered,Cash on Delivery
ORD007990,CUST00216,2024-05-27,Shipped,Debit Card
ORD007991,CUST01126,2024-08-21,Shipped,Wallet
ORD007992,CUST03911,2024-12-23,Delivered,Cash on Delivery
ORD007993,CUST01040,2024-04-11,Cancelled,Credit Card
ORD007994,CUST02320,2023-12-22,Delivered,Net Banking
ORD007995,CUST01835,2024-12-06,Delivered,Cash on Delivery
ORD007996,CUST00757,2024-09-21,Delivered,Net Banking
ORD007997,CUST03556,2024-05-06,Shipped,Cash on Delivery
ORD007998,CUST02161,2024-01-16,Delivered,Cash on Delivery
ORD007999,CUST04435,2024-08-17,Delivered,Wallet
ORD008000,CUST02808,2024-10-20,Delivered,Debit Card
