customer_id,recency,frequency,monetary,acquisition_channel,churned,churn_probability,churn_prediction,risk_level
CUST00002,8,3,125663.5,Direct,0,0.0,0,
CUST00004,120,2,45998.48,Paid Search,1,0.9957671645702305,1,High
CUST00007,157,1,39782.06,Direct,1,0.9911138009057368,1,High
CUST00009,74,2,124605.56999999999,Organic,0,0.026003236245954697,0,Low
CUST00011,0,4,104137.0,Organic,0,0.0,0,
CUST00013,57,1,178517.88,Paid Search,0,0.01,0,Low
CUST00016,313,2,52465.28,Direct,1,0.9883018867924528,1,High
CUST00018,24,3,93116.29999999999,Direct,0,0.01,0,Low
CUST00020,137,1,17360.08,Organic,1,0.9951634222542658,1,High
CUST00021,84,1,84246.77,Direct,0,0.010227272727272727,0,Low
CUST00023,27,3,117004.81999999999,Email,0,0.0,0,
CUST00025,56,5,39486.299999999996,Organic,0,0.0,0,
CUST00031,242,1,116640.07,Paid Search,1,1.0,1,High
CUST00035,1,1,46668.67,Social Media,0,0.0,0,
CUST00036,141,2,39729.09,Organic,1,0.9960032362459547,1,High
CUST00037,6,4,372536.09,Email,0,0.0,0,
CUST00038,107,7,299658.3,Paid Search,1,0.89,1,High
CUST00039,6,8,318925.99,Email,0,0.0,0,
CUST00040,18,1,85637.42,Social Media,0,0.00022727272727272727,0,Low
CUST00043,6,3,96778.47,Paid Search,0,0.004117647058823529,0,Low
CUST00044,4,1,5208.75,Organic,0,0.06909090909090909,0,Low
CUST00046,93,2,95302.03,Email,1,0.9533333333333335,1,High
CUST00048,24,1,32275.550000000003,Direct,0,0.0,0,
CUST00049,285,1,48642.41,Referral,1,0.998281848004374,1,High
CUST00050,1,2,17536.86,Referral,0,0.0,0,
CUST00052,141,2,31308.5,Referral,1,0.9965748587570623,1,High
CUST00055,0,2,119073.88999999998,Paid Search,0,0.0,0,
CUST00056,121,3,156945.82,Referral,1,0.9936124031007751,1,High
CUST00057,4,6,197817.7,Referral,0,0.02,0,Low
CUST00058,309,2,54932.66,Direct,1,0.9883018867924528,1,High
CUST00062,29,1,16762.3,Email,0,0.0351634222542658,0,Low
CUST00064,39,1,11209.81,Email,0,0.020574607856799987,0,Low
CUST00065,189,3,220357.43,Organic,1,0.9916666666666666,1,High
CUST00066,133,2,61822.03999999999,Paid Search,1,0.9885257806826434,1,High
CUST00067,276,2,29605.269999999997,Social Media,1,0.9912790697674418,1,High
CUST00068,35,9,248517.89,Social Media,0,0.0375,0,Low
CUST00070,4,2,88898.97,Social Media,0,0.0,0,
CUST00071,114,2,24402.03,Social Media,1,0.9655555555555556,1,High
CUST00072,22,3,181040.24,Direct,0,0.0,0,
CUST00075,269,1,7662.73,Social Media,1,0.9906040155496677,1,High
CUST00077,149,2,11891.81,Organic,1,1.0,1,High
CUST00078,27,5,138303.07,Organic,0,0.025,0,Low
CUST00081,88,1,19586.05,Social Media,0,0.04806699880297356,0,Low
CUST00082,87,1,21439.57,Paid Search,0,0.04315913970322801,0,Low
CUST00086,169,1,46473.13,Paid Search,1,0.9837131620868179,1,High
CUST00087,216,3,154202.15000000002,Social Media,1,0.9794736842105263,1,High
CUST00088,111,1,23106.86,Organic,1,0.9836487615975968,1,High
CUST00089,29,1,87109.22,Social Media,0,0.00022727272727272727,0,Low
CUST00090,14,2,283074.87,Direct,0,0.01,0,Low
CUST00095,12,1,23369.6,Email,0,0.040159082742644736,0,Low
CUST00096,53,3,100926.25,Referral,0,0.006617647058823529,0,Low
CUST00102,79,2,11692.46,Referral,0,0.04,0,Low
CUST00104,89,4,551237.45,Referral,0,0.01,0,Low
CUST00108,37,3,194321.15000000002,Paid Search,0,0.0,0,
CUST00112,0,2,74607.62,Referral,0,0.006666666666666666,0,Low
CUST00115,86,3,189303.48,Email,0,0.01,0,Low
CUST00118,15,1,43279.17,Paid Search,0,0.02021969501163091,0,Low
CUST00122,204,1,18878.65,Referral,1,0.9658736798120505,1,High
CUST00123,136,2,24674.53,Organic,1,0.9958712121212122,1,High
CUST00125,100,2,90586.58000000002,Social Media,1,0.99,1,High
CUST00127,18,4,295023.26,Referral,0,0.01,0,Low
CUST00130,10,5,155562.63,Direct,0,0.0,0,
CUST00133,251,1,24590.74,Referral,1,0.9909871859121077,1,High
CUST00135,296,3,124298.5,Direct,1,1.0,1,High
CUST00140,267,1,26701.99,Social Media,1,0.9918408521303257,1,High
CUST00142,27,2,21385.019999999997,Organic,0,0.024642857142857143,0,Low
CUST00143,62,5,179147.90000000002,Direct,0,0.011818181818181818,0,Low
CUST00145,213,2,3697.4300000000003,Organic,1,0.9935446859903382,1,High
CUST00146,69,1,93566.44,Referral,0,0.0016558441558441558,0,Low
CUST00147,89,1,75548.72,Direct,0,0.010227272727272727,0,Low
CUST00148,170,2,45880.130000000005,Paid Search,1,0.9749228395061728,1,High
CUST00149,300,1,1082.53,Email,1,0.9938832363288885,1,High
CUST00151,54,2,60566.840000000004,Paid Search,0,0.0,0,
CUST00152,487,1,1671.95,Organic,1,0.9938832363288885,1,High
CUST00153,143,2,8938.24,Paid Search,1,0.9921502818886541,1,High
CUST00154,16,1,17114.71,Email,0,0.025,0,Low
CUST00158,137,2,29862.230000000003,Social Media,1,0.9933624031007753,1,High
CUST00161,15,2,310621.82,Direct,0,0.0,0,
CUST00162,57,2,6086.5599999999995,Paid Search,0,0.0,0,
CUST00163,223,1,3533.74,Organic,1,0.9867794530154279,1,High
CUST00165,7,4,91763.94,Email,0,0.0,0,
CUST00168,59,2,92050.45000000001,Organic,0,0.0,0,
CUST00169,179,1,15024.78,Paid Search,1,0.9926583001956449,1,High
CUST00170,526,1,22918.63,Email,1,0.994839886141256,1,High
CUST00171,50,5,115684.15999999999,Social Media,0,0.0,0,
CUST00172,66,2,45570.649999999994,Organic,0,0.017777777777777778,0,Low
CUST00174,18,5,170739.52000000002,Paid Search,0,0.0,0,
CUST00175,482,1,18115.0,Organic,1,0.9926583001956449,1,High
CUST00176,13,1,35204.24,Referral,0,0.0,0,
CUST00178,5,2,88554.14,Direct,0,0.0,0,
CUST00180,45,3,40735.05,Email,0,0.01,0,Low
CUST00183,91,3,36929.46,Referral,1,0.8962790697674419,1,High
CUST00185,5,1,10289.09,Organic,0,0.005,0,Low
CUST00187,66,1,780.31,Email,0,0.025,0,Low
CUST00188,276,1,3357.72,Organic,1,0.983922310158285,1,High
CUST00190,204,2,19853.920000000002,Organic,1,0.9758712121212122,1,High
CUST00193,133,2,31335.98,Social Media,1,0.9967708333333334,1,High
CUST00197,46,2,43873.86,Direct,0,0.00375,0,Low
CUST00198,452,2,101318.06,Direct,1,1.0,1,High
CUST00201,195,2,61495.229999999996,Email,1,0.99,1,High
CUST00202,146,1,113680.41,Email,1,0.9790984743411927,1,High
CUST00203,43,2,57938.15,Referral,0,0.0,0,
CUST00209,34,5,120206.01,Social Media,0,0.01,0,Low
CUST00212,1,2,14255.79,Social Media,0,0.0,0,
CUST00214,0,4,39623.25,Referral,0,0.0,0,
CUST00216,44,3,280769.7,Paid Search,0,0.01,0,Low
CUST00219,151,3,49064.53999999999,Organic,1,0.9894736842105263,1,High
CUST00220,22,2,57340.42,Referral,0,0.0,0,
CUST00221,169,1,46176.829999999994,Direct,1,0.9877497386344417,1,High
CUST00222,31,2,85623.67,Referral,0,0.006279069767441861,0,Low
CUST00224,2,2,52638.18,Direct,0,0.02,0,Low
CUST00225,24,1,69324.08,Organic,0,0.03757136110355323,0,Low
CUST00233,27,3,92127.64000000001,Direct,0,0.0014285714285714286,0,Low
CUST00235,131,1,1052.06,Referral,1,0.9914362547390497,1,High
CUST00236,85,1,17445.85,Referral,0,0.05947176070773546,0,Low
CUST00237,434,1,25420.15,Paid Search,1,0.991839886141256,1,High
CUST00241,19,2,105535.08,Direct,0,0.00022727272727272727,0,Low
CUST00242,24,3,180958.59,Social Media,0,0.0,0,
CUST00243,328,1,2267.67,Social Media,1,0.9967794530154279,1,High
CUST00244,6,3,316390.31,Direct,0,0.01,0,Low
CUST00246,0,2,19564.15,Social Media,0,0.0,0,
CUST00247,50,8,201870.78999999998,Paid Search,0,0.01,0,Low
CUST00248,75,3,64715.7,Email,0,0.0,0,
CUST00251,49,3,71282.97,Organic,0,0.006589506172839505,0,Low
CUST00253,13,2,20938.67,Referral,0,0.0,0,
CUST00254,368,2,35735.88,Paid Search,1,1.0,1,High
CUST00256,110,1,49485.83,Social Media,1,1.0,1,High
CUST00258,88,1,134322.29,Organic,0,0.00022727272727272727,0,Low
CUST00259,632,1,8500.93,Referral,1,0.9825540654997177,1,High
CUST00260,37,4,240094.35,Referral,0,0.0175,0,Low
CUST00261,9,4,45864.06,Referral,0,0.007669902912621359,0,Low
CUST00262,433,2,174968.37,Referral,1,0.99,1,High
CUST00263,142,2,49617.200000000004,Direct,1,0.9983018867924528,1,High
CUST00264,204,1,37811.26,Referral,1,0.9909871859121077,1,High
CUST00266,61,2,67052.20999999999,Social Media,0,0.0,0,
CUST00268,10,1,62629.78,Social Media,0,0.003333333333333333,0,Low
CUST00269,77,3,91177.81,Paid Search,0,0.01661764705882353,0,Low
CUST00270,55,1,61876.95,Organic,0,0.0,0,
CUST00271,269,1,14578.17,Social Media,1,0.9954969078540504,1,High
CUST00274,26,3,50013.45,Referral,0,0.0,0,
CUST00277,35,6,151292.4,Organic,0,0.004,0,Low
CUST00278,23,2,26151.01,Direct,0,0.0,0,
CUST00280,32,2,55772.93,Paid Search,0,0.03484377627551878,0,Low
CUST00282,314,3,150388.56,Email,1,0.9964795918367346,1,High
CUST00283,0,5,126666.06999999999,Direct,0,0.0,0,
CUST00284,105,1,67543.28,Referral,1,0.9738137958532695,1,High
CUST00286,419,2,218262.46,Referral,1,0.99,1,High
CUST00288,8,5,257110.11000000002,Organic,0,0.0009090909090909091,0,Low
CUST00289,200,2,42711.71,Direct,1,1.0,1,High
CUST00290,306,2,55379.87,Email,1,0.9868372403278063,1,High
CUST00292,462,1,1125.09,Email,1,0.9959112083568605,1,High
CUST00293,66,3,80587.21,Email,0,0.0,0,
CUST00296,22,6,413468.58999999997,Email,0,0.0,0,
CUST00298,56,3,103336.06,Social Media,0,0.014117647058823528,0,Low
CUST00300,80,3,137122.69,Direct,0,0.0,0,
CUST00301,221,1,49092.53,Referral,1,0.992559861849208,1,High
CUST00302,201,3,65330.95,Direct,1,0.9944203078450843,1,High
CUST00303,181,2,67059.95000000001,Paid Search,1,1.0,1,High
CUST00308,301,1,155098.38999999998,Direct,1,0.99,1,High
CUST00309,229,1,1831.34,Email,1,1.0,1,High
CUST00310,447,1,3206.28,Paid Search,1,0.999642857142857,1,High
CUST00311,1,5,82480.51999999999,Organic,0,0.030909090909090907,0,Low
CUST00312,42,1,9339.970000000001,Paid Search,0,0.028466763912416083,0,Low
CUST00313,22,1,2342.68,Email,0,0.0,0,
CUST00314,199,2,23211.269999999997,Direct,1,0.99,1,High
CUST00316,189,1,955.41,Direct,1,0.9867794530154279,1,High
CUST00321,80,1,54250.29,Social Media,0,0.02977915331134544,0,Low
CUST00322,134,2,43895.86,Email,1,0.9983018867924528,1,High
CUST00324,290,1,75707.68999999999,Social Media,1,0.9857456140350876,1,High
CUST00327,138,1,32173.510000000002,Social Media,1,0.9980824175824173,1,High
CUST00330,67,3,66076.65,Referral,0,0.0,0,
CUST00331,18,1,47553.02,Social Media,0,0.07958909483181328,0,Low
CUST00333,142,1,51835.59,Email,1,0.9983018867924528,1,High
CUST00335,69,3,40070.2,Paid Search,0,0.019473684210526313,0,Low
CUST00336,29,2,118575.36,Direct,0,0.0,0,
CUST00338,86,1,18517.89,Email,0,0.031917808219178084,0,Low
CUST00341,322,1,1724.58,Social Media,1,0.9982456140350877,1,High
CUST00343,7,6,444058.49999999994,Organic,0,0.02,0,Low
CUST00344,20,4,436315.59,Social Media,0,0.0,0,
CUST00345,87,2,80096.63,Email,0,0.029444444444444447,0,Low
CUST00346,601,1,5090.77,Referral,1,0.9974763099219621,1,High
CUST00350,86,1,7253.78,Organic,0,0.01,0,Low
CUST00353,176,2,38038.36,Organic,1,0.9921760757521274,1,High
CUST00356,546,2,7469.400000000001,Social Media,1,0.9916002415458937,1,High
CUST00357,3,2,15901.15,Social Media,0,0.0,0,
CUST00359,114,1,35391.39,Direct,1,0.9642099641277083,1,High
CUST00362,20,6,245518.96000000002,Organic,0,0.0,0,
CUST00363,278,3,128998.91,Referral,1,0.9994444444444445,1,High
CUST00364,224,2,6622.49,Referral,1,0.9809002818886541,1,High
CUST00366,35,2,83998.94,Paid Search,0,0.014612403100775193,0,Low
CUST00367,12,4,368108.38,Paid Search,0,0.0,0,
CUST00368,2,7,194639.8,Organic,0,0.0,0,
CUST00369,328,2,18858.47,Paid Search,1,0.975383129130151,1,High
CUST00370,79,1,7375.77,Social Media,0,0.03612049062049062,0,Low
CUST00371,31,4,110515.06000000001,Paid Search,0,0.019444444444444445,0,Low
CUST00372,7,3,158919.14,Organic,0,0.0,0,
CUST00373,14,4,155479.75,Email,0,0.0,0,
CUST00378,75,2,49559.75,Social Media,0,0.038,0,Low
CUST00379,217,2,104962.01000000001,Social Media,1,0.9841176470588234,1,High
CUST00380,97,1,54157.85,Direct,1,0.9927477742383403,1,High
CUST00381,227,2,73720.36,Email,1,0.9702904865649963,1,High
CUST00385,89,2,46205.55,Social Media,0,0.09,0,Low
CUST00386,39,3,134581.85,Organic,0,0.0025,0,Low
CUST00388,62,2,85663.06,Social Media,0,0.006279069767441861,0,Low
CUST00389,66,3,81494.15,Social Media,0,0.02041666666666667,0,Low
CUST00390,25,2,50040.43,Email,0,0.02475731439201759,0,Low
CUST00391,0,5,169541.15,Referral,0,0.0,0,
CUST00392,221,2,49551.26,Organic,1,0.9741176470588235,1,High
CUST00397,51,1,79517.45,Email,0,0.02,0,Low
CUST00398,55,1,27732.45,Paid Search,0,0.03457327799830377,0,Low
CUST00400,277,1,4683.68,Referral,1,0.9852859465219213,1,High
CUST00401,3,1,4714.35,Social Media,0,0.0,0,
CUST00402,150,1,1323.58,Paid Search,1,0.9716666666666666,1,High
CUST00406,244,3,345124.12,Email,1,1.0,1,High
CUST00407,44,2,79292.92000000001,Organic,0,0.003333333333333333,0,Low
CUST00409,11,1,5776.07,Social Media,0,0.0,0,
CUST00410,62,2,39902.82,Paid Search,0,0.024852941176470588,0,Low
CUST00411,197,1,30051.23,Email,1,0.959665255582151,1,High
CUST00414,195,1,1564.43,Organic,1,0.9898095238095237,1,High
CUST00415,21,8,343958.22,Referral,0,0.01,0,Low
CUST00417,90,3,216901.34999999998,Direct,0,0.03,0,Low
CUST00419,33,2,39938.25,Email,0,0.0,0,
CUST00423,403,1,29157.829999999998,Email,1,0.9951634222542658,1,High
CUST00427,251,1,50832.94,Referral,1,0.9971064105386139,1,High
CUST00431,48,1,11552.119999999999,Referral,0,0.04366256989854465,0,Low
CUST00437,30,3,279164.41000000003,Paid Search,0,0.01,0,Low
CUST00438,71,1,311393.44,Paid Search,0,0.0,0,
CUST00440,77,2,199158.05,Email,0,0.0489795918367347,0,Low
CUST00444,78,2,43950.350000000006,Social Media,0,0.040777777777777774,0,Low
CUST00446,53,4,191602.24999999997,Email,0,0.004,0,Low
CUST00447,68,4,93542.5,Email,0,0.0,0,
CUST00449,88,2,102923.79,Social Media,0,0.01,0,Low
CUST00450,216,3,64435.03999999999,Organic,1,0.9676699029126213,1,High
CUST00453,76,1,27400.26,Email,0,0.04847510626704216,0,Low
CUST00458,39,4,242276.37,Organic,0,0.01,0,Low
CUST00459,73,5,60748.880000000005,Paid Search,0,0.007368421052631579,0,Low
CUST00461,316,1,2319.26,Social Media,1,0.9979891304347827,1,High
CUST00462,44,2,28240.44,Referral,0,0.0,0,
CUST00463,75,1,55727.59,Direct,0,0.06766990291262136,0,Low
CUST00468,119,1,137385.93,Social Media,1,0.980915516947709,1,High
CUST00469,150,3,116113.59000000001,Paid Search,1,0.9968235294117647,1,High
CUST00470,269,2,66579.66,Referral,1,0.9894915254237289,1,High
CUST00471,0,5,120918.40000000001,Organic,0,0.010227272727272727,0,Low
CUST00472,16,2,39568.55,Social Media,0,0.0,0,
CUST00473,33,2,15757.59,Direct,0,0.02458771113179944,0,Low
CUST00474,303,1,113121.31999999999,Social Media,1,0.97,1,High
CUST00477,103,4,142652.11000000002,Organic,1,1.0,1,High
CUST00478,163,3,192661.57,Paid Search,1,0.98,1,High
CUST00479,65,1,61803.57,Direct,0,0.02206243938849117,0,Low
CUST00480,7,2,59473.16,Email,0,0.0,0,
CUST00481,16,1,1947.15,Direct,0,0.04833333333333334,0,Low
CUST00483,85,2,27621.86,Direct,0,0.045668637825500576,0,Low
CUST00486,366,2,55230.76,Email,1,0.9883018867924528,1,High
CUST00490,52,3,183166.43,Social Media,0,0.0,0,
CUST00492,33,5,162969.13,Email,0,0.009000000000000001,0,Low
CUST00496,145,2,131707.17,Social Media,1,0.9757843137254903,1,High
CUST00497,373,4,35983.12,Direct,1,1.0,1,High
CUST00502,305,2,26486.78,Referral,1,0.9950833333333332,1,High
CUST00505,102,1,31574.31,Direct,1,0.9677497386344417,1,High
CUST00507,19,2,96449.56,Social Media,0,0.0,0,
CUST00508,263,1,3341.15,Paid Search,1,0.9923350085709833,1,High
CUST00510,210,3,69047.23,Email,1,0.9956703078450844,1,High
CUST00511,64,4,307105.05,Referral,0,0.0,0,
CUST00513,251,1,33397.799999999996,Organic,1,0.9969178082191781,1,High
CUST00515,156,1,49944.74,Organic,1,0.9825624986899203,1,High
CUST00517,108,3,266626.15,Referral,1,0.9611403508771929,1,High
CUST00519,4,1,18929.7,Organic,0,0.0,0,
CUST00520,386,1,52225.43000000001,Direct,1,0.9852196950116309,1,High
CUST00521,205,2,114416.34,Referral,1,1.0,1,High
CUST00523,312,2,71083.14,Social Media,1,0.9783333333333333,1,High
CUST00525,77,2,228203.45,Paid Search,0,0.01,0,Low
CUST00527,239,2,8918.84,Direct,1,0.9987878787878788,1,High
CUST00528,1,1,44924.78,Email,0,0.0,0,
CUST00530,25,8,189082.55,Email,0,0.0,0,
CUST00533,203,1,2460.04,Email,1,0.993922310158285,1,High
CUST00534,27,3,73276.48,Direct,0,0.00875,0,Low
CUST00535,430,1,70087.67,Referral,1,0.9994915254237289,1,High
CUST00544,76,3,157233.09000000003,Paid Search,0,0.006279069767441861,0,Low
CUST00545,229,1,5565.54,Paid Search,1,0.9823350085709833,1,High
CUST00550,43,1,74890.07,Organic,0,0.05,0,Low
CUST00551,82,2,62454.84999999999,Social Media,0,0.01,0,Low
CUST00553,454,1,1075.85,Email,1,0.9964373488830011,1,High
CUST00556,45,3,122339.4,Referral,0,0.0,0,
CUST00557,129,2,154623.3,Paid Search,1,0.99,1,High
CUST00558,22,3,149436.85,Direct,0,0.0,0,
CUST00559,45,2,70805.56999999999,Email,0,0.011916666666666666,0,Low
CUST00560,538,1,30793.68,Referral,1,0.9986581920903954,1,High
CUST00562,104,2,178103.42,Referral,1,0.97,1,High
CUST00565,631,1,23495.4,Social Media,1,0.998595238095238,1,High
CUST00568,134,1,41172.72,Social Media,1,0.994062009419152,1,High
CUST00573,169,1,124859.29,Referral,1,1.0,1,High
CUST00574,118,1,4476.43,Organic,1,0.9694526497356907,1,High
CUST00577,443,1,47659.11,Social Media,1,0.995530303030303,1,High
CUST00578,255,1,2707.77,Organic,1,0.9948908001935952,1,High
CUST00579,5,1,17819.44,Referral,0,0.0,0,
CUST00581,249,5,275301.8,Direct,1,0.9666666666666666,1,High
CUST00582,11,3,29185.69,Paid Search,0,0.010416666666666668,0,Low
CUST00583,190,3,81566.26000000001,Organic,1,0.9988235294117647,1,High
CUST00584,13,2,30098.690000000002,Paid Search,0,0.0,0,
CUST00586,267,1,20706.379999999997,Email,1,0.9872359324756731,1,High
CUST00589,187,1,7480.96,Social Media,1,0.9919493559280492,1,High
CUST00590,113,1,25250.78,Paid Search,1,0.9928333251668872,1,High
CUST00591,120,2,160296.5,Email,1,0.9788235294117646,1,High
CUST00594,288,2,290835.58999999997,Referral,1,0.97,1,High
CUST00595,213,1,42279.01,Email,1,0.9836652555821509,1,High
CUST00597,303,1,2114.11,Paid Search,1,0.9985714285714287,1,High
CUST00598,66,2,47779.61,Referral,0,0.0,0,
CUST00599,3,4,180208.95,Social Media,0,0.010584795321637426,0,Low
CUST00601,49,2,82279.06,Social Media,0,0.01,0,Low
CUST00602,42,5,173703.68,Referral,0,0.0,0,
CUST00603,105,4,99877.9,Direct,1,0.95,1,High
CUST00604,40,2,167753.17,Email,0,0.0,0,
CUST00605,66,3,138933.01,Paid Search,0,0.0,0,
CUST00607,67,2,36126.59,Referral,0,0.0,0,
CUST00612,77,3,42414.24,Direct,0,0.0,0,
CUST00613,11,1,1099.04,Organic,0,0.0,0,
CUST00614,3,5,78565.17,Referral,0,0.0,0,
CUST00615,100,1,30077.239999999998,Social Media,1,1.0,1,High
CUST00618,242,2,91913.56,Referral,1,0.9936124031007751,1,High
CUST00620,65,3,161147.97,Social Media,0,0.01,0,Low
CUST00623,248,1,32197.98,Social Media,1,0.9912651410078592,1,High
CUST00626,128,1,1236.33,Social Media,1,0.9885714285714287,1,High
CUST00627,90,5,85214.15000000001,Social Media,0,0.06944444444444445,0,Low
CUST00629,84,5,142065.68,Email,0,0.0,0,
CUST00631,9,3,79249.84,Organic,0,0.002352941176470588,0,Low
CUST00632,513,1,37418.68,Email,1,0.990893134475393,1,High
CUST00634,143,1,42510.79,Organic,1,0.9971428571428572,1,High
CUST00635,22,2,74445.65,Paid Search,0,0.0,0,
CUST00637,50,2,127073.17000000001,Referral,0,0.0,0,
CUST00638,246,1,61128.43,Social Media,1,0.9890335392762577,1,High
CUST00639,133,1,63306.44,Email,1,0.985,1,High
CUST00640,62,5,420284.93,Organic,0,0.0,0,
CUST00641,117,2,94391.93,Social Media,1,0.99,1,High
CUST00642,88,8,353375.88,Email,0,0.05,0,Low
CUST00643,5,6,164957.99000000002,Paid Search,0,0.01,0,Low
CUST00648,21,1,46307.69,Referral,0,0.0,0,
CUST00650,30,1,142868.34999999998,Social Media,0,0.015,0,Low
CUST00651,470,5,286861.71,Email,1,0.99,1,High
CUST00652,16,3,200416.81,Email,0,0.0,0,
CUST00653,61,1,61155.63,Referral,0,0.020227272727272726,0,Low
CUST00654,105,1,32788.57,Direct,1,0.9977890662796324,1,High
CUST00656,16,1,4491.14,Organic,0,0.0,0,
CUST00661,91,1,7535.46,Direct,1,0.91,1,High
CUST00662,87,1,57258.66,Social Media,0,0.05585081585081585,0,Low
CUST00663,18,2,174663.17,Paid Search,0,0.01,0,Low
CUST00665,15,7,293671.57999999996,Referral,0,0.0,0,
CUST00667,15,1,3986.19,Social Media,0,0.06671812545410022,0,Low
CUST00670,97,4,220850.25999999998,Referral,1,0.948,1,High
CUST00672,89,2,62047.36,Email,0,0.050707153231663034,0,Low
CUST00676,14,4,28900.33,Paid Search,0,0.025555555555555554,0,Low
CUST00680,531,1,17961.46,Direct,1,0.9964416177429877,1,High
CUST00681,12,1,23362.18,Paid Search,0,0.0,0,
CUST00685,32,2,62948.01,Direct,0,0.02,0,Low
CUST00686,7,5,195904.38,Social Media,0,0.0,0,
CUST00688,73,5,273673.13,Direct,0,0.0011111111111111111,0,Low
CUST00693,275,1,20019.600000000002,Direct,1,0.9969178082191781,1,High
CUST00694,271,2,32746.37,Organic,1,0.9883018867924528,1,High
CUST00695,668,1,3293.85,Email,1,0.9964373488830011,1,High
CUST00700,127,2,22775.050000000003,Organic,1,0.9960032362459547,1,High
CUST00701,16,5,227823.11000000002,Social Media,0,0.01,0,Low
CUST00702,75,1,515.42,Email,0,0.017142857142857144,0,Low
CUST00704,264,1,62968.65,Organic,1,0.9933668218573879,1,High
CUST00705,338,1,5698.66,Email,1,0.9976319875776397,1,High
CUST00706,6,4,79721.78,Direct,0,0.0,0,
CUST00710,7,1,26547.28,Organic,0,0.01,0,Low
CUST00711,76,3,85887.28,Referral,0,0.07,0,Low
CUST00712,406,1,44291.42,Social Media,1,0.9950174825174823,1,High
CUST00714,228,1,29708.16,Email,1,0.9969178082191781,1,High
CUST00720,403,2,120501.49,Paid Search,1,0.9940568475452196,1,High
CUST00721,217,3,114051.17,Social Media,1,0.99,1,High
CUST00722,333,2,28836.980000000003,Organic,1,0.9870833333333334,1,High
CUST00723,70,5,296377.44,Direct,0,0.0,0,
CUST00724,21,2,100194.66,Organic,0,0.0,0,
CUST00725,58,2,60793.23,Social Media,0,0.0045343137254901964,0,Low
CUST00726,233,1,33511.81,Social Media,1,0.9960044955044952,1,High
CUST00729,272,1,15644.24,Organic,1,0.9938679776149998,1,High
CUST00730,124,2,133423.65,Social Media,1,0.93,1,High
CUST00732,319,1,126285.01,Paid Search,1,1.0,1,High
CUST00734,35,1,67775.42,Organic,0,0.0009090909090909091,0,Low
CUST00735,302,2,45762.76,Referral,1,0.9957777777777779,1,High
CUST00736,233,1,7018.6,Paid Search,1,0.9952859465219213,1,High
CUST00739,15,2,24865.690000000002,Social Media,0,0.01,0,Low
CUST00740,185,1,982.14,Paid Search,1,0.9699122807017544,1,High
CUST00741,118,1,21856.16,Organic,1,0.9955325268338967,1,High
CUST00743,69,1,22027.73,Referral,0,0.025873679812050434,0,Low
CUST00746,84,1,127914.06000000001,Paid Search,0,0.03591551694770908,0,Low
CUST00748,238,2,186681.33,Paid Search,1,0.9785833333333334,1,High
CUST00750,85,1,48945.42999999999,Organic,0,0.053834413626349525,0,Low
CUST00752,135,3,78775.75,Direct,1,0.9888235294117647,1,High
CUST00753,0,6,271581.09,Email,0,0.0,0,
CUST00755,56,1,233333.41,Social Media,0,0.005,0,Low
CUST00756,232,1,39901.4,Paid Search,1,0.9936679134598494,1,High
CUST00757,9,6,217991.11,Organic,0,0.0,0,
CUST00763,231,1,13133.45,Email,1,0.9962413314840499,1,High
CUST00766,365,1,3541.62,Paid Search,1,0.9995454545454545,1,High
CUST00768,14,2,55470.090000000004,Organic,0,0.04830188679245283,0,Low
CUST00770,19,2,9201.94,Referral,0,0.0,0,
CUST00773,18,4,97812.16,Email,0,0.0,0,
CUST00779,120,5,207875.12,Email,1,0.9893181818181819,1,High
CUST00780,85,1,13707.02,Direct,0,0.020318124256494877,0,Low
CUST00784,223,3,164342.73,Direct,1,0.9988235294117647,1,High
CUST00786,87,2,216320.61,Direct,0,0.01,0,Low
CUST00789,173,2,92337.63,Direct,1,0.99,1,High
CUST00793,203,2,149783.38,Organic,1,0.9941176470588234,1,High
CUST00797,12,3,129451.4,Referral,0,0.0,0,
CUST00804,27,1,68876.26,Social Media,0,0.027897175639894085,0,Low
CUST00808,503,1,102270.7,Organic,1,1.0,1,High
CUST00809,159,2,5403.49,Organic,1,0.9965244839701362,1,High
CUST00810,108,1,44375.84,Referral,1,0.9843316315541576,1,High
CUST00811,396,1,46925.2,Direct,1,0.9929710565533151,1,High
CUST00815,7,2,19537.99,Organic,0,0.0,0,
CUST00816,112,1,10729.37,Email,1,1.0,1,High
CUST00817,109,1,19115.41,Email,1,0.9848225131633568,1,High
CUST00819,24,1,12187.24,Referral,0,0.0325,0,Low
CUST00821,393,1,2358.02,Referral,1,0.9995454545454545,1,High
CUST00822,21,2,168492.35,Social Media,0,0.0,0,
CUST00823,179,1,4935.400000000001,Email,1,0.989960981399352,1,High
CUST00826,117,2,85872.88,Email,1,0.9977777777777778,1,High
CUST00827,84,3,37367.880000000005,Social Media,0,0.026279069767441862,0,Low
CUST00828,161,4,113409.7,Email,1,0.9894736842105263,1,High
CUST00830,14,1,3394.83,Referral,0,0.0,0,
CUST00834,81,1,74395.92,Social Media,0,0.03,0,Low
CUST00835,40,1,3199.04,Direct,0,0.0,0,
CUST00837,11,3,159559.96000000002,Social Media,0,0.004117647058823529,0,Low
CUST00842,302,1,2629.19,Social Media,1,0.9867794530154279,1,High
CUST00844,351,1,140663.35,Email,1,0.9883333333333333,1,High
CUST00845,17,1,15989.7,Email,0,0.027235932475672957,0,Low
CUST00847,161,3,117499.41,Referral,1,0.9994444444444445,1,High
CUST00848,56,1,74274.95,Direct,0,0.00830188679245283,0,Low
CUST00849,7,8,418898.51,Direct,0,0.02,0,Low
CUST00850,35,1,25646.9,Organic,0,0.03803712462153551,0,Low
CUST00851,33,5,330118.18,Paid Search,0,0.0,0,
CUST00852,77,3,46316.770000000004,Direct,0,0.0,0,
CUST00853,520,1,31451.379999999997,Social Media,1,0.9937558570461795,1,High
CUST00855,190,2,99222.59,Organic,1,1.0,1,High
CUST00856,37,1,150206.37,Direct,0,0.00125,0,Low
CUST00859,31,1,142345.42,Direct,0,0.01,0,Low
CUST00860,1,6,249192.76,Paid Search,0,0.0,0,
CUST00862,61,1,15561.5,Direct,0,0.0,0,
CUST00864,81,1,146646.24,Direct,0,0.020227272727272726,0,Low
CUST00866,27,2,6138.98,Social Media,0,0.07722537878787879,0,Low
CUST00870,25,3,213995.93,Social Media,0,0.0,0,
CUST00875,39,2,147461.7,Social Media,0,0.0,0,
CUST00876,8,3,381861.11000000004,Social Media,0,0.0,0,
CUST00877,62,3,98728.17,Social Media,0,0.0025,0,Low
CUST00878,32,3,325479.98,Organic,0,0.0,0,
CUST00879,10,2,40189.380000000005,Paid Search,0,0.0,0,
CUST00880,79,2,57967.5,Paid Search,0,0.008,0,Low
CUST00881,83,2,243223.9,Referral,0,0.09022727272727274,0,Low
CUST00884,16,2,154498.07,Organic,0,0.0,0,
CUST00886,4,2,36752.75,Referral,0,0.0196875,0,Low
CUST00889,172,3,139400.16,Direct,1,1.0,1,High
CUST00890,243,2,40524.66,Paid Search,1,0.9977777777777778,1,High
CUST00891,122,2,83333.98999999999,Paid Search,1,0.988,1,High
CUST00892,55,7,240959.77000000002,Organic,0,0.0,0,
CUST00893,2,1,20023.81,Social Media,0,0.0,0,
CUST00894,9,1,67495.87,Direct,0,0.00022727272727272727,0,Low
CUST00897,36,3,110897.78000000001,Organic,0,0.0,0,
CUST00899,139,1,3458.83,Referral,1,0.9963249075608823,1,High
CUST00901,21,3,20822.04,Email,0,0.0,0,
CUST00905,55,2,74691.81,Email,0,0.0,0,
CUST00909,393,2,82877.43,Direct,1,1.0,1,High
CUST00910,194,2,73510.70999999999,Referral,1,0.9836124031007752,1,High
CUST00911,81,4,97397.38,Social Media,0,0.008,0,Low
CUST00912,119,1,1142.69,Direct,1,0.995,1,High
CUST00916,63,4,222917.28,Referral,0,0.01,0,Low
CUST00918,58,7,505860.37,Paid Search,0,0.0,0,
CUST00921,64,1,20993.06,Email,0,0.0,0,
CUST00922,317,2,258524.41,Referral,1,0.99,1,High
CUST00923,323,2,10156.82,Organic,1,0.9887878787878788,1,High
CUST00924,143,1,48806.87,Direct,1,0.9977890662796324,1,High
CUST00929,100,1,78752.57,Paid Search,1,0.9393257470684655,1,High
CUST00932,1,5,147757.84,Direct,0,0.0,0,
CUST00934,295,1,2645.33,Referral,1,0.9921876162807338,1,High
CUST00938,213,2,55485.619999999995,Email,1,0.99,1,High
CUST00939,54,2,71383.59,Social Media,0,0.0,0,
CUST00941,5,2,14670.33,Direct,0,0.0,0,
CUST00945,1,4,115102.89,Direct,0,0.02,0,Low
CUST00946,2,2,22484.73,Social Media,0,0.025871212121212118,0,Low
CUST00949,584,1,3864.57,Direct,1,0.9964373488830011,1,High
CUST00950,0,7,223681.15,Direct,0,0.01,0,Low
CUST00951,1,5,83365.98000000001,Organic,0,0.0025,0,Low
CUST00954,24,1,21789.97,Email,0,0.029829016576038613,0,Low
CUST00957,186,1,19180.82,Email,1,0.9949069386539608,1,High
CUST00958,10,2,126159.26,Paid Search,0,0.0,0,
CUST00962,44,3,172306.86,Referral,0,0.0,0,
CUST00967,6,2,38218.42,Direct,0,0.06,0,Low
CUST00970,37,4,96813.4,Referral,0,0.0,0,
CUST00972,9,3,88927.72,Email,0,0.0,0,
CUST00973,250,1,1469.5,Email,1,0.9967794530154279,1,High
CUST00977,103,2,32310.93,Paid Search,1,0.9870833333333334,1,High
CUST00978,11,2,102641.08,Referral,0,0.0025,0,Low
CUST00983,103,2,44912.72,Social Media,1,0.9955555555555555,1,High
CUST00984,93,7,162520.94,Social Media,1,0.9025,1,High
CUST00986,47,1,18077.94,Paid Search,0,0.0,0,
CUST00989,482,1,176280.18,Email,1,0.9989795918367347,1,High
CUST00990,45,1,14292.18,Organic,0,0.027235932475672957,0,Low
CUST00991,132,3,121931.36,Email,1,0.9521176470588236,1,High
CUST00993,37,1,13969.62,Referral,0,0.0,0,
CUST00996,70,1,5247.07,Organic,0,0.025574607856799988,0,Low
CUST00997,426,1,23420.82,Paid Search,1,0.994839886141256,1,High
CUST01000,27,3,147637.27,Direct,0,0.008823529411764706,0,Low
CUST01001,6,4,45175.55,Organic,0,0.013055555555555556,0,Low
CUST01002,31,5,175516.42,Direct,0,0.0018181818181818182,0,Low
CUST01004,53,2,27195.440000000002,Paid Search,0,0.036770833333333336,0,Low
CUST01005,423,1,20452.9,Email,1,0.9923528260998481,1,High
CUST01008,363,1,45063.39,Organic,1,0.9890935055329068,1,High
CUST01011,0,2,32994.31,Paid Search,0,0.030707153231663037,0,Low
CUST01012,364,1,11223.98,Organic,1,0.9982456140350877,1,High
CUST01019,206,4,121134.02,Email,1,0.9894736842105263,1,High
CUST01020,265,3,68801.47,Referral,1,1.0,1,High
CUST01021,86,3,61346.29,Paid Search,0,0.01852578068264343,0,Low
CUST01024,340,4,248544.32,Email,1,0.98,1,High
CUST01026,22,5,140769.48,Direct,0,0.0,0,
CUST01027,28,8,269237.14,Email,0,0.0,0,
CUST01028,211,1,2538.46,Organic,1,0.9957404919764669,1,High
CUST01029,58,2,88232.01000000001,Paid Search,0,0.0,0,
CUST01030,132,2,36878.7,Direct,1,0.9983018867924528,1,High
CUST01031,11,2,55935.590000000004,Email,0,0.0,0,
CUST01032,63,2,72861.26999999999,Organic,0,0.0,0,
CUST01035,107,1,53396.75,Organic,1,0.9678019480519481,1,High
CUST01039,173,2,87409.59,Social Media,1,0.9996875,1,High
CUST01040,153,1,8841.28,Direct,1,0.9840681242564949,1,High
CUST01041,54,2,24509.86,Social Media,0,0.07109523809523809,0,Low
CUST01042,10,1,9784.830000000002,Social Media,0,0.0,0,
CUST01043,354,6,335690.49,Paid Search,1,0.99,1,High
CUST01044,231,1,1144.77,Email,1,0.9967794530154279,1,High
CUST01045,32,3,193659.02000000002,Paid Search,0,0.0,0,
CUST01048,156,4,252615.90999999997,Paid Search,1,0.9716666666666666,1,High
CUST01049,119,1,67077.84,Organic,1,0.9879047049441786,1,High
CUST01050,2,4,152738.33,Direct,0,0.0,0,
CUST01052,180,2,222247.09999999998,Direct,1,0.99,1,High
CUST01056,152,1,10650.46,Direct,1,0.9881961196820944,1,High
CUST01060,130,4,339475.62,Paid Search,1,0.9794736842105263,1,High
CUST01063,13,3,237456.2,Direct,0,0.0,0,
CUST01067,217,1,3188.74,Social Media,1,0.974279453015428,1,High
CUST01069,432,1,2809.42,Email,1,1.0,1,High
CUST01070,21,2,24280.3,Direct,0,0.01,0,Low
CUST01071,113,3,145913.22,Social Media,1,0.9962790697674418,1,High
CUST01072,397,1,27989.489999999998,Social Media,1,0.9965306360306359,1,High
CUST01073,44,1,1923.06,Social Media,0,0.0863249075608823,0,Low
CUST01077,1,5,45871.07,Direct,0,0.01,0,Low
CUST01078,55,2,111960.39,Direct,0,0.01,0,Low
CUST01079,2,2,180428.58000000002,Referral,0,0.0,0,
CUST01081,258,2,100241.43,Referral,1,0.9996875,1,High
CUST01083,21,3,77759.13,Organic,0,0.002352941176470588,0,Low
CUST01084,53,1,36592.770000000004,Direct,0,0.024573277998303774,0,Low
CUST01089,1,4,193547.94,Referral,0,0.011818181818181818,0,Low
CUST01090,66,2,230539.9,Email,0,0.01,0,Low
CUST01091,142,1,1533.83,Direct,1,1.0,1,High
CUST01092,140,2,73764.0,Email,1,0.9583333333333335,1,High
CUST01093,35,4,314847.0,Paid Search,0,0.0,0,
CUST01095,89,1,66059.68000000001,Email,0,0.052088356453881914,0,Low
CUST01096,4,4,134350.33000000002,Social Media,0,0.0,0,
CUST01100,81,1,5164.95,Organic,0,0.019659090909090907,0,Low
CUST01101,139,4,36681.46,Direct,1,1.0,1,High
CUST01102,47,3,169835.46,Social Media,0,0.0,0,
CUST01106,27,1,18640.82,Email,0,0.0,0,
CUST01107,172,1,38856.93,Direct,1,0.9931417729337088,1,High
CUST01110,33,3,86560.55,Direct,0,0.0025,0,Low
CUST01112,2,1,7119.969999999999,Email,0,0.0,0,
CUST01116,507,1,53987.02,Organic,1,0.99544474393531,1,High
CUST01118,57,2,99352.99,Email,0,0.0,0,
CUST01120,320,1,55427.02,Social Media,1,0.9927339327339326,1,High
CUST01121,76,1,115464.82,Paid Search,0,0.009325747068465515,0,Low
CUST01122,36,1,80576.40000000001,Direct,0,0.00022727272727272727,0,Low
CUST01124,17,2,92890.79000000001,Organic,0,0.0,0,
CUST01126,59,1,229296.65,Referral,0,0.010909090909090908,0,Low
CUST01129,133,1,3088.73,Organic,1,0.991456989247312,1,High
CUST01131,229,1,2200.69,Direct,1,0.9924350178806701,1,High
CUST01132,19,2,23251.63,Email,0,0.0,0,
CUST01134,21,1,22025.85,Email,0,0.0,0,
CUST01135,104,1,55117.12,Social Media,1,1.0,1,High
CUST01136,73,2,227384.93,Referral,0,0.02,0,Low
CUST01138,0,1,65484.03999999999,Direct,0,0.03712541620421754,0,Low
CUST01139,260,3,8805.94,Organic,1,0.9890873015873015,1,High
CUST01140,175,3,61441.05,Social Media,1,0.9644444444444444,1,High
CUST01145,59,3,84303.72,Paid Search,0,0.006279069767441861,0,Low
CUST01148,361,1,1162.2,Paid Search,1,0.9995454545454545,1,High
CUST01149,325,1,47086.030000000006,Paid Search,1,0.9931417729337088,1,High
CUST01150,610,1,23159.46,Direct,1,0.9964416177429877,1,High
CUST01152,433,1,3690.13,Referral,1,0.9952859465219213,1,High
CUST01156,369,1,18250.74,Referral,1,0.9950778750235273,1,High
CUST01157,135,1,197644.8,Paid Search,1,0.9416558441558442,1,High
CUST01158,192,1,17667.48,Paid Search,1,0.9949069386539608,1,High
CUST01159,46,1,41222.47,Organic,0,0.0,0,
CUST01161,269,1,4180.2,Email,1,0.9925540654997177,1,High
CUST01162,33,4,49262.46000000001,Referral,0,0.0,0,
CUST01164,88,4,46797.66,Email,0,0.029444444444444447,0,Low
CUST01166,0,3,200458.36000000002,Paid Search,0,0.0009090909090909091,0,Low
CUST01167,352,2,32139.33,Organic,1,0.9952196950116309,1,High
CUST01171,122,2,25032.36,Direct,1,0.97,1,High
CUST01172,377,1,27764.95,Organic,1,0.990893134475393,1,High
CUST01174,242,1,72829.68000000001,Organic,1,0.9978256963162623,1,High
CUST01175,65,2,43219.58,Social Media,0,0.04041666666666667,0,Low
CUST01176,1,7,174525.94,Paid Search,0,0.00981818181818182,0,Low
CUST01178,5,1,69070.42,Direct,0,0.0,0,
CUST01180,46,2,82676.74,Referral,0,0.0,0,
CUST01181,21,1,24161.09,Direct,0,0.01,0,Low
CUST01182,112,1,8377.31,Referral,1,0.989279453015428,1,High
CUST01183,0,5,488098.77,Organic,0,0.01,0,Low
CUST01185,90,1,21703.870000000003,Social Media,0,0.08,0,Low
CUST01186,25,2,103541.11,Organic,0,0.01,0,Low
CUST01189,118,1,117053.38,Organic,1,0.9609090909090909,1,High
CUST01191,0,6,318287.17000000004,Direct,0,0.0,0,
CUST01192,151,3,24508.28,Direct,1,0.95,1,High
CUST01193,7,5,52945.24,Organic,0,0.01,0,Low
CUST01194,8,1,14109.15,Social Media,0,0.0,0,
CUST01196,83,1,19625.690000000002,Direct,0,0.03869292172298479,0,Low
CUST01197,81,2,27407.56,Email,0,0.04,0,Low
CUST01198,97,3,127307.42,Email,1,0.96,1,High
CUST01199,36,2,199328.14,Email,0,0.0,0,
CUST01202,158,3,99765.61,Email,1,0.9994736842105263,1,High
CUST01204,357,1,23430.32,Organic,1,0.9946691697608623,1,High
CUST01207,231,1,1479.48,Direct,1,0.9889891304347826,1,High
CUST01209,41,1,21588.43,Social Media,0,0.0,0,
CUST01210,2,1,21953.37,Paid Search,0,0.0,0,
CUST01212,52,1,119327.81,Direct,0,0.0,0,
CUST01213,105,1,37142.41,Organic,1,0.9696831797235024,1,High
CUST01216,2,3,221943.95,Email,0,0.0,0,
CUST01218,77,2,15685.800000000001,Referral,0,0.05678787878787879,0,Low
CUST01220,38,4,140962.0,Direct,0,0.0014285714285714286,0,Low
CUST01222,67,2,8652.17,Direct,0,0.03,0,Low
CUST01223,24,4,128318.67,Paid Search,0,0.0,0,
CUST01226,4,3,76811.96999999999,Email,0,0.0,0,
CUST01229,56,3,157847.42,Organic,0,0.0,0,
CUST01232,214,3,41867.81,Direct,1,0.97,1,High
CUST01235,240,1,43833.08,Organic,1,0.9923625521544881,1,High
CUST01236,14,1,30184.2,Organic,0,0.0,0,
CUST01238,114,4,226885.38999999998,Organic,1,0.98,1,High
CUST01239,88,2,64699.869999999995,Email,0,0.02,0,Low
CUST01241,40,3,150802.46000000002,Email,0,0.0,0,
CUST01242,211,1,19831.08,Social Media,1,0.9806431603315309,1,High
CUST01243,103,1,19021.68,Organic,1,0.9946590909090909,1,High
CUST01244,481,2,30019.36,Referral,1,0.997193545625749,1,High
CUST01245,109,1,197125.89,Direct,1,0.99,1,High
CUST01246,103,2,69568.42,Paid Search,1,0.9510257806826433,1,High
CUST01247,539,1,4016.58,Email,1,0.9967794530154279,1,High
CUST01248,68,2,19692.38,Organic,0,0.04878787878787879,0,Low
CUST01249,82,2,92508.04999999999,Email,0,0.0,0,
CUST01250,201,3,67173.98000000001,Social Media,1,0.993,1,High
CUST01251,39,3,116114.34,Email,0,0.0,0,
CUST01253,150,1,4494.47,Organic,1,0.9703246078568,1,High
CUST01254,78,2,89505.31999999999,Direct,0,0.01,0,Low
CUST01257,59,2,166099.11000000002,Organic,0,0.01,0,Low
CUST01259,220,1,7195.64,Direct,1,0.999642857142857,1,High
CUST01260,91,1,32294.66,Email,1,0.9770922093730979,1,High
CUST01261,34,4,109074.37,Paid Search,0,0.01627906976744186,0,Low
CUST01262,10,1,27778.64,Email,0,0.0,0,
CUST01263,292,3,71364.20999999999,Organic,1,0.9973684210526315,1,High
CUST01267,17,3,107016.32,Paid Search,0,0.0,0,
CUST01269,15,7,446131.17000000004,Referral,0,0.0,0,
CUST01271,131,1,28481.839999999997,Email,1,0.9926655824575183,1,High
CUST01273,129,1,47858.72,Social Media,1,0.990997074354217,1,High
CUST01274,19,1,19718.159999999996,Direct,0,0.0,0,
CUST01275,44,1,18218.75,Paid Search,0,0.0,0,
CUST01276,82,1,79453.99,Email,0,0.006,0,Low
CUST01279,31,2,25693.05,Paid Search,0,0.0,0,
CUST01280,237,1,27907.18,Organic,1,0.982217539885284,1,High
CUST01283,525,1,70195.64,Direct,1,0.9983018867924528,1,High
CUST01286,18,5,81835.47,Paid Search,0,0.0,0,
CUST01288,58,4,77090.79000000001,Direct,0,0.00875,0,Low
CUST01290,58,3,94510.17000000001,Paid Search,0,0.0,0,
CUST01291,27,1,9536.050000000001,Referral,0,0.01,0,Low
CUST01292,35,4,99129.39,Organic,0,0.009473684210526315,0,Low
CUST01293,130,1,49216.11,Social Media,1,0.9643458781362009,1,High
CUST01298,96,2,86489.71,Referral,1,0.99,1,High
CUST01299,34,4,193924.98,Social Media,0,0.01,0,Low
CUST01300,366,2,56217.979999999996,Referral,1,0.9994915254237289,1,High
CUST01303,43,1,140727.03,Email,0,0.0,0,
CUST01304,8,1,94306.55000000002,Referral,0,0.00022727272727272727,0,Low
CUST01305,86,1,31749.550000000003,Referral,0,0.03,0,Low
CUST01306,24,1,1075.82,Organic,0,0.04,0,Low
CUST01308,184,2,43893.479999999996,Social Media,1,0.9977777777777778,1,High
CUST01309,416,1,129934.78,Referral,1,1.0,1,High
CUST01310,8,3,9672.380000000001,Social Media,0,0.03847537878787879,0,Low
CUST01311,23,4,94670.54,Paid Search,0,0.0,0,
CUST01312,193,1,26730.21,Social Media,1,0.9912651410078592,1,High
CUST01314,1,3,229675.48,Organic,0,0.0,0,
CUST01317,299,1,28980.379999999997,Referral,1,0.9950284884606918,1,High
CUST01318,414,1,178404.12,Email,1,0.986,1,High
CUST01319,222,1,29148.53,Paid Search,1,0.9952196950116309,1,High
CUST01322,131,1,90812.25,Paid Search,1,0.97,1,High
CUST01325,54,7,67319.05,Referral,0,0.03,0,Low
CUST01326,54,3,255882.91,Paid Search,0,0.0,0,
CUST01333,197,2,35776.479999999996,Paid Search,1,0.99,1,High
CUST01334,57,3,102260.0,Organic,0,0.03,0,Low
CUST01335,5,1,28417.38,Organic,0,0.04214285714285714,0,Low
CUST01336,173,3,72759.51,Organic,1,1.0,1,High
CUST01340,174,2,149067.13999999998,Direct,1,0.9976699029126214,1,High
CUST01341,9,2,17112.97,Paid Search,0,0.0,0,
CUST01343,580,1,6794.09,Direct,1,0.9843594268050789,1,High
CUST01345,181,2,25631.79,Direct,1,0.9971428571428571,1,High
CUST01346,22,5,187094.52999999997,Email,0,0.0051111111111111105,0,Low
CUST01347,119,3,57465.09,Paid Search,1,0.9502904865649963,1,High
CUST01348,52,5,165733.58000000002,Direct,0,0.0,0,
CUST01349,19,5,351719.19,Email,0,0.0,0,
CUST01350,19,3,317205.46,Organic,0,0.0,0,
CUST01352,6,6,179017.87,Email,0,0.0,0,
CUST01353,505,1,2594.39,Organic,1,0.9974458874458874,1,High
CUST01355,5,4,94807.66,Social Media,0,0.0,0,
CUST01356,35,3,145212.2,Paid Search,0,0.01627906976744186,0,Low
CUST01363,233,2,22370.45,Paid Search,1,0.9958712121212122,1,High
CUST01364,158,1,58315.34,Email,1,0.995,1,High
CUST01373,2,5,98994.43000000001,Email,0,0.0,0,
CUST01374,314,1,15344.16,Referral,1,0.9940574668602619,1,High
CUST01376,13,2,23345.869999999995,Referral,0,0.0,0,
CUST01377,49,1,7724.98,Referral,0,0.0,0,
CUST01378,23,4,142928.94,Organic,0,0.0,0,
CUST01379,102,2,62325.15,Social Media,1,0.94,1,High
CUST01380,377,1,2166.05,Referral,1,0.9963249075608823,1,High
CUST01383,16,1,225584.39,Paid Search,0,0.00022727272727272727,0,Low
CUST01388,616,1,22194.44,Organic,1,0.9908010445480666,1,High
CUST01389,48,2,71571.61,Organic,0,0.024922839506172842,0,Low
CUST01390,10,1,61991.72,Referral,0,0.00125,0,Low
CUST01393,603,1,9069.39,Email,1,0.9957404919764669,1,High
CUST01394,222,3,142428.08000000002,Direct,1,1.0,1,High
CUST01396,8,2,128358.19,Email,0,0.0,0,
CUST01397,46,3,164241.18,Social Media,0,0.0,0,
CUST01399,70,2,108338.42000000001,Paid Search,0,0.006279069767441861,0,Low
CUST01403,10,2,21083.73,Referral,0,0.0,0,
CUST01404,29,5,126260.59999999999,Organic,0,0.01,0,Low
CUST01407,167,1,19761.33,Direct,1,0.9924472612346059,1,High
CUST01408,186,1,7365.19,Email,1,0.989659090909091,1,High
CUST01411,87,1,31358.65,Email,0,0.05541964154706319,0,Low
CUST01412,118,1,1948.46,Organic,1,0.9871236559139784,1,High
CUST01415,100,1,11912.23,Email,1,0.995915516947709,1,High
CUST01416,49,1,131186.09,Referral,0,0.00125,0,Low
CUST01418,331,1,12543.91,Organic,1,0.9874891304347827,1,High
CUST01419,130,1,3522.14,Referral,1,0.98,1,High
CUST01423,20,3,118998.1,Paid Search,0,0.0,0,
CUST01425,66,1,24988.48,Paid Search,0,0.0,0,
CUST01429,55,1,225732.57,Direct,0,0.010227272727272727,0,Low
CUST01430,87,1,3198.0,Social Media,0,0.027912280701754385,0,Low
CUST01432,216,1,3406.29,Direct,1,0.9920833333333333,1,High
CUST01433,437,2,18776.870000000003,Direct,1,0.9787878787878788,1,High
CUST01437,201,2,43463.97,Social Media,1,0.9977777777777778,1,High
CUST01439,91,1,132693.72,Email,1,0.79,1,High
CUST01440,66,4,119708.14,Social Media,0,0.049473684210526316,0,Low
CUST01445,21,1,4777.75,Referral,0,0.028651457589828212,0,Low
CUST01446,112,3,98069.62999999999,Paid Search,1,1.0,1,High
CUST01447,324,1,18225.57,Email,1,0.9894717607077357,1,High
CUST01448,329,1,22101.64,Organic,1,0.9951634222542658,1,High
CUST01449,545,2,24577.05,Direct,1,0.999090909090909,1,High
CUST01450,115,2,119327.67,Direct,1,0.9033333333333333,1,High
CUST01451,2,4,80011.99,Direct,0,0.016083333333333335,0,Low
CUST01452,168,2,93313.6,Referral,1,0.9871428571428571,1,High
CUST01455,30,3,237347.7,Paid Search,0,0.0,0,
CUST01456,87,1,69866.16,Email,0,0.035498586574638356,0,Low
CUST01457,373,1,11124.4,Paid Search,1,0.9964373488830011,1,High
CUST01459,152,1,61433.93,Organic,1,0.99,1,High
CUST01460,79,1,51457.05,Organic,0,0.05822526087433963,0,Low
CUST01461,38,1,57668.93,Direct,0,0.027328993821712267,0,Low
CUST01464,11,2,53897.08,Paid Search,0,0.02,0,Low
CUST01471,279,1,34624.939999999995,Direct,1,0.9929710565533151,1,High
CUST01472,97,5,82769.84999999999,Organic,1,0.99,1,High
CUST01473,4,4,207549.62999999998,Referral,0,0.0009090909090909091,0,Low
CUST01474,102,1,13339.08,Email,1,0.9791084468371402,1,High
CUST01475,105,2,9617.11,Organic,1,0.9987878787878788,1,High
CUST01481,97,3,173557.76,Direct,1,0.9873333333333334,1,High
CUST01483,12,1,1300.55,Organic,0,0.03880952380952381,0,Low
CUST01486,358,1,26995.94,Paid Search,1,0.9954892367906066,1,High
CUST01488,7,2,51098.909999999996,Paid Search,0,0.0,0,
CUST01490,33,1,21539.66,Direct,0,0.0,0,
CUST01493,56,3,34200.03,Direct,0,0.0,0,
CUST01497,9,6,291097.54000000004,Social Media,0,0.0,0,
CUST01500,15,1,723.82,Direct,0,0.03,0,Low
CUST01503,144,1,51317.56,Direct,1,0.9946590909090909,1,High
CUST01504,154,1,40103.920000000006,Social Media,1,0.9919840873412299,1,High
CUST01506,97,2,113378.08,Organic,1,1.0,1,High
CUST01508,77,3,174442.36,Paid Search,0,0.025,0,Low
CUST01509,257,1,4176.93,Organic,1,0.9945336573364523,1,High
CUST01511,71,1,1017.71,Organic,0,0.0,0,
CUST01513,118,7,271519.58,Referral,1,0.98,1,High
CUST01516,143,2,25180.96,Paid Search,1,0.9929210444651326,1,High
CUST01517,474,2,165910.77,Paid Search,1,1.0,1,High
CUST01519,8,2,42507.08,Organic,0,0.0,0,
CUST01520,160,1,16151.56,Email,1,0.9860262550563182,1,High
CUST01523,39,1,98015.74,Paid Search,0,0.00022727272727272727,0,Low
CUST01524,31,3,230394.95,Organic,0,0.0,0,
CUST01525,98,4,232603.24,Email,1,0.97,1,High
CUST01526,155,2,5673.759999999999,Referral,1,0.9909002818886541,1,High
CUST01527,94,6,282898.58999999997,Direct,1,0.94,1,High
CUST01528,16,4,309848.65,Social Media,0,0.03,0,Low
CUST01530,54,3,68168.70000000001,Email,0,0.01,0,Low
CUST01533,60,7,661804.26,Organic,0,0.0,0,
CUST01536,1,1,3087.09,Organic,0,0.0,0,
CUST01538,160,1,28295.71,Social Media,1,0.9900554635885045,1,High
CUST01541,35,1,69791.40999999999,Email,0,0.027825696316262354,0,Low
CUST01544,185,1,45838.119999999995,Organic,1,0.9969178082191781,1,High
CUST01545,152,2,153774.53,Referral,1,0.99,1,High
CUST01547,18,2,117810.15000000001,Email,0,0.0016558441558441558,0,Low
CUST01548,8,2,82998.13,Referral,0,0.01,0,Low
CUST01549,65,2,33807.27,Social Media,0,0.01,0,Low
CUST01553,6,2,82165.28,Social Media,0,0.015,0,Low
CUST01562,201,1,19344.77,Paid Search,1,0.9928333251668872,1,High
CUST01563,155,1,36011.43,Paid Search,1,0.9919506483900498,1,High
CUST01564,160,5,251843.67,Paid Search,1,0.95,1,High
CUST01566,162,3,112305.49,Email,1,1.0,1,High
CUST01569,150,1,2687.5,Direct,1,0.996322463768116,1,High
CUST01570,52,3,214697.19,Direct,0,0.0,0,
CUST01573,324,1,16653.120000000003,Organic,1,0.9895660295630517,1,High
CUST01575,35,4,109247.05,Direct,0,0.0,0,
CUST01579,12,2,124052.37,Social Media,0,0.0,0,
CUST01580,2,1,84156.86000000002,Referral,0,0.00022727272727272727,0,Low
CUST01581,411,2,64801.119999999995,Social Media,1,0.9958508158508158,1,High
CUST01585,48,2,20092.38,Paid Search,0,0.02215028188865398,0,Low
CUST01587,237,1,1046.09,Direct,1,0.9859112083568605,1,High
CUST01588,136,1,35427.15,Direct,1,0.9918809703059961,1,High
CUST01589,519,1,16799.71,Referral,1,0.9950778750235273,1,High
CUST01591,44,3,105867.99,Direct,0,0.0,0,
CUST01592,212,1,20035.64,Paid Search,1,0.9876970289983988,1,High
CUST01595,83,1,131237.42,Organic,0,0.00022727272727272727,0,Low
CUST01597,93,3,92538.20000000001,Referral,1,0.9341176470588235,1,High
CUST01598,6,4,138040.63999999998,Organic,0,0.0,0,
CUST01599,601,1,45703.75,Paid Search,1,0.9929710565533151,1,High
CUST01602,15,1,44255.26,Organic,0,0.0,0,
CUST01603,12,2,6633.33,Paid Search,0,0.0,0,
CUST01604,390,4,110026.32,Paid Search,1,0.9963541666666668,1,High
CUST01606,117,2,57327.84,Email,1,1.0,1,High
CUST01608,205,2,24546.75,Referral,1,0.9950470809792844,1,High
CUST01610,518,1,5902.36,Email,1,0.9967794530154279,1,High
CUST01611,38,2,47600.1,Referral,0,0.0,0,
CUST01614,141,2,45884.200000000004,Direct,1,0.9961728395061727,1,High
CUST01615,267,2,58968.85,Paid Search,1,0.9834447439353099,1,High
CUST01616,105,5,147948.65,Paid Search,1,0.92,1,High
CUST01617,253,1,75473.35,Direct,1,0.9943018867924528,1,High
CUST01618,236,2,183376.47999999998,Referral,1,0.9773333333333334,1,High
CUST01620,201,1,18592.44,Organic,1,0.9725801353742236,1,High
CUST01623,329,2,42227.409999999996,Organic,1,0.9994444444444445,1,High
CUST01624,113,2,66771.63,Social Media,1,0.9862790697674418,1,High
CUST01627,29,2,20921.88,Email,0,0.03,0,Low
CUST01628,304,2,159036.66,Email,1,0.9988235294117647,1,High
CUST01629,193,1,13079.74,Email,1,0.99,1,High
CUST01630,8,4,163471.54,Social Media,0,0.0,0,
CUST01631,223,2,130204.84,Paid Search,1,0.9940568475452196,1,High
CUST01633,166,3,47460.89,Social Media,1,0.9994871794871795,1,High
CUST01636,25,1,3156.44,Referral,0,0.0,0,
CUST01637,308,1,40686.25,Referral,1,0.9915628970345742,1,High
CUST01638,626,1,66744.76000000001,Social Media,1,0.9994871794871795,1,High
CUST01640,167,1,17840.07,Paid Search,1,0.9849102324616023,1,High
CUST01642,41,1,50526.920000000006,Paid Search,0,0.05429763697266275,0,Low
CUST01643,144,5,131203.01,Referral,1,0.98,1,High
CUST01646,39,1,4953.79,Email,0,0.0,0,
CUST01648,34,1,2092.28,Direct,0,0.04333333333333334,0,Low
CUST01651,517,2,5616.0,Social Media,1,0.9846212121212122,1,High
CUST01653,145,3,128716.06,Social Media,1,0.9971875,1,High
CUST01656,43,4,202488.26,Referral,0,0.008611111111111111,0,Low
CUST01658,446,3,201280.15,Paid Search,1,0.9911403508771929,1,High
CUST01659,147,2,35519.68,Direct,1,0.9745877111317993,1,High
CUST01660,147,1,1054.62,Direct,1,0.9949999999999999,1,High
CUST01663,102,1,12679.22,Social Media,1,0.96,1,High
CUST01664,20,2,72544.0,Organic,0,0.0,0,
CUST01666,181,1,16061.26,Organic,1,0.9860262550563182,1,High
CUST01668,102,1,142506.49,Paid Search,1,0.9988235294117647,1,High
CUST01670,72,3,19583.059999999998,Organic,0,0.02,0,Low
CUST01674,67,2,296433.28,Organic,0,0.0,0,
CUST01675,255,1,48350.5,Referral,1,0.9971064105386139,1,High
CUST01678,174,1,58431.38,Social Media,1,0.9963636363636365,1,High
CUST01679,384,1,19554.69,Email,1,0.9967794530154279,1,High
CUST01682,294,1,78757.32,Social Media,1,0.9989795918367347,1,High
CUST01684,366,1,58583.53,Email,1,0.9983018867924528,1,High
CUST01686,8,3,161818.79,Direct,0,0.00022727272727272727,0,Low
CUST01688,28,1,61870.48,Paid Search,0,0.01654750082754055,0,Low
CUST01689,46,1,20698.15,Referral,0,0.0,0,
CUST01691,165,3,73433.55,Direct,1,0.98,1,High
CUST01692,1,3,92564.18000000001,Organic,0,0.0,0,
CUST01694,95,1,17012.35,Direct,1,0.9754892367906066,1,High
CUST01695,573,2,92845.97,Paid Search,1,1.0,1,High
CUST01697,104,1,29095.41,Referral,1,0.9868365695792879,1,High
CUST01698,46,2,82752.83,Email,0,0.01,0,Low
CUST01699,61,2,60277.979999999996,Direct,0,0.0,0,
CUST01700,233,4,130938.22999999998,Paid Search,1,0.9966666666666667,1,High
CUST01701,199,1,2380.28,Direct,1,0.9957404919764669,1,High
CUST01704,462,1,15228.880000000001,Referral,1,0.9981462585034012,1,High
CUST01705,112,2,24898.55,Paid Search,1,0.9960032362459547,1,High
CUST01707,247,2,204372.44000000003,Organic,1,0.9977777777777778,1,High
CUST01708,9,4,236756.48,Direct,0,0.0,0,
CUST01709,14,2,3627.75,Referral,0,0.0,0,
CUST01710,163,2,169487.68,Direct,1,0.99,1,High
CUST01713,76,4,178466.03,Paid Search,0,0.011666666666666667,0,Low
CUST01714,85,3,80412.66,Social Media,0,0.04411764705882353,0,Low
CUST01715,123,3,155229.86000000002,Paid Search,1,0.9937790697674419,1,High
CUST01716,158,3,126752.42,Referral,1,0.9911124031007752,1,High
CUST01719,0,1,72117.95,Organic,0,0.00022727272727272727,0,Low
CUST01721,32,3,210269.52000000002,Direct,0,0.0,0,
CUST01722,61,1,12624.31,Direct,0,0.0,0,
CUST01724,43,3,115687.23999999999,Social Media,0,0.01,0,Low
CUST01725,27,2,145509.05,Paid Search,0,0.0,0,
CUST01728,57,3,294615.85000000003,Organic,0,0.0,0,
CUST01729,175,1,66443.75,Referral,1,0.9994915254237289,1,High
CUST01730,63,2,68060.65,Referral,0,0.01932669025889365,0,Low
CUST01731,464,1,74548.86,Organic,1,0.9983018867924528,1,High
CUST01734,170,1,28818.67,Social Media,1,0.9860952380952379,1,High
CUST01735,4,3,79414.25,Paid Search,0,0.0,0,
CUST01736,362,1,62374.56,Direct,1,0.9904587495375509,1,High
CUST01737,236,2,34676.91,Referral,1,0.9986581920903954,1,High
CUST01738,119,2,39956.61,Paid Search,1,0.9974652777777777,1,High
CUST01743,140,1,46325.52,Email,1,0.9769178082191781,1,High
CUST01745,26,5,73236.6,Social Media,0,0.0,0,
CUST01750,26,1,1911.24,Organic,0,0.01,0,Low
CUST01751,503,2,54501.72,Social Media,1,0.9838508158508158,1,High
CUST01752,44,1,29387.25,Social Media,0,0.015555555555555555,0,Low
CUST01753,45,1,43055.59,Paid Search,0,0.02757689912826899,0,Low
CUST01756,2,3,9419.68,Organic,0,0.0,0,
CUST01759,318,1,82922.69,Referral,1,0.9882456140350877,1,High
CUST01760,72,5,324229.5,Social Media,0,0.01,0,Low
CUST01764,12,2,89970.22,Referral,0,0.0,0,
CUST01766,1,4,325986.39,Social Media,0,0.01,0,Low
CUST01770,106,1,54956.97,Direct,1,0.985,1,High
CUST01772,32,5,236033.7,Direct,0,0.0,0,
CUST01773,134,1,3281.46,Referral,1,0.99,1,High
CUST01774,9,1,28582.33,Organic,0,0.0,0,
CUST01777,2,4,145899.43,Email,0,0.0,0,
CUST01783,241,2,71055.7,Direct,1,0.99,1,High
CUST01785,89,4,135482.57,Referral,0,0.01627906976744186,0,Low
CUST01786,1,5,202759.00999999998,Paid Search,0,0.0,0,
CUST01787,32,4,100278.29999999999,Email,0,0.0,0,
CUST01788,278,1,47114.04,Organic,1,0.9960087173100871,1,High
CUST01791,137,1,13177.7,Email,1,0.996578947368421,1,High
CUST01792,146,1,24873.84,Direct,1,0.9987903225806452,1,High
CUST01793,18,1,21426.14,Referral,0,0.07916666666666666,0,Low
CUST01795,6,3,24069.34,Referral,0,0.0,0,
CUST01798,569,1,39289.08,Referral,1,0.9986581920903954,1,High
CUST01800,74,3,201812.38999999998,Email,0,0.0,0,
CUST01802,118,4,208340.16999999998,Organic,1,0.9759444444444445,1,High
CUST01803,183,2,39357.350000000006,Paid Search,1,0.9974652777777777,1,High
CUST01804,461,1,72268.58,Referral,1,0.9994915254237289,1,High
CUST01805,170,1,84920.93,Social Media,1,0.9976699029126214,1,High
CUST01809,40,2,72310.37999999999,Social Media,0,0.0,0,
CUST01810,28,1,4273.21,Referral,0,0.0,0,
CUST01812,7,3,72305.87000000001,Direct,0,0.007333333333333333,0,Low
CUST01816,661,1,5446.73,Referral,1,1.0,1,High
CUST01820,10,5,272099.59,Direct,0,0.0,0,
CUST01821,97,4,118307.59999999999,Referral,1,0.91,1,High
CUST01822,155,3,87217.28000000001,Direct,1,0.9988235294117647,1,High
CUST01823,169,3,54960.98,Paid Search,1,0.995114752289529,1,High
CUST01824,95,2,116492.50999999998,Referral,1,0.9525,1,High
CUST01825,88,5,256263.84,Email,0,0.0,0,
CUST01831,87,1,25071.23,Organic,0,0.030367221708914153,0,Low
CUST01832,6,7,220315.24,Email,0,0.0011111111111111111,0,Low
CUST01833,33,2,247402.92,Organic,0,0.018333333333333333,0,Low
CUST01834,20,2,8454.55,Social Media,0,0.015862403100775194,0,Low
CUST01835,10,3,74461.8,Referral,0,0.0,0,
CUST01836,4,4,282365.84,Direct,0,0.0,0,
CUST01837,35,2,26787.72,Paid Search,0,0.0,0,
CUST01838,36,1,4045.21,Referral,0,0.0,0,
CUST01840,107,1,77106.9,Direct,1,0.98,1,High
CUST01842,101,5,253680.31999999998,Referral,1,0.9627777777777777,1,High
CUST01843,114,3,87281.34,Referral,1,0.9821176470588235,1,High
CUST01846,278,1,3262.02,Direct,1,0.9967794530154279,1,High
CUST01848,361,2,76218.93,Direct,1,0.98,1,High
CUST01849,119,5,425072.66,Email,1,0.94,1,High
CUST01853,443,1,13097.109999999999,Direct,1,0.9974763099219621,1,High
CUST01856,563,2,74533.54,Email,1,0.9977463312368973,1,High
CUST01858,2,2,11504.14,Organic,0,0.0,0,
CUST01861,91,1,41509.08,Paid Search,1,0.9125403225806451,1,High
CUST01863,9,1,59790.16,Email,0,0.02,0,Low
CUST01865,16,3,71600.5,Organic,0,0.02070715323166304,0,Low
CUST01866,214,3,19549.39,Organic,1,0.9994444444444445,1,High
CUST01867,80,1,21622.82,Referral,0,0.0,0,
CUST01870,304,1,3163.65,Direct,1,0.9951127863487612,1,High
CUST01871,160,4,70530.87,Paid Search,1,0.9868421052631579,1,High
CUST01877,19,2,76486.65,Social Media,0,0.016200980392156863,0,Low
CUST01878,163,1,5705.6,Referral,1,0.9685714285714286,1,High
CUST01879,77,2,17083.260000000002,Organic,0,0.04,0,Low
CUST01883,28,2,117733.3,Referral,0,0.0,0,
CUST01884,114,1,61140.97,Email,1,0.99,1,High
CUST01886,631,1,74884.0,Email,1,0.9983018867924528,1,High
CUST01887,33,2,80623.74,Paid Search,0,0.0,0,
CUST01888,218,2,187477.48,Referral,1,1.0,1,High
CUST01890,171,1,55489.46,Direct,1,0.9865094090854608,1,High
CUST01891,68,3,238772.78999999998,Email,0,0.0,0,
CUST01892,176,2,53893.68,Email,1,0.99,1,High
CUST01894,27,2,68861.72,Paid Search,0,0.0016666666666666666,0,Low
CUST01895,169,1,40017.22,Email,1,0.9929710565533151,1,High
CUST01896,133,3,331341.86,Referral,1,0.91,1,High
CUST01898,189,3,306011.76,Social Media,1,0.9691176470588235,1,High
CUST01899,15,3,257541.08000000002,Paid Search,0,0.004117647058823529,0,Low
CUST01900,78,2,54761.47,Organic,0,0.003333333333333333,0,Low
CUST01903,324,2,107919.51,Social Media,1,0.9936124031007751,1,High
CUST01904,97,1,22116.42,Referral,1,0.9991666666666665,1,High
CUST01905,1,4,202449.71000000002,Email,0,0.0,0,
CUST01906,39,1,40018.33,Email,0,0.0,0,
CUST01907,12,1,14747.36,Social Media,0,0.0,0,
CUST01908,316,2,85112.79000000001,Referral,1,0.9962790697674418,1,High
CUST01909,107,3,152933.72,Social Media,1,0.9813541666666665,1,High
CUST01913,131,1,45864.5,Referral,1,1.0,1,High
CUST01917,114,2,110955.67,Email,1,0.9841176470588234,1,High
CUST01918,122,2,41673.63,Social Media,1,0.9777128851540615,1,High
CUST01919,132,2,114717.91,Direct,1,0.96,1,High
CUST01923,40,1,6355.32,Email,0,0.018745660488378935,0,Low
CUST01925,123,2,85866.04000000001,Paid Search,1,0.9862790697674418,1,High
CUST01926,11,4,34941.69,Email,0,0.03,0,Low
CUST01927,58,1,12882.93,Organic,0,0.03927945301542777,0,Low
CUST01929,5,2,193884.66,Direct,0,0.01,0,Low
CUST01930,538,1,83056.11,Paid Search,1,1.0,1,High
CUST01933,135,1,40164.07,Paid Search,1,0.9573319222488175,1,High
CUST01935,23,4,123446.53,Paid Search,0,0.0,0,
CUST01936,86,2,84761.66,Email,0,0.0,0,
CUST01938,66,2,39168.11,Email,0,0.00375,0,Low
CUST01943,40,1,26746.79,Direct,0,0.0,0,
CUST01945,250,1,3507.38,Social Media,1,0.9909946962974913,1,High
CUST01952,368,1,52927.46,Organic,1,0.9756179634098993,1,High
CUST01953,186,2,193710.25,Email,1,0.98,1,High
CUST01955,1,3,41860.92,Organic,0,0.0,0,
CUST01958,138,3,71532.62,Organic,1,0.9944938372568489,1,High
CUST01959,9,1,3378.73,Referral,0,0.02324561403508772,0,Low
CUST01960,23,1,3157.01,Email,0,0.0,0,
CUST01961,202,1,51799.1,Referral,1,0.9909871859121077,1,High
CUST01962,67,1,31838.75,Direct,0,0.0,0,
CUST01963,147,2,150445.26,Social Media,1,0.9896875,1,High
CUST01964,1,5,157157.59999999998,Organic,0,0.01677777777777778,0,Low
CUST01965,101,2,51793.58,Paid Search,1,0.968,1,High
CUST01966,117,4,114912.43,Referral,1,0.9991319444444444,1,High
CUST01967,181,1,32593.309999999998,Paid Search,1,0.9952196950116309,1,High
CUST01969,15,1,905.75,Email,0,0.05643734888300106,0,Low
CUST01970,175,1,32211.85,Social Media,1,0.9811355606758831,1,High
CUST01971,7,3,113035.72,Organic,0,0.0,0,
CUST01972,342,1,47589.34,Paid Search,1,0.9842099641277083,1,High
CUST01976,8,4,161002.65,Email,0,0.0,0,
CUST01977,43,4,45961.74,Social Media,0,0.02041666666666667,0,Low
CUST01978,27,1,544.14,Referral,0,0.018245614035087718,0,Low
CUST01980,12,2,142015.69,Referral,0,0.0,0,
CUST01981,62,1,58192.99,Referral,0,0.02239623036790744,0,Low
CUST01982,113,1,22106.42,Organic,1,0.9772359324756731,1,High
CUST01983,1,1,3128.26,Social Media,0,0.0,0,
CUST01985,50,1,57199.81,Paid Search,0,0.010831930415263749,0,Low
CUST01986,276,1,9878.84,Email,1,0.9905746078568,1,High
CUST01988,519,2,10289.310000000001,Paid Search,1,0.9970800395256917,1,High
CUST01989,224,2,156101.68000000002,Paid Search,1,0.9862790697674418,1,High
CUST01990,79,7,245332.78,Social Media,0,0.0016666666666666666,0,Low
CUST01999,99,4,321588.58,Email,1,0.95,1,High
CUST02000,34,1,20315.55,Social Media,0,0.06304459402328723,0,Low
CUST02001,101,6,98046.03,Referral,1,0.98,1,High
CUST02002,155,1,55259.26,Paid Search,1,0.9694141140296395,1,High
CUST02004,11,3,227770.50999999998,Email,0,0.0,0,
CUST02005,66,3,96512.37,Organic,0,0.0,0,
CUST02007,12,2,61503.21000000001,Email,0,0.0,0,
CUST02008,182,1,4827.89,Referral,1,0.9949288036647783,1,High
CUST02009,177,1,60486.79,Social Media,1,0.9837728937728937,1,High
CUST02010,42,3,97029.81,Referral,0,0.006279069767441861,0,Low
CUST02011,17,2,293971.65,Organic,0,0.005367647058823529,0,Low
CUST02013,107,6,113922.18,Organic,1,0.9894444444444445,1,High
CUST02014,249,1,15792.54,Direct,1,0.9872359324756731,1,High
CUST02015,154,1,31403.35,Direct,1,0.9952196950116309,1,High
CUST02020,152,1,9140.41,Paid Search,1,0.9882404919764669,1,High
CUST02022,139,1,139021.44,Referral,1,1.0,1,High
CUST02023,285,1,14751.64,Referral,1,0.9949071586431334,1,High
CUST02024,17,4,129604.79,Email,0,0.0,0,
CUST02025,3,2,94098.04000000001,Direct,0,0.0,0,
CUST02027,265,2,9349.93,Email,1,0.9860032362459547,1,High
CUST02028,90,2,147164.21,Paid Search,0,0.05,0,Low
CUST02029,56,2,54182.84,Paid Search,0,0.02217607575212753,0,Low
CUST02032,213,3,42838.78,Email,1,0.9752463312368973,1,High
CUST02035,45,1,26081.760000000002,Organic,0,0.0408194779779907,0,Low
CUST02037,68,2,190533.05,Paid Search,0,0.018333333333333333,0,Low
CUST02038,63,4,121916.52,Organic,0,0.0,0,
CUST02039,119,2,15128.49,Social Media,1,0.9756752776209298,1,High
CUST02041,173,2,182485.67,Direct,1,0.98,1,High
CUST02044,29,1,94541.9,Referral,0,0.009325747068465515,0,Low
CUST02045,123,1,51860.29,Organic,1,0.9823625521544881,1,High
CUST02046,187,2,25173.42,Direct,1,0.9987878787878788,1,High
CUST02047,18,3,58654.39,Referral,0,0.0,0,
CUST02049,276,1,59638.84,Direct,1,1.0,1,High
CUST02051,36,4,127337.97,Direct,0,0.01875,0,Low
CUST02053,409,1,21947.34,Email,1,0.9923528260998481,1,High
CUST02054,4,1,3604.51,Social Media,0,0.030433925723399407,0,Low
CUST02056,11,1,793.51,Social Media,0,0.047534584980237146,0,Low
CUST02057,48,2,101262.92000000001,Organic,0,0.01,0,Low
CUST02059,117,1,165928.96,Referral,1,0.9609090909090909,1,High
CUST02061,118,1,138413.04,Paid Search,1,0.9609090909090909,1,High
CUST02062,17,2,72332.61,Social Media,0,0.0,0,
CUST02065,269,1,19148.52,Organic,1,0.9967794530154279,1,High
CUST02067,142,2,193788.53,Direct,1,0.9961111111111112,1,High
CUST02070,238,2,77763.8,Referral,1,0.993562091503268,1,High
CUST02071,89,2,138358.56,Direct,0,0.02,0,Low
CUST02072,610,1,7140.5,Direct,1,0.9991666666666665,1,High
CUST02075,530,1,22529.45,Referral,1,0.995536963036963,1,High
CUST02076,2,1,4723.53,Organic,0,0.0420778750235272,0,Low
CUST02077,11,2,84188.76,Referral,0,0.00125,0,Low
CUST02079,6,1,16195.45,Social Media,0,0.01,0,Low
CUST02082,31,5,182947.2,Organic,0,0.0018181818181818182,0,Low
CUST02083,72,3,179436.69,Social Media,0,0.0,0,
CUST02084,484,1,39994.61,Referral,1,0.9991666666666665,1,High
CUST02088,188,1,12776.28,Referral,1,0.9730746078567999,1,High
CUST02090,694,1,41330.41,Paid Search,1,0.9901417729337088,1,High
CUST02091,127,1,1430.96,Direct,1,0.9967794530154279,1,High
CUST02092,5,2,190693.36000000002,Social Media,0,0.0,0,
CUST02093,210,2,20837.65,Referral,1,0.9870800395256917,1,High
CUST02094,34,1,11413.74,Direct,0,0.0,0,
CUST02095,416,1,1114.42,Email,1,1.0,1,High
CUST02096,225,1,15857.78,Direct,1,0.9894717607077357,1,High
CUST02099,173,1,46954.85,Paid Search,1,0.9921213647704434,1,High
CUST02101,127,1,1394.33,Organic,1,0.9865889768249515,1,High
CUST02102,226,4,52392.13,Paid Search,1,0.9820350877192981,1,High
CUST02103,42,1,13368.560000000001,Paid Search,0,0.02947176070773546,0,Low
CUST02104,112,1,33914.590000000004,Email,1,0.9842099641277083,1,High
CUST02106,3,2,29112.59,Paid Search,0,0.006589506172839505,0,Low
CUST02107,2,3,193010.14,Paid Search,0,0.0,0,
CUST02109,37,2,103092.0,Social Media,0,0.0,0,
CUST02110,65,6,303885.62,Social Media,0,0.0,0,
CUST02114,9,6,164412.73,Referral,0,0.014166666666666668,0,Low
CUST02120,305,1,5324.34,Paid Search,1,0.9891084468371402,1,High
CUST02122,49,1,4855.53,Email,0,0.009659090909090909,0,Low
CUST02124,179,4,218268.71000000002,Organic,1,0.9875,1,High
CUST02128,224,3,44610.07,Referral,1,0.9989652096342552,1,High
CUST02130,45,1,5233.2,Paid Search,0,0.0,0,
CUST02131,12,3,39488.979999999996,Paid Search,0,0.008525780682643426,0,Low
CUST02132,8,3,74523.36,Direct,0,0.019730458221024257,0,Low
CUST02134,34,2,22249.83,Paid Search,0,0.0,0,
CUST02136,249,2,56358.41,Paid Search,1,0.9962790697674418,1,High
CUST02137,44,2,145303.57,Paid Search,0,0.0,0,
CUST02142,74,1,42623.32,Social Media,0,0.025555555555555554,0,Low
CUST02143,484,1,81031.4,Paid Search,1,1.0,1,High
CUST02144,226,4,125879.51999999999,Referral,1,0.9996875,1,High
CUST02145,289,1,32963.49,Social Media,1,0.997706073496396,1,High
CUST02148,202,4,77003.54999999999,Direct,1,0.99,1,High
CUST02150,14,1,20266.22,Paid Search,0,0.0,0,
CUST02151,380,1,2250.17,Referral,1,0.9967794530154279,1,High
CUST02152,138,3,102855.18,Social Media,1,0.995,1,High
CUST02154,321,1,22713.56,Email,1,0.9925912476829402,1,High
CUST02157,398,1,17210.51,Paid Search,1,0.9916378920323795,1,High
CUST02159,353,2,22893.16,Referral,1,0.9788169485553208,1,High
CUST02161,42,6,142314.41,Referral,0,0.0225,0,Low
CUST02165,103,2,130060.96,Email,1,0.9941176470588234,1,High
CUST02167,30,5,254570.9,Paid Search,0,0.0,0,
CUST02168,0,4,29280.079999999998,Organic,0,0.0,0,
CUST02170,232,1,7019.46,Social Media,1,0.9872488502810423,1,High
CUST02174,289,1,1619.65,Paid Search,1,0.9914667639124162,1,High
CUST02176,125,1,87732.02,Direct,1,0.9926923076923078,1,High
CUST02177,181,2,16031.97,Social Media,1,0.9865843685300207,1,High
CUST02178,57,7,371985.49,Direct,0,0.015,0,Low
CUST02180,21,2,48454.67,Paid Search,0,0.016008004341337676,0,Low
CUST02181,177,1,24669.030000000002,Direct,1,0.9964416177429877,1,High
CUST02183,61,2,23302.300000000003,Email,0,0.0,0,
CUST02184,268,1,43986.88,Social Media,1,0.9930044955044953,1,High
CUST02187,121,4,195022.43,Email,1,0.9973333333333333,1,High
CUST02189,48,3,171398.54,Direct,0,0.0,0,
CUST02190,69,2,3431.73,Paid Search,0,0.0,0,
CUST02191,0,4,75225.44,Direct,0,0.0,0,
CUST02193,9,1,18062.16,Social Media,0,0.05225780799378275,0,Low
CUST02194,169,1,26982.5,Email,1,0.9863798287534847,1,High
CUST02195,6,5,40639.97,Direct,0,0.0,0,
CUST02197,31,1,76793.65000000001,Direct,0,0.00125,0,Low
CUST02200,151,2,46581.85,Organic,1,0.9929210444651326,1,High
CUST02201,6,1,21179.48,Direct,0,0.01657689912826899,0,Low
CUST02203,57,3,65068.48,Direct,0,0.0,0,
CUST02204,644,1,49340.869999999995,Referral,1,0.9989787049109085,1,High
CUST02207,96,1,25700.44,Referral,1,0.9771064105386139,1,High
CUST02208,47,1,39914.42,Email,0,0.006,0,Low
CUST02209,26,2,15076.68,Direct,0,0.02878787878787879,0,Low
CUST02210,9,3,34094.93,Email,0,0.0,0,
CUST02211,20,5,214411.6,Paid Search,0,0.0016666666666666666,0,Low
CUST02212,148,3,21442.15,Email,1,0.9928571428571428,1,High
CUST02213,1,1,26092.670000000002,Email,0,0.0,0,
CUST02214,10,6,188425.47999999998,Direct,0,0.02,0,Low
CUST02215,221,1,54413.1,Email,1,0.9685018333278851,1,High
CUST02216,406,2,187789.8,Email,1,1.0,1,High
CUST02217,136,3,29283.870000000003,Social Media,1,0.9991746794871794,1,High
CUST02219,8,1,14708.28,Paid Search,0,0.0,0,
CUST02220,129,2,83678.93,Email,1,1.0,1,High
CUST02222,274,2,37826.880000000005,Email,1,0.9983018867924528,1,High
CUST02224,19,5,271101.75,Referral,0,0.0,0,
CUST02225,7,2,82199.79000000001,Direct,0,0.0,0,
CUST02226,41,1,513.44,Social Media,0,0.024516594516594513,0,Low
CUST02227,428,1,105287.53,Paid Search,1,0.9989795918367347,1,High
CUST02229,292,1,23038.36,Email,1,0.9951634222542658,1,High
CUST02231,194,1,56309.92,Social Media,1,0.9858508158508158,1,High
CUST02232,447,1,15232.550000000001,Organic,1,0.9898290165760387,1,High
CUST02234,313,1,91448.35,Referral,1,0.9982456140350877,1,High
CUST02238,3,1,69684.16,Email,0,0.0,0,
CUST02240,5,2,11134.88,Referral,0,0.0,0,
CUST02241,216,2,12643.74,Direct,1,0.9842228966685488,1,High
CUST02242,105,3,31047.05,Email,1,0.9983018867924528,1,High
CUST02246,334,1,14552.92,Organic,1,0.9926583001956449,1,High
CUST02247,234,1,2579.21,Paid Search,1,0.9982456140350877,1,High
CUST02250,157,1,6428.59,Referral,1,0.9691084468371401,1,High
CUST02252,257,1,25898.72,Referral,1,0.998281848004374,1,High
CUST02253,13,2,341209.91,Direct,0,0.02,0,Low
CUST02254,9,2,83953.73999999999,Referral,0,0.02,0,Low
CUST02255,315,1,26684.99,Organic,1,0.9854196415470631,1,High
CUST02256,33,6,149120.03,Referral,0,0.0125,0,Low
CUST02259,284,2,45876.28999999999,Social Media,1,0.9940568475452196,1,High
CUST02260,121,2,94807.04999999999,Social Media,1,0.9726923076923077,1,High
CUST02261,47,2,157441.18,Email,0,0.01,0,Low
CUST02268,10,1,7730.93,Social Media,0,0.0,0,
CUST02272,56,1,4966.92,Organic,0,0.0,0,
CUST02273,1,9,659719.0499999999,Organic,0,0.0,0,
CUST02275,59,1,4679.07,Email,0,0.0538832363288885,0,Low
CUST02277,284,3,147312.97,Organic,1,1.0,1,High
CUST02279,96,2,103024.43000000001,Direct,1,1.0,1,High
CUST02282,118,2,65770.42,Paid Search,1,0.9846124031007752,1,High
CUST02283,153,3,155990.58000000002,Paid Search,1,0.99,1,High
CUST02285,14,3,16321.84,Email,0,0.011322463768115942,0,Low
CUST02288,65,2,114248.76,Paid Search,0,0.021390180878552975,0,Low
CUST02289,18,4,211802.71000000002,Email,0,0.0,0,
CUST02290,38,1,62908.61,Social Media,0,0.031533539276257724,0,Low
CUST02291,67,2,199230.47999999998,Referral,0,0.0125,0,Low
CUST02292,32,1,97935.73999999999,Social Media,0,0.027897175639894085,0,Low
CUST02295,29,3,28920.37,Social Media,0,0.010416666666666668,0,Low
CUST02296,64,5,144611.0,Paid Search,0,0.0025,0,Low
CUST02299,60,2,106238.06,Social Media,0,0.01,0,Low
CUST02311,304,1,31033.010000000002,Referral,1,0.9953891454688143,1,High
CUST02313,124,1,42903.58,Paid Search,1,0.9795508732186174,1,High
CUST02315,150,1,17544.84,Paid Search,1,0.9928290165760387,1,High
CUST02316,17,4,152198.35,Organic,0,0.01,0,Low
CUST02317,114,1,36062.55,Paid Search,1,0.9931417729337088,1,High
CUST02319,80,1,13364.61,Email,0,0.0,0,
CUST02320,194,2,104762.87,Email,1,0.971111111111111,1,High
CUST02324,81,2,51004.240000000005,Social Media,0,0.014534313725490196,0,Low
CUST02325,197,1,68602.08,Direct,1,0.9949228395061728,1,High
CUST02327,48,1,34595.97,Paid Search,0,0.01774973863444183,0,Low
CUST02329,101,1,58128.02,Direct,1,0.96,1,High
CUST02330,139,3,166923.56,Referral,1,0.9975,1,High
CUST02331,1,3,226274.23,Paid Search,0,0.01,0,Low
CUST02332,90,1,2076.95,Paid Search,0,0.17677945301542777,0,Low
CUST02335,42,1,71781.76,Direct,0,0.00022727272727272727,0,Low
CUST02338,22,1,15635.08,Paid Search,0,0.0,0,
CUST02339,70,6,194556.39,Organic,0,0.01511111111111111,0,Low
CUST02340,32,2,3149.43,Organic,0,0.01,0,Low
CUST02343,607,1,61848.42,Email,1,0.9911590296495958,1,High
CUST02344,61,2,101028.73000000001,Email,0,0.01125,0,Low
CUST02345,337,2,48696.84,Organic,1,0.9972814786291875,1,High
CUST02347,182,1,32245.29,Direct,1,0.9896655824575185,1,High
CUST02349,477,1,5643.31,Social Media,1,0.993,1,High
CUST02351,252,1,49864.06999999999,Referral,1,0.9697775084927529,1,High
CUST02353,210,2,28427.0,Social Media,1,0.9971733266733264,1,High
CUST02354,28,2,113242.14,Direct,0,0.0,0,
CUST02355,311,1,14173.6,Paid Search,1,0.9894717607077357,1,High
CUST02359,24,5,278478.32999999996,Social Media,0,0.0,0,
CUST02361,304,4,213164.07,Direct,1,0.9698611111111112,1,High
CUST02363,208,1,5346.64,Organic,1,0.9957404919764669,1,High
CUST02365,83,1,55272.479999999996,Paid Search,0,0.08,0,Low
CUST02367,27,3,83286.53,Social Media,0,0.006279069767441861,0,Low
CUST02371,282,1,65158.99,Organic,1,0.9983018867924528,1,High
CUST02374,89,4,112287.12,Email,0,0.019444444444444445,0,Low
CUST02376,284,3,50039.93,Referral,1,0.9994915254237289,1,High
CUST02384,462,2,52755.73,Direct,1,1.0,1,High
CUST02385,40,1,4011.3,Referral,0,0.0,0,
CUST02386,672,1,1160.39,Paid Search,1,1.0,1,High
CUST02387,584,1,8478.9,Social Media,1,0.9881984126984126,1,High
CUST02388,58,1,2473.8,Email,0,0.0,0,
CUST02390,575,1,14817.14,Email,1,0.9864416177429877,1,High
CUST02391,42,3,105474.14000000001,Paid Search,0,0.0,0,
CUST02393,14,3,149651.13,Referral,0,0.013612403100775192,0,Low
CUST02394,72,1,27735.43,Social Media,0,0.10859523809523809,0,Low
CUST02396,205,1,22307.44,Paid Search,1,0.9814826302729529,1,High
CUST02397,27,1,544.46,Referral,0,0.04,0,Low
CUST02398,358,1,474.73,Paid Search,1,0.9455555555555556,1,High
CUST02399,387,2,50027.89,Email,1,1.0,1,High
CUST02401,567,1,29854.72,Paid Search,1,0.9931417729337088,1,High
CUST02403,16,3,112844.01,Paid Search,0,0.0,0,
CUST02404,88,2,86731.95000000001,Referral,0,0.05100323624595469,0,Low
CUST02405,37,3,182843.93,Paid Search,0,0.0,0,
CUST02407,50,1,4242.99,Paid Search,0,0.016398221343873517,0,Low
CUST02409,147,1,23867.149999999998,Paid Search,1,0.9969178082191781,1,High
CUST02410,27,1,21369.22,Organic,0,0.0,0,
CUST02412,90,1,73615.35,Email,0,0.0016558441558441558,0,Low
CUST02415,16,3,120105.2,Organic,0,0.0025,0,Low
CUST02418,270,1,65022.79,Organic,1,0.9952035565512654,1,High
CUST02420,209,2,194462.66,Organic,1,1.0,1,High
CUST02421,72,2,27483.159999999996,Email,0,0.0,0,
CUST02422,385,1,97001.61,Direct,1,1.0,1,High
CUST02426,118,2,87801.64,Paid Search,1,0.9896875,1,High
CUST02427,61,1,64942.46,Organic,0,0.02625,0,Low
CUST02428,81,1,5664.9,Referral,0,0.004659090909090909,0,Low
CUST02430,82,1,73387.79000000001,Direct,0,0.011428571428571429,0,Low
CUST02431,661,1,3135.26,Social Media,1,0.9900540654997176,1,High
CUST02435,204,3,314166.82,Referral,1,0.99,1,High
CUST02436,317,1,1249.26,Social Media,1,0.9763249075608823,1,High
CUST02437,214,2,161820.11000000002,Email,1,0.9788235294117646,1,High
CUST02438,27,2,11165.61,Direct,0,0.0,0,
CUST02439,296,1,2135.86,Direct,1,0.9967794530154279,1,High
CUST02440,113,2,26134.629999999997,Paid Search,1,0.9950669485553206,1,High
CUST02445,36,3,215315.84,Paid Search,0,0.0,0,
CUST02446,0,1,6125.74,Email,0,0.0,0,
CUST02449,655,1,58959.01,Social Media,1,0.9937728937728937,1,High
CUST02450,83,2,42220.84,Organic,0,0.01,0,Low
CUST02454,297,1,50268.45,Organic,1,0.9942350665159552,1,High
CUST02457,21,5,164591.11000000002,Social Media,0,0.011666666666666667,0,Low
CUST02463,40,5,205051.91,Paid Search,0,0.0,0,
CUST02466,197,1,5011.53,Email,1,0.9922850188781365,1,High
CUST02467,269,1,1490.35,Referral,1,0.9914667639124162,1,High
CUST02468,9,2,22689.260000000002,Paid Search,0,0.0,0,
CUST02470,161,1,9112.81,Paid Search,1,0.9955540654997176,1,High
CUST02471,38,2,124118.08,Organic,0,0.0,0,
CUST02475,132,1,23593.95,Direct,1,0.991576899128269,1,High
CUST02479,28,4,126671.96,Email,0,0.01,0,Low
CUST02481,205,1,67396.74,Social Media,1,0.9994871794871795,1,High
CUST02482,45,2,35815.17,Organic,0,0.01,0,Low
CUST02485,92,1,3518.5,Social Media,1,0.9796666666666666,1,High
CUST02489,255,1,61516.450000000004,Email,1,0.9799685534591195,1,High
CUST02490,297,1,57461.23,Paid Search,1,0.99,1,High
CUST02495,11,3,305645.49,Social Media,0,0.054117647058823534,0,Low
CUST02497,246,1,42039.96,Paid Search,1,0.997092209373098,1,High
CUST02500,12,2,11924.529999999999,Paid Search,0,0.0,0,
CUST02501,0,6,239592.57,Organic,0,0.0016666666666666666,0,Low
CUST02502,61,2,39287.51,Social Media,0,0.01735294117647059,0,Low
CUST02505,82,4,93553.58000000002,Social Media,0,0.006279069767441861,0,Low
CUST02507,33,2,71347.41,Organic,0,0.0,0,
CUST02508,332,2,96400.68,Social Media,1,1.0,1,High
CUST02510,2,1,14104.11,Paid Search,0,0.0,0,
CUST02511,8,3,55414.19,Social Media,0,0.1094871794871795,0,Low
CUST02513,205,1,25185.36,Social Media,1,0.9960044955044952,1,High
CUST02514,58,2,6116.28,Referral,0,0.07381694855532066,0,Low
CUST02516,2,3,71384.29000000001,Referral,0,0.0,0,
CUST02517,20,3,92855.31999999999,Organic,0,0.0,0,
CUST02518,40,3,60551.0,Social Media,0,0.01,0,Low
CUST02519,217,1,41345.71,Email,1,0.9964416177429877,1,High
CUST02520,2,1,67937.72,Referral,0,0.0009090909090909091,0,Low
CUST02521,38,3,36999.76,Social Media,0,0.02,0,Low
CUST02523,10,4,75696.72,Social Media,0,0.0,0,
CUST02524,30,2,188174.5,Organic,0,0.0,0,
CUST02525,181,1,1020.83,Paid Search,1,0.9985714285714287,1,High
CUST02526,192,1,63792.88,Social Media,1,0.9958508158508158,1,High
CUST02527,38,3,291078.69,Paid Search,0,0.0,0,
CUST02529,320,1,46907.15,Organic,1,0.9955325268338967,1,High
CUST02530,356,2,32361.4,Social Media,1,0.9970833333333334,1,High
CUST02532,170,1,1048.43,Paid Search,1,0.9926666666666667,1,High
CUST02533,313,1,72554.35,Direct,1,0.9983018867924528,1,High
CUST02534,85,3,60169.22,Referral,0,0.01,0,Low
CUST02535,18,1,24729.74,Direct,0,0.0,0,
CUST02538,240,2,45226.89,Organic,1,0.9885844748858448,1,High
CUST02540,245,1,24385.719999999998,Paid Search,1,0.9932881045894745,1,High
CUST02541,42,6,235878.29,Email,0,0.0,0,
CUST02544,72,1,18469.45,Email,0,0.0,0,
CUST02546,1,3,156250.35,Email,0,0.0025,0,Low
CUST02547,415,1,59733.14,Organic,1,0.97544474393531,1,High
CUST02551,292,1,53669.1,Paid Search,1,0.9790775444503513,1,High
CUST02552,32,2,202515.23,Organic,0,0.00125,0,Low
CUST02554,312,2,106820.57,Social Media,1,0.995,1,High
CUST02556,202,2,58115.8,Direct,1,1.0,1,High
CUST02559,46,6,129364.73,Paid Search,0,0.0,0,
CUST02560,36,2,220633.11,Referral,0,0.04411764705882353,0,Low
CUST02562,22,2,83756.05,Social Media,0,0.0,0,
CUST02563,183,2,25699.89,Organic,1,0.9933333333333333,1,High
CUST02564,138,2,57070.84,Social Media,1,0.9723529411764705,1,High
CUST02566,14,3,110872.1,Referral,0,0.0,0,
CUST02568,169,2,82878.68,Paid Search,1,0.9796875,1,High
CUST02569,40,2,25852.5,Email,0,0.02,0,Low
CUST02572,144,3,26169.690000000002,Organic,1,0.9962878787878787,1,High
CUST02573,7,1,55455.130000000005,Referral,0,0.01,0,Low
CUST02574,377,1,17966.66,Referral,1,0.9766829004329004,1,High
CUST02575,2,3,142974.37,Social Media,0,0.0,0,
CUST02576,37,1,17689.11,Direct,0,0.03638956892691354,0,Low
CUST02578,62,4,117261.12,Referral,0,0.006279069767441861,0,Low
CUST02579,65,1,67065.23,Referral,0,0.03100323624595469,0,Low
CUST02582,13,1,2315.2200000000003,Paid Search,0,0.0,0,
CUST02583,268,2,123765.48000000001,Referral,1,0.9946875,1,High
CUST02586,126,1,5319.14,Organic,1,0.9986147186147185,1,High
CUST02587,43,6,282363.3,Direct,0,0.0,0,
CUST02588,214,1,61359.91,Email,1,0.9916352201257862,1,High
CUST02591,100,2,6398.72,Referral,1,0.996322463768116,1,High
CUST02592,150,3,33165.58,Direct,1,1.0,1,High
CUST02594,25,3,96577.84,Direct,0,0.0,0,
CUST02595,23,1,103571.18,Email,0,0.0,0,
CUST02598,142,2,88356.79999999999,Social Media,1,0.9962790697674418,1,High
CUST02600,91,5,200811.33,Paid Search,1,0.8798181818181817,1,High
CUST02601,537,2,24040.26,Social Media,1,0.998595238095238,1,High
CUST02602,27,1,170880.69,Paid Search,0,0.020227272727272726,0,Low
CUST02604,144,2,81264.55,Direct,1,0.93,1,High
CUST02605,204,2,23929.31,Referral,1,0.9986581920903954,1,High
CUST02609,85,5,135087.56,Referral,0,0.02,0,Low
CUST02611,4,3,50144.08,Social Media,0,0.0,0,
CUST02614,128,2,36072.07,Paid Search,1,0.9965247403278064,1,High
CUST02619,21,6,295163.3,Organic,0,0.0,0,
CUST02625,219,1,29912.9,Email,1,0.997092209373098,1,High
CUST02626,102,1,24638.19,Referral,1,0.9946590909090909,1,High
CUST02628,19,2,128059.44,Referral,0,0.0,0,
CUST02631,191,1,64828.61,Social Media,1,0.987366872609591,1,High
CUST02632,412,1,119805.1,Social Media,1,0.99,1,High
CUST02633,143,3,24539.5,Organic,1,0.9987878787878788,1,High
CUST02634,5,2,8967.97,Direct,0,0.01,0,Low
CUST02638,349,1,97828.19,Email,1,0.9988235294117647,1,High
CUST02639,63,1,55546.43,Direct,0,0.01,0,Low
CUST02643,100,1,22325.74,Paid Search,1,0.9875403225806452,1,High
CUST02649,16,3,85430.14000000001,Social Media,0,0.0,0,
CUST02652,271,2,209314.23,Organic,1,0.9873333333333334,1,High
CUST02654,98,2,31612.609999999997,Direct,1,0.9585257806826434,1,High
CUST02655,128,2,48189.91,Paid Search,1,0.9894957983193277,1,High
CUST02656,104,2,62092.71000000001,Email,1,0.9438427424187941,1,High
CUST02657,42,1,7490.1,Referral,0,0.03947176070773546,0,Low
CUST02658,324,2,100204.73999999999,Organic,1,0.9977777777777778,1,High
CUST02660,152,1,67827.01,Email,1,0.9598863636363637,1,High
CUST02661,136,2,48571.33,Social Media,1,0.975530303030303,1,High
CUST02662,31,2,49893.03,Paid Search,0,0.0,0,
CUST02663,2,3,59228.82,Email,0,0.02617283950617284,0,Low
CUST02667,37,2,128618.82,Paid Search,0,0.01,0,Low
CUST02669,27,1,64929.01,Email,0,0.0,0,
CUST02670,321,2,131371.0,Referral,1,0.9991319444444444,1,High
CUST02672,155,7,204311.96,Organic,1,0.9718181818181819,1,High
CUST02674,259,1,1579.7,Organic,1,0.999090909090909,1,High
CUST02676,74,5,220482.84,Referral,0,0.01,0,Low
CUST02679,91,3,157306.83000000002,Paid Search,1,0.9062790697674419,1,High
CUST02684,642,1,1531.95,Social Media,1,0.9929112083568605,1,High
CUST02685,144,1,36621.04,Paid Search,1,0.99,1,High
CUST02686,127,4,167902.86,Organic,1,0.975140350877193,1,High
CUST02687,41,2,16888.91,Email,0,0.0,0,
CUST02691,168,3,239583.13,Social Media,1,0.99,1,High
CUST02695,151,1,58361.93,Referral,1,0.9994915254237289,1,High
CUST02696,5,1,17469.87,Referral,0,0.0,0,
CUST02698,130,2,20059.66,Email,1,0.9679891304347826,1,High
CUST02699,187,1,43119.25,Referral,1,0.9953891454688143,1,High
CUST02701,27,2,292078.0,Direct,0,0.0,0,
CUST02704,3,3,63385.76,Direct,0,0.0,0,
CUST02705,156,1,4536.29,Referral,1,0.9967794530154279,1,High
CUST02706,4,5,304784.85000000003,Referral,0,0.0,0,
CUST02707,0,4,199870.01,Referral,0,0.012251461988304093,0,Low
CUST02713,69,1,54638.94,Paid Search,0,0.01065909090909091,0,Low
CUST02715,107,2,205350.36,Direct,1,0.96,1,High
CUST02722,45,1,4248.65,Direct,0,0.021266233766233763,0,Low
CUST02725,8,2,63863.450000000004,Referral,0,0.027999999999999997,0,Low
CUST02726,34,2,50716.119999999995,Paid Search,0,0.006279069767441861,0,Low
CUST02727,92,2,164565.25,Referral,1,0.8841176470588235,1,High
CUST02728,99,4,142744.96,Paid Search,1,0.9962790697674418,1,High
CUST02730,0,1,97901.16,Email,0,0.0,0,
CUST02731,8,2,97482.84999999999,Social Media,0,0.0,0,
CUST02735,14,3,47662.53,Email,0,0.0,0,
CUST02737,163,3,140057.28,Email,1,0.98,1,High
CUST02738,320,1,137665.2,Paid Search,1,1.0,1,High
CUST02740,159,1,45844.31,Direct,1,0.9952196950116309,1,High
CUST02742,11,1,1052.37,Email,0,0.01,0,Low
CUST02743,464,1,2653.18,Referral,1,0.9952859465219213,1,High
CUST02744,139,1,3518.55,Paid Search,1,0.98,1,High
CUST02745,1,5,151585.63,Direct,0,0.0,0,
CUST02748,47,4,333159.79,Direct,0,0.01,0,Low
CUST02749,431,1,2936.75,Paid Search,1,0.9995454545454545,1,High
CUST02753,5,1,3663.63,Social Media,0,0.040433925723399405,0,Low
CUST02754,402,1,67766.24,Social Media,1,0.9932456140350877,1,High
CUST02755,153,1,2680.51,Email,1,0.9957404919764669,1,High
CUST02756,29,4,117573.47,Direct,0,0.0,0,
CUST02758,1,6,162883.6,Paid Search,0,0.0,0,
CUST02759,172,2,134794.05,Organic,1,0.9888235294117647,1,High
CUST02761,260,2,57314.770000000004,Paid Search,1,0.9996875,1,High
CUST02764,209,1,4657.93,Social Media,1,0.9914923666807373,1,High
CUST02765,23,7,277292.76,Organic,0,0.0,0,
CUST02767,296,2,241335.44999999998,Social Media,1,0.9989795918367347,1,High
CUST02768,10,6,107761.88,Social Media,0,0.049444444444444444,0,Low
CUST02770,120,2,98435.34999999999,Direct,1,0.98,1,High
CUST02775,134,4,146610.68000000002,Paid Search,1,0.87,1,High
CUST02776,138,1,2048.86,Direct,1,1.0,1,High
CUST02777,208,2,4207.72,Social Media,1,0.99875,1,High
CUST02779,32,1,19543.699999999997,Paid Search,0,0.06677945301542777,0,Low
CUST02783,554,2,102616.1,Direct,1,1.0,1,High
CUST02785,157,1,19024.760000000002,Paid Search,1,0.9924472612346059,1,High
CUST02786,221,2,8644.18,Paid Search,1,0.9958712121212122,1,High
CUST02787,42,3,25842.15,Paid Search,0,0.049666666666666665,0,Low
CUST02791,321,1,31519.93,Referral,1,0.9964095536320796,1,High
CUST02792,55,2,206640.47999999998,Social Media,0,0.01,0,Low
CUST02793,126,2,118894.97,Paid Search,1,0.9994444444444445,1,High
CUST02794,85,1,19540.83,Direct,0,0.04982901657603861,0,Low
CUST02797,189,2,11113.849999999999,Direct,1,0.99,1,High
CUST02798,561,1,57180.600000000006,Social Media,1,0.9925174825174824,1,High
CUST02799,7,1,65154.47,Referral,0,0.01875,0,Low
CUST02800,8,1,1060.15,Email,0,0.01,0,Low
CUST02801,164,4,154346.77,Social Media,1,0.9937790697674419,1,High
CUST02802,91,1,52117.53,Organic,1,0.78,1,High
CUST02803,4,3,91243.08,Social Media,0,0.0,0,
CUST02804,83,2,138061.55,Referral,0,0.0,0,
CUST02805,385,1,16997.42,Direct,1,0.9969178082191781,1,High
CUST02806,4,2,146569.32,Referral,0,0.006279069767441861,0,Low
CUST02808,57,2,69018.49,Email,0,0.0,0,
CUST02811,117,2,62833.96000000001,Email,1,0.9799685534591194,1,High
CUST02812,73,5,108785.08,Social Media,0,0.005,0,Low
CUST02813,47,1,33616.17,Paid Search,0,0.05366791345984936,0,Low
CUST02815,293,1,20092.17,Referral,1,0.9928292365652114,1,High
CUST02816,387,3,105275.0,Social Media,1,0.985,1,High
CUST02817,5,1,9168.87,Social Media,0,0.0,0,
CUST02822,82,1,68429.86,Social Media,0,0.020227272727272726,0,Low
CUST02823,168,4,182946.0,Social Media,1,0.9234848484848485,1,High
CUST02824,23,1,45439.63,Direct,0,0.0,0,
CUST02826,135,2,80045.12000000001,Referral,1,0.9962790697674418,1,High
CUST02828,16,2,139018.65000000002,Email,0,0.0,0,
CUST02829,62,2,184295.53,Email,0,0.03,0,Low
CUST02830,30,2,120617.85999999999,Social Media,0,0.0,0,
CUST02832,84,2,77781.35,Email,0,0.003333333333333333,0,Low
CUST02834,108,2,13235.29,Email,1,0.95,1,High
CUST02836,146,2,130101.68000000001,Social Media,1,0.9066666666666666,1,High
CUST02839,22,5,174706.04,Referral,0,0.021818181818181816,0,Low
CUST02840,340,1,68557.85,Referral,1,0.9994915254237289,1,High
CUST02841,274,2,60748.41,Referral,1,1.0,1,High
CUST02842,46,4,214935.09999999998,Organic,0,0.0,0,
CUST02843,620,2,233470.72,Paid Search,1,0.99,1,High
CUST02846,0,2,56215.8,Social Media,0,0.0,0,
CUST02848,366,1,2622.09,Social Media,1,0.9852859465219213,1,High
CUST02849,22,1,8957.88,Social Media,0,0.0,0,
CUST02850,52,3,122619.54,Direct,0,0.0,0,
CUST02851,97,6,188976.03,Referral,1,1.0,1,High
CUST02853,160,1,1855.95,Referral,1,0.9882456140350877,1,High
CUST02854,23,1,56157.990000000005,Organic,0,0.020444743935309973,0,Low
CUST02856,23,5,108222.63,Organic,0,0.01766990291262136,0,Low
CUST02857,295,1,44658.06,Paid Search,1,0.9969178082191781,1,High
CUST02858,60,4,412330.19,Direct,0,0.04,0,Low
CUST02860,540,1,56070.740000000005,Email,1,0.9957477742383403,1,High
CUST02862,78,4,165166.91,Paid Search,0,0.0011111111111111111,0,Low
CUST02865,51,1,98321.45999999999,Email,0,0.0,0,
CUST02868,159,1,36823.009999999995,Social Media,1,0.9962651410078592,1,High
CUST02872,362,2,92349.21,Email,1,1.0,1,High
CUST02874,361,1,8917.87,Paid Search,1,0.9847850188781365,1,High
CUST02875,79,1,60750.29,Direct,0,0.04955729804786408,0,Low
CUST02876,212,1,18927.56,Referral,1,0.9967794530154279,1,High
CUST02879,275,2,88073.39,Social Media,1,1.0,1,High
CUST02880,85,1,78138.1,Referral,0,0.008979591836734694,0,Low
CUST02881,2,3,93801.36,Email,0,0.004117647058823529,0,Low
CUST02882,33,2,10322.41,Social Media,0,0.018822463768115943,0,Low
CUST02886,70,3,121449.54999999999,Referral,0,0.00875,0,Low
CUST02890,96,2,276676.08999999997,Referral,1,0.97125,1,High
CUST02893,150,2,4959.51,Social Media,1,0.9746212121212122,1,High
CUST02894,45,3,231225.55,Organic,0,0.01,0,Low
CUST02895,462,1,84224.23,Organic,1,0.996,1,High
CUST02898,432,2,124493.87000000001,Direct,1,0.9788235294117646,1,High
CUST02900,376,4,188729.23,Email,1,0.99,1,High
CUST02901,48,8,142110.02,Organic,0,0.0025,0,Low
CUST02902,50,3,241060.44999999998,Social Media,0,0.01,0,Low
CUST02903,144,1,63399.6,Organic,1,0.9768019480519482,1,High
CUST02905,40,5,304018.51,Direct,0,0.0,0,
CUST02906,7,3,101423.86,Organic,0,0.01,0,Low
CUST02909,17,1,8236.65,Social Media,0,0.01,0,Low
CUST02910,378,1,13075.07,Organic,1,0.984279453015428,1,High
CUST02911,101,3,23439.53,Direct,1,0.9375,1,High
CUST02912,62,2,202680.59,Email,0,0.00125,0,Low
CUST02913,272,2,170101.75999999998,Referral,1,1.0,1,High
CUST02916,52,2,307481.21,Social Media,0,0.04,0,Low
CUST02917,27,1,20279.99,Paid Search,0,0.0,0,
CUST02918,44,2,366997.74,Email,0,0.0077777777777777776,0,Low
CUST02920,55,2,12105.810000000001,Paid Search,0,0.0,0,
CUST02921,424,1,10191.26,Direct,1,1.0,1,High
CUST02922,276,3,25275.68,Paid Search,1,0.9982615629984051,1,High
CUST02924,24,5,253050.38,Referral,0,0.0,0,
CUST02925,1,1,5116.36,Social Media,0,0.0,0,
CUST02926,52,2,105520.71,Organic,0,0.0,0,
CUST02930,124,2,4301.08,Direct,1,0.9976319875776397,1,High
CUST02935,45,1,3441.12,Paid Search,0,0.0,0,
CUST02937,175,1,5505.25,Email,1,0.9867794530154279,1,High
CUST02940,346,2,72115.92000000001,Social Media,1,1.0,1,High
CUST02945,0,2,131141.82,Direct,0,0.0077777777777777776,0,Low
CUST02948,2,2,76712.28,Paid Search,0,0.02,0,Low
CUST02950,57,1,130955.17,Referral,0,0.04875,0,Low
CUST02952,100,1,118520.76,Referral,1,0.890909090909091,1,High
CUST02953,152,2,19054.27,Email,1,0.9679891304347826,1,High
CUST02956,211,1,3067.21,Direct,1,0.999642857142857,1,High
CUST02959,154,2,7107.02,Direct,1,1.0,1,High
CUST02960,34,1,8647.25,Direct,0,0.01,0,Low
CUST02962,113,1,152450.26,Referral,1,0.9693257470684655,1,High
CUST02965,7,2,34350.89,Email,0,0.0,0,
CUST02967,279,1,1408.18,Direct,1,0.9985714285714287,1,High
CUST02970,495,1,27221.84,Direct,1,0.9952196950116309,1,High
CUST02971,277,1,46373.14,Social Media,1,0.990997074354217,1,High
CUST02973,52,1,56098.0,Social Media,0,0.0,0,
CUST02974,504,1,3549.49,Referral,1,0.9912960475320223,1,High
CUST02975,270,1,96626.12,Direct,1,0.9988235294117647,1,High
CUST02976,54,1,207323.8,Organic,0,0.0023376623376623377,0,Low
CUST02977,43,1,3963.31,Direct,0,0.0,0,
CUST02979,50,1,21613.77,Email,0,0.0,0,
CUST02980,21,2,13484.75,Email,0,0.0170800395256917,0,Low
CUST02982,170,1,58678.77,Direct,1,0.9995238095238095,1,High
CUST02985,13,8,174396.82,Social Media,0,0.0016666666666666666,0,Low
CUST02986,90,1,15615.37,Paid Search,0,0.06491023246160232,0,Low
CUST02988,87,3,65948.43,Referral,0,0.02,0,Low
CUST02993,149,2,42508.39,Referral,1,0.9991666666666665,1,High
CUST02994,97,4,135107.03,Referral,1,0.9896875,1,High
CUST02995,311,2,11800.029999999999,Direct,1,0.9987878787878788,1,High
CUST02997,21,1,112821.87999999999,Paid Search,0,0.00125,0,Low
CUST02999,176,1,18644.0,Email,1,0.9894717607077357,1,High
CUST03000,470,5,213112.64,Email,1,0.98,1,High
CUST03001,69,2,123760.66,Referral,0,0.021003236245954692,0,Low
CUST03002,92,1,70120.53,Social Media,1,0.9132456140350876,1,High
CUST03008,243,1,4355.87,Social Media,1,0.9667181254541002,1,High
CUST03010,199,1,653.12,Referral,1,0.9877910685805423,1,High
CUST03016,163,1,37249.62,Referral,1,0.9970318480043739,1,High
CUST03019,68,1,27518.460000000003,Paid Search,0,0.009659090909090909,0,Low
CUST03021,580,1,31461.620000000003,Organic,1,0.9955325268338967,1,High
CUST03022,305,3,113283.11,Direct,1,1.0,1,High
CUST03025,19,4,57925.21,Referral,0,0.027999999999999997,0,Low
CUST03026,400,1,29777.04,Direct,1,0.9969178082191781,1,High
CUST03029,70,1,29368.59,Referral,0,0.0,0,
CUST03030,1,4,60421.6,Referral,0,0.00041666666666666664,0,Low
CUST03033,34,2,50302.159999999996,Direct,0,0.0,0,
CUST03034,45,3,158893.08000000002,Social Media,0,0.029473684210526315,0,Low
CUST03037,38,1,32684.370000000003,Direct,0,0.01065909090909091,0,Low
CUST03038,82,3,126481.06999999999,Direct,0,0.0,0,
CUST03039,76,3,192999.53000000003,Direct,0,0.0,0,
CUST03042,242,4,43149.07,Social Media,1,0.9276699029126213,1,High
CUST03045,57,4,290514.63,Paid Search,0,0.0,0,
CUST03046,16,2,138325.65000000002,Referral,0,0.004117647058823529,0,Low
CUST03048,226,2,66355.31999999999,Social Media,1,0.9996875,1,High
CUST03049,1,2,77626.65,Paid Search,0,0.00125,0,Low
CUST03051,5,7,169858.01,Paid Search,0,0.0,0,
CUST03055,11,3,55050.92999999999,Social Media,0,0.03235294117647059,0,Low
CUST03056,74,2,64807.549999999996,Direct,0,0.02,0,Low
CUST03060,1,3,49320.520000000004,Paid Search,0,0.0,0,
CUST03062,62,1,6127.93,Organic,0,0.026544526901669762,0,Low
CUST03064,14,2,9224.26,Email,0,0.0,0,
CUST03065,8,1,20065.35,Email,0,0.0,0,
CUST03067,4,8,356448.65,Direct,0,0.03,0,Low
CUST03074,167,3,65350.26,Paid Search,1,0.9615620915032679,1,High
CUST03076,14,1,70865.91,Organic,0,0.0009090909090909091,0,Low
CUST03077,20,4,321984.13,Social Media,0,0.02,0,Low
CUST03078,90,1,67032.37,Direct,0,0.019886363636363636,0,Low
CUST03079,52,9,212383.87,Direct,0,0.0375,0,Low
CUST03081,52,1,15471.67,Email,0,0.034910232461602325,0,Low
CUST03082,107,1,37767.56,Paid Search,1,0.99,1,High
CUST03083,12,1,7513.5,Paid Search,0,0.0,0,
CUST03086,17,1,19786.74,Social Media,0,0.0,0,
CUST03089,34,1,3905.97,Social Media,0,0.0,0,
CUST03090,72,2,116807.93,Email,0,0.01,0,Low
CUST03091,117,5,184625.04,Email,1,0.9818181818181819,1,High
CUST03093,249,1,20253.63,Email,1,0.9883563521436969,1,High
CUST03094,55,1,20661.57,Paid Search,0,0.0,0,
CUST03096,21,3,36307.23,Email,0,0.0,0,
CUST03097,17,2,9110.91,Referral,0,0.05090028188865398,0,Low
CUST03098,197,2,49474.25,Direct,1,0.9983018867924528,1,High
CUST03099,187,2,21550.36,Email,1,0.9987878787878788,1,High
CUST03101,20,1,85698.1,Email,0,0.00022727272727272727,0,Low
CUST03105,289,1,7583.02,Paid Search,1,0.9963249075608823,1,High
CUST03106,20,1,116659.63,Email,0,0.012692307692307692,0,Low
CUST03109,240,1,7840.47,Email,1,0.9828584468371402,1,High
CUST03111,267,2,38926.86,Organic,1,0.9883018867924528,1,High
CUST03113,12,2,96206.07,Referral,0,0.0,0,
CUST03121,93,2,10915.59,Direct,1,0.9587878787878787,1,High
CUST03127,20,1,98108.42,Social Media,0,0.008979591836734694,0,Low
CUST03132,9,1,7697.21,Email,0,0.0,0,
CUST03133,39,1,10259.32,Paid Search,0,0.019401669758812617,0,Low
CUST03134,40,2,83375.95,Email,0,0.003333333333333333,0,Low
CUST03135,22,1,3066.11,Paid Search,0,0.0,0,
CUST03137,118,1,97368.70999999999,Organic,1,0.9716558441558442,1,High
CUST03139,2,5,160117.44,Direct,0,0.0,0,
CUST03140,38,3,62389.93,Direct,0,0.0,0,
CUST03141,432,2,138142.54,Direct,1,0.9888235294117647,1,High
CUST03142,80,1,6475.11,Paid Search,0,0.024324607856799987,0,Low
CUST03144,295,1,45464.73,Organic,1,0.9817161351411609,1,High
CUST03145,383,3,257156.19,Email,1,0.9894736842105263,1,High
CUST03147,4,1,18514.99,Organic,0,0.030159082742644738,0,Low
CUST03153,42,5,152927.11,Referral,0,0.0105,0,Low
CUST03154,251,1,6092.82,Referral,1,0.9942655383586559,1,High
CUST03155,230,4,224660.74999999997,Social Media,1,0.9516666666666665,1,High
CUST03156,29,2,42907.69,Social Media,0,0.0,0,
CUST03158,544,1,2382.51,Direct,1,0.9957404919764669,1,High
CUST03160,3,1,3399.08,Organic,0,0.0,0,
CUST03161,12,1,41313.06,Email,0,0.0,0,
CUST03164,437,1,3110.62,Social Media,1,0.9885260934717457,1,High
CUST03165,64,7,286805.29,Direct,0,0.016666666666666666,0,Low
CUST03166,166,1,13901.31,Paid Search,1,0.99,1,High
CUST03173,461,1,44123.11,Referral,1,0.998281848004374,1,High
CUST03174,134,1,7663.52,Social Media,1,0.9792413314840499,1,High
CUST03175,193,2,4004.32,Email,1,0.99,1,High
CUST03176,126,1,38416.06,Organic,1,0.9890061646730599,1,High
CUST03178,62,2,89446.37,Email,0,0.003333333333333333,0,Low
CUST03179,78,2,108201.53,Direct,0,0.0,0,
CUST03180,0,2,34030.280000000006,Direct,0,0.02617283950617284,0,Low
CUST03181,70,1,9191.64,Email,0,0.009659090909090909,0,Low
CUST03182,211,2,121316.28,Email,1,1.0,1,High
CUST03183,48,3,120913.45999999999,Direct,0,0.0,0,
CUST03186,55,1,6385.58,Email,0,0.0,0,
CUST03190,130,2,6797.88,Referral,1,0.9683333333333333,1,High
CUST03194,114,1,19895.97,Direct,1,0.98,1,High
CUST03195,91,1,4437.28,Referral,1,0.68,1,High
CUST03196,8,5,296389.22,Organic,0,0.0,0,
CUST03197,20,3,139670.0,Organic,0,0.0,0,
CUST03200,71,2,51056.439999999995,Direct,0,0.03658950617283951,0,Low
CUST03205,80,3,154892.66,Referral,0,0.018000000000000002,0,Low
CUST03207,104,1,75362.61,Direct,1,0.9783018867924528,1,High
CUST03208,191,3,20617.7,Social Media,1,0.9950669485553206,1,High
CUST03209,100,2,52265.86000000001,Referral,1,0.9780555555555556,1,High
CUST03210,1,2,76596.72,Email,0,0.028333333333333335,0,Low
CUST03211,154,1,4507.15,Direct,1,0.9967794530154279,1,High
CUST03212,7,2,94820.0,Organic,0,0.0,0,
CUST03213,244,2,63000.33,Organic,1,1.0,1,High
CUST03215,2,3,39859.71,Direct,0,0.011428571428571429,0,Low
CUST03217,628,1,58218.43000000001,Direct,1,0.9983018867924528,1,High
CUST03218,59,1,1424.18,Email,0,0.035388471177944865,0,Low
CUST03219,245,2,87764.48,Social Media,1,0.99,1,High
CUST03222,402,1,12007.76,Direct,1,0.9957404919764669,1,High
CUST03225,29,2,259202.36,Social Media,0,0.03,0,Low
CUST03226,69,1,97723.14,Social Media,0,0.02,0,Low
CUST03227,148,1,3540.64,Referral,1,0.996322463768116,1,High
CUST03228,144,2,23922.52,Paid Search,1,0.99,1,High
CUST03230,126,2,32394.27,Paid Search,1,0.9690938839713055,1,High
CUST03231,215,1,9334.04,Paid Search,1,0.986437348883001,1,High
CUST03233,48,1,3924.82,Organic,0,0.0,0,
CUST03234,177,1,16188.41,Paid Search,1,0.9967794530154279,1,High
CUST03236,80,4,67664.9,Email,0,0.03220175438596491,0,Low
CUST03237,9,7,359648.74,Organic,0,0.0,0,
CUST03241,407,2,92674.43,Referral,1,0.9962790697674418,1,High
CUST03242,203,2,78523.20000000001,Paid Search,1,0.9996875,1,High
CUST03243,6,4,145290.41999999998,Direct,0,0.0,0,
CUST03246,0,1,17309.38,Direct,0,0.0,0,
CUST03249,15,1,18335.74,Direct,0,0.0,0,
CUST03251,8,1,3686.65,Referral,0,0.0,0,
CUST03252,0,1,186896.98,Paid Search,0,0.0009090909090909091,0,Low
CUST03255,406,2,40897.08,Direct,1,0.9873927958833619,1,High
CUST03260,3,3,238140.68,Email,0,0.0,0,
CUST03262,309,1,38299.05,Organic,1,0.9945877111317993,1,High
CUST03263,263,2,63263.02,Referral,1,0.996634382566586,1,High
CUST03265,70,7,323650.64,Referral,0,0.0,0,
CUST03270,311,1,48168.26,Paid Search,1,0.9931417729337088,1,High
CUST03273,141,4,175759.18,Email,1,0.978,1,High
CUST03274,139,1,4737.3,Social Media,1,0.9982456140350877,1,High
CUST03276,77,2,9831.3,Organic,0,0.02,0,Low
CUST03277,2,2,21270.870000000003,Paid Search,0,0.0,0,
CUST03279,88,2,8496.46,Paid Search,0,0.05,0,Low
CUST03282,76,2,53705.63,Social Media,0,0.0,0,
CUST03283,25,2,37658.28,Organic,0,0.002352941176470588,0,Low
CUST03284,21,5,84110.29999999999,Referral,0,0.0,0,
CUST03285,86,1,97053.54000000001,Organic,0,0.03882352941176471,0,Low
CUST03287,173,2,10646.4,Paid Search,1,0.9965244839701362,1,High
CUST03288,336,1,25920.41,Referral,1,0.9909741556966817,1,High
CUST03289,87,1,78685.54,Organic,0,0.03882352941176471,0,Low
CUST03290,12,1,4456.61,Email,0,0.04643734888300106,0,Low
CUST03291,90,1,18714.19,Social Media,0,0.06,0,Low
CUST03292,28,2,24033.05,Social Media,0,0.015555555555555555,0,Low
CUST03293,110,2,28388.67,Referral,1,0.9932843137254902,1,High
CUST03296,31,2,158776.34,Direct,0,0.0,0,
CUST03297,103,2,102681.5,Organic,1,0.9233333333333333,1,High
CUST03299,236,3,236544.37000000002,Social Media,1,0.9994736842105263,1,High
CUST03300,138,6,163554.02000000002,Organic,1,0.9581666666666666,1,High
CUST03302,32,1,192781.43,Referral,0,0.022337662337662337,0,Low
CUST03303,4,6,65484.85,Direct,0,0.0,0,
CUST03304,189,1,6524.04,Direct,1,0.9925403225806452,1,High
CUST03306,328,1,87481.22,Paid Search,1,0.9988235294117647,1,High
CUST03309,78,1,3897.03,Direct,0,0.0,0,
CUST03315,394,1,113024.94999999998,Organic,1,1.0,1,High
CUST03318,17,5,120962.44,Email,0,0.0,0,
CUST03319,277,1,3090.33,Organic,1,0.9847748447204968,1,High
CUST03320,215,2,114539.84,Referral,1,0.9962790697674418,1,High
CUST03325,249,1,30162.48,Email,1,0.9934653090467187,1,High
CUST03326,7,2,75460.78,Email,0,0.0,0,
CUST03328,7,2,71760.43000000001,Organic,0,0.0,0,
CUST03331,236,2,74719.0,Referral,1,0.9807843137254904,1,High
CUST03336,4,1,2071.26,Referral,0,0.0,0,
CUST03337,75,1,102098.59,Email,0,0.01591551694770908,0,Low
CUST03339,313,2,267789.02999999997,Direct,1,1.0,1,High
CUST03344,556,1,9327.94,Social Media,1,0.983,1,High
CUST03347,49,5,331285.89,Direct,0,0.0,0,
CUST03348,3,6,329216.77,Referral,0,0.0,0,
CUST03350,20,5,160045.16999999998,Direct,0,0.0,0,
CUST03351,0,1,20033.17,Paid Search,0,0.0,0,
CUST03353,63,3,106537.76,Referral,0,0.006279069767441861,0,Low
CUST03355,63,1,66491.73,Direct,0,0.018729106055157832,0,Low
CUST03358,133,2,26743.92,Direct,1,0.9204166666666665,1,High
CUST03360,23,1,16433.18,Email,0,0.014839886141256005,0,Low
CUST03361,606,1,3312.35,Referral,1,0.987564935064935,1,High
CUST03363,88,2,64886.24,Organic,0,0.03411764705882353,0,Low
CUST03364,17,6,223902.13999999998,Organic,0,0.0,0,
CUST03366,67,1,53964.19,Organic,0,0.02,0,Low
CUST03368,15,3,142869.78999999998,Social Media,0,0.0,0,
CUST03370,78,1,80515.59,Email,0,0.01,0,Low
CUST03374,29,1,28528.55,Organic,0,0.0,0,
CUST03376,260,2,8434.0,Referral,1,0.9943087121212122,1,High
CUST03378,175,2,12718.070000000002,Email,1,0.9825,1,High
CUST03379,129,1,68100.96,Organic,1,0.99,1,High
CUST03381,297,1,3082.97,Email,1,0.9964373488830011,1,High
CUST03382,565,1,64321.33,Social Media,1,0.9937728937728937,1,High
CUST03386,181,1,4469.92,Direct,1,0.9894717607077357,1,High
CUST03388,0,6,328934.88999999996,Email,0,0.02,0,Low
CUST03392,254,1,20994.45,Paid Search,1,0.9872359324756731,1,High
CUST03394,160,1,132129.96,Referral,1,1.0,1,High
CUST03396,24,4,206509.57,Organic,0,0.0,0,
CUST03398,35,1,3244.79,Direct,0,0.0,0,
CUST03399,384,3,61841.7,Organic,1,0.995114752289529,1,High
CUST03400,662,1,2390.27,Social Media,1,0.9941429765886288,1,High
CUST03401,144,3,164605.57,Direct,1,0.99875,1,High
CUST03404,162,2,11222.81,Organic,1,0.99,1,High
CUST03405,37,2,27627.02,Paid Search,0,0.01,0,Low
CUST03406,182,2,83003.91,Social Media,1,0.99,1,High
CUST03407,321,1,58261.47,Paid Search,1,0.9983018867924528,1,High
CUST03408,458,1,6026.280000000001,Paid Search,1,0.9889471243042671,1,High
CUST03411,70,2,90423.47,Email,0,0.009444444444444445,0,Low
CUST03413,148,1,35691.91,Organic,1,0.9942350665159552,1,High
CUST03414,16,7,368653.31,Paid Search,0,0.0,0,
CUST03415,52,4,255656.68,Social Media,0,0.0,0,
CUST03417,406,3,209207.04,Direct,1,0.9975,1,High
CUST03418,386,1,146450.7,Direct,1,0.9988235294117647,1,High
CUST03419,50,3,108473.06000000001,Social Media,0,0.0,0,
CUST03421,54,1,59903.29,Referral,0,0.037413603345806734,0,Low
CUST03422,88,5,112453.76000000001,Email,0,0.02,0,Low
CUST03424,108,3,50356.67,Referral,1,0.9962790697674418,1,High
CUST03425,420,1,41559.63,Referral,1,0.9991666666666665,1,High
CUST03427,20,3,48351.619999999995,Referral,0,0.0,0,
CUST03430,58,1,97338.21,Referral,0,0.0016558441558441558,0,Low
CUST03433,8,2,25176.170000000002,Referral,0,0.0,0,
CUST03435,59,2,176967.21000000002,Social Media,0,0.0,0,
CUST03439,198,1,19978.24,Paid Search,1,0.976576899128269,1,High
CUST03443,29,4,262500.43,Paid Search,0,0.0,0,
CUST03444,56,1,3050.23,Email,0,0.029577875023527198,0,Low
CUST03445,345,2,24773.91,Paid Search,1,0.9885844748858448,1,High
CUST03448,117,2,214154.9,Organic,1,0.9877777777777778,1,High
CUST03449,127,4,56070.05,Email,1,0.9873684210526315,1,High
CUST03450,121,3,244370.25,Referral,1,0.97,1,High
CUST03451,257,1,3716.96,Paid Search,1,0.9971774421230942,1,High
CUST03453,45,5,65267.62,Email,0,0.0,0,
CUST03455,142,2,32171.260000000002,Paid Search,1,0.9696875,1,High
CUST03457,56,1,5951.900000000001,Email,0,0.0,0,
CUST03459,4,9,338082.18,Paid Search,0,0.01,0,Low
CUST03460,3,1,26450.2,Direct,0,0.0,0,
CUST03461,84,2,21037.030000000002,Paid Search,0,0.05388653049069538,0,Low
CUST03462,88,2,103120.03,Email,0,0.0,0,
CUST03463,18,1,39906.69,Referral,0,0.0,0,
CUST03464,25,1,8245.74,Paid Search,0,0.04824049197646673,0,Low
CUST03465,2,1,55814.57,Organic,0,0.0,0,
CUST03466,78,1,65426.61,Paid Search,0,0.00830188679245283,0,Low
CUST03467,89,1,22367.98,Direct,0,0.05259124768294012,0,Low
CUST03468,134,1,95050.33,Paid Search,1,1.0,1,High
CUST03470,10,3,87384.05,Organic,0,0.008823529411764706,0,Low
CUST03471,80,4,43875.420000000006,Organic,0,0.0,0,
CUST03472,77,4,330281.03,Email,0,0.0,0,
CUST03473,54,2,100019.25,Social Media,0,0.0,0,
CUST03475,38,1,5642.639999999999,Email,0,0.024068124256494877,0,Low
CUST03476,329,1,6475.46,Email,1,1.0,1,High
CUST03477,449,2,40512.05,Organic,1,0.9938574423480084,1,High
CUST03478,18,5,243228.3,Direct,0,0.011111111111111112,0,Low
CUST03480,83,1,80347.73,Organic,0,0.010909090909090908,0,Low
CUST03482,619,1,3594.03,Organic,1,0.9964373488830011,1,High
CUST03483,80,2,114566.45999999999,Direct,0,0.03833333333333334,0,Low
CUST03484,101,1,18918.83,Organic,1,0.9774924160759781,1,High
CUST03486,1,2,29044.620000000003,Direct,0,0.0,0,
CUST03489,23,3,44844.350000000006,Email,0,0.00830188679245283,0,Low
CUST03491,78,3,98857.67,Social Media,0,0.036617647058823526,0,Low
CUST03492,178,1,276001.32,Social Media,1,0.99,1,High
CUST03493,13,4,51523.69,Direct,0,0.007368421052631579,0,Low
CUST03497,154,2,339445.64,Referral,1,0.97,1,High
CUST03498,3,2,69672.77,Social Media,0,0.0,0,
CUST03501,122,1,75548.34,Referral,1,0.9894915254237289,1,High
CUST03502,202,1,91442.13,Email,1,0.9988235294117647,1,High
CUST03503,390,1,6210.06,Email,1,0.9991666666666665,1,High
CUST03504,62,1,3837.6,Organic,0,0.0,0,
CUST03505,174,3,234120.91999999998,Referral,1,1.0,1,High
CUST03506,679,1,58072.57,Organic,1,0.9817001551907211,1,High
CUST03510,76,1,10562.23,Organic,0,0.041779453015427764,0,Low
CUST03513,201,5,142604.41999999998,Organic,1,0.9940000000000001,1,High
CUST03515,91,2,50959.48,Referral,1,0.9179999999999999,1,High
CUST03517,341,1,1639.55,Organic,1,0.9917794530154279,1,High
CUST03518,17,1,15367.01,Direct,0,0.0,0,
CUST03520,135,3,15409.46,Paid Search,1,0.9779891304347826,1,High
CUST03521,230,3,61671.00000000001,Organic,1,0.9968421052631578,1,High
CUST03522,106,1,5251.32,Direct,1,0.9974763099219621,1,High
CUST03523,117,1,26135.82,Organic,1,0.9946691697608623,1,High
CUST03524,78,1,19455.52,Email,0,0.027492416075978066,0,Low
CUST03525,171,1,6929.25,Email,1,0.9964373488830011,1,High
CUST03526,22,2,56671.47,Direct,0,0.0,0,
CUST03531,47,1,40925.61,Email,0,0.0,0,
CUST03532,19,1,47695.33,Email,0,0.04297105655331503,0,Low
CUST03533,328,1,50370.1,Direct,1,0.9949631620868179,1,High
CUST03535,337,2,151556.59,Email,1,0.9925,1,High
CUST03536,84,1,12559.57,Organic,0,0.017686136678855123,0,Low
CUST03538,47,4,221860.15999999997,Social Media,0,0.0,0,
CUST03539,2,1,92669.08,Paid Search,0,0.00022727272727272727,0,Low
CUST03540,0,9,376134.19,Paid Search,0,0.02,0,Low
CUST03541,20,2,175884.31,Direct,0,0.0,0,
CUST03542,8,3,74459.04999999999,Organic,0,0.008525780682643426,0,Low
CUST03545,568,2,276413.85000000003,Organic,1,0.99,1,High
CUST03546,456,1,47169.93,Paid Search,1,0.997092209373098,1,High
CUST03549,33,2,53063.56,Referral,0,0.0,0,
CUST03550,86,1,5931.25,Email,0,0.0,0,
CUST03551,86,4,280467.19999999995,Referral,0,0.02,0,Low
CUST03552,22,3,90740.10999999999,Organic,0,0.0,0,
CUST03554,153,1,18978.72,Referral,1,0.9991666666666665,1,High
CUST03558,3,3,14987.029999999999,Referral,0,0.01,0,Low
CUST03559,50,4,105960.8,Direct,0,0.01,0,Low
CUST03566,255,1,64652.86,Paid Search,1,0.9976699029126214,1,High
CUST03569,188,1,75929.38,Direct,1,0.9661728395061728,1,High
CUST03571,69,5,91239.49,Paid Search,0,0.0,0,
CUST03572,184,1,27481.28,Referral,1,0.9909871859121077,1,High
CUST03573,141,2,165381.18,Direct,1,0.9,1,High
CUST03578,6,1,68459.38,Organic,0,0.0009090909090909091,0,Low
CUST03579,154,2,9308.51,Referral,1,0.95875,1,High
CUST03583,131,1,32355.6,Social Media,1,0.97,1,High
CUST03585,79,4,239524.82,Paid Search,0,0.0,0,
CUST03586,268,3,94851.83,Paid Search,1,0.9979554738562091,1,High
CUST03590,70,3,36737.79,Direct,0,0.016589506172839507,0,Low
CUST03592,211,1,5886.5,Social Media,1,0.9916774421230943,1,High
CUST03594,7,4,53896.45,Paid Search,0,0.03,0,Low
CUST03595,77,1,87603.08,Email,0,0.0,0,
CUST03596,61,2,90922.5,Email,0,0.0,0,
CUST03597,242,1,31414.01,Referral,1,0.9925874035599297,1,High
CUST03598,104,4,183092.47,Email,1,0.9845847953216375,1,High
CUST03600,36,1,80838.87,Direct,0,0.006,0,Low
CUST03602,147,2,155337.78,Referral,1,0.98,1,High
CUST03606,109,1,29438.25,Email,1,0.9836652555821509,1,High
CUST03607,246,2,88150.69,Social Media,1,0.9846875,1,High
CUST03611,32,2,213092.83000000002,Referral,0,0.0,0,
CUST03614,239,2,62550.439999999995,Social Media,1,0.9704812834224599,1,High
CUST03616,316,1,63693.22,Social Media,1,0.9958508158508158,1,High
CUST03619,226,1,6335.29,Email,1,0.9955540654997176,1,High
CUST03621,55,1,50108.869999999995,Organic,0,0.027801948051948053,0,Low
CUST03622,11,2,97763.29000000001,Organic,0,0.0,0,
CUST03625,23,1,6821.5,Direct,0,0.0,0,
CUST03626,0,4,422907.20000000007,Direct,0,0.0,0,
CUST03627,443,1,34365.72,Social Media,1,0.9958337791241015,1,High
CUST03630,147,4,21618.53,Paid Search,1,0.9950669485553206,1,High
CUST03632,69,1,96626.53,Organic,0,0.00022727272727272727,0,Low
CUST03633,154,1,3600.28,Organic,1,0.9919956140350876,1,High
CUST03634,6,5,188466.63,Paid Search,0,0.01,0,Low
CUST03640,110,2,54501.9,Direct,1,0.9685257806826434,1,High
CUST03641,87,2,35798.18,Organic,0,0.012352941176470589,0,Low
CUST03642,13,1,49771.48,Email,0,0.02021969501163091,0,Low
CUST03644,359,2,30329.82,Referral,1,0.9986581920903954,1,High
CUST03645,6,4,84703.31,Referral,0,0.006279069767441861,0,Low
CUST03646,168,4,133133.55000000002,Referral,1,1.0,1,High
CUST03648,216,1,89967.19,Direct,1,0.986,1,High
CUST03650,5,2,53005.86,Referral,0,0.023555555555555555,0,Low
CUST03651,159,6,133783.66,Paid Search,1,1.0,1,High
CUST03652,3,5,273798.86,Paid Search,0,0.0,0,
CUST03653,30,1,19901.359999999997,Referral,0,0.042077875023527195,0,Low
CUST03654,268,4,269274.7,Direct,1,0.98,1,High
CUST03658,158,1,57929.73,Paid Search,1,0.9832456140350877,1,High
CUST03660,388,1,23030.68,Referral,1,0.9950284884606918,1,High
CUST03662,49,4,66730.94,Organic,0,0.0,0,
CUST03664,75,3,90727.97,Email,0,0.014117647058823528,0,Low
CUST03669,244,1,3503.01,Paid Search,1,0.9952859465219213,1,High
CUST03670,2,4,113930.71,Paid Search,0,0.0,0,
CUST03672,76,2,21429.0,Email,0,0.0,0,
CUST03674,342,1,4706.03,Email,1,0.9894717607077357,1,High
CUST03676,17,2,75764.37000000001,Organic,0,0.0016666666666666666,0,Low
CUST03677,73,1,21310.33,Organic,0,0.0,0,
CUST03679,0,3,345311.01,Paid Search,0,0.01,0,Low
CUST03680,165,1,42741.87,Referral,1,0.9864095536320796,1,High
CUST03681,0,2,6428.51,Referral,0,0.0,0,
CUST03682,19,2,15322.25,Referral,0,0.02,0,Low
CUST03687,126,1,58997.45,Email,1,0.9957477742383403,1,High
CUST03688,41,2,155534.65,Referral,0,0.0,0,
CUST03694,11,2,21645.93,Email,0,0.0,0,
CUST03697,419,3,89082.27,Direct,1,0.99875,1,High
CUST03699,286,1,23297.17,Referral,1,0.9965802700124733,1,High
CUST03700,12,1,28359.77,Organic,0,0.0,0,
CUST03703,203,3,124627.56,Direct,1,0.98,1,High
CUST03706,572,1,8178.370000000001,Social Media,1,0.993937348883001,1,High
CUST03707,239,2,31842.93,Direct,1,0.9738427424187941,1,High
CUST03710,191,1,167416.03,Direct,1,0.9790984743411927,1,High
CUST03711,135,1,62957.2,Organic,1,0.9867474473629727,1,High
CUST03713,125,1,9180.35,Email,1,0.9891084468371402,1,High
CUST03718,260,1,26405.96,Social Media,1,0.9930044955044953,1,High
CUST03720,229,1,41303.46,Referral,1,0.9892327999471955,1,High
CUST03722,262,1,188536.59999999998,Referral,1,0.9209090909090909,1,High
CUST03723,119,1,66805.62,Direct,1,0.9976699029126214,1,High
CUST03724,11,1,4411.03,Organic,0,0.0,0,
CUST03725,304,2,6719.86,Organic,1,0.9965244839701362,1,High
CUST03726,0,2,159990.99,Social Media,0,0.00022727272727272727,0,Low
CUST03728,181,1,15499.68,Social Media,1,0.9921345029239766,1,High
CUST03730,99,1,160807.47,Referral,1,0.9768246078567999,1,High
CUST03732,566,1,67280.79,Organic,1,0.9978256963162623,1,High
CUST03735,290,2,51918.88,Referral,1,0.9957705951911707,1,High
CUST03736,191,2,5968.120000000001,Referral,1,0.9475378787878788,1,High
CUST03738,3,1,1518.42,Social Media,0,0.01,0,Low
CUST03741,44,1,27236.54,Organic,0,0.01,0,Low
CUST03744,253,1,15658.52,Organic,1,0.9967794530154279,1,High
CUST03745,315,1,54751.18000000001,Paid Search,1,0.978501833327885,1,High
CUST03746,105,5,240105.55000000002,Paid Search,1,0.93,1,High
CUST03748,177,2,16967.86,Referral,1,0.9950669485553206,1,High
CUST03751,106,2,7224.99,Social Media,1,0.97875,1,High
CUST03752,140,2,75326.32,Paid Search,1,1.0,1,High
CUST03754,270,1,6551.62,Paid Search,1,0.9971774421230942,1,High
CUST03756,375,1,63624.43,Organic,1,0.9973927958833619,1,High
CUST03757,57,4,92023.76,Paid Search,0,0.029444444444444447,0,Low
CUST03758,626,1,22118.63,Referral,1,0.9956040155496677,1,High
CUST03759,27,1,79845.29000000001,Direct,0,0.01,0,Low
CUST03762,69,4,188041.24,Referral,0,0.04181818181818182,0,Low
CUST03765,149,3,56916.25,Social Media,1,0.9836124031007752,1,High
CUST03767,50,2,86052.15000000001,Referral,0,0.02,0,Low
CUST03768,28,5,196157.64,Email,0,0.0018181818181818182,0,Low
CUST03771,94,4,134559.43,Referral,1,0.9694736842105263,1,High
CUST03772,200,2,26375.11,Email,1,0.984642857142857,1,High
CUST03779,29,1,10277.25,Social Media,0,0.0,0,
CUST03780,185,2,6797.51,Organic,1,0.96,1,High
CUST03781,176,2,71600.47,Organic,1,0.9883018867924528,1,High
CUST03785,183,1,21999.36,Paid Search,1,0.9933551571021791,1,High
CUST03788,159,3,135955.14,Paid Search,1,0.9994444444444445,1,High
CUST03792,123,2,149179.81,Referral,1,0.95,1,High
CUST03794,161,1,9445.59,Direct,1,1.0,1,High
CUST03796,244,1,6672.95,Paid Search,1,0.9791084468371402,1,High
CUST03797,324,1,17372.49,Email,1,0.9969178082191781,1,High
CUST03799,214,1,39503.48,Organic,1,0.9969178082191781,1,High
CUST03800,53,3,98535.25,Referral,0,0.01661764705882353,0,Low
CUST03803,10,2,7477.48,Organic,0,0.03,0,Low
CUST03805,259,2,74917.39,Organic,1,0.9951111111111112,1,High
CUST03806,92,2,64002.02999999999,Organic,1,0.9107071532316631,1,High
CUST03807,210,1,12400.51,Organic,1,0.9854047049441786,1,High
CUST03808,23,3,135917.21,Email,0,0.0,0,
CUST03810,235,1,3162.47,Social Media,1,0.9875706600163121,1,High
CUST03811,10,2,34094.35,Direct,0,0.0,0,
CUST03813,335,1,1511.21,Referral,1,0.9929112083568605,1,High
CUST03816,121,5,166326.27000000002,Organic,1,0.9856666666666666,1,High
CUST03818,644,1,43604.28,Organic,1,0.9949319234224895,1,High
CUST03819,61,2,68897.45000000001,Direct,0,0.017777777777777778,0,Low
CUST03820,93,3,99991.51,Referral,1,0.9762790697674418,1,High
CUST03822,331,2,4661.96,Email,1,0.9987878787878788,1,High
CUST03823,255,2,121668.97,Paid Search,1,1.0,1,High
CUST03826,139,4,60649.18,Paid Search,1,0.9870559210526315,1,High
CUST03827,36,2,27493.55,Paid Search,0,0.013362403100775194,0,Low
CUST03829,339,1,15382.29,Referral,1,0.9991666666666665,1,High
CUST03832,2,4,216893.41000000003,Social Media,0,0.0,0,
CUST03835,107,1,1548.02,Direct,1,0.9883333333333333,1,High
CUST03836,23,2,65854.91,Referral,0,0.0,0,
CUST03837,25,5,324772.38,Referral,0,0.0,0,
CUST03840,92,1,44038.619999999995,Referral,1,0.9786581920903954,1,High
CUST03841,71,3,149470.72,Social Media,0,0.01766990291262136,0,Low
CUST03845,231,1,9025.99,Paid Search,1,0.9891084468371402,1,High
CUST03846,6,1,54778.67,Organic,0,0.027801948051948053,0,Low
CUST03848,204,1,11269.65,Social Media,1,0.9875403225806452,1,High
CUST03855,19,7,237524.0,Social Media,0,0.0,0,
CUST03856,78,2,57040.95,Social Media,0,0.01735294117647059,0,Low
CUST03857,120,3,287710.53,Organic,1,0.99,1,High
CUST03858,222,2,112473.94,Social Media,1,0.9962790697674418,1,High
CUST03861,196,2,4975.2699999999995,Email,1,0.9925,1,High
CUST03863,88,2,56426.79,Direct,0,0.02,0,Low
CUST03866,69,2,27228.78,Social Media,0,0.05708333333333334,0,Low
CUST03868,250,1,2502.43,Social Media,1,0.9952859465219213,1,High
CUST03874,7,2,27157.62,Direct,0,0.003333333333333333,0,Low
CUST03877,1,4,267256.13,Paid Search,0,0.0,0,
CUST03880,42,2,11447.82,Direct,0,0.01,0,Low
CUST03883,105,1,7012.02,Paid Search,1,0.98,1,High
CUST03884,101,2,48206.219999999994,Paid Search,1,0.9883018867924528,1,High
CUST03886,124,2,105046.37,Direct,1,1.0,1,High
CUST03890,146,2,42692.84,Organic,1,0.9977777777777778,1,High
CUST03891,33,2,110010.62,Email,0,0.0,0,
CUST03896,68,1,93010.85,Email,0,0.01,0,Low
CUST03897,214,3,83805.06999999999,Email,1,0.9276699029126213,1,High
CUST03898,140,2,24055.36,Email,1,0.9925,1,High
CUST03899,8,2,19854.489999999998,Referral,0,0.0,0,
CUST03900,20,2,6407.91,Direct,0,0.01,0,Low
CUST03901,111,3,128660.15999999999,Organic,1,0.82,1,High
CUST03902,7,3,117539.4,Social Media,0,0.0,0,
CUST03906,146,2,126710.05,Direct,1,0.9776699029126213,1,High
CUST03907,30,3,383553.78,Email,0,0.0,0,
CUST03910,190,3,114064.19,Direct,1,1.0,1,High
CUST03911,1,9,414951.23000000004,Organic,0,0.00022727272727272727,0,Low
CUST03912,48,1,80149.62000000001,Referral,0,0.0016558441558441558,0,Low
CUST03914,117,2,239296.45,Referral,1,0.98,1,High
CUST03916,196,3,64208.240000000005,Direct,1,0.9870988792736558,1,High
CUST03917,209,3,65696.09,Direct,1,0.98,1,High
CUST03918,47,2,185030.12,Email,0,0.01,0,Low
CUST03920,197,4,33797.479999999996,Paid Search,1,0.9994736842105263,1,High
CUST03921,20,1,2302.93,Social Media,0,0.07233500857098334,0,Low
CUST03923,11,5,206141.09999999998,Direct,0,0.0,0,
CUST03931,44,3,57776.74,Direct,0,0.00041666666666666664,0,Low
CUST03934,27,1,71465.23999999999,Paid Search,0,0.015498586574638352,0,Low
CUST03935,177,2,93853.31,Social Media,1,0.9962790697674418,1,High
CUST03937,103,1,54026.04,Organic,1,0.9778019480519481,1,High
CUST03939,31,1,2430.15,Social Media,0,0.0,0,
CUST03940,107,3,100864.47,Referral,1,0.9766176470588235,1,High
CUST03941,49,2,42200.8,Email,0,0.03,0,Low
CUST03942,82,3,109347.31999999999,Direct,0,0.0225,0,Low
CUST03943,166,1,16867.38,Referral,1,0.9794847909231617,1,High
CUST03949,96,1,51274.619999999995,Social Media,1,0.92,1,High
CUST03950,44,2,164399.72,Paid Search,0,0.0,0,
CUST03956,229,4,73941.26,Direct,1,0.9714285714285714,1,High
CUST03959,5,1,27676.02,Email,0,0.05366791345984936,0,Low
CUST03961,149,1,33723.520000000004,Organic,1,0.9946590909090909,1,High
CUST03962,58,3,110065.66,Email,0,0.014117647058823528,0,Low
CUST03967,111,1,62311.899999999994,Direct,1,0.964501833327885,1,High
CUST03969,307,1,43436.91,Email,1,0.9969178082191781,1,High
CUST03975,22,1,131194.97999999998,Referral,0,0.0009090909090909091,0,Low
CUST03977,7,2,148094.11,Email,0,0.0,0,
CUST03980,223,5,81532.85,Direct,1,0.99,1,High
CUST03981,323,2,105382.86,Organic,1,0.9994444444444445,1,High
CUST03983,46,1,12671.54,Organic,0,0.0,0,
CUST03986,34,4,367851.17,Referral,0,0.0,0,
CUST03987,61,1,15160.74,Email,0,0.0,0,
CUST03989,422,1,38670.67,Social Media,1,0.9949840873412299,1,High
CUST03990,38,5,170782.42,Paid Search,0,0.0018181818181818182,0,Low
CUST03991,45,3,176296.66999999998,Referral,0,0.01,0,Low
CUST03993,60,1,111768.77,Organic,0,0.006,0,Low
CUST03994,48,2,207382.01,Direct,0,0.01,0,Low
CUST03996,85,2,138758.63,Organic,0,0.0,0,
CUST03997,16,5,178657.2,Social Media,0,0.0016666666666666666,0,Low
CUST03999,134,1,63916.6,Email,1,0.9871254162042175,1,High
CUST04000,90,3,97537.94,Direct,0,0.04,0,Low
CUST04001,5,6,119240.03,Email,0,0.0,0,
CUST04003,19,6,259547.7,Social Media,0,0.0,0,
CUST04004,154,1,22020.690000000002,Email,1,0.9918086084127734,1,High
CUST04008,205,2,83190.75,Referral,1,0.9996875,1,High
CUST04010,67,8,293711.47000000003,Social Media,0,0.0,0,
CUST04011,162,1,21022.55,Email,1,0.9938194779779905,1,High
CUST04013,81,1,94442.51000000001,Organic,0,0.00022727272727272727,0,Low
CUST04014,20,2,49613.700000000004,Direct,0,0.0,0,
CUST04016,1,4,120400.14,Email,0,0.0,0,
CUST04017,53,2,103682.78000000001,Organic,0,0.0,0,
CUST04018,316,1,17084.95,Referral,1,0.9949071586431334,1,High
CUST04019,38,1,17066.37,Email,0,0.0,0,
CUST04020,14,1,62936.2,Direct,0,0.01,0,Low
CUST04024,91,2,85554.87,Paid Search,1,0.92,1,High
CUST04027,501,1,26321.379999999997,Organic,1,0.9955325268338967,1,High
CUST04028,276,1,112161.13,Social Media,1,0.9826699029126214,1,High
CUST04029,20,2,24354.09,Email,0,0.01,0,Low
CUST04034,96,1,64652.61,Social Media,1,0.9606124866446788,1,High
CUST04035,1,3,162727.00999999998,Organic,0,0.0,0,
CUST04039,334,1,16871.33,Organic,1,0.9916378920323795,1,High
CUST04040,7,8,232416.53999999998,Direct,0,0.0,0,
CUST04042,312,1,20300.32,Organic,1,0.9872359324756731,1,High
CUST04049,50,1,7707.79,Paid Search,0,0.027535983069024095,0,Low
CUST04053,143,2,80714.51,Email,1,1.0,1,High
CUST04056,468,2,140741.16999999998,Organic,1,1.0,1,High
CUST04057,58,1,4096.59,Social Media,0,0.0,0,
CUST04058,204,1,9229.25,Organic,1,0.9905746078568,1,High
CUST04061,196,1,38500.95,Email,1,0.9836652555821509,1,High
CUST04073,278,3,140724.38,Direct,1,1.0,1,High
CUST04074,240,1,50049.33,Organic,1,0.9883421439912228,1,High
CUST04079,207,3,31937.64,Referral,1,0.9963541666666668,1,High
CUST04082,509,2,12906.52,Email,1,0.9965244839701362,1,High
CUST04083,168,3,141003.16999999998,Social Media,1,0.9991319444444444,1,High
CUST04085,2,3,171050.59,Organic,0,0.0,0,
CUST04088,97,4,82461.94,Paid Search,1,0.9896875,1,High
CUST04091,37,1,140099.32,Email,0,0.03,0,Low
CUST04093,380,1,19907.05,Email,1,0.9933551571021791,1,High
CUST04095,4,2,89105.75,Direct,0,0.0,0,
CUST04101,432,1,88501.31,Paid Search,1,0.9988235294117647,1,High
CUST04104,37,6,90629.51999999999,Email,0,0.0,0,
CUST04105,138,2,15256.849999999999,Paid Search,1,0.9984753787878787,1,High
CUST04106,501,3,83480.26999999999,Paid Search,1,0.9994736842105263,1,High
CUST04107,8,2,33312.72,Referral,0,0.031200980392156862,0,Low
CUST04109,224,1,91930.48000000001,Referral,1,0.9782531792853714,1,High
CUST04111,4,2,129198.53,Paid Search,0,0.0,0,
CUST04112,246,1,91693.15999999999,Paid Search,1,0.9914285714285714,1,High
CUST04117,1,1,138205.97999999998,Email,0,0.01,0,Low
CUST04119,7,4,208899.43000000002,Paid Search,0,0.0,0,
CUST04121,15,2,92002.01000000001,Paid Search,0,0.03,0,Low
CUST04122,122,2,51714.65,Social Media,1,0.9894871794871795,1,High
CUST04123,22,4,47770.350000000006,Paid Search,0,0.0,0,
CUST04126,63,7,232711.1,Social Media,0,0.0,0,
CUST04127,1,2,10258.57,Direct,0,0.02878787878787879,0,Low
CUST04131,37,1,26644.190000000002,Organic,0,0.01,0,Low
CUST04136,399,1,5385.43,Paid Search,1,0.9942655383586559,1,High
CUST04138,186,2,78695.33,Direct,1,0.9833333333333333,1,High
CUST04143,121,1,9479.78,Social Media,1,0.99,1,High
CUST04145,246,2,27301.010000000002,Social Media,1,0.9770833333333334,1,High
CUST04147,57,2,30511.69,Direct,0,0.03,0,Low
CUST04151,188,2,192201.76,Direct,1,0.99,1,High
CUST04152,146,2,11535.64,Referral,1,1.0,1,High
CUST04153,210,1,30652.93,Social Media,1,0.9948133709608362,1,High
CUST04155,303,3,143811.54,Direct,1,0.9914285714285714,1,High
CUST04156,31,1,54048.3,Organic,0,0.03572612921669526,0,Low
CUST04157,211,1,6731.04,Direct,1,0.989960981399352,1,High
CUST04159,21,3,195072.52000000002,Paid Search,0,0.0,0,
CUST04160,267,1,22178.329999999998,Paid Search,1,0.9974763099219621,1,High
CUST04162,543,1,167550.95,Email,1,0.9888235294117647,1,High
CUST04163,41,4,172500.83,Paid Search,0,0.0018181818181818182,0,Low
CUST04166,105,2,12831.5,Paid Search,1,0.9958712121212122,1,High
CUST04167,73,5,241521.22,Direct,0,0.02,0,Low
CUST04169,161,2,109865.56,Direct,1,1.0,1,High
CUST04170,3,1,2917.58,Direct,0,0.0,0,
CUST04171,368,1,3746.09,Direct,1,0.999642857142857,1,High
CUST04173,1,7,295656.69,Direct,0,0.0,0,
CUST04174,53,1,143157.59,Referral,0,0.00022727272727272727,0,Low
CUST04175,51,6,179016.25999999998,Social Media,0,0.0018181818181818182,0,Low
CUST04176,554,1,22643.29,Paid Search,1,0.994839886141256,1,High
CUST04178,165,1,56496.41,Email,1,0.9957477742383403,1,High
CUST04183,33,5,548857.62,Referral,0,0.0,0,
CUST04184,3,1,3312.0,Paid Search,0,0.0,0,
CUST04187,22,2,245322.40999999997,Organic,0,0.01,0,Low
CUST04188,170,3,46127.39000000001,Email,1,0.9683018867924528,1,High
CUST04191,41,2,294391.82999999996,Paid Search,0,0.005367647058823529,0,Low
CUST04193,225,1,8112.33,Email,1,0.9957404919764669,1,High
CUST04194,75,3,21219.32,Direct,0,0.018787878787878787,0,Low
CUST04196,39,3,32773.22,Email,0,0.00830188679245283,0,Low
CUST04197,32,4,254521.53999999998,Organic,0,0.0,0,
CUST04198,538,1,9305.29,Direct,1,1.0,1,High
CUST04200,35,3,59640.73,Direct,0,0.018525780682643427,0,Low
CUST04201,167,1,8465.33,Direct,1,0.9944493559280493,1,High
CUST04202,194,1,646.85,Organic,1,0.999090909090909,1,High
CUST04206,324,2,73234.86,Email,1,0.99,1,High
CUST04207,270,1,152172.85,Direct,1,0.9914285714285714,1,High
CUST04213,31,4,149177.04,Paid Search,0,0.0,0,
CUST04214,129,3,20872.16,Paid Search,1,0.9904891304347827,1,High
CUST04215,120,2,29228.33,Social Media,1,0.9996875,1,High
CUST04217,27,4,309998.52999999997,Paid Search,0,0.0,0,
CUST04218,252,1,54881.979999999996,Organic,1,0.9873927958833619,1,High
CUST04221,321,1,50367.15,Paid Search,1,0.9929710565533151,1,High
CUST04223,156,2,74995.17000000001,Direct,1,0.99,1,High
CUST04224,162,1,45047.509999999995,Direct,1,0.997092209373098,1,High
CUST04225,329,1,22878.96,Direct,1,0.9957081307998233,1,High
CUST04227,33,4,187557.24,Paid Search,0,0.0,0,
CUST04230,5,4,126828.84999999999,Paid Search,0,0.0,0,
CUST04232,48,1,71944.1,Email,0,0.010227272727272727,0,Low
CUST04233,4,1,49899.06,Email,0,0.01,0,Low
CUST04237,32,5,180873.96,Social Media,0,0.01,0,Low
CUST04238,24,3,36067.38,Direct,0,0.028301886792452827,0,Low
CUST04239,0,3,49742.229999999996,Organic,0,0.014833333333333334,0,Low
CUST04242,4,5,151659.78,Referral,0,0.02,0,Low
CUST04245,6,4,232227.11,Referral,0,0.0,0,
CUST04247,3,2,4441.889999999999,Paid Search,0,0.01,0,Low
CUST04248,96,1,44383.19,Organic,1,0.9880359916182501,1,High
CUST04253,562,1,16603.74,Organic,1,0.9943636956650656,1,High
CUST04254,164,1,37827.969999999994,Referral,1,0.9945737090381046,1,High
CUST04255,481,1,34505.88,Direct,1,0.9931417729337088,1,High
CUST04256,193,3,36678.79,Social Media,1,0.9889316239316238,1,High
CUST04257,343,1,2664.94,Social Media,1,0.9934776334776335,1,High
CUST04260,207,1,25680.5,Referral,1,0.9970318480043739,1,High
CUST04262,10,3,77090.58999999998,Paid Search,0,0.0,0,
CUST04267,189,2,80874.25,Referral,1,0.9933333333333333,1,High
CUST04268,211,1,18838.5,Email,1,0.993159139703228,1,High
CUST04271,154,2,19627.67,Paid Search,1,0.9655587121212121,1,High
CUST04273,161,1,1097.5,Organic,1,0.9877986542443064,1,High
CUST04274,2,3,131514.41,Paid Search,0,0.01,0,Low
CUST04275,57,4,351364.95999999996,Social Media,0,0.0,0,
CUST04276,235,1,173733.77,Email,1,0.9790984743411927,1,High
CUST04277,11,5,324578.0,Organic,0,0.0,0,
CUST04281,40,7,403671.11,Email,0,0.0,0,
CUST04283,307,1,5307.12,Direct,1,0.9914385439245188,1,High
CUST04284,687,1,64041.5,Email,1,0.9966352201257861,1,High
CUST04285,4,1,3943.54,Organic,0,0.035,0,Low
CUST04286,3,3,199732.83000000002,Direct,0,0.0,0,
CUST04290,12,4,93865.7,Email,0,0.0,0,
CUST04292,222,1,58675.509999999995,Organic,1,0.995915516947709,1,High
CUST04293,24,1,9073.62,Email,0,0.0,0,
CUST04296,91,2,85561.03,Referral,1,0.79,1,High
CUST04301,33,2,80450.26,Referral,0,0.0048529411764705885,0,Low
CUST04302,0,7,352809.14,Referral,0,0.0,0,
CUST04303,160,2,62535.25,Email,1,0.9623529411764706,1,High
CUST04304,48,1,250791.38,Email,0,0.01,0,Low
CUST04305,277,1,63502.21,Direct,1,0.988501833327885,1,High
CUST04306,261,3,100737.20999999999,Direct,1,1.0,1,High
CUST04307,15,2,48188.22,Social Media,0,0.0,0,
CUST04308,23,1,3132.22,Organic,0,0.035740491976466726,0,Low
CUST04309,532,1,28356.630000000005,Referral,1,0.9991666666666665,1,High
CUST04310,47,5,188876.93,Referral,0,0.0018181818181818182,0,Low
CUST04312,97,4,192217.83,Email,1,0.9440000000000001,1,High
CUST04316,182,4,154149.34,Referral,1,0.9738541666666666,1,High
CUST04317,517,1,29298.99,Referral,1,0.9991666666666665,1,High
CUST04318,138,1,2361.35,Referral,1,0.99,1,High
CUST04319,442,1,12342.53,Paid Search,1,0.9807404919764668,1,High
CUST04321,17,5,150130.62,Email,0,0.02,0,Low
CUST04322,4,6,351186.83999999997,Organic,0,0.0,0,
CUST04327,64,2,93912.95,Direct,0,0.0,0,
CUST04329,190,1,86592.19,Referral,1,1.0,1,High
CUST04332,14,4,123205.57,Direct,0,0.027333333333333334,0,Low
CUST04333,44,5,194289.31,Social Media,0,0.0275,0,Low
CUST04337,12,1,22272.08,Referral,0,0.0,0,
CUST04340,9,1,18032.13,Email,0,0.0,0,
CUST04342,12,2,23394.98,Social Media,0,0.019583333333333335,0,Low
CUST04343,19,1,2431.05,Social Media,0,0.06643734888300105,0,Low
CUST04344,99,1,32285.54,Email,1,0.9490863082137299,1,High
CUST04347,349,1,21683.55,Direct,1,0.9969178082191781,1,High
CUST04349,22,2,32783.57,Direct,0,0.01,0,Low
CUST04350,182,2,65113.590000000004,Referral,1,0.998,1,High
CUST04351,17,3,87963.81,Organic,0,0.0789795918367347,0,Low
CUST04354,229,1,25557.94,Organic,1,0.9880371246215356,1,High
CUST04355,2,1,49088.25,Social Media,0,0.032012933303255886,0,Low
CUST04358,202,1,3567.45,Organic,1,0.9955540654997176,1,High
CUST04359,130,2,16325.28,Direct,1,0.9970800395256917,1,High
CUST04360,293,1,4940.48,Referral,1,0.9930401508429457,1,High
CUST04361,34,2,51586.990000000005,Social Media,0,0.01,0,Low
CUST04368,65,1,65650.70000000001,Referral,0,0.029491525423728814,0,Low
CUST04369,43,1,4207.36,Organic,0,0.023333333333333334,0,Low
CUST04371,55,2,179411.25,Paid Search,0,0.0,0,
CUST04374,68,1,11956.57,Organic,0,0.0,0,
CUST04376,11,2,126345.23000000001,Email,0,0.0,0,
CUST04377,97,6,205419.56,Email,1,0.95,1,High
CUST04379,41,5,137167.59,Paid Search,0,0.0,0,
CUST04380,60,2,99010.53,Referral,0,0.02411764705882353,0,Low
CUST04381,103,2,6538.1900000000005,Direct,1,0.9817391304347827,1,High
CUST04384,262,1,1056.58,Direct,1,0.9936625698985447,1,High
CUST04386,63,3,59130.39,Referral,0,0.02,0,Low
CUST04390,259,1,3073.88,Organic,1,0.9967794530154279,1,High
CUST04391,22,4,170461.2,Direct,0,0.0,0,
CUST04393,604,1,5550.82,Paid Search,1,0.9975649350649349,1,High
CUST04394,250,1,26628.94,Email,1,0.9936679134598494,1,High
CUST04397,62,3,39811.24,Direct,0,0.01852578068264343,0,Low
CUST04398,703,1,92139.20000000001,Paid Search,1,1.0,1,High
CUST04402,15,4,74191.23000000001,Referral,0,0.0,0,
CUST04405,361,3,83829.51,Organic,1,0.9788235294117646,1,High
CUST04406,221,1,161948.2,Organic,1,0.96875,1,High
CUST04407,140,3,116400.54000000001,Email,1,1.0,1,High
CUST04408,40,2,119901.16,Social Media,0,0.031003236245954694,0,Low
CUST04411,197,2,18296.32,Organic,1,0.9939923666807373,1,High
CUST04412,269,3,62215.75,Direct,1,0.9961184210526315,1,High
CUST04413,5,1,13600.25,Direct,0,0.03677945301542777,0,Low
CUST04414,347,3,189776.25,Direct,1,1.0,1,High
CUST04416,243,2,85560.34999999999,Direct,1,0.98,1,High
CUST04424,196,1,77591.36,Email,1,0.9775713611035531,1,High
CUST04425,60,3,91756.06000000001,Organic,0,0.0075,0,Low
CUST04426,40,3,146073.3,Referral,0,0.0,0,
CUST04429,126,2,45006.95,Paid Search,1,0.958,1,High
CUST04430,38,1,3110.21,Organic,0,0.07677945301542777,0,Low
CUST04433,11,2,69385.5,Referral,0,0.002916666666666667,0,Low
CUST04435,47,6,126812.72,Organic,0,0.0,0,
CUST04436,316,1,65096.159999999996,Direct,1,0.9957477742383403,1,High
CUST04437,56,1,9053.45,Email,0,0.05857142857142858,0,Low
CUST04438,275,1,25541.79,Email,1,0.9875403225806452,1,High
CUST04439,1,2,97078.47,Social Media,0,0.00022727272727272727,0,Low
CUST04440,92,1,38005.17,Organic,1,0.9943420506434205,1,High
CUST04441,54,1,80920.48000000001,Organic,0,0.0016558441558441558,0,Low
CUST04443,68,2,157869.31999999998,Organic,0,0.023333333333333334,0,Low
CUST04444,24,2,66542.83,Referral,0,0.0048529411764705885,0,Low
CUST04445,202,1,5041.72,Organic,1,0.9862413314840499,1,High
CUST04446,93,3,25071.91,Social Media,1,0.96,1,High
CUST04448,208,1,3859.11,Social Media,1,0.9862456140350876,1,High
CUST04450,248,2,46079.950000000004,Email,1,0.9724195338512763,1,High
CUST04451,38,12,365822.57999999996,Social Media,0,0.05,0,Low
CUST04452,279,1,13733.03,Paid Search,1,0.9839687222715173,1,High
CUST04453,12,1,25639.28,Email,0,0.0,0,
CUST04454,223,1,47344.4,Referral,1,0.9853891454688143,1,High
CUST04455,329,1,32557.22,Organic,1,0.987284630076566,1,High
CUST04456,347,1,1058.05,Referral,1,0.9989795918367347,1,High
CUST04459,17,2,84608.64,Paid Search,0,0.0,0,
CUST04461,108,2,107312.97,Organic,1,0.9033333333333333,1,High
CUST04465,76,1,25848.57,Direct,0,0.04924680204089035,0,Low
CUST04467,10,3,97147.07,Direct,0,0.01,0,Low
CUST04468,13,2,47113.22,Organic,0,0.0,0,
CUST04470,123,2,27925.75,Email,1,0.99,1,High
CUST04471,549,1,11992.35,Organic,1,0.9974763099219621,1,High
CUST04472,95,1,86133.2,Paid Search,1,0.9568246078567999,1,High
CUST04474,319,1,18028.510000000002,Referral,1,0.9949071586431334,1,High
CUST04475,58,1,78121.26000000001,Paid Search,0,0.012337662337662338,0,Low
CUST04476,166,3,212031.68000000002,Direct,1,0.98875,1,High
CUST04480,7,2,6680.96,Email,0,0.008787878787878787,0,Low
CUST04483,61,1,118413.6,Organic,0,0.02824561403508772,0,Low
CUST04486,63,1,26912.920000000002,Organic,0,0.04221753988528411,0,Low
CUST04487,45,2,74620.04,Paid Search,0,0.006279069767441861,0,Low
CUST04489,10,1,680.26,Social Media,0,0.01,0,Low
CUST04493,675,1,3676.37,Direct,1,0.99,1,High
CUST04494,312,2,46668.69,Direct,1,1.0,1,High
CUST04495,396,1,7988.84,Direct,1,0.999642857142857,1,High
CUST04496,146,5,177019.25,Email,1,0.96,1,High
CUST04497,257,3,93044.17,Social Media,1,0.9894736842105263,1,High
CUST04500,81,1,47295.69,Social Media,0,0.060132367632367636,0,Low
CUST04501,59,2,94712.92,Organic,0,0.0,0,
CUST04502,121,1,7192.57,Paid Search,1,0.9971774421230942,1,High
CUST04505,29,3,105837.66,Email,0,0.0,0,
CUST04506,33,2,61468.16,Email,0,0.01,0,Low
CUST04509,82,1,10003.71,Social Media,0,0.028911208356860528,0,Low
CUST04512,104,7,255702.40000000002,Social Media,1,0.9775,1,High
CUST04513,32,2,105974.09,Social Media,0,0.01,0,Low
CUST04514,154,2,77955.45,Referral,1,0.9996875,1,High
CUST04516,90,3,228836.5,Paid Search,0,0.05166666666666666,0,Low
CUST04517,79,3,256368.69,Social Media,0,0.0175,0,Low
CUST04518,88,1,3267.1,Direct,0,0.01,0,Low
CUST04521,11,1,17773.8,Email,0,0.01947176070773546,0,Low
CUST04522,10,1,68223.49,Social Media,0,0.0,0,
CUST04523,40,1,52466.03,Direct,0,0.03,0,Low
CUST04525,274,2,34509.17,Social Media,1,0.9970833333333334,1,High
CUST04528,27,3,72905.18000000001,Organic,0,0.0,0,
CUST04529,156,2,89742.01999999999,Social Media,1,1.0,1,High
CUST04530,29,2,225621.02000000002,Paid Search,0,0.0077777777777777776,0,Low
CUST04531,14,5,206404.47,Direct,0,0.0,0,
CUST04534,4,1,15157.17,Email,0,0.0,0,
CUST04535,36,2,110784.39,Organic,0,0.0,0,
CUST04536,12,1,1303.54,Organic,0,0.0,0,
CUST04537,20,2,65825.19,Direct,0,0.01,0,Low
CUST04542,26,1,32045.07,Social Media,0,0.04589964393183607,0,Low
CUST04543,47,4,159628.5,Organic,0,0.0,0,
CUST04545,17,2,92719.55,Organic,0,0.01,0,Low
CUST04546,419,2,87715.98,Organic,1,0.9889795918367347,1,High
CUST04547,29,2,90375.68,Social Media,0,0.0,0,
CUST04550,276,1,8606.119999999999,Email,1,0.9967794530154279,1,High
CUST04551,20,3,69278.36,Organic,0,0.0,0,
CUST04552,105,1,59138.09,Paid Search,1,0.9708319304152637,1,High
CUST04554,111,2,143560.65,Referral,1,0.95,1,High
CUST04555,52,1,12777.9,Paid Search,0,0.019989130434782607,0,Low
CUST04556,98,3,90612.31,Referral,1,0.96,1,High
CUST04557,6,1,2246.27,Direct,0,0.023333333333333334,0,Low
CUST04558,280,1,36373.81,Paid Search,1,0.9921213647704434,1,High
CUST04562,335,2,141258.5,Paid Search,1,0.9694444444444444,1,High
CUST04564,42,1,24361.58,Email,0,0.07458771113179945,0,Low
CUST04566,56,4,173693.41999999998,Email,0,0.0,0,
CUST04567,280,1,7563.46,Social Media,1,0.9872488502810423,1,High
CUST04569,71,1,74686.45999999999,Direct,0,0.014301886792452829,0,Low
CUST04570,30,2,148458.69999999998,Email,0,0.0,0,
CUST04571,250,1,15218.58,Referral,1,0.9854079981507166,1,High
CUST04572,246,1,2102.54,Referral,1,0.9882456140350877,1,High
CUST04573,35,1,1415.87,Paid Search,0,0.0,0,
CUST04575,189,1,6713.46,Direct,1,0.9957404919764669,1,High
CUST04577,12,1,60652.85,Organic,0,0.03544474393530997,0,Low
CUST04578,9,4,66170.24,Organic,0,0.014701754385964912,0,Low
CUST04580,33,1,59877.130000000005,Email,0,0.01,0,Low
CUST04582,338,1,24765.19,Email,1,0.9936487615975969,1,High
CUST04584,58,3,63982.28,Email,0,0.006589506172839505,0,Low
CUST04588,44,1,4416.69,Paid Search,0,0.051296047532022285,0,Low
CUST04590,151,2,156241.22,Organic,1,0.99,1,High
CUST04591,17,3,26455.06,Referral,0,0.0,0,
CUST04598,114,2,164462.43,Paid Search,1,0.998,1,High
CUST04599,520,1,79559.85,Direct,1,0.9883333333333333,1,High
CUST04600,46,6,287495.58,Referral,0,0.0,0,
CUST04601,214,1,38306.47,Referral,1,0.9965802700124733,1,High
CUST04602,19,1,18286.21,Direct,0,0.0,0,
CUST04603,51,1,2954.16,Referral,0,0.042911208356860533,0,Low
CUST04605,335,2,18444.940000000002,Organic,1,0.9958712121212122,1,High
CUST04606,607,1,4694.18,Direct,1,0.9967794530154279,1,High
CUST04607,58,1,24908.18,Social Media,0,0.0,0,
CUST04609,34,1,69347.28,Organic,0,0.027281478629187523,0,Low
CUST04610,497,1,3972.18,Email,1,0.9925540654997177,1,High
CUST04612,1,2,133406.21,Referral,0,0.0,0,
CUST04613,18,6,162207.31,Referral,0,0.04,0,Low
CUST04614,205,2,34920.86,Referral,1,0.9986111111111111,1,High
CUST04615,7,5,348441.57999999996,Referral,0,0.0,0,
CUST04616,29,5,128090.23000000001,Social Media,0,0.019444444444444445,0,Low
CUST04622,618,1,2928.13,Paid Search,1,0.9899149823606345,1,High
CUST04623,81,2,123909.38,Paid Search,0,0.008333333333333333,0,Low
CUST04624,9,1,58691.85,Direct,0,0.02,0,Low
CUST04625,99,2,212314.27,Direct,1,0.9345833333333333,1,High
CUST04631,179,3,24395.63,Social Media,1,0.9994871794871795,1,High
CUST04632,82,1,47735.95,Paid Search,0,0.01,0,Low
CUST04633,85,1,87937.79000000001,Organic,0,0.01,0,Low
CUST04634,335,2,7348.42,Direct,1,0.9967228966685489,1,High
CUST04636,30,2,125056.25,Referral,0,0.018000000000000002,0,Low
CUST04638,1,1,8721.89,Direct,0,0.0,0,
CUST04639,0,8,426953.85000000003,Referral,0,0.0,0,
CUST04640,41,2,171285.89,Referral,0,0.0,0,
CUST04642,144,1,4508.86,Paid Search,1,0.9910791118819069,1,High
CUST04643,256,1,2048.04,Email,1,0.9967794530154279,1,High
CUST04644,215,1,4760.61,Social Media,1,0.9917655383586559,1,High
CUST04645,4,1,1478.2,Referral,0,0.0,0,
CUST04646,201,2,98617.97,Email,1,0.99,1,High
CUST04648,127,2,58677.74,Social Media,1,0.9958508158508158,1,High
CUST04649,186,1,11300.66,Email,1,0.9982456140350877,1,High
CUST04652,301,3,191910.95,Referral,1,0.9975,1,High
CUST04655,588,1,60186.14,Organic,1,0.97544474393531,1,High
CUST04656,40,5,108859.75,Direct,0,0.01,0,Low
CUST04659,20,2,36326.090000000004,Email,0,0.0,0,
CUST04661,20,5,277693.6,Email,0,0.01,0,Low
CUST04663,628,1,89262.54,Referral,1,1.0,1,High
CUST04667,0,1,46388.78,Referral,0,0.0,0,
CUST04668,192,1,65218.98,Organic,1,0.988501833327885,1,High
CUST04669,326,2,63812.490000000005,Direct,1,1.0,1,High
CUST04670,94,1,54087.130000000005,Organic,1,0.98,1,High
CUST04672,4,1,128535.06999999999,Paid Search,0,0.0016558441558441558,0,Low
CUST04673,11,3,121295.15,Organic,0,0.02211764705882353,0,Low
CUST04674,29,3,233420.32,Direct,0,0.0,0,
CUST04675,30,1,89947.76,Email,0,0.00022727272727272727,0,Low
CUST04677,14,2,47237.25,Paid Search,0,0.0,0,
CUST04678,82,2,164817.64,Referral,0,0.0,0,
CUST04679,61,2,26392.5,Paid Search,0,0.02852578068264343,0,Low
CUST04681,29,2,84140.08,Social Media,0,0.0,0,
CUST04683,105,2,9846.43,Paid Search,1,0.9458624031007753,1,High
CUST04684,30,4,193022.91,Direct,0,0.0,0,
CUST04685,205,1,3231.3,Social Media,1,0.9891666666666665,1,High
CUST04686,213,1,2040.55,Paid Search,1,0.9982456140350877,1,High
CUST04690,154,2,70278.14,Email,1,0.9802904865649963,1,High
CUST04692,275,1,3299.16,Referral,1,0.9958549783549784,1,High
CUST04693,27,1,49713.53,Direct,0,0.05297105655331503,0,Low
CUST04695,30,2,84725.33,Email,0,0.013333333333333332,0,Low
CUST04696,11,2,66098.03,Social Media,0,0.0,0,
CUST04697,10,1,66900.59,Paid Search,0,0.019077544450351466,0,Low
CUST04699,322,2,50800.96,Organic,1,1.0,1,High
CUST04700,282,1,16440.74,Social Media,1,0.9933153219084394,1,High
CUST04701,6,1,3939.15,Paid Search,0,0.01,0,Low
CUST04702,281,3,57580.9,Referral,1,0.9989359698681732,1,High
CUST04704,89,2,145907.63,Direct,0,0.07,0,Low
CUST04706,77,1,97042.04,Referral,0,0.01875,0,Low
CUST04708,151,1,130869.33,Email,1,0.9890984743411927,1,High
CUST04709,63,4,223867.28000000003,Organic,0,0.01,0,Low
CUST04710,70,1,62352.229999999996,Paid Search,0,0.019886363636363636,0,Low
CUST04715,101,1,34481.009999999995,Organic,1,0.9943106041025399,1,High
CUST04716,17,2,96996.74999999999,Organic,0,0.0077777777777777776,0,Low
CUST04718,14,1,13460.64,Referral,0,0.02591120835686053,0,Low
CUST04719,103,2,57967.95,Direct,1,0.9873927958833619,1,High
CUST04720,2,2,61261.56,Social Media,0,0.0,0,
CUST04721,23,8,390267.0,Paid Search,0,0.0,0,
CUST04724,356,1,23363.37,Paid Search,1,0.9987903225806452,1,High
CUST04725,243,3,258299.4,Social Media,1,0.9794736842105263,1,High
CUST04726,8,2,139825.2,Referral,0,0.0196875,0,Low
CUST04728,84,5,133272.82,Email,0,0.0025,0,Low
CUST04732,14,1,119657.5,Social Media,0,0.0,0,
CUST04733,54,2,94732.06999999999,Email,0,0.0,0,
CUST04736,27,3,72823.73,Social Media,0,0.006279069767441861,0,Low
CUST04741,7,5,206516.76,Organic,0,0.012777777777777779,0,Low
CUST04743,353,1,7238.98,Social Media,1,0.9938249075608823,1,High
CUST04747,16,5,160628.88,Social Media,0,0.01,0,Low
CUST04748,28,1,524.44,Social Media,0,0.06,0,Low
CUST04753,88,5,229457.97,Paid Search,0,0.008,0,Low
CUST04757,71,3,47313.71,Paid Search,0,0.007333333333333333,0,Low
CUST04758,54,1,24706.17,Email,0,0.02,0,Low
CUST04759,1,7,435162.01999999996,Referral,0,0.045,0,Low
CUST04763,96,1,1582.4,Email,1,0.9780551378446115,1,High
CUST04767,285,2,11415.119999999999,Paid Search,1,0.9858712121212122,1,High
CUST04768,78,1,22795.17,Referral,0,0.022071371610845297,0,Low
CUST04769,348,2,81625.37,Paid Search,1,0.9979554738562091,1,High
CUST04770,607,1,3077.35,Paid Search,1,0.9966666666666667,1,High
CUST04775,59,3,155762.7,Email,0,0.01,0,Low
CUST04776,100,1,54054.25,Organic,1,0.98,1,High
CUST04777,293,3,148024.72,Referral,1,0.985,1,High
CUST04780,4,1,29410.75,Organic,0,0.04063527321883521,0,Low
CUST04781,52,3,219769.59,Referral,0,0.004117647058823529,0,Low
CUST04783,338,1,66396.32,Email,1,0.988501833327885,1,High
CUST04785,20,2,38370.97,Social Media,0,0.018915750915750915,0,Low
CUST04789,176,1,45970.16,Organic,1,0.9568081127250081,1,High
CUST04790,2,3,62620.64,Social Media,0,0.003333333333333333,0,Low
CUST04791,94,1,493.22,Direct,1,0.97,1,High
CUST04792,50,3,126343.98,Direct,0,0.0,0,
CUST04798,440,1,63782.52,Paid Search,1,0.9952035565512654,1,High
CUST04800,208,2,25493.660000000003,Email,1,0.9887878787878788,1,High
CUST04801,118,1,8516.039999999999,Social Media,1,0.98,1,High
CUST04803,73,1,56349.88,Email,0,0.026747447362972826,0,Low
CUST04804,400,2,96345.03,Paid Search,1,0.99,1,High
CUST04806,78,1,4174.49,Paid Search,0,0.011266233766233766,0,Low
CUST04808,56,2,45041.43,Referral,0,0.02405684754521964,0,Low
CUST04810,146,1,62694.11,Paid Search,1,0.9688651471984805,1,High
CUST04815,150,2,114726.95000000001,Referral,1,1.0,1,High
CUST04817,37,1,67636.57,Social Media,0,0.005,0,Low
CUST04819,154,3,258342.37,Organic,1,0.99,1,High
CUST04821,215,1,24556.15,Organic,1,0.9901732194745894,1,High
CUST04823,70,2,75149.36,Paid Search,0,0.004166666666666667,0,Low
CUST04826,35,5,299885.48,Direct,0,0.01,0,Low
CUST04827,23,2,38981.58,Referral,0,0.0,0,
CUST04830,31,1,64938.55,Referral,0,0.00022727272727272727,0,Low
CUST04831,15,3,62490.41,Social Media,0,0.01735294117647059,0,Low
CUST04836,96,7,232388.93,Organic,1,0.985,1,High
CUST04841,0,3,56313.41,Direct,0,0.0,0,
CUST04842,54,2,48530.44,Paid Search,0,0.0,0,
CUST04845,10,3,90880.48,Email,0,0.0,0,
CUST04847,10,2,38705.850000000006,Social Media,0,0.0,0,
CUST04850,191,1,15879.77,Referral,1,0.9949071586431334,1,High
CUST04851,112,1,54321.990000000005,Email,1,0.9983018867924528,1,High
CUST04853,122,4,93022.57,Social Media,1,0.94,1,High
CUST04854,235,1,8468.02,Paid Search,1,0.9962413314840499,1,High
CUST04856,77,3,49277.25000000001,Organic,0,0.0,0,
CUST04858,103,1,13751.84,Referral,1,0.97,1,High
CUST04861,4,3,148617.51,Paid Search,0,0.0,0,
CUST04862,129,1,67922.86,Paid Search,1,1.0,1,High
CUST04863,49,2,224070.95,Social Media,0,0.01,0,Low
CUST04864,187,2,23424.4,Direct,1,0.994642857142857,1,High
CUST04865,10,12,643480.2,Paid Search,0,0.0,0,
CUST04866,231,2,152559.99,Email,1,1.0,1,High
CUST04868,46,4,102166.98,Direct,0,0.01,0,Low
CUST04869,83,1,4647.9,Paid Search,0,0.0,0,
CUST04871,16,2,97325.90999999999,Paid Search,0,0.00022727272727272727,0,Low
CUST04872,385,1,52818.07,Referral,1,0.9886581920903954,1,High
CUST04873,22,1,35691.990000000005,Organic,0,0.0,0,
CUST04876,352,1,43180.1,Paid Search,1,0.9919506483900498,1,High
CUST04878,346,2,26343.120000000003,Email,1,0.9829210444651326,1,High
CUST04884,39,4,137884.39,Direct,0,0.007333333333333333,0,Low
CUST04885,359,2,267255.91,Email,1,1.0,1,High
CUST04886,48,2,43427.850000000006,Social Media,0,0.012352941176470589,0,Low
CUST04890,4,5,105279.66,Organic,0,0.01,0,Low
CUST04892,2,2,3954.9399999999996,Direct,0,0.01,0,Low
CUST04895,50,2,72412.81999999999,Referral,0,0.0025,0,Low
CUST04898,242,2,65800.83,Email,1,0.9888235294117647,1,High
CUST04900,15,6,246220.13,Referral,0,0.002777777777777778,0,Low
CUST04901,107,3,96961.84,Referral,1,0.9425,1,High
CUST04903,40,3,155593.28,Paid Search,0,0.03052083333333333,0,Low
CUST04904,138,1,11913.75,Social Media,1,0.978900332136307,1,High
CUST04905,303,2,41292.59,Referral,1,0.9980268789590824,1,High
CUST04906,21,1,22169.22,Email,0,0.0,0,
CUST04909,92,1,8544.5,Direct,1,0.986437348883001,1,High
CUST04911,426,1,28611.8,Referral,1,0.9965802700124733,1,High
CUST04912,208,2,16452.260000000002,Referral,1,0.9987878787878788,1,High
CUST04914,159,1,62384.24,Paid Search,1,0.9976699029126214,1,High
CUST04916,64,5,61926.590000000004,Email,0,0.007368421052631579,0,Low
CUST04918,99,2,96116.96,Referral,1,0.9996875,1,High
CUST04920,22,1,803.13,Direct,0,0.035,0,Low
CUST04923,65,2,49126.88,Social Media,0,0.0,0,
CUST04924,32,5,247967.8,Email,0,0.01,0,Low
CUST04925,20,3,139825.63,Social Media,0,0.0,0,
CUST04927,166,3,66843.17,Direct,1,0.9956703078450844,1,High
CUST04931,72,1,22826.45,Email,0,0.03691780821917808,0,Low
CUST04933,371,1,39178.73,Social Media,1,0.9950695970695969,1,High
CUST04936,159,1,7823.78,Paid Search,1,0.9955540654997176,1,High
CUST04937,86,1,46943.9,Referral,0,0.09754032258064516,0,Low
CUST04940,171,2,50147.61,Organic,1,1.0,1,High
CUST04942,218,2,72352.11,Referral,1,0.9807220343969563,1,High
CUST04943,126,1,32011.11,Email,1,0.9573319222488175,1,High
CUST04946,17,3,52783.95,Organic,0,0.007368421052631579,0,Low
CUST04947,51,1,24944.64,Email,0,0.0,0,
CUST04950,69,1,80869.16,Organic,0,0.016,0,Low
CUST04951,114,1,2877.73,Direct,1,0.9929112083568605,1,High
CUST04952,557,1,2777.79,Organic,1,0.9957404919764669,1,High
CUST04953,115,2,104392.99,Paid Search,1,0.9653676470588235,1,High
CUST04956,59,3,148845.38,Email,0,0.0,0,
CUST04958,317,1,58855.77,Referral,1,0.9994915254237289,1,High
CUST04959,6,2,178024.58,Direct,0,0.01,0,Low
CUST04960,35,4,229675.78,Organic,0,0.0,0,
CUST04961,28,3,134774.54,Social Media,0,0.0,0,
CUST04963,64,3,150387.2,Email,0,0.01,0,Low
CUST04964,85,1,29348.28,Organic,0,0.039362552154488056,0,Low
CUST04966,3,1,131020.13,Paid Search,0,0.00022727272727272727,0,Low
CUST04968,306,1,144495.55,Paid Search,1,0.9873440883762804,1,High
CUST04969,52,2,12342.53,Organic,0,0.009583333333333334,0,Low
CUST04970,11,1,34377.09,Referral,0,0.010214646464646465,0,Low
CUST04976,63,2,124704.01,Organic,0,0.01,0,Low
CUST04977,3,3,235293.28,Direct,0,0.0,0,
CUST04979,59,4,118338.73999999999,Referral,0,0.0,0,
CUST04980,116,1,265906.5,Direct,1,0.9302272727272728,1,High
CUST04983,38,1,192194.93,Direct,0,0.00022727272727272727,0,Low
CUST04984,86,1,1101.98,Referral,0,0.02,0,Low
CUST04987,332,1,4260.38,Social Media,1,0.9838249075608823,1,High
CUST04991,442,1,46046.78,Referral,1,0.9986581920903954,1,High
CUST04992,2,2,64974.41,Email,0,0.0,0,
CUST04995,68,6,194086.55000000002,Paid Search,0,0.0,0,
CUST04996,12,7,312815.5,Organic,0,0.0,0,
CUST04998,131,7,301311.76,Organic,1,0.9766666666666666,1,High
CUST04999,340,1,10012.39,Social Media,1,0.9885555555555555,1,High
CUST05000,373,2,17605.97,Organic,1,0.9943434343434343,1,High
