customer_id,total_revenue,avg_order_value,order_count,first_order,last_order,customer_lifetime_days,signup_date,state,acquisition_channel,age,gender,historical_clv,purchase_frequency,clv_segment
CUST00002,125663.5,41887.833333333336,3,2024-09-01,2024-12-22,113,2024-08-26,Tamil Nadu,Direct,24,Other,125663.5,0.6293706293706294,High
CUST00004,45998.48,22999.24,2,2024-05-10,2024-09-01,115,2023-11-04,Karnataka,Paid Search,50,Other,45998.48,0.4137931034482758,Medium
CUST00007,39782.06,39782.06,1,2024-07-26,2024-07-26,1,2023-02-06,Maharashtra,Direct,45,F,39782.06,0.9677419354838709,Low
CUST00009,124605.56999999999,62302.784999999996,2,2024-09-23,2024-10-17,25,2024-02-16,Karnataka,Organic,40,F,124605.56999999999,1.0909090909090908,High
CUST00011,104137.0,26034.25,4,2023-09-16,2024-12-30,472,2023-06-21,Karnataka,Organic,53,F,104137.0,0.2390438247011952,High
CUST00013,178517.88,178517.88,1,2024-11-03,2024-11-03,1,2023-07-09,Maharashtra,Paid Search,36,M,178517.88,0.9677419354838709,Very High
CUST00016,52465.28,26232.64,2,2023-11-17,2024-02-21,97,2023-06-29,Uttar Pradesh,Direct,59,M,52465.28,0.47244094488188976,Medium
CUST00018,93116.29999999999,31038.766666666663,3,2024-11-13,2024-12-06,24,2024-07-18,Uttar Pradesh,Direct,53,M,93116.29999999999,1.6666666666666665,High
CUST00020,17360.08,17360.08,1,2024-08-15,2024-08-15,1,2023-10-18,West Bengal,Organic,31,Other,17360.08,0.9677419354838709,Low
CUST00021,84246.77,84246.77,1,2024-10-07,2024-10-07,1,2024-08-14,Gujarat,Direct,49,F,84246.77,0.9677419354838709,High
CUST00023,117004.81999999999,39001.60666666667,3,2024-09-12,2024-12-03,83,2024-08-13,Uttar Pradesh,Email,45,Other,117004.81999999999,0.7964601769911505,High
CUST00025,39486.299999999996,7897.259999999999,5,2023-06-09,2024-11-04,515,2023-05-13,Rajasthan,Organic,25,M,39486.299999999996,0.2752293577981651,Low
CUST00031,116640.07,116640.07,1,2024-05-02,2024-05-02,1,2023-04-28,Uttar Pradesh,Paid Search,50,M,116640.07,0.9677419354838709,High
CUST00035,46668.67,46668.67,1,2024-12-29,2024-12-29,1,2024-12-28,Karnataka,Social Media,33,M,46668.67,0.9677419354838709,Medium
CUST00036,39729.09,19864.545,2,2024-07-23,2024-08-11,20,2024-04-28,Tamil Nadu,Organic,23,Other,39729.09,1.2000000000000002,Low
CUST00037,372536.09,93134.0225,4,2024-10-16,2024-12-24,70,2024-06-04,Rajasthan,Email,26,M,372536.09,1.2,Very High
CUST00038,299658.3,42808.32857142857,7,2024-05-11,2024-09-14,127,2024-03-04,Rajasthan,Paid Search,34,Other,299658.3,1.3375796178343948,Very High
CUST00039,318925.99,39865.74875,8,2024-06-06,2024-12-24,202,2024-04-08,West Bengal,Email,64,Other,318925.99,1.0344827586206897,Very High
CUST00040,85637.42,85637.42,1,2024-12-12,2024-12-12,1,2024-10-24,Tamil Nadu,Social Media,43,Other,85637.42,0.9677419354838709,High
CUST00043,96778.47,32259.49,3,2024-09-01,2024-12-24,115,2024-05-15,Tamil Nadu,Paid Search,18,M,96778.47,0.6206896551724137,High
CUST00044,5208.75,5208.75,1,2024-12-26,2024-12-26,1,2023-08-15,Maharashtra,Organic,20,F,5208.75,0.9677419354838709,Very Low
CUST00046,95302.03,47651.015,2,2024-07-11,2024-09-28,80,2024-06-23,Rajasthan,Email,26,Other,95302.03,0.5454545454545455,High
CUST00048,32275.550000000003,32275.550000000003,1,2024-12-06,2024-12-06,1,2024-11-04,Karnataka,Direct,45,F,32275.550000000003,0.9677419354838709,Low
CUST00049,48642.41,48642.41,1,2024-03-20,2024-03-20,1,2023-09-14,West Bengal,Referral,64,M,48642.41,0.9677419354838709,Medium
CUST00050,17536.86,8768.43,2,2024-12-24,2024-12-29,6,2024-11-25,Karnataka,Referral,64,F,17536.86,1.6666666666666667,Low
CUST00052,31308.5,15654.25,2,2024-04-24,2024-08-11,110,2023-01-19,Rajasthan,Referral,29,F,31308.5,0.4285714285714286,Low
CUST00055,119073.88999999998,59536.94499999999,2,2024-10-23,2024-12-30,69,2024-10-13,Karnataka,Paid Search,44,F,119073.88999999998,0.6060606060606061,High
CUST00056,156945.82,52315.27333333334,3,2023-11-07,2024-08-31,299,2023-10-19,Rajasthan,Referral,21,M,156945.82,0.2735562310030395,Very High
CUST00057,197817.7,32969.61666666667,6,2024-03-20,2024-12-26,282,2023-08-04,West Bengal,Referral,34,F,197817.7,0.5769230769230769,Very High
CUST00058,54932.66,27466.33,2,2023-11-12,2024-02-25,106,2023-04-16,Uttar Pradesh,Direct,64,Other,54932.66,0.4411764705882353,Medium
CUST00062,16762.3,16762.3,1,2024-12-01,2024-12-01,1,2023-11-11,Delhi,Email,23,M,16762.3,0.9677419354838709,Very Low
CUST00064,11209.81,11209.81,1,2024-11-21,2024-11-21,1,2024-01-31,West Bengal,Email,33,Other,11209.81,0.9677419354838709,Very Low
CUST00065,220357.43,73452.47666666667,3,2023-10-12,2024-06-24,257,2023-08-21,Maharashtra,Organic,44,Other,220357.43,0.31358885017421606,Very High
CUST00066,61822.03999999999,30911.019999999997,2,2024-05-16,2024-08-19,96,2024-04-19,Gujarat,Paid Search,60,Other,61822.03999999999,0.47619047619047616,Medium
CUST00067,29605.269999999997,14802.634999999998,2,2023-12-20,2024-03-29,101,2023-11-19,Gujarat,Social Media,43,M,29605.269999999997,0.45801526717557245,Low
CUST00068,248517.89,27613.09888888889,9,2024-02-18,2024-11-25,282,2023-11-16,Uttar Pradesh,Social Media,22,M,248517.89,0.8653846153846153,Very High
CUST00070,88898.97,44449.485,2,2024-10-17,2024-12-26,71,2024-10-07,Tamil Nadu,Social Media,26,F,88898.97,0.594059405940594,High
CUST00071,24402.03,12201.015,2,2024-08-03,2024-09-07,36,2024-06-28,Karnataka,Social Media,36,M,24402.03,0.9090909090909091,Low
CUST00072,181040.24,60346.746666666666,3,2024-08-18,2024-12-08,113,2024-07-25,Rajasthan,Direct,37,Other,181040.24,0.6293706293706294,Very High
CUST00075,7662.73,7662.73,1,2024-04-05,2024-04-05,1,2023-03-10,Delhi,Social Media,56,M,7662.73,0.9677419354838709,Very Low
CUST00077,11891.81,5945.905,2,2024-06-15,2024-08-03,50,2023-06-09,Rajasthan,Organic,23,Other,11891.81,0.7499999999999999,Very Low
CUST00078,138303.07,27660.614,5,2024-01-19,2024-12-03,320,2023-11-26,West Bengal,Organic,18,F,138303.07,0.4285714285714286,High
CUST00081,19586.05,19586.05,1,2024-10-03,2024-10-03,1,2024-01-31,Delhi,Social Media,55,Other,19586.05,0.9677419354838709,Low
CUST00082,21439.57,21439.57,1,2024-10-04,2024-10-04,1,2024-05-23,Delhi,Paid Search,20,F,21439.57,0.9677419354838709,Low
CUST00086,46473.13,46473.13,1,2024-07-14,2024-07-14,1,2024-04-17,West Bengal,Paid Search,65,F,46473.13,0.9677419354838709,Medium
CUST00087,154202.15000000002,51400.716666666674,3,2023-09-11,2024-05-28,261,2023-01-19,West Bengal,Social Media,28,Other,154202.15000000002,0.30927835051546393,Very High
CUST00088,23106.86,23106.86,1,2024-09-10,2024-09-10,1,2023-09-22,Karnataka,Organic,48,M,23106.86,0.9677419354838709,Low
CUST00089,87109.22,87109.22,1,2024-12-01,2024-12-01,1,2024-08-30,Tamil Nadu,Social Media,37,M,87109.22,0.9677419354838709,High
CUST00090,283074.87,141537.435,2,2024-11-27,2024-12-16,20,2024-11-10,Tamil Nadu,Direct,30,F,283074.87,1.2000000000000002,Very High
CUST00095,23369.6,23369.6,1,2024-12-18,2024-12-18,1,2024-05-19,Karnataka,Email,30,F,23369.6,0.9677419354838709,Low
CUST00096,100926.25,33642.083333333336,3,2024-06-20,2024-11-07,141,2024-03-22,Maharashtra,Referral,18,Other,100926.25,0.5263157894736842,High
CUST00102,11692.46,5846.23,2,2024-07-11,2024-10-12,94,2024-03-20,Delhi,Referral,53,M,11692.46,0.48387096774193555,Very Low
CUST00104,551237.45,137809.3625,4,2023-06-20,2024-10-02,471,2023-03-09,Gujarat,Referral,46,Other,551237.45,0.23952095808383234,Very High
CUST00108,194321.15000000002,64773.716666666674,3,2024-10-09,2024-11-23,46,2024-10-07,Tamil Nadu,Paid Search,19,M,194321.15000000002,1.1842105263157896,Very High
CUST00112,74607.62,37303.81,2,2024-05-12,2024-12-30,233,2024-01-31,Maharashtra,Referral,32,M,74607.62,0.2281368821292776,Medium
CUST00115,189303.48,63101.16,3,2024-02-15,2024-10-05,234,2023-09-05,Gujarat,Email,64,Other,189303.48,0.3409090909090909,Very High
CUST00118,43279.17,43279.17,1,2024-12-15,2024-12-15,1,2023-10-11,Rajasthan,Paid Search,35,F,43279.17,0.9677419354838709,Medium
CUST00122,18878.65,18878.65,1,2024-06-09,2024-06-09,1,2024-04-28,Tamil Nadu,Referral,44,F,18878.65,0.9677419354838709,Low
CUST00123,24674.53,12337.265,2,2023-11-19,2024-08-16,272,2023-08-12,Rajasthan,Organic,31,F,24674.53,0.19867549668874174,Low
CUST00125,90586.58000000002,45293.29000000001,2,2024-05-11,2024-09-21,134,2024-02-05,Maharashtra,Social Media,42,F,90586.58000000002,0.36585365853658536,High
CUST00127,295023.26,73755.815,4,2023-03-11,2024-12-12,643,2023-02-05,Rajasthan,Referral,39,Other,295023.26,0.17830609212481427,Very High
CUST00130,155562.63,31112.526,5,2023-08-19,2024-12-20,490,2023-06-30,Maharashtra,Direct,45,M,155562.63,0.2884615384615385,Very High
CUST00133,24590.74,24590.74,1,2024-04-23,2024-04-23,1,2024-02-15,West Bengal,Referral,34,M,24590.74,0.9677419354838709,Low
CUST00135,124298.5,41432.833333333336,3,2023-11-14,2024-03-09,117,2023-10-26,Gujarat,Direct,22,Other,124298.5,0.6122448979591836,High
CUST00140,26701.99,26701.99,1,2024-04-07,2024-04-07,1,2023-11-17,Karnataka,Social Media,24,Other,26701.99,0.9677419354838709,Low
CUST00142,21385.019999999997,10692.509999999998,2,2024-09-04,2024-12-03,91,2024-01-03,West Bengal,Organic,55,Other,21385.019999999997,0.49586776859504134,Low
CUST00143,179147.90000000002,35829.58,5,2024-06-27,2024-10-29,125,2024-05-18,Tamil Nadu,Direct,37,Other,179147.90000000002,0.9677419354838709,Very High
CUST00145,3697.4300000000003,1848.7150000000001,2,2024-03-11,2024-05-31,82,2024-02-19,West Bengal,Organic,50,Other,3697.4300000000003,0.5357142857142857,Very Low
CUST00146,93566.44,93566.44,1,2024-10-22,2024-10-22,1,2024-07-23,Gujarat,Referral,49,M,93566.44,0.9677419354838709,High
CUST00147,75548.72,75548.72,1,2024-10-02,2024-10-02,1,2024-08-21,West Bengal,Direct,47,Other,75548.72,0.9677419354838709,Medium
CUST00148,45880.130000000005,22940.065000000002,2,2024-06-24,2024-07-13,20,2024-04-29,Delhi,Paid Search,64,Other,45880.130000000005,1.2000000000000002,Medium
CUST00149,1082.53,1082.53,1,2024-03-05,2024-03-05,1,2023-04-13,Uttar Pradesh,Email,48,F,1082.53,0.9677419354838709,Very Low
CUST00151,60566.840000000004,30283.420000000002,2,2024-10-18,2024-11-06,20,2024-10-07,Uttar Pradesh,Paid Search,47,Other,60566.840000000004,1.2000000000000002,Medium
CUST00152,1671.95,1671.95,1,2023-08-31,2023-08-31,1,2023-02-22,West Bengal,Organic,49,F,1671.95,0.9677419354838709,Very Low
CUST00153,8938.24,4469.12,2,2023-12-09,2024-08-09,245,2023-04-17,Delhi,Paid Search,40,F,8938.24,0.2181818181818182,Very Low
CUST00154,17114.71,17114.71,1,2024-12-14,2024-12-14,1,2024-06-10,Gujarat,Email,62,F,17114.71,0.9677419354838709,Low
CUST00158,29862.230000000003,14931.115000000002,2,2023-11-20,2024-08-15,270,2023-06-23,Maharashtra,Social Media,32,F,29862.230000000003,0.2,Low
CUST00161,310621.82,155310.91,2,2024-09-18,2024-12-15,89,2023-05-09,Gujarat,Direct,47,F,310621.82,0.5042016806722689,Very High
CUST00162,6086.5599999999995,3043.2799999999997,2,2024-09-24,2024-11-03,41,2024-07-24,Uttar Pradesh,Paid Search,25,Other,6086.5599999999995,0.8450704225352113,Very Low
CUST00163,3533.74,3533.74,1,2024-05-21,2024-05-21,1,2024-02-12,Tamil Nadu,Organic,65,Other,3533.74,0.9677419354838709,Very Low
CUST00165,91763.94,22940.985,4,2023-10-28,2024-12-23,423,2023-10-23,Uttar Pradesh,Email,51,Other,91763.94,0.26490066225165565,High
CUST00168,92050.45000000001,46025.225000000006,2,2024-10-11,2024-11-01,22,2023-04-27,Delhi,Organic,21,Other,92050.45000000001,1.1538461538461537,High
CUST00169,15024.78,15024.78,1,2024-07-04,2024-07-04,1,2023-08-02,Uttar Pradesh,Paid Search,58,F,15024.78,0.9677419354838709,Very Low
CUST00170,22918.63,22918.63,1,2023-07-23,2023-07-23,1,2023-06-11,Karnataka,Email,36,F,22918.63,0.9677419354838709,Low
CUST00171,115684.15999999999,23136.832,5,2024-07-12,2024-11-10,122,2024-03-17,Rajasthan,Social Media,29,M,115684.15999999999,0.986842105263158,High
CUST00172,45570.649999999994,22785.324999999997,2,2023-09-30,2024-10-25,392,2023-08-29,Uttar Pradesh,Organic,22,F,45570.649999999994,0.14218009478672985,Medium
CUST00174,170739.52000000002,34147.904,5,2024-08-29,2024-12-12,106,2024-08-07,Maharashtra,Paid Search,54,F,170739.52000000002,1.1029411764705883,Very High
CUST00175,18115.0,18115.0,1,2023-09-05,2023-09-05,1,2023-06-20,Karnataka,Organic,53,F,18115.0,0.9677419354838709,Low
CUST00176,35204.24,35204.24,1,2024-12-17,2024-12-17,1,2024-11-27,Tamil Nadu,Referral,46,F,35204.24,0.9677419354838709,Low
CUST00178,88554.14,44277.07,2,2024-12-24,2024-12-25,2,2024-12-14,Maharashtra,Direct,24,M,88554.14,1.875,High
CUST00180,40735.05,13578.35,3,2024-03-30,2024-11-15,231,2023-11-17,Tamil Nadu,Email,22,M,40735.05,0.3448275862068966,Low
CUST00183,36929.46,12309.82,3,2024-01-04,2024-09-30,271,2023-10-11,Uttar Pradesh,Referral,22,Other,36929.46,0.29900332225913623,Low
CUST00185,10289.09,10289.09,1,2024-12-25,2024-12-25,1,2024-07-18,Tamil Nadu,Organic,52,M,10289.09,0.9677419354838709,Very Low
CUST00187,780.31,780.31,1,2024-10-25,2024-10-25,1,2024-06-25,Delhi,Email,65,Other,780.31,0.9677419354838709,Very Low
CUST00188,3357.72,3357.72,1,2024-03-29,2024-03-29,1,2024-01-13,Uttar Pradesh,Organic,47,Other,3357.72,0.9677419354838709,Very Low
CUST00190,19853.920000000002,9926.960000000001,2,2023-12-05,2024-06-09,188,2023-01-19,Rajasthan,Organic,56,M,19853.920000000002,0.27522935779816515,Low
CUST00193,31335.98,15667.99,2,2024-04-01,2024-08-19,141,2023-07-24,Maharashtra,Social Media,54,M,31335.98,0.3508771929824561,Low
CUST00197,43873.86,21936.93,2,2024-08-30,2024-11-14,77,2024-05-28,Gujarat,Direct,24,M,43873.86,0.5607476635514018,Medium
CUST00198,101318.06,50659.03,2,2023-07-03,2023-10-05,95,2023-06-17,Gujarat,Direct,49,F,101318.06,0.4800000000000001,High
CUST00201,61495.229999999996,30747.614999999998,2,2023-07-07,2024-06-18,348,2023-05-06,Maharashtra,Email,47,F,61495.229999999996,0.15873015873015872,Medium
CUST00202,113680.41,113680.41,1,2024-08-06,2024-08-06,1,2024-02-14,Maharashtra,Email,41,Other,113680.41,0.9677419354838709,High
CUST00203,57938.15,28969.075,2,2024-11-13,2024-11-17,5,2024-10-31,Rajasthan,Referral,21,M,57938.15,1.7142857142857142,Medium
CUST00209,120206.01,24041.201999999997,5,2024-06-22,2024-11-26,158,2024-01-16,Rajasthan,Social Media,50,Other,120206.01,0.7978723404255319,High
CUST00212,14255.79,7127.895,2,2024-12-28,2024-12-29,2,2024-12-28,Delhi,Social Media,44,F,14255.79,1.875,Very Low
CUST00214,39623.25,9905.8125,4,2024-12-26,2024-12-30,5,2024-12-25,Rajasthan,Referral,52,F,39623.25,3.4285714285714284,Low
CUST00216,280769.7,93589.90000000001,3,2023-09-13,2024-11-16,431,2023-06-13,Rajasthan,Paid Search,62,M,280769.7,0.19522776572668113,Very High
CUST00219,49064.53999999999,16354.846666666665,3,2023-10-08,2024-08-01,299,2023-01-24,Delhi,Organic,26,Other,49064.53999999999,0.2735562310030395,Medium
CUST00220,57340.42,28670.21,2,2024-10-25,2024-12-08,45,2024-10-14,Gujarat,Referral,24,Other,57340.42,0.8,Medium
CUST00221,46176.829999999994,46176.829999999994,1,2024-07-14,2024-07-14,1,2023-12-09,Rajasthan,Direct,27,F,46176.829999999994,0.9677419354838709,Medium
CUST00222,85623.67,42811.835,2,2024-07-27,2024-11-29,126,2023-06-19,Delhi,Referral,34,F,85623.67,0.3846153846153846,High
CUST00224,52638.18,26319.09,2,2024-10-14,2024-12-28,76,2024-09-23,West Bengal,Direct,63,F,52638.18,0.5660377358490566,Medium
CUST00225,69324.08,69324.08,1,2024-12-06,2024-12-06,1,2024-05-24,Maharashtra,Organic,33,Other,69324.08,0.9677419354838709,Medium
CUST00233,92127.64000000001,30709.213333333337,3,2024-01-26,2024-12-03,313,2023-01-18,Tamil Nadu,Direct,34,F,92127.64000000001,0.26239067055393583,High
CUST00235,1052.06,1052.06,1,2024-08-21,2024-08-21,1,2023-08-31,Delhi,Referral,40,Other,1052.06,0.9677419354838709,Very Low
CUST00236,17445.85,17445.85,1,2024-10-06,2024-10-06,1,2024-01-19,Uttar Pradesh,Referral,62,F,17445.85,0.9677419354838709,Low
CUST00237,25420.15,25420.15,1,2023-10-23,2023-10-23,1,2023-02-21,Rajasthan,Paid Search,42,F,25420.15,0.9677419354838709,Low
CUST00241,105535.08,52767.54,2,2024-12-09,2024-12-11,3,2024-11-18,Maharashtra,Direct,49,F,105535.08,1.8181818181818181,High
CUST00242,180958.59,60319.53,3,2024-10-10,2024-12-06,58,2024-08-21,Tamil Nadu,Social Media,32,Other,180958.59,1.0227272727272727,Very High
CUST00243,2267.67,2267.67,1,2024-02-06,2024-02-06,1,2023-07-18,Tamil Nadu,Social Media,61,Other,2267.67,0.9677419354838709,Very Low
CUST00244,316390.31,105463.43666666666,3,2024-04-15,2024-12-24,254,2024-03-28,Delhi,Direct,59,M,316390.31,0.31690140845070425,Very High
CUST00246,19564.15,9782.075,2,2024-12-25,2024-12-30,6,2024-12-23,Delhi,Social Media,38,Other,19564.15,1.6666666666666667,Low
CUST00247,201870.78999999998,25233.848749999997,8,2023-12-24,2024-11-10,323,2023-08-31,West Bengal,Paid Search,26,Other,201870.78999999998,0.6798866855524078,Very High
CUST00248,64715.7,21571.899999999998,3,2023-05-20,2024-10-16,516,2023-03-09,Gujarat,Email,35,M,64715.7,0.16483516483516483,Medium
CUST00251,71282.97,23760.99,3,2024-05-09,2024-11-11,187,2024-04-25,West Bengal,Organic,43,M,71282.97,0.4147465437788018,Medium
CUST00253,20938.67,10469.335,2,2024-12-08,2024-12-17,10,2024-11-03,Uttar Pradesh,Referral,58,F,20938.67,1.5,Low
CUST00254,35735.88,17867.94,2,2023-06-19,2023-12-28,193,2023-01-01,Karnataka,Paid Search,48,M,35735.88,0.26905829596412556,Low
CUST00256,49485.83,49485.83,1,2024-09-11,2024-09-11,1,2024-07-11,Rajasthan,Social Media,59,F,49485.83,0.9677419354838709,Medium
CUST00258,134322.29,134322.29,1,2024-10-03,2024-10-03,1,2024-09-11,Rajasthan,Organic,33,Other,134322.29,0.9677419354838709,High
CUST00259,8500.93,8500.93,1,2023-04-08,2023-04-08,1,2023-03-25,Delhi,Referral,41,Other,8500.93,0.9677419354838709,Very Low
CUST00260,240094.35,60023.5875,4,2024-08-05,2024-11-23,111,2023-10-08,West Bengal,Referral,59,M,240094.35,0.851063829787234,Very High
CUST00261,45864.06,11466.015,4,2024-10-27,2024-12-21,56,2024-04-24,Rajasthan,Referral,35,M,45864.06,1.3953488372093024,Medium
CUST00262,174968.37,87484.185,2,2023-03-28,2023-10-24,211,2023-02-18,Gujarat,Referral,46,M,174968.37,0.24896265560165975,Very High
CUST00263,49617.200000000004,24808.600000000002,2,2024-04-18,2024-08-10,115,2023-01-14,Gujarat,Direct,41,Other,49617.200000000004,0.4137931034482758,Medium
CUST00264,37811.26,37811.26,1,2024-06-09,2024-06-09,1,2024-02-14,Gujarat,Referral,35,M,37811.26,0.9677419354838709,Low
CUST00266,67052.20999999999,33526.104999999996,2,2024-09-28,2024-10-30,33,2024-07-11,Maharashtra,Social Media,33,M,67052.20999999999,0.9523809523809523,Medium
CUST00268,62629.78,62629.78,1,2024-12-20,2024-12-20,1,2024-12-01,Tamil Nadu,Social Media,27,Other,62629.78,0.9677419354838709,Medium
CUST00269,91177.81,30392.603333333333,3,2024-06-12,2024-10-14,125,2024-02-26,Maharashtra,Paid Search,26,Other,91177.81,0.5806451612903225,High
CUST00270,61876.95,61876.95,1,2024-11-05,2024-11-05,1,2024-10-11,Uttar Pradesh,Organic,60,M,61876.95,0.9677419354838709,Medium
CUST00271,14578.17,14578.17,1,2024-04-05,2024-04-05,1,2023-07-18,Delhi,Social Media,33,Other,14578.17,0.9677419354838709,Very Low
CUST00274,50013.45,16671.149999999998,3,2024-03-06,2024-12-04,274,2023-12-12,Karnataka,Referral,41,Other,50013.45,0.2960526315789474,Medium
CUST00277,151292.4,25215.399999999998,6,2023-10-07,2024-11-25,416,2023-07-29,Rajasthan,Organic,21,F,151292.4,0.40358744394618834,Very High
CUST00278,26151.01,13075.505,2,2024-12-06,2024-12-07,2,2024-11-18,West Bengal,Direct,24,F,26151.01,1.875,Low
CUST00280,55772.93,27886.465,2,2024-10-25,2024-11-28,35,2023-11-27,Delhi,Paid Search,35,Other,55772.93,0.9230769230769229,Medium
CUST00282,150388.56,50129.52,3,2024-01-01,2024-02-20,51,2023-09-02,Rajasthan,Email,45,M,150388.56,1.111111111111111,Very High
CUST00283,126666.06999999999,25333.214,5,2024-11-12,2024-12-30,49,2024-11-02,Karnataka,Direct,53,Other,126666.06999999999,1.89873417721519,High
CUST00284,67543.28,67543.28,1,2024-09-16,2024-09-16,1,2024-06-03,Tamil Nadu,Referral,32,F,67543.28,0.9677419354838709,Medium
CUST00286,218262.46,109131.23,2,2023-10-04,2023-11-07,35,2023-09-28,Karnataka,Referral,38,Other,218262.46,0.9230769230769229,Very High
CUST00288,257110.11000000002,51422.022000000004,5,2024-12-15,2024-12-22,8,2024-12-09,Karnataka,Organic,23,F,257110.11000000002,3.947368421052632,Very High
CUST00289,42711.71,21355.855,2,2024-02-07,2024-06-13,128,2023-09-15,Karnataka,Direct,41,M,42711.71,0.379746835443038,Low
CUST00290,55379.87,27689.935,2,2023-12-18,2024-02-28,73,2023-07-30,Maharashtra,Email,53,F,55379.87,0.5825242718446603,Medium
CUST00292,1125.09,1125.09,1,2023-09-25,2023-09-25,1,2023-06-11,Maharashtra,Email,37,F,1125.09,0.9677419354838709,Very Low
CUST00293,80587.21,26862.403333333335,3,2023-11-19,2024-10-25,342,2023-05-18,Karnataka,Email,31,M,80587.21,0.24193548387096772,High
CUST00296,413468.58999999997,68911.43166666666,6,2024-10-10,2024-12-08,60,2024-09-16,West Bengal,Email,60,Other,413468.58999999997,2.0,Very High
CUST00298,103336.06,34445.35333333333,3,2024-04-15,2024-11-04,204,2024-04-13,Uttar Pradesh,Social Media,18,M,103336.06,0.38461538461538464,High
CUST00300,137122.69,45707.56333333333,3,2024-02-10,2024-10-11,245,2023-09-20,Maharashtra,Direct,51,M,137122.69,0.32727272727272727,High
CUST00301,49092.53,49092.53,1,2024-05-23,2024-05-23,1,2023-08-08,West Bengal,Referral,39,M,49092.53,0.9677419354838709,Medium
CUST00302,65330.95,21776.983333333334,3,2024-01-06,2024-06-12,159,2023-04-28,Gujarat,Direct,38,Other,65330.95,0.4761904761904762,Medium
CUST00303,67059.95000000001,33529.975000000006,2,2023-09-08,2024-07-02,299,2023-02-20,Karnataka,Paid Search,28,Other,67059.95000000001,0.182370820668693,Medium
CUST00308,155098.38999999998,155098.38999999998,1,2024-03-04,2024-03-04,1,2023-08-13,Rajasthan,Direct,37,M,155098.38999999998,0.9677419354838709,Very High
CUST00309,1831.34,1831.34,1,2024-05-15,2024-05-15,1,2023-09-30,Tamil Nadu,Email,21,M,1831.34,0.9677419354838709,Very Low
CUST00310,3206.28,3206.28,1,2023-10-10,2023-10-10,1,2023-03-02,Tamil Nadu,Paid Search,26,F,3206.28,0.9677419354838709,Very Low
CUST00311,82480.51999999999,16496.104,5,2024-12-24,2024-12-29,6,2024-12-21,Uttar Pradesh,Organic,18,F,82480.51999999999,4.166666666666667,High
CUST00312,9339.970000000001,9339.970000000001,1,2024-11-18,2024-11-18,1,2023-05-05,West Bengal,Paid Search,42,Other,9339.970000000001,0.9677419354838709,Very Low
CUST00313,2342.68,2342.68,1,2024-12-08,2024-12-08,1,2024-11-10,Tamil Nadu,Email,60,F,2342.68,0.9677419354838709,Very Low
CUST00314,23211.269999999997,11605.634999999998,2,2024-05-16,2024-06-14,30,2024-01-07,Karnataka,Direct,20,F,23211.269999999997,1.0,Low
CUST00316,955.41,955.41,1,2024-06-24,2024-06-24,1,2024-01-03,West Bengal,Direct,58,F,955.41,0.9677419354838709,Very Low
CUST00321,54250.29,54250.29,1,2024-10-11,2024-10-11,1,2024-01-05,Gujarat,Social Media,28,M,54250.29,0.9677419354838709,Medium
CUST00322,43895.86,21947.93,2,2024-07-03,2024-08-18,47,2023-11-11,Karnataka,Email,30,F,43895.86,0.7792207792207793,Medium
CUST00324,75707.68999999999,75707.68999999999,1,2024-03-15,2024-03-15,1,2023-12-26,Karnataka,Social Media,30,M,75707.68999999999,0.9677419354838709,Medium
CUST00327,32173.510000000002,32173.510000000002,1,2024-08-14,2024-08-14,1,2023-06-15,Gujarat,Social Media,27,F,32173.510000000002,0.9677419354838709,Low
CUST00330,66076.65,22025.55,3,2024-08-18,2024-10-24,68,2024-08-10,Karnataka,Referral,46,M,66076.65,0.9183673469387755,Medium
CUST00331,47553.02,47553.02,1,2024-12-12,2024-12-12,1,2024-05-21,Maharashtra,Social Media,22,Other,47553.02,0.9677419354838709,Medium
CUST00333,51835.59,51835.59,1,2024-08-10,2024-08-10,1,2023-02-19,Rajasthan,Email,65,M,51835.59,0.9677419354838709,Medium
CUST00335,40070.2,13356.733333333332,3,2024-03-07,2024-10-22,230,2023-03-14,Rajasthan,Paid Search,21,F,40070.2,0.3461538461538461,Low
CUST00336,118575.36,59287.68,2,2024-10-11,2024-12-01,52,2024-08-19,Karnataka,Direct,23,Other,118575.36,0.7317073170731707,High
CUST00338,18517.89,18517.89,1,2024-10-05,2024-10-05,1,2024-07-08,Rajasthan,Email,57,M,18517.89,0.9677419354838709,Low
CUST00341,1724.58,1724.58,1,2024-02-12,2024-02-12,1,2024-01-29,Gujarat,Social Media,24,Other,1724.58,0.9677419354838709,Very Low
CUST00343,444058.49999999994,74009.74999999999,6,2024-02-28,2024-12-23,300,2024-02-12,Delhi,Organic,55,Other,444058.49999999994,0.5454545454545454,Very High
CUST00344,436315.59,109078.8975,4,2023-10-17,2024-12-10,421,2023-04-18,Delhi,Social Media,59,Other,436315.59,0.2660753880266075,Very High
CUST00345,80096.63,40048.315,2,2024-07-26,2024-10-04,71,2023-02-06,West Bengal,Email,63,M,80096.63,0.594059405940594,High
CUST00346,5090.77,5090.77,1,2023-05-09,2023-05-09,1,2023-02-05,Uttar Pradesh,Referral,59,F,5090.77,0.9677419354838709,Very Low
CUST00350,7253.78,7253.78,1,2024-10-05,2024-10-05,1,2024-10-04,Delhi,Organic,36,M,7253.78,0.9677419354838709,Very Low
CUST00353,38038.36,19019.18,2,2024-06-23,2024-07-07,15,2024-02-06,Delhi,Organic,44,F,38038.36,1.3333333333333333,Low
CUST00356,7469.400000000001,3734.7000000000003,2,2023-04-24,2023-07-03,71,2023-03-14,Rajasthan,Social Media,61,Other,7469.400000000001,0.594059405940594,Very Low
CUST00357,15901.15,7950.575,2,2024-12-12,2024-12-27,16,2024-10-15,Rajasthan,Social Media,42,Other,15901.15,1.3043478260869565,Very Low
CUST00359,35391.39,35391.39,1,2024-09-07,2024-09-07,1,2024-03-25,Uttar Pradesh,Direct,48,F,35391.39,0.9677419354838709,Low
CUST00362,245518.96000000002,40919.82666666667,6,2024-09-22,2024-12-10,80,2024-06-24,Delhi,Organic,32,F,245518.96000000002,1.6363636363636365,Very High
CUST00363,128998.91,42999.636666666665,3,2023-12-08,2024-03-27,111,2023-08-21,Gujarat,Referral,21,F,128998.91,0.6382978723404255,High
CUST00364,6622.49,3311.245,2,2023-11-16,2024-05-20,187,2023-08-19,Gujarat,Referral,23,F,6622.49,0.2764976958525346,Very Low
CUST00366,83998.94,41999.47,2,2023-11-05,2024-11-25,387,2023-10-13,Gujarat,Paid Search,20,F,83998.94,0.14388489208633093,High
CUST00367,368108.38,92027.095,4,2024-01-25,2024-12-18,329,2023-09-04,Rajasthan,Paid Search,63,F,368108.38,0.3342618384401114,Very High
CUST00368,194639.8,27805.68571428571,7,2024-06-07,2024-12-28,205,2024-05-31,Rajasthan,Organic,23,M,194639.8,0.8936170212765958,Very High
CUST00369,18858.47,9429.235,2,2024-02-02,2024-02-06,5,2023-12-22,Uttar Pradesh,Paid Search,53,Other,18858.47,1.7142857142857142,Low
CUST00370,7375.77,7375.77,1,2024-10-12,2024-10-12,1,2023-05-23,West Bengal,Social Media,33,F,7375.77,0.9677419354838709,Very Low
CUST00371,110515.06000000001,27628.765000000003,4,2024-04-27,2024-11-29,217,2023-11-26,Karnataka,Paid Search,44,Other,110515.06000000001,0.48582995951416996,High
CUST00372,158919.14,52973.04666666667,3,2024-10-06,2024-12-23,79,2024-09-23,Rajasthan,Organic,49,Other,158919.14,0.8256880733944955,Very High
CUST00373,155479.75,38869.9375,4,2024-12-02,2024-12-16,15,2024-12-02,Maharashtra,Email,54,M,155479.75,2.6666666666666665,Very High
CUST00378,49559.75,24779.875,2,2024-06-12,2024-10-16,127,2023-05-11,West Bengal,Social Media,65,M,49559.75,0.38216560509554137,Medium
CUST00379,104962.01000000001,52481.005000000005,2,2024-03-08,2024-05-27,81,2023-12-19,Gujarat,Social Media,33,Other,104962.01000000001,0.5405405405405405,High
CUST00380,54157.85,54157.85,1,2024-09-24,2024-09-24,1,2023-02-14,Karnataka,Direct,39,M,54157.85,0.9677419354838709,Medium
CUST00381,73720.36,36860.18,2,2024-04-04,2024-05-17,44,2024-03-27,Maharashtra,Email,39,Other,73720.36,0.8108108108108107,Medium
CUST00385,46205.55,23102.775,2,2024-09-12,2024-10-02,21,2024-08-28,Maharashtra,Social Media,50,F,46205.55,1.1764705882352942,Medium
CUST00386,134581.85,44860.61666666667,3,2024-03-06,2024-11-21,261,2024-02-17,Rajasthan,Organic,59,M,134581.85,0.30927835051546393,High
CUST00388,85663.06,42831.53,2,2024-07-21,2024-10-29,101,2023-06-08,Uttar Pradesh,Social Media,45,F,85663.06,0.45801526717557245,High
CUST00389,81494.15,27164.716666666664,3,2024-02-11,2024-10-25,258,2024-02-11,Rajasthan,Social Media,29,F,81494.15,0.3125,High
CUST00390,50040.43,25020.215,2,2024-11-30,2024-12-05,6,2023-12-05,Rajasthan,Email,35,M,50040.43,1.6666666666666667,Medium
CUST00391,169541.15,33908.229999999996,5,2024-11-07,2024-12-30,54,2024-09-24,West Bengal,Referral,56,M,169541.15,1.7857142857142858,Very High
CUST00392,49551.26,24775.63,2,2024-02-21,2024-05-23,93,2023-12-17,Uttar Pradesh,Organic,23,F,49551.26,0.48780487804878053,Medium
CUST00397,79517.45,79517.45,1,2024-11-09,2024-11-09,1,2024-08-27,West Bengal,Email,65,Other,79517.45,0.9677419354838709,High
CUST00398,27732.45,27732.45,1,2024-11-05,2024-11-05,1,2024-03-05,Delhi,Paid Search,56,Other,27732.45,0.9677419354838709,Low
CUST00400,4683.68,4683.68,1,2024-03-28,2024-03-28,1,2023-10-12,Gujarat,Referral,54,M,4683.68,0.9677419354838709,Very Low
CUST00401,4714.35,4714.35,1,2024-12-27,2024-12-27,1,2024-12-16,Delhi,Social Media,41,F,4714.35,0.9677419354838709,Very Low
CUST00402,1323.58,1323.58,1,2024-08-02,2024-08-02,1,2024-07-23,Karnataka,Paid Search,51,F,1323.58,0.9677419354838709,Very Low
CUST00406,345124.12,115041.37333333334,3,2023-11-19,2024-04-30,164,2023-11-01,Rajasthan,Email,36,Other,345124.12,0.4639175257731959,Very High
CUST00407,79292.92000000001,39646.46000000001,2,2024-11-03,2024-11-16,14,2024-06-15,Rajasthan,Organic,26,M,79292.92000000001,1.3636363636363635,High
CUST00409,5776.07,5776.07,1,2024-12-19,2024-12-19,1,2024-11-29,Gujarat,Social Media,63,M,5776.07,0.9677419354838709,Very Low
CUST00410,39902.82,19951.41,2,2024-07-25,2024-10-29,97,2024-06-26,Uttar Pradesh,Paid Search,63,Other,39902.82,0.47244094488188976,Low
CUST00411,30051.23,30051.23,1,2024-06-16,2024-06-16,1,2024-05-22,Delhi,Email,32,M,30051.23,0.9677419354838709,Low
CUST00414,1564.43,1564.43,1,2024-06-18,2024-06-18,1,2024-05-13,Delhi,Organic,37,F,1564.43,0.9677419354838709,Very Low
CUST00415,343958.22,42994.7775,8,2024-02-21,2024-12-09,293,2024-02-17,Rajasthan,Referral,44,Other,343958.22,0.7430340557275541,Very High
CUST00417,216901.34999999998,72300.45,3,2024-01-18,2024-10-01,258,2023-12-06,Rajasthan,Direct,51,F,216901.34999999998,0.3125,Very High
CUST00419,39938.25,19969.125,2,2024-11-20,2024-11-27,8,2024-08-29,Maharashtra,Email,27,F,39938.25,1.5789473684210527,Low
CUST00423,29157.829999999998,29157.829999999998,1,2023-11-23,2023-11-23,1,2023-10-19,Uttar Pradesh,Email,23,Other,29157.829999999998,0.9677419354838709,Low
CUST00427,50832.94,50832.94,1,2024-04-23,2024-04-23,1,2023-04-02,Tamil Nadu,Referral,57,Other,50832.94,0.9677419354838709,Medium
CUST00431,11552.119999999999,11552.119999999999,1,2024-11-12,2024-11-12,1,2023-07-12,Delhi,Referral,48,F,11552.119999999999,0.9677419354838709,Very Low
CUST00437,279164.41000000003,93054.80333333334,3,2024-07-08,2024-11-30,146,2023-06-15,West Bengal,Paid Search,28,F,279164.41000000003,0.5113636363636364,Very High
CUST00438,311393.44,311393.44,1,2024-10-20,2024-10-20,1,2023-02-19,Gujarat,Paid Search,49,Other,311393.44,0.9677419354838709,Very High
CUST00440,199158.05,99579.025,2,2024-10-07,2024-10-14,8,2023-09-10,Karnataka,Email,47,M,199158.05,1.5789473684210527,Very High
CUST00444,43950.350000000006,21975.175000000003,2,2024-07-11,2024-10-13,95,2023-10-17,West Bengal,Social Media,64,F,43950.350000000006,0.4800000000000001,Medium
CUST00446,191602.24999999997,47900.56249999999,4,2023-12-12,2024-11-07,332,2023-07-02,Tamil Nadu,Email,36,M,191602.24999999997,0.3314917127071823,Very High
CUST00447,93542.5,23385.625,4,2024-01-16,2024-10-23,282,2023-12-10,West Bengal,Email,35,Other,93542.5,0.3846153846153846,High
CUST00449,102923.79,51461.895,2,2024-08-17,2024-10-03,48,2023-05-11,Gujarat,Social Media,27,M,102923.79,0.7692307692307692,High
CUST00450,64435.03999999999,21478.346666666665,3,2024-05-19,2024-05-28,10,2024-03-31,West Bengal,Organic,20,M,64435.03999999999,2.25,Medium
CUST00453,27400.26,27400.26,1,2024-10-15,2024-10-15,1,2023-01-11,West Bengal,Email,39,Other,27400.26,0.9677419354838709,Low
CUST00458,242276.37,60569.0925,4,2024-06-04,2024-11-21,171,2024-01-01,Tamil Nadu,Organic,55,F,242276.37,0.5970149253731343,Very High
CUST00459,60748.880000000005,12149.776000000002,5,2023-09-25,2024-10-18,390,2023-09-22,Delhi,Paid Search,61,M,60748.880000000005,0.35714285714285715,Medium
CUST00461,2319.26,2319.26,1,2024-02-18,2024-02-18,1,2024-01-25,Maharashtra,Social Media,44,M,2319.26,0.9677419354838709,Very Low
CUST00462,28240.44,14120.22,2,2024-09-30,2024-11-16,48,2024-08-27,West Bengal,Referral,50,Other,28240.44,0.7692307692307692,Low
CUST00463,55727.59,55727.59,1,2024-10-16,2024-10-16,1,2024-05-07,Rajasthan,Direct,21,Other,55727.59,0.9677419354838709,Medium
CUST00468,137385.93,137385.93,1,2024-09-02,2024-09-02,1,2024-04-29,Uttar Pradesh,Social Media,32,F,137385.93,0.9677419354838709,High
CUST00469,116113.59000000001,38704.530000000006,3,2024-01-04,2024-08-02,212,2023-11-09,Uttar Pradesh,Paid Search,62,Other,116113.59000000001,0.37190082644628103,High
CUST00470,66579.66,33289.83,2,2024-03-07,2024-04-05,30,2023-09-29,Rajasthan,Referral,40,Other,66579.66,1.0,Medium
CUST00471,120918.40000000001,24183.68,5,2024-12-29,2024-12-30,2,2024-12-29,Uttar Pradesh,Organic,54,Other,120918.40000000001,4.6875,High
CUST00472,39568.55,19784.275,2,2024-12-08,2024-12-14,7,2024-11-11,West Bengal,Social Media,27,F,39568.55,1.6216216216216215,Low
CUST00473,15757.59,7878.795,2,2024-11-22,2024-11-27,6,2024-04-10,Maharashtra,Direct,23,F,15757.59,1.6666666666666667,Very Low
CUST00474,113121.31999999999,113121.31999999999,1,2024-03-02,2024-03-02,1,2023-12-18,Rajasthan,Social Media,65,F,113121.31999999999,0.9677419354838709,High
CUST00477,142652.11000000002,35663.027500000004,4,2023-11-05,2024-09-18,319,2023-10-16,Tamil Nadu,Organic,60,Other,142652.11000000002,0.34383954154727797,Very High
CUST00478,192661.57,64220.52333333334,3,2023-05-08,2024-07-20,440,2023-02-19,Tamil Nadu,Paid Search,21,M,192661.57,0.19148936170212766,Very High
CUST00479,61803.57,61803.57,1,2024-10-26,2024-10-26,1,2024-02-24,West Bengal,Direct,48,M,61803.57,0.9677419354838709,Medium
CUST00480,59473.16,29736.58,2,2024-12-12,2024-12-23,12,2024-12-09,Delhi,Email,28,F,59473.16,1.4285714285714286,Medium
CUST00481,1947.15,1947.15,1,2024-12-14,2024-12-14,1,2024-01-13,Rajasthan,Direct,30,F,1947.15,0.9677419354838709,Very Low
CUST00483,27621.86,13810.93,2,2024-08-04,2024-10-06,64,2024-02-27,Tamil Nadu,Direct,64,M,27621.86,0.6382978723404256,Low
CUST00486,55230.76,27615.38,2,2023-09-05,2023-12-30,117,2023-09-02,Maharashtra,Email,56,M,55230.76,0.4081632653061224,Medium
CUST00490,183166.43,61055.47666666666,3,2024-08-24,2024-11-08,77,2024-07-24,Rajasthan,Social Media,63,M,183166.43,0.8411214953271028,Very High
CUST00492,162969.13,32593.826,5,2024-01-17,2024-11-27,316,2023-07-14,Tamil Nadu,Email,58,F,162969.13,0.43352601156069365,Very High
CUST00496,131707.17,65853.585,2,2024-04-10,2024-08-07,120,2024-02-09,Rajasthan,Social Media,37,Other,131707.17,0.4,High
CUST00497,35983.12,8995.78,4,2023-08-16,2023-12-23,130,2023-06-24,Maharashtra,Direct,41,Other,35983.12,0.75,Low
CUST00502,26486.78,13243.39,2,2023-09-06,2024-02-29,177,2023-08-20,Rajasthan,Referral,65,Other,26486.78,0.2898550724637681,Low
CUST00505,31574.31,31574.31,1,2024-09-19,2024-09-19,1,2023-12-21,Rajasthan,Direct,41,M,31574.31,0.9677419354838709,Low
CUST00507,96449.56,48224.78,2,2024-11-21,2024-12-11,21,2024-11-18,Delhi,Social Media,51,F,96449.56,1.1764705882352942,High
CUST00508,3341.15,3341.15,1,2024-04-11,2024-04-11,1,2023-05-22,Karnataka,Paid Search,63,Other,3341.15,0.9677419354838709,Very Low
CUST00510,69047.23,23015.743333333332,3,2023-10-22,2024-06-03,226,2023-06-26,Rajasthan,Email,44,F,69047.23,0.3515625,Medium
CUST00511,307105.05,76776.2625,4,2024-06-06,2024-10-27,144,2024-05-11,Maharashtra,Referral,61,F,307105.05,0.6896551724137931,Very High
CUST00513,33397.799999999996,33397.799999999996,1,2024-04-23,2024-04-23,1,2023-11-16,Tamil Nadu,Organic,20,F,33397.799999999996,0.9677419354838709,Low
CUST00515,49944.74,49944.74,1,2024-07-27,2024-07-27,1,2024-01-12,Karnataka,Organic,36,F,49944.74,0.9677419354838709,Medium
CUST00517,266626.15,88875.38333333335,3,2023-10-24,2024-09-13,326,2023-02-16,West Bengal,Referral,46,F,266626.15,0.25280898876404495,Very High
CUST00519,18929.7,18929.7,1,2024-12-26,2024-12-26,1,2024-12-25,Delhi,Organic,29,Other,18929.7,0.9677419354838709,Low
CUST00520,52225.43000000001,52225.43000000001,1,2023-12-10,2023-12-10,1,2023-10-29,West Bengal,Direct,32,M,52225.43000000001,0.9677419354838709,Medium
CUST00521,114416.34,57208.17,2,2023-09-25,2024-06-08,258,2023-01-03,Maharashtra,Referral,61,Other,114416.34,0.20833333333333334,High
CUST00523,71083.14,35541.57,2,2024-02-17,2024-02-22,6,2023-12-23,Gujarat,Social Media,30,Other,71083.14,1.6666666666666667,Medium
CUST00525,228203.45,114101.725,2,2023-08-18,2024-10-14,424,2023-05-03,Maharashtra,Paid Search,22,M,228203.45,0.13215859030837004,Very High
CUST00527,8918.84,4459.42,2,2024-01-15,2024-05-05,112,2023-07-25,Maharashtra,Direct,20,F,8918.84,0.4225352112676056,Very Low
CUST00528,44924.78,44924.78,1,2024-12-29,2024-12-29,1,2024-12-29,Rajasthan,Email,31,M,44924.78,0.9677419354838709,Medium
CUST00530,189082.55,23635.31875,8,2024-07-15,2024-12-05,144,2024-05-16,Gujarat,Email,61,F,189082.55,1.3793103448275863,Very High
CUST00533,2460.04,2460.04,1,2024-06-10,2024-06-10,1,2023-12-13,Delhi,Email,49,M,2460.04,0.9677419354838709,Very Low
CUST00534,73276.48,24425.493333333332,3,2023-11-26,2024-12-03,374,2023-04-30,Gujarat,Direct,42,Other,73276.48,0.22277227722772278,Medium
CUST00535,70087.67,70087.67,1,2023-10-27,2023-10-27,1,2023-01-06,Gujarat,Referral,44,M,70087.67,0.9677419354838709,Medium
CUST00544,157233.09000000003,52411.030000000006,3,2023-07-23,2024-10-15,451,2023-07-08,Tamil Nadu,Paid Search,39,F,157233.09000000003,0.18711018711018712,Very High
CUST00545,5565.54,5565.54,1,2024-05-15,2024-05-15,1,2023-05-31,Maharashtra,Paid Search,65,M,5565.54,0.9677419354838709,Very Low
CUST00550,74890.07,74890.07,1,2024-11-17,2024-11-17,1,2024-07-13,Rajasthan,Organic,64,F,74890.07,0.9677419354838709,Medium
CUST00551,62454.84999999999,31227.424999999996,2,2024-09-04,2024-10-09,36,2024-06-21,Gujarat,Social Media,38,F,62454.84999999999,0.9090909090909091,Medium
CUST00553,1075.85,1075.85,1,2023-10-03,2023-10-03,1,2023-02-05,Maharashtra,Email,55,Other,1075.85,0.9677419354838709,Very Low
CUST00556,122339.4,40779.799999999996,3,2024-09-04,2024-11-15,73,2024-08-20,Gujarat,Referral,64,Other,122339.4,0.8737864077669903,High
CUST00557,154623.3,77311.65,2,2023-06-02,2024-08-23,449,2023-02-22,Rajasthan,Paid Search,64,F,154623.3,0.12526096033402923,Very High
CUST00558,149436.85,49812.28333333333,3,2024-12-01,2024-12-08,8,2024-11-29,Delhi,Direct,52,F,149436.85,2.368421052631579,Very High
CUST00559,70805.56999999999,35402.784999999996,2,2024-07-09,2024-11-15,130,2023-11-11,Delhi,Email,20,M,70805.56999999999,0.375,Medium
CUST00560,30793.68,30793.68,1,2023-07-11,2023-07-11,1,2023-03-06,Maharashtra,Referral,26,Other,30793.68,0.9677419354838709,Low
CUST00562,178103.42,89051.71,2,2024-09-14,2024-09-17,4,2024-08-04,Tamil Nadu,Referral,41,M,178103.42,1.7647058823529411,Very High
CUST00565,23495.4,23495.4,1,2023-04-09,2023-04-09,1,2023-04-02,Uttar Pradesh,Social Media,19,Other,23495.4,0.9677419354838709,Low
CUST00568,41172.72,41172.72,1,2024-08-18,2024-08-18,1,2023-09-14,Uttar Pradesh,Social Media,43,M,41172.72,0.9677419354838709,Low
CUST00573,124859.29,124859.29,1,2024-07-14,2024-07-14,1,2023-05-29,Delhi,Referral,45,Other,124859.29,0.9677419354838709,High
CUST00574,4476.43,4476.43,1,2024-09-03,2024-09-03,1,2024-05-26,Gujarat,Organic,51,M,4476.43,0.9677419354838709,Very Low
CUST00577,47659.11,47659.11,1,2023-10-14,2023-10-14,1,2023-02-21,Maharashtra,Social Media,19,M,47659.11,0.9677419354838709,Medium
CUST00578,2707.77,2707.77,1,2024-04-19,2024-04-19,1,2023-08-04,Delhi,Organic,37,M,2707.77,0.9677419354838709,Very Low
CUST00579,17819.44,17819.44,1,2024-12-25,2024-12-25,1,2024-12-22,Tamil Nadu,Referral,61,Other,17819.44,0.9677419354838709,Low
CUST00581,275301.8,55060.36,5,2023-04-12,2024-04-25,380,2023-02-14,Karnataka,Direct,40,M,275301.8,0.36585365853658536,Very High
CUST00582,29185.69,9728.563333333334,3,2024-07-05,2024-12-19,168,2024-06-12,Karnataka,Paid Search,22,F,29185.69,0.4545454545454546,Low
CUST00583,81566.26000000001,27188.753333333338,3,2023-12-01,2024-06-23,206,2023-05-28,West Bengal,Organic,58,F,81566.26000000001,0.38135593220338987,High
CUST00584,30098.690000000002,15049.345000000001,2,2024-12-09,2024-12-17,9,2024-11-30,Rajasthan,Paid Search,40,Other,30098.690000000002,1.5384615384615383,Low
CUST00586,20706.379999999997,20706.379999999997,1,2024-04-07,2024-04-07,1,2024-02-03,West Bengal,Email,36,M,20706.379999999997,0.9677419354838709,Low
CUST00589,7480.96,7480.96,1,2024-06-26,2024-06-26,1,2024-01-24,Karnataka,Social Media,46,F,7480.96,0.9677419354838709,Very Low
CUST00590,25250.78,25250.78,1,2024-09-08,2024-09-08,1,2024-03-15,Uttar Pradesh,Paid Search,23,M,25250.78,0.9677419354838709,Low
CUST00591,160296.5,80148.25,2,2024-06-06,2024-09-01,88,2023-12-04,West Bengal,Email,53,Other,160296.5,0.5084745762711864,Very High
CUST00594,290835.58999999997,145417.79499999998,2,2024-03-04,2024-03-17,14,2023-07-09,Maharashtra,Referral,42,M,290835.58999999997,1.3636363636363635,Very High
CUST00595,42279.01,42279.01,1,2024-05-31,2024-05-31,1,2024-03-30,Tamil Nadu,Email,28,Other,42279.01,0.9677419354838709,Low
CUST00597,2114.11,2114.11,1,2024-03-02,2024-03-02,1,2024-02-03,Uttar Pradesh,Paid Search,22,M,2114.11,0.9677419354838709,Very Low
CUST00598,47779.61,23889.805,2,2024-08-27,2024-10-25,60,2024-08-13,West Bengal,Referral,37,F,47779.61,0.6666666666666666,Medium
CUST00599,180208.95,45052.2375,4,2023-05-24,2024-12-27,584,2023-01-04,Karnataka,Social Media,33,Other,180208.95,0.19543973941368079,Very High
CUST00601,82279.06,41139.53,2,2023-10-31,2024-11-11,378,2023-01-09,Karnataka,Social Media,18,F,82279.06,0.14705882352941177,High
CUST00602,173703.68,34740.736,5,2023-08-24,2024-11-18,453,2023-06-08,Gujarat,Referral,39,F,173703.68,0.3105590062111801,Very High
CUST00603,99877.9,24969.475,4,2024-07-25,2024-09-16,54,2024-06-08,Gujarat,Direct,56,M,99877.9,1.4285714285714286,High
CUST00604,167753.17,83876.585,2,2024-07-24,2024-11-20,120,2024-05-21,Uttar Pradesh,Email,62,M,167753.17,0.4,Very High
CUST00605,138933.01,46311.003333333334,3,2023-07-30,2024-10-25,454,2023-03-28,Rajasthan,Paid Search,43,F,138933.01,0.18595041322314051,High
CUST00607,36126.59,18063.295,2,2024-09-18,2024-10-24,37,2024-09-11,Tamil Nadu,Referral,35,F,36126.59,0.8955223880597015,Low
CUST00612,42414.24,14138.08,3,2023-08-27,2024-10-14,415,2023-08-19,Tamil Nadu,Direct,27,Other,42414.24,0.20224719101123595,Low
CUST00613,1099.04,1099.04,1,2024-12-19,2024-12-19,1,2024-11-11,West Bengal,Organic,46,Other,1099.04,0.9677419354838709,Very Low
CUST00614,78565.17,15713.034,5,2024-11-04,2024-12-27,54,2024-10-17,Rajasthan,Referral,52,Other,78565.17,1.7857142857142858,High
CUST00615,30077.239999999998,30077.239999999998,1,2024-09-21,2024-09-21,1,2024-07-02,West Bengal,Social Media,62,Other,30077.239999999998,0.9677419354838709,Low
CUST00618,91913.56,45956.78,2,2023-09-08,2024-05-02,238,2023-05-12,West Bengal,Referral,24,M,91913.56,0.22388059701492538,High
CUST00620,161147.97,53715.99,3,2023-10-29,2024-10-26,364,2023-09-30,Tamil Nadu,Social Media,43,F,161147.97,0.2284263959390863,Very High
CUST00623,32197.98,32197.98,1,2024-04-26,2024-04-26,1,2024-02-01,Delhi,Social Media,39,F,32197.98,0.9677419354838709,Low
CUST00626,1236.33,1236.33,1,2024-08-24,2024-08-24,1,2024-05-08,Gujarat,Social Media,20,Other,1236.33,0.9677419354838709,Very Low
CUST00627,85214.15000000001,17042.83,5,2024-01-13,2024-10-01,263,2023-11-12,Karnataka,Social Media,59,M,85214.15000000001,0.5119453924914675,High
CUST00629,142065.68,28413.136,5,2023-01-28,2024-10-07,619,2023-01-15,Delhi,Email,45,F,142065.68,0.23112480739599384,High
CUST00631,79249.84,26416.61333333333,3,2024-07-04,2024-12-21,171,2024-06-15,West Bengal,Organic,65,Other,79249.84,0.44776119402985076,High
CUST00632,37418.68,37418.68,1,2023-08-05,2023-08-05,1,2023-07-04,Tamil Nadu,Email,45,F,37418.68,0.9677419354838709,Low
CUST00634,42510.79,42510.79,1,2024-08-09,2024-08-09,1,2024-07-29,Karnataka,Organic,52,M,42510.79,0.9677419354838709,Low
CUST00635,74445.65,37222.825,2,2024-11-04,2024-12-08,35,2024-10-13,Gujarat,Paid Search,47,M,74445.65,0.9230769230769229,Medium
CUST00637,127073.17000000001,63536.58500000001,2,2024-11-04,2024-11-10,7,2024-10-29,Gujarat,Referral,57,F,127073.17000000001,1.6216216216216215,High
CUST00638,61128.43,61128.43,1,2024-04-28,2024-04-28,1,2024-04-13,Karnataka,Social Media,47,Other,61128.43,0.9677419354838709,Medium
CUST00639,63306.44,63306.44,1,2024-08-19,2024-08-19,1,2024-05-23,Delhi,Email,55,M,63306.44,0.9677419354838709,Medium
CUST00640,420284.93,84056.986,5,2024-06-09,2024-10-29,143,2024-02-27,Delhi,Organic,33,F,420284.93,0.8670520231213873,Very High
CUST00641,94391.93,47195.965,2,2024-08-03,2024-09-04,33,2024-03-19,Karnataka,Social Media,62,M,94391.93,0.9523809523809523,High
CUST00642,353375.88,44171.985,8,2023-02-25,2024-10-03,587,2023-02-11,West Bengal,Email,26,Other,353375.88,0.3889789303079417,Very High
CUST00643,164957.99000000002,27492.998333333337,6,2024-08-28,2024-12-25,120,2024-08-16,West Bengal,Paid Search,49,Other,164957.99000000002,1.2,Very High
CUST00648,46307.69,46307.69,1,2024-12-09,2024-12-09,1,2024-10-17,West Bengal,Referral,28,M,46307.69,0.9677419354838709,Medium
CUST00650,142868.34999999998,142868.34999999998,1,2024-11-30,2024-11-30,1,2024-09-05,Tamil Nadu,Social Media,28,F,142868.34999999998,0.9677419354838709,Very High
CUST00651,286861.71,57372.342000000004,5,2023-05-28,2023-09-17,113,2023-05-21,Rajasthan,Email,25,Other,286861.71,1.048951048951049,Very High
CUST00652,200416.81,66805.60333333333,3,2024-11-15,2024-12-14,30,2024-11-13,Karnataka,Email,41,Other,200416.81,1.5,Very High
CUST00653,61155.63,61155.63,1,2024-10-30,2024-10-30,1,2024-06-16,Maharashtra,Referral,52,M,61155.63,0.9677419354838709,Medium
CUST00654,32788.57,32788.57,1,2024-09-16,2024-09-16,1,2023-03-04,West Bengal,Direct,59,M,32788.57,0.9677419354838709,Low
CUST00656,4491.14,4491.14,1,2024-12-14,2024-12-14,1,2024-12-11,Karnataka,Organic,33,M,4491.14,0.9677419354838709,Very Low
CUST00661,7535.46,7535.46,1,2024-09-30,2024-09-30,1,2024-06-11,Uttar Pradesh,Direct,24,M,7535.46,0.9677419354838709,Very Low
CUST00662,57258.66,57258.66,1,2024-10-04,2024-10-04,1,2023-07-06,West Bengal,Social Media,59,M,57258.66,0.9677419354838709,Medium
CUST00663,174663.17,87331.585,2,2024-11-11,2024-12-12,32,2023-05-19,Delhi,Paid Search,63,F,174663.17,0.9677419354838711,Very High
CUST00665,293671.57999999996,41953.08285714285,7,2024-07-09,2024-12-15,160,2024-06-24,Uttar Pradesh,Referral,42,F,293671.57999999996,1.105263157894737,Very High
CUST00667,3986.19,3986.19,1,2024-12-15,2024-12-15,1,2023-06-11,Uttar Pradesh,Social Media,47,F,3986.19,0.9677419354838709,Very Low
CUST00670,220850.25999999998,55212.564999999995,4,2024-04-11,2024-09-24,167,2024-02-11,Karnataka,Referral,31,F,220850.25999999998,0.6091370558375635,Very High
CUST00672,62047.36,31023.68,2,2024-06-19,2024-10-02,106,2024-03-11,Gujarat,Email,26,Other,62047.36,0.4411764705882353,Medium
CUST00676,28900.33,7225.0825,4,2024-03-26,2024-12-16,266,2023-12-03,Tamil Nadu,Paid Search,59,F,28900.33,0.4054054054054054,Low
CUST00680,17961.46,17961.46,1,2023-07-18,2023-07-18,1,2023-02-27,Tamil Nadu,Direct,23,Other,17961.46,0.9677419354838709,Low
CUST00681,23362.18,23362.18,1,2024-12-18,2024-12-18,1,2024-12-04,Karnataka,Paid Search,48,M,23362.18,0.9677419354838709,Low
CUST00685,62948.01,31474.005,2,2024-08-26,2024-11-28,95,2024-08-26,West Bengal,Direct,24,M,62948.01,0.4800000000000001,Medium
CUST00686,195904.38,39180.876000000004,5,2023-09-05,2024-12-23,476,2023-06-21,Gujarat,Social Media,26,F,195904.38,0.2964426877470356,Very High
CUST00688,273673.13,54734.626000000004,5,2023-05-30,2024-10-18,508,2023-05-06,Maharashtra,Direct,28,F,273673.13,0.2788104089219331,Very High
CUST00693,20019.600000000002,20019.600000000002,1,2024-03-30,2024-03-30,1,2023-11-11,Tamil Nadu,Direct,23,M,20019.600000000002,0.9677419354838709,Low
CUST00694,32746.37,16373.185,2,2024-01-01,2024-04-03,94,2023-09-05,Uttar Pradesh,Organic,60,F,32746.37,0.48387096774193555,Low
CUST00695,3293.85,3293.85,1,2023-03-03,2023-03-03,1,2023-02-06,Tamil Nadu,Email,50,M,3293.85,0.9677419354838709,Very Low
CUST00700,22775.050000000003,11387.525000000001,2,2024-08-05,2024-08-25,21,2024-04-28,Delhi,Organic,19,Other,22775.050000000003,1.1764705882352942,Low
CUST00701,227823.11000000002,45564.622,5,2024-05-27,2024-12-14,202,2023-11-22,Karnataka,Social Media,31,M,227823.11000000002,0.646551724137931,Very High
CUST00702,515.42,515.42,1,2024-10-16,2024-10-16,1,2023-12-17,Maharashtra,Email,36,Other,515.42,0.9677419354838709,Very Low
CUST00704,62968.65,62968.65,1,2024-04-10,2024-04-10,1,2023-07-05,Delhi,Organic,37,M,62968.65,0.9677419354838709,Medium
CUST00705,5698.66,5698.66,1,2024-01-27,2024-01-27,1,2023-12-04,Tamil Nadu,Email,38,F,5698.66,0.9677419354838709,Very Low
CUST00706,79721.78,19930.445,4,2024-12-02,2024-12-24,23,2024-11-17,Karnataka,Direct,45,Other,79721.78,2.2641509433962264,High
CUST00710,26547.28,26547.28,1,2024-12-23,2024-12-23,1,2024-12-17,Delhi,Organic,63,M,26547.28,0.9677419354838709,Low
CUST00711,85887.28,28629.093333333334,3,2024-08-17,2024-10-15,60,2023-07-23,Maharashtra,Referral,40,Other,85887.28,1.0,High
CUST00712,44291.42,44291.42,1,2023-11-20,2023-11-20,1,2023-01-27,Uttar Pradesh,Social Media,26,Other,44291.42,0.9677419354838709,Medium
CUST00714,29708.16,29708.16,1,2024-05-16,2024-05-16,1,2023-11-24,West Bengal,Email,22,F,29708.16,0.9677419354838709,Low
CUST00720,120501.49,60250.745,2,2023-08-01,2023-11-23,115,2023-06-24,Gujarat,Paid Search,29,M,120501.49,0.4137931034482758,High
CUST00721,114051.17,38017.056666666664,3,2023-04-03,2024-05-27,421,2023-01-16,West Bengal,Social Media,33,F,114051.17,0.19955654101995565,High
CUST00722,28836.980000000003,14418.490000000002,2,2023-03-28,2024-02-01,311,2023-03-18,Gujarat,Organic,54,F,28836.980000000003,0.1759530791788856,Low
CUST00723,296377.44,59275.488,5,2024-04-02,2024-10-21,203,2024-02-04,Karnataka,Direct,21,M,296377.44,0.6437768240343348,Very High
CUST00724,100194.66,50097.33,2,2024-11-10,2024-12-09,30,2023-08-17,Tamil Nadu,Organic,43,M,100194.66,1.0,High
CUST00725,60793.23,30396.615,2,2024-08-13,2024-11-02,82,2024-05-23,Rajasthan,Social Media,38,M,60793.23,0.5357142857142857,Medium
CUST00726,33511.81,33511.81,1,2024-05-11,2024-05-11,1,2023-03-22,Rajasthan,Social Media,30,F,33511.81,0.9677419354838709,Low
CUST00729,15644.24,15644.24,1,2024-04-02,2024-04-02,1,2023-10-25,Tamil Nadu,Organic,44,M,15644.24,0.9677419354838709,Very Low
CUST00730,133423.65,66711.825,2,2024-01-28,2024-08-28,214,2024-01-14,Tamil Nadu,Social Media,58,Other,133423.65,0.24590163934426232,High
CUST00732,126285.01,126285.01,1,2024-02-15,2024-02-15,1,2023-01-31,Uttar Pradesh,Paid Search,51,M,126285.01,0.9677419354838709,High
CUST00734,67775.42,67775.42,1,2024-11-25,2024-11-25,1,2024-09-28,Uttar Pradesh,Organic,32,Other,67775.42,0.9677419354838709,Medium
CUST00735,45762.76,22881.38,2,2023-10-19,2024-03-03,137,2023-09-14,West Bengal,Referral,65,M,45762.76,0.3592814371257485,Medium
CUST00736,7018.6,7018.6,1,2024-05-11,2024-05-11,1,2023-08-23,Karnataka,Paid Search,58,F,7018.6,0.9677419354838709,Very Low
CUST00739,24865.690000000002,12432.845000000001,2,2024-12-06,2024-12-15,10,2024-08-06,West Bengal,Social Media,46,F,24865.690000000002,1.5,Low
CUST00740,982.14,982.14,1,2024-06-28,2024-06-28,1,2024-06-22,Tamil Nadu,Paid Search,26,Other,982.14,0.9677419354838709,Very Low
CUST00741,21856.16,21856.16,1,2024-09-03,2024-09-03,1,2023-03-09,Karnataka,Organic,28,F,21856.16,0.9677419354838709,Low
CUST00743,22027.73,22027.73,1,2024-10-22,2024-10-22,1,2024-04-28,Gujarat,Referral,37,F,22027.73,0.9677419354838709,Low
CUST00746,127914.06000000001,127914.06000000001,1,2024-10-07,2024-10-07,1,2024-01-15,Tamil Nadu,Paid Search,23,Other,127914.06000000001,0.9677419354838709,High
CUST00748,186681.33,93340.665,2,2023-12-13,2024-05-06,146,2023-11-14,Uttar Pradesh,Paid Search,19,F,186681.33,0.34090909090909094,Very High
CUST00750,48945.42999999999,48945.42999999999,1,2024-10-06,2024-10-06,1,2023-03-01,Karnataka,Organic,26,M,48945.42999999999,0.9677419354838709,Medium
CUST00752,78775.75,26258.583333333332,3,2023-07-22,2024-08-17,393,2023-07-10,West Bengal,Direct,58,Other,78775.75,0.2127659574468085,High
CUST00753,271581.09,45263.51500000001,6,2024-05-19,2024-12-30,226,2024-04-25,Karnataka,Email,34,M,271581.09,0.703125,Very High
CUST00755,233333.41,233333.41,1,2024-11-04,2024-11-04,1,2024-02-23,Delhi,Social Media,25,M,233333.41,0.9677419354838709,Very High
CUST00756,39901.4,39901.4,1,2024-05-12,2024-05-12,1,2023-01-11,Rajasthan,Paid Search,54,F,39901.4,0.9677419354838709,Low
CUST00757,217991.11,36331.85166666666,6,2024-09-21,2024-12-21,92,2024-06-03,West Bengal,Organic,42,Other,217991.11,1.4754098360655739,Very High
CUST00763,13133.45,13133.45,1,2024-05-13,2024-05-13,1,2024-02-14,Tamil Nadu,Email,19,F,13133.45,0.9677419354838709,Very Low
CUST00766,3541.62,3541.62,1,2023-12-31,2023-12-31,1,2023-08-09,Gujarat,Paid Search,19,F,3541.62,0.9677419354838709,Very Low
CUST00768,55470.090000000004,27735.045000000002,2,2024-12-03,2024-12-16,14,2023-05-11,Tamil Nadu,Organic,33,Other,55470.090000000004,1.3636363636363635,Medium
CUST00770,9201.94,4600.97,2,2024-11-23,2024-12-11,19,2024-11-23,Tamil Nadu,Referral,40,M,9201.94,1.2244897959183674,Very Low
CUST00773,97812.16,24453.04,4,2024-08-18,2024-12-12,117,2024-07-24,Gujarat,Email,27,Other,97812.16,0.8163265306122448,High
CUST00779,207875.12,41575.024,5,2024-03-27,2024-09-01,159,2023-10-28,Delhi,Email,41,M,207875.12,0.7936507936507937,Very High
CUST00780,13707.02,13707.02,1,2024-10-06,2024-10-06,1,2024-03-24,Gujarat,Direct,43,Other,13707.02,0.9677419354838709,Very Low
CUST00784,164342.73,54780.91,3,2024-04-03,2024-05-21,49,2023-06-23,Gujarat,Direct,55,M,164342.73,1.139240506329114,Very High
CUST00786,216320.61,108160.305,2,2024-03-11,2024-10-04,208,2023-03-05,Delhi,Direct,18,Other,216320.61,0.25210084033613445,Very High
CUST00789,92337.63,46168.815,2,2024-04-22,2024-07-10,80,2023-12-21,Delhi,Direct,22,M,92337.63,0.5454545454545455,High
CUST00793,149783.38,74891.69,2,2024-04-25,2024-06-10,47,2023-12-01,Karnataka,Organic,21,F,149783.38,0.7792207792207793,Very High
CUST00797,129451.4,43150.46666666667,3,2024-10-20,2024-12-18,60,2024-10-04,Tamil Nadu,Referral,22,M,129451.4,1.0,High
CUST00804,68876.26,68876.26,1,2024-12-03,2024-12-03,1,2024-05-26,Uttar Pradesh,Social Media,37,M,68876.26,0.9677419354838709,Medium
CUST00808,102270.7,102270.7,1,2023-08-15,2023-08-15,1,2023-05-21,Rajasthan,Organic,19,M,102270.7,0.9677419354838709,High
CUST00809,5403.49,2701.745,2,2024-05-18,2024-07-24,68,2023-06-30,Delhi,Organic,48,M,5403.49,0.6122448979591837,Very Low
CUST00810,44375.84,44375.84,1,2024-09-13,2024-09-13,1,2023-06-05,Uttar Pradesh,Referral,49,Other,44375.84,0.9677419354838709,Medium
CUST00811,46925.2,46925.2,1,2023-11-30,2023-11-30,1,2023-07-07,Uttar Pradesh,Direct,52,F,46925.2,0.9677419354838709,Medium
CUST00815,19537.99,9768.995,2,2024-12-22,2024-12-23,2,2024-12-17,Delhi,Organic,60,F,19537.99,1.875,Low
CUST00816,10729.37,10729.37,1,2024-09-09,2024-09-09,1,2023-05-09,West Bengal,Email,21,F,10729.37,0.9677419354838709,Very Low
CUST00817,19115.41,19115.41,1,2024-09-12,2024-09-12,1,2024-06-27,West Bengal,Email,33,F,19115.41,0.9677419354838709,Low
CUST00819,12187.24,12187.24,1,2024-12-06,2024-12-06,1,2023-02-15,Delhi,Referral,29,M,12187.24,0.9677419354838709,Very Low
CUST00821,2358.02,2358.02,1,2023-12-03,2023-12-03,1,2023-10-11,Karnataka,Referral,30,Other,2358.02,0.9677419354838709,Very Low
CUST00822,168492.35,84246.175,2,2024-11-06,2024-12-09,34,2024-10-21,Delhi,Social Media,64,M,168492.35,0.9375,Very High
CUST00823,4935.400000000001,4935.400000000001,1,2024-07-04,2024-07-04,1,2024-01-07,Karnataka,Email,43,Other,4935.400000000001,0.9677419354838709,Very Low
CUST00826,85872.88,42936.44,2,2024-05-17,2024-09-04,111,2023-08-26,Karnataka,Email,24,F,85872.88,0.425531914893617,High
CUST00827,37367.880000000005,12455.960000000001,3,2023-09-25,2024-10-07,379,2023-09-21,Gujarat,Social Media,42,Other,37367.880000000005,0.22004889975550124,Low
CUST00828,113409.7,28352.425,4,2023-06-24,2024-07-22,395,2023-03-21,Rajasthan,Email,48,M,113409.7,0.2823529411764706,High
CUST00830,3394.83,3394.83,1,2024-12-16,2024-12-16,1,2024-12-08,West Bengal,Referral,39,Other,3394.83,0.9677419354838709,Very Low
CUST00834,74395.92,74395.92,1,2024-10-10,2024-10-10,1,2024-10-04,Tamil Nadu,Social Media,65,F,74395.92,0.9677419354838709,Medium
CUST00835,3199.04,3199.04,1,2024-11-20,2024-11-20,1,2024-09-03,Gujarat,Direct,44,Other,3199.04,0.9677419354838709,Very Low
CUST00837,159559.96000000002,53186.65333333334,3,2024-10-20,2024-12-19,61,2024-05-11,Rajasthan,Social Media,21,Other,159559.96000000002,0.989010989010989,Very High
CUST00842,2629.19,2629.19,1,2024-03-03,2024-03-03,1,2024-01-29,Tamil Nadu,Social Media,47,Other,2629.19,0.9677419354838709,Very Low
CUST00844,140663.35,140663.35,1,2024-01-14,2024-01-14,1,2023-01-09,Gujarat,Email,46,M,140663.35,0.9677419354838709,High
CUST00845,15989.7,15989.7,1,2024-12-13,2024-12-13,1,2024-01-19,Rajasthan,Email,40,F,15989.7,0.9677419354838709,Very Low
CUST00847,117499.41,39166.47,3,2024-03-16,2024-07-22,129,2023-07-20,Uttar Pradesh,Referral,21,M,117499.41,0.5660377358490566,High
CUST00848,74274.95,74274.95,1,2024-11-04,2024-11-04,1,2023-05-12,Tamil Nadu,Direct,32,Other,74274.95,0.9677419354838709,Medium
CUST00849,418898.51,52362.31375,8,2024-04-16,2024-12-23,252,2024-03-30,Tamil Nadu,Direct,44,Other,418898.51,0.851063829787234,Very High
CUST00850,25646.9,25646.9,1,2024-11-25,2024-11-25,1,2024-04-03,Maharashtra,Organic,48,M,25646.9,0.9677419354838709,Low
CUST00851,330118.18,66023.636,5,2024-09-04,2024-11-27,85,2024-07-20,Delhi,Paid Search,34,Other,330118.18,1.3043478260869565,Very High
CUST00852,46316.770000000004,15438.923333333334,3,2023-08-11,2024-10-14,431,2023-05-24,Uttar Pradesh,Direct,59,F,46316.770000000004,0.19522776572668113,Medium
CUST00853,31451.379999999997,31451.379999999997,1,2023-07-29,2023-07-29,1,2023-06-26,West Bengal,Social Media,47,F,31451.379999999997,0.9677419354838709,Low
CUST00855,99222.59,49611.295,2,2024-03-10,2024-06-23,106,2023-09-15,West Bengal,Organic,50,Other,99222.59,0.4411764705882353,High
CUST00856,150206.37,150206.37,1,2024-11-23,2024-11-23,1,2024-10-30,Gujarat,Direct,56,Other,150206.37,0.9677419354838709,Very High
CUST00859,142345.42,142345.42,1,2024-11-29,2024-11-29,1,2024-10-26,Uttar Pradesh,Direct,63,Other,142345.42,0.9677419354838709,High
CUST00860,249192.76,41532.12666666667,6,2024-08-12,2024-12-29,140,2024-08-07,Uttar Pradesh,Paid Search,51,M,249192.76,1.0588235294117647,Very High
CUST00862,15561.5,15561.5,1,2024-10-30,2024-10-30,1,2024-10-21,Delhi,Direct,49,F,15561.5,0.9677419354838709,Very Low
CUST00864,146646.24,146646.24,1,2024-10-10,2024-10-10,1,2024-07-11,Maharashtra,Direct,54,M,146646.24,0.9677419354838709,Very High
CUST00866,6138.98,3069.49,2,2024-08-26,2024-12-03,100,2023-04-29,Rajasthan,Social Media,50,F,6138.98,0.46153846153846145,Very Low
CUST00870,213995.93,71331.97666666667,3,2024-11-16,2024-12-05,20,2024-11-14,Tamil Nadu,Social Media,44,F,213995.93,1.8000000000000003,Very High
CUST00875,147461.7,73730.85,2,2023-12-03,2024-11-21,355,2023-03-11,Delhi,Social Media,44,Other,147461.7,0.15584415584415584,Very High
CUST00876,381861.11000000004,127287.03666666668,3,2024-12-01,2024-12-22,22,2024-11-25,Rajasthan,Social Media,63,M,381861.11000000004,1.7307692307692306,Very High
CUST00877,98728.17,32909.39,3,2024-05-13,2024-10-29,170,2024-01-12,Karnataka,Social Media,58,M,98728.17,0.44999999999999996,High
CUST00878,325479.98,108493.32666666666,3,2024-11-07,2024-11-28,22,2024-11-03,Gujarat,Organic,18,F,325479.98,1.7307692307692306,Very High
CUST00879,40189.380000000005,20094.690000000002,2,2024-03-12,2024-12-20,284,2024-02-07,Uttar Pradesh,Paid Search,54,M,40189.380000000005,0.19108280254777069,Low
CUST00880,57967.5,28983.75,2,2024-09-21,2024-10-12,22,2024-07-04,Rajasthan,Paid Search,57,F,57967.5,1.1538461538461537,Medium
CUST00881,243223.9,121611.95,2,2024-10-07,2024-10-08,2,2024-08-02,West Bengal,Referral,48,F,243223.9,1.875,Very High
CUST00884,154498.07,77249.035,2,2024-10-14,2024-12-14,62,2024-09-07,Maharashtra,Organic,58,Other,154498.07,0.6521739130434783,Very High
CUST00886,36752.75,18376.375,2,2024-05-25,2024-12-26,216,2023-11-08,Delhi,Referral,50,Other,36752.75,0.24390243902439027,Low
CUST00889,139400.16,46466.72,3,2024-03-04,2024-07-11,130,2023-10-14,Gujarat,Direct,26,F,139400.16,0.5625,High
CUST00890,40524.66,20262.33,2,2023-06-27,2024-05-01,310,2023-02-15,Rajasthan,Paid Search,28,F,40524.66,0.1764705882352941,Low
CUST00891,83333.98999999999,41666.994999999995,2,2023-10-10,2024-08-30,326,2023-08-01,Maharashtra,Paid Search,64,M,83333.98999999999,0.16853932584269662,High
CUST00892,240959.77000000002,34422.82428571429,7,2024-07-13,2024-11-05,116,2024-05-29,Tamil Nadu,Organic,55,Other,240959.77000000002,1.4383561643835614,Very High
CUST00893,20023.81,20023.81,1,2024-12-28,2024-12-28,1,2024-12-27,Delhi,Social Media,63,Other,20023.81,0.9677419354838709,Low
CUST00894,67495.87,67495.87,1,2024-12-21,2024-12-21,1,2024-10-06,Maharashtra,Direct,34,Other,67495.87,0.9677419354838709,Medium
CUST00897,110897.78000000001,36965.92666666667,3,2024-09-09,2024-11-24,77,2024-05-02,Rajasthan,Organic,53,F,110897.78000000001,0.8411214953271028,High
CUST00899,3458.83,3458.83,1,2024-08-13,2024-08-13,1,2023-08-21,Maharashtra,Referral,60,M,3458.83,0.9677419354838709,Very Low
CUST00901,20822.04,6940.68,3,2024-07-18,2024-12-09,145,2024-06-28,West Bengal,Email,64,Other,20822.04,0.5142857142857143,Low
CUST00905,74691.81,37345.905,2,2024-03-17,2024-11-05,234,2024-02-06,Delhi,Email,49,M,74691.81,0.22727272727272727,Medium
CUST00909,82877.43,41438.715,2,2023-07-18,2023-12-03,139,2023-03-20,Karnataka,Direct,32,F,82877.43,0.35502958579881655,High
CUST00910,73510.70999999999,36755.354999999996,2,2023-10-13,2024-06-19,251,2023-09-14,Uttar Pradesh,Referral,21,M,73510.70999999999,0.21352313167259784,Medium
CUST00911,97397.38,24349.345,4,2024-05-31,2024-10-10,133,2024-02-09,Delhi,Social Media,41,Other,97397.38,0.7361963190184049,High
CUST00912,1142.69,1142.69,1,2024-09-02,2024-09-02,1,2024-05-28,Gujarat,Direct,25,M,1142.69,0.9677419354838709,Very Low
CUST00916,222917.28,55729.32,4,2024-07-29,2024-10-28,92,2024-07-17,Delhi,Referral,43,F,222917.28,0.9836065573770493,Very High
CUST00918,505860.37,72265.76714285715,7,2024-07-30,2024-11-02,96,2024-06-28,Delhi,Paid Search,62,Other,505860.37,1.6666666666666665,Very High
CUST00921,20993.06,20993.06,1,2024-10-27,2024-10-27,1,2024-10-14,West Bengal,Email,19,Other,20993.06,0.9677419354838709,Low
CUST00922,258524.41,129262.205,2,2023-09-25,2024-02-17,146,2023-04-19,Delhi,Referral,25,F,258524.41,0.34090909090909094,Very High
CUST00923,10156.82,5078.41,2,2023-11-03,2024-02-11,101,2023-09-07,Rajasthan,Organic,34,Other,10156.82,0.45801526717557245,Very Low
CUST00924,48806.87,48806.87,1,2024-08-09,2024-08-09,1,2023-04-04,Gujarat,Direct,61,Other,48806.87,0.9677419354838709,Medium
CUST00929,78752.57,78752.57,1,2024-09-21,2024-09-21,1,2024-05-17,Maharashtra,Paid Search,50,F,78752.57,0.9677419354838709,High
CUST00932,147757.84,29551.568,5,2024-10-23,2024-12-29,68,2024-09-29,Tamil Nadu,Direct,42,F,147757.84,1.530612244897959,Very High
CUST00934,2645.33,2645.33,1,2024-03-10,2024-03-10,1,2023-07-27,Rajasthan,Referral,46,F,2645.33,0.9677419354838709,Very Low
CUST00938,55485.619999999995,27742.809999999998,2,2024-01-24,2024-05-31,129,2023-01-10,Uttar Pradesh,Email,31,Other,55485.619999999995,0.37735849056603776,Medium
CUST00939,71383.59,35691.795,2,2024-06-16,2024-11-06,144,2024-06-06,Rajasthan,Social Media,21,M,71383.59,0.3448275862068966,Medium
CUST00941,14670.33,7335.165,2,2024-12-15,2024-12-25,11,2024-09-11,Rajasthan,Direct,41,Other,14670.33,1.4634146341463414,Very Low
CUST00945,115102.89,28775.7225,4,2024-12-27,2024-12-29,3,2024-12-24,Rajasthan,Direct,65,Other,115102.89,3.6363636363636362,High
CUST00946,22484.73,11242.365,2,2024-02-19,2024-12-28,314,2023-03-12,West Bengal,Social Media,57,M,22484.73,0.1744186046511628,Low
CUST00949,3864.57,3864.57,1,2023-05-26,2023-05-26,1,2023-01-20,Maharashtra,Direct,55,M,3864.57,0.9677419354838709,Very Low
CUST00950,223681.15,31954.45,7,2023-12-16,2024-12-30,381,2023-12-08,Rajasthan,Direct,55,Other,223681.15,0.5109489051094891,Very High
CUST00951,83365.98000000001,16673.196000000004,5,2024-03-08,2024-12-29,297,2024-02-24,Delhi,Organic,51,Other,83365.98000000001,0.4587155963302752,High
CUST00954,21789.97,21789.97,1,2024-12-06,2024-12-06,1,2023-04-25,West Bengal,Email,42,F,21789.97,0.9677419354838709,Low
CUST00957,19180.82,19180.82,1,2024-06-27,2024-06-27,1,2023-10-14,Uttar Pradesh,Email,38,Other,19180.82,0.9677419354838709,Low
CUST00958,126159.26,63079.63,2,2024-09-05,2024-12-20,107,2024-08-29,Tamil Nadu,Paid Search,57,Other,126159.26,0.43795620437956206,High
CUST00962,172306.86,57435.619999999995,3,2024-10-23,2024-11-16,25,2024-09-22,West Bengal,Referral,18,Other,172306.86,1.6363636363636362,Very High
CUST00967,38218.42,19109.21,2,2023-07-24,2024-12-24,520,2023-05-26,Karnataka,Direct,65,Other,38218.42,0.1090909090909091,Low
CUST00970,96813.4,24203.35,4,2024-08-05,2024-11-23,111,2024-06-17,Maharashtra,Referral,44,Other,96813.4,0.851063829787234,High
CUST00972,88927.72,29642.573333333334,3,2024-09-16,2024-12-21,97,2024-08-16,Uttar Pradesh,Email,46,M,88927.72,0.7086614173228346,High
CUST00973,1469.5,1469.5,1,2024-04-24,2024-04-24,1,2023-05-15,Gujarat,Email,65,Other,1469.5,0.9677419354838709,Very Low
CUST00977,32310.93,16155.465,2,2023-08-05,2024-09-18,411,2023-03-11,Uttar Pradesh,Paid Search,55,F,32310.93,0.1360544217687075,Low
CUST00978,102641.08,51320.54,2,2024-11-08,2024-12-19,42,2024-06-24,Maharashtra,Referral,63,M,102641.08,0.8333333333333334,High
CUST00983,44912.72,22456.36,2,2024-07-28,2024-09-18,53,2024-06-27,West Bengal,Social Media,32,M,44912.72,0.7228915662650602,Medium
CUST00984,162520.94,23217.277142857143,7,2023-09-21,2024-09-28,374,2023-08-05,Gujarat,Social Media,36,M,162520.94,0.5198019801980198,Very High
CUST00986,18077.94,18077.94,1,2024-11-13,2024-11-13,1,2024-10-03,Gujarat,Paid Search,59,Other,18077.94,0.9677419354838709,Low
CUST00989,176280.18,176280.18,1,2023-09-05,2023-09-05,1,2023-08-07,Uttar Pradesh,Email,41,Other,176280.18,0.9677419354838709,Very High
CUST00990,14292.18,14292.18,1,2024-11-15,2024-11-15,1,2024-01-12,Rajasthan,Organic,36,Other,14292.18,0.9677419354838709,Very Low
CUST00991,121931.36,40643.78666666667,3,2024-06-09,2024-08-20,73,2024-01-03,Tamil Nadu,Email,23,M,121931.36,0.8737864077669903,High
CUST00993,13969.62,13969.62,1,2024-11-23,2024-11-23,1,2024-09-13,Tamil Nadu,Referral,24,M,13969.62,0.9677419354838709,Very Low
CUST00996,5247.07,5247.07,1,2024-10-21,2024-10-21,1,2024-05-26,Karnataka,Organic,29,F,5247.07,0.9677419354838709,Very Low
CUST00997,23420.82,23420.82,1,2023-10-31,2023-10-31,1,2023-04-28,Karnataka,Paid Search,34,F,23420.82,0.9677419354838709,Low
CUST01000,147637.27,49212.42333333333,3,2024-02-18,2024-12-03,290,2023-10-27,Maharashtra,Direct,57,M,147637.27,0.28125,Very High
CUST01001,45175.55,11293.8875,4,2024-04-26,2024-12-24,243,2023-04-28,Maharashtra,Organic,40,Other,45175.55,0.43956043956043955,Medium
CUST01002,175516.42,35103.284,5,2024-03-07,2024-11-29,268,2024-01-28,Karnataka,Direct,37,Other,175516.42,0.5033557046979865,Very High
CUST01004,27195.440000000002,13597.720000000001,2,2024-01-04,2024-11-07,309,2023-08-16,Maharashtra,Paid Search,52,M,27195.440000000002,0.17699115044247787,Low
CUST01005,20452.9,20452.9,1,2023-11-03,2023-11-03,1,2023-02-22,Delhi,Email,36,Other,20452.9,0.9677419354838709,Low
CUST01008,45063.39,45063.39,1,2024-01-02,2024-01-02,1,2023-10-01,Karnataka,Organic,54,Other,45063.39,0.9677419354838709,Medium
CUST01011,32994.31,16497.155,2,2024-10-10,2024-12-30,82,2024-04-06,Delhi,Paid Search,32,Other,32994.31,0.5357142857142857,Low
CUST01012,11223.98,11223.98,1,2024-01-01,2024-01-01,1,2023-12-04,Uttar Pradesh,Organic,29,Other,11223.98,0.9677419354838709,Very Low
CUST01019,121134.02,30283.505,4,2023-03-23,2024-06-07,443,2023-02-09,Uttar Pradesh,Email,27,Other,121134.02,0.2536997885835095,High
CUST01020,68801.47,22933.823333333334,3,2023-03-08,2024-04-09,399,2023-02-08,Gujarat,Referral,28,M,68801.47,0.2097902097902098,Medium
CUST01021,61346.29,20448.763333333332,3,2024-04-20,2024-10-05,169,2024-01-01,Gujarat,Paid Search,63,Other,61346.29,0.4522613065326633,Medium
CUST01024,248544.32,62136.08,4,2023-07-31,2024-01-25,179,2023-02-10,Uttar Pradesh,Email,24,M,248544.32,0.5741626794258373,Very High
CUST01026,140769.48,28153.896,5,2024-08-09,2024-12-08,122,2024-08-07,Uttar Pradesh,Direct,22,Other,140769.48,0.986842105263158,High
CUST01027,269237.14,33654.6425,8,2023-09-22,2024-12-02,438,2023-09-01,Karnataka,Email,58,M,269237.14,0.5128205128205129,Very High
CUST01028,2538.46,2538.46,1,2024-06-02,2024-06-02,1,2023-05-10,West Bengal,Organic,53,F,2538.46,0.9677419354838709,Very Low
CUST01029,88232.01000000001,44116.005000000005,2,2024-06-09,2024-11-02,147,2023-04-14,Rajasthan,Paid Search,41,F,88232.01000000001,0.3389830508474576,High
CUST01030,36878.7,18439.35,2,2024-04-28,2024-08-20,115,2023-06-05,Tamil Nadu,Direct,36,M,36878.7,0.4137931034482758,Low
CUST01031,55935.590000000004,27967.795000000002,2,2024-12-13,2024-12-19,7,2024-11-12,Rajasthan,Email,23,F,55935.590000000004,1.6216216216216215,Medium
CUST01032,72861.26999999999,36430.634999999995,2,2023-10-01,2024-10-28,394,2023-01-26,Gujarat,Organic,60,M,72861.26999999999,0.14150943396226415,Medium
CUST01035,53396.75,53396.75,1,2024-09-14,2024-09-14,1,2024-07-16,Rajasthan,Organic,34,F,53396.75,0.9677419354838709,Medium
CUST01039,87409.59,43704.795,2,2023-12-20,2024-07-10,204,2023-08-04,Uttar Pradesh,Social Media,55,Other,87409.59,0.25641025641025644,High
CUST01040,8841.28,8841.28,1,2024-07-30,2024-07-30,1,2024-02-19,Delhi,Direct,42,F,8841.28,0.9677419354838709,Very Low
CUST01041,24509.86,12254.93,2,2024-09-06,2024-11-06,62,2024-02-05,Karnataka,Social Media,42,M,24509.86,0.6521739130434783,Low
CUST01042,9784.830000000002,9784.830000000002,1,2024-12-20,2024-12-20,1,2024-12-17,West Bengal,Social Media,49,F,9784.830000000002,0.9677419354838709,Very Low
CUST01043,335690.49,55948.415,6,2023-01-15,2024-01-11,362,2023-01-10,Maharashtra,Paid Search,46,M,335690.49,0.45918367346938777,Very High
CUST01044,1144.77,1144.77,1,2024-05-13,2024-05-13,1,2023-12-16,Tamil Nadu,Email,59,F,1144.77,0.9677419354838709,Very Low
CUST01045,193659.02000000002,64553.006666666675,3,2024-09-01,2024-11-28,89,2024-08-04,Tamil Nadu,Paid Search,28,F,193659.02000000002,0.7563025210084033,Very High
CUST01048,252615.90999999997,63153.97749999999,4,2023-08-29,2024-07-27,334,2023-07-16,Tamil Nadu,Paid Search,59,F,252615.90999999997,0.32967032967032966,Very High
CUST01049,67077.84,67077.84,1,2024-09-02,2024-09-02,1,2024-06-25,Maharashtra,Organic,26,Other,67077.84,0.9677419354838709,Medium
CUST01050,152738.33,38184.5825,4,2023-11-07,2024-12-28,418,2023-09-29,Delhi,Direct,50,M,152738.33,0.26785714285714285,Very High
CUST01052,222247.09999999998,111123.54999999999,2,2024-06-30,2024-07-03,4,2023-03-23,West Bengal,Direct,64,Other,222247.09999999998,1.7647058823529411,Very High
CUST01056,10650.46,10650.46,1,2024-07-31,2024-07-31,1,2024-04-30,Uttar Pradesh,Direct,61,F,10650.46,0.9677419354838709,Very Low
CUST01060,339475.62,84868.905,4,2023-02-10,2024-08-22,560,2023-01-08,Delhi,Paid Search,48,Other,339475.62,0.20338983050847456,Very High
CUST01063,237456.2,79152.06666666667,3,2024-12-01,2024-12-17,17,2024-11-30,Maharashtra,Direct,45,Other,237456.2,1.9148936170212767,Very High
CUST01067,3188.74,3188.74,1,2024-05-27,2024-05-27,1,2024-03-11,Tamil Nadu,Social Media,56,Other,3188.74,0.9677419354838709,Very Low
CUST01069,2809.42,2809.42,1,2023-10-25,2023-10-25,1,2023-09-29,Maharashtra,Email,25,Other,2809.42,0.9677419354838709,Very Low
CUST01070,24280.3,12140.15,2,2024-08-27,2024-12-09,105,2024-05-13,Maharashtra,Direct,31,Other,24280.3,0.4444444444444444,Low
CUST01071,145913.22,48637.74,3,2023-12-19,2024-09-08,265,2023-11-22,Gujarat,Social Media,24,M,145913.22,0.30508474576271183,Very High
CUST01072,27989.489999999998,27989.489999999998,1,2023-11-29,2023-11-29,1,2023-02-14,West Bengal,Social Media,52,F,27989.489999999998,0.9677419354838709,Low
CUST01073,1923.06,1923.06,1,2024-11-16,2024-11-16,1,2023-08-09,Gujarat,Social Media,61,F,1923.06,0.9677419354838709,Very Low
CUST01077,45871.07,9174.214,5,2024-12-26,2024-12-29,4,2024-12-17,West Bengal,Direct,25,Other,45871.07,4.411764705882353,Medium
CUST01078,111960.39,55980.195,2,2024-05-31,2024-11-05,159,2024-04-25,Tamil Nadu,Direct,28,M,111960.39,0.31746031746031744,High
CUST01079,180428.58000000002,90214.29000000001,2,2024-10-23,2024-12-28,67,2024-10-08,Tamil Nadu,Referral,39,Other,180428.58000000002,0.6185567010309279,Very High
CUST01081,100241.43,50120.715,2,2023-12-28,2024-04-16,111,2023-06-27,Karnataka,Referral,56,F,100241.43,0.425531914893617,High
CUST01083,77759.13,25919.710000000003,3,2024-08-02,2024-12-09,130,2024-06-13,Karnataka,Organic,64,F,77759.13,0.5625,High
CUST01084,36592.770000000004,36592.770000000004,1,2024-11-07,2024-11-07,1,2024-02-09,West Bengal,Direct,56,M,36592.770000000004,0.9677419354838709,Low
CUST01089,193547.94,48386.985,4,2024-12-06,2024-12-29,24,2024-06-10,Karnataka,Referral,40,Other,193547.94,2.2222222222222223,Very High
CUST01090,230539.9,115269.95,2,2024-10-10,2024-10-25,16,2024-10-05,West Bengal,Email,30,Other,230539.9,1.3043478260869565,Very High
CUST01091,1533.83,1533.83,1,2024-08-10,2024-08-10,1,2023-08-19,Maharashtra,Direct,22,M,1533.83,0.9677419354838709,Very Low
CUST01092,73764.0,36882.0,2,2023-12-01,2024-08-12,256,2023-11-03,Uttar Pradesh,Email,55,F,73764.0,0.2097902097902098,Medium
CUST01093,314847.0,78711.75,4,2023-08-12,2024-11-25,472,2023-08-01,Gujarat,Paid Search,56,M,314847.0,0.2390438247011952,Very High
CUST01095,66059.68000000001,66059.68000000001,1,2024-10-02,2024-10-02,1,2024-01-26,Delhi,Email,24,Other,66059.68000000001,0.9677419354838709,Medium
CUST01096,134350.33000000002,33587.582500000004,4,2024-10-18,2024-12-26,70,2024-09-21,Karnataka,Social Media,39,M,134350.33000000002,1.2,High
CUST01100,5164.95,5164.95,1,2024-10-10,2024-10-10,1,2024-06-04,Maharashtra,Organic,34,M,5164.95,0.9677419354838709,Very Low
CUST01101,36681.46,9170.365,4,2024-04-23,2024-08-13,113,2024-03-15,West Bengal,Direct,62,M,36681.46,0.8391608391608392,Low
CUST01102,169835.46,56611.82,3,2024-02-27,2024-11-13,261,2024-02-17,Gujarat,Social Media,51,Other,169835.46,0.30927835051546393,Very High
CUST01106,18640.82,18640.82,1,2024-12-03,2024-12-03,1,2024-10-25,Gujarat,Email,35,M,18640.82,0.9677419354838709,Low
CUST01107,38856.93,38856.93,1,2024-07-11,2024-07-11,1,2023-04-20,Tamil Nadu,Direct,30,M,38856.93,0.9677419354838709,Low
CUST01110,86560.55,28853.516666666666,3,2024-05-04,2024-11-27,208,2024-01-11,Karnataka,Direct,60,F,86560.55,0.37815126050420167,High
CUST01112,7119.969999999999,7119.969999999999,1,2024-12-28,2024-12-28,1,2024-12-23,Gujarat,Email,35,F,7119.969999999999,0.9677419354838709,Very Low
CUST01116,53987.02,53987.02,1,2023-08-11,2023-08-11,1,2023-05-17,Delhi,Organic,62,Other,53987.02,0.9677419354838709,Medium
CUST01118,99352.99,49676.495,2,2024-09-28,2024-11-03,37,2024-09-02,Tamil Nadu,Email,24,F,99352.99,0.8955223880597015,High
CUST01120,55427.02,55427.02,1,2024-02-14,2024-02-14,1,2023-02-17,Uttar Pradesh,Social Media,48,Other,55427.02,0.9677419354838709,Medium
CUST01121,115464.82,115464.82,1,2024-10-15,2024-10-15,1,2024-04-06,Gujarat,Paid Search,49,F,115464.82,0.9677419354838709,High
CUST01122,80576.40000000001,80576.40000000001,1,2024-11-24,2024-11-24,1,2024-10-10,Tamil Nadu,Direct,41,F,80576.40000000001,0.9677419354838709,High
CUST01124,92890.79000000001,46445.395000000004,2,2024-07-03,2024-12-13,164,2024-06-07,Delhi,Organic,64,F,92890.79000000001,0.30927835051546393,High
CUST01126,229296.65,229296.65,1,2024-11-01,2024-11-01,1,2024-08-12,Delhi,Referral,18,M,229296.65,0.9677419354838709,Very High
CUST01129,3088.73,3088.73,1,2024-08-19,2024-08-19,1,2024-05-10,Maharashtra,Organic,62,M,3088.73,0.9677419354838709,Very Low
CUST01131,2200.69,2200.69,1,2024-05-15,2024-05-15,1,2023-03-17,Karnataka,Direct,39,F,2200.69,0.9677419354838709,Very Low
CUST01132,23251.63,11625.815,2,2024-09-28,2024-12-11,75,2024-07-23,Gujarat,Email,53,F,23251.63,0.5714285714285714,Low
CUST01134,22025.85,22025.85,1,2024-12-09,2024-12-09,1,2024-09-19,Tamil Nadu,Email,59,Other,22025.85,0.9677419354838709,Low
CUST01135,55117.12,55117.12,1,2024-09-17,2024-09-17,1,2024-07-13,Delhi,Social Media,38,Other,55117.12,0.9677419354838709,Medium
CUST01136,227384.93,113692.465,2,2024-03-13,2024-10-18,220,2023-10-16,Rajasthan,Referral,23,F,227384.93,0.24000000000000005,Very High
CUST01138,65484.03999999999,65484.03999999999,1,2024-12-30,2024-12-30,1,2023-08-08,Gujarat,Direct,57,Other,65484.03999999999,0.9677419354838709,Medium
CUST01139,8805.94,2935.3133333333335,3,2023-12-23,2024-04-14,114,2023-05-06,West Bengal,Organic,28,F,8805.94,0.625,Very Low
CUST01140,61441.05,20480.350000000002,3,2024-03-01,2024-07-08,130,2023-12-21,Tamil Nadu,Social Media,59,F,61441.05,0.5625,Medium
CUST01145,84303.72,28101.24,3,2023-06-04,2024-11-01,517,2023-05-22,Karnataka,Paid Search,43,M,84303.72,0.16453382084095064,High
CUST01148,1162.2,1162.2,1,2024-01-04,2024-01-04,1,2023-08-05,Uttar Pradesh,Paid Search,23,Other,1162.2,0.9677419354838709,Very Low
CUST01149,47086.030000000006,47086.030000000006,1,2024-02-09,2024-02-09,1,2023-04-19,West Bengal,Paid Search,33,Other,47086.030000000006,0.9677419354838709,Medium
CUST01150,23159.46,23159.46,1,2023-04-30,2023-04-30,1,2023-04-01,Uttar Pradesh,Direct,26,M,23159.46,0.9677419354838709,Low
CUST01152,3690.13,3690.13,1,2023-10-24,2023-10-24,1,2023-10-21,Gujarat,Referral,52,F,3690.13,0.9677419354838709,Very Low
CUST01156,18250.74,18250.74,1,2023-12-27,2023-12-27,1,2023-05-08,Tamil Nadu,Referral,37,F,18250.74,0.9677419354838709,Low
CUST01157,197644.8,197644.8,1,2024-08-17,2024-08-17,1,2024-03-11,West Bengal,Paid Search,37,M,197644.8,0.9677419354838709,Very High
CUST01158,17667.48,17667.48,1,2024-06-21,2024-06-21,1,2023-12-01,Maharashtra,Paid Search,40,F,17667.48,0.9677419354838709,Low
CUST01159,41222.47,41222.47,1,2024-11-14,2024-11-14,1,2024-10-11,Rajasthan,Organic,62,F,41222.47,0.9677419354838709,Low
CUST01161,4180.2,4180.2,1,2024-04-05,2024-04-05,1,2023-06-04,Tamil Nadu,Email,41,M,4180.2,0.9677419354838709,Very Low
CUST01162,49262.46000000001,12315.615000000002,4,2024-10-12,2024-11-27,47,2024-07-27,West Bengal,Referral,33,M,49262.46000000001,1.5584415584415585,Medium
CUST01164,46797.66,11699.415,4,2024-03-19,2024-10-03,199,2023-09-07,West Bengal,Email,57,Other,46797.66,0.5240174672489083,Medium
CUST01166,200458.36000000002,66819.45333333334,3,2024-12-29,2024-12-30,2,2024-12-29,Uttar Pradesh,Paid Search,22,M,200458.36000000002,2.8125,Very High
CUST01167,32139.33,16069.665,2,2024-01-09,2024-01-13,5,2023-10-07,Delhi,Organic,58,F,32139.33,1.7142857142857142,Low
CUST01171,25032.36,12516.18,2,2023-03-02,2024-08-30,548,2023-02-25,Delhi,Direct,18,M,25032.36,0.10380622837370243,Low
CUST01172,27764.95,27764.95,1,2023-12-19,2023-12-19,1,2023-07-09,Karnataka,Organic,49,M,27764.95,0.9677419354838709,Low
CUST01174,72829.68000000001,72829.68000000001,1,2024-05-02,2024-05-02,1,2023-04-11,Rajasthan,Organic,39,M,72829.68000000001,0.9677419354838709,Medium
CUST01175,43219.58,21609.79,2,2024-08-16,2024-10-26,72,2024-01-02,Delhi,Social Media,43,M,43219.58,0.5882352941176471,Medium
CUST01176,174525.94,24932.277142857143,7,2024-01-27,2024-12-29,338,2024-01-12,Rajasthan,Paid Search,34,F,174525.94,0.5706521739130435,Very High
CUST01178,69070.42,69070.42,1,2024-12-25,2024-12-25,1,2024-12-25,Rajasthan,Direct,20,M,69070.42,0.9677419354838709,Medium
CUST01180,82676.74,41338.37,2,2024-06-22,2024-11-14,146,2024-03-08,Tamil Nadu,Referral,61,F,82676.74,0.34090909090909094,High
CUST01181,24161.09,24161.09,1,2024-12-09,2024-12-09,1,2024-12-07,Gujarat,Direct,64,M,24161.09,0.9677419354838709,Low
CUST01182,8377.31,8377.31,1,2024-09-09,2024-09-09,1,2023-12-06,Karnataka,Referral,58,F,8377.31,0.9677419354838709,Very Low
CUST01183,488098.77,97619.754,5,2024-02-01,2024-12-30,334,2023-12-01,Tamil Nadu,Organic,60,M,488098.77,0.4120879120879121,Very High
CUST01185,21703.870000000003,21703.870000000003,1,2024-10-01,2024-10-01,1,2024-09-18,Maharashtra,Social Media,55,M,21703.870000000003,0.9677419354838709,Low
CUST01186,103541.11,51770.555,2,2023-10-31,2024-12-05,402,2023-03-28,West Bengal,Organic,20,Other,103541.11,0.1388888888888889,High
CUST01189,117053.38,117053.38,1,2024-09-03,2024-09-03,1,2024-06-07,Gujarat,Organic,21,F,117053.38,0.9677419354838709,High
CUST01191,318287.17000000004,53047.86166666667,6,2023-10-16,2024-12-30,442,2023-09-24,Gujarat,Direct,40,F,318287.17000000004,0.38135593220338987,Very High
CUST01192,24508.28,8169.426666666666,3,2024-04-14,2024-08-01,110,2024-04-01,Tamil Nadu,Direct,42,F,24508.28,0.6428571428571429,Low
CUST01193,52945.24,10589.047999999999,5,2024-10-13,2024-12-23,72,2024-08-27,Delhi,Organic,49,Other,52945.24,1.4705882352941178,Medium
CUST01194,14109.15,14109.15,1,2024-12-22,2024-12-22,1,2024-11-13,Rajasthan,Social Media,52,Other,14109.15,0.9677419354838709,Very Low
CUST01196,19625.690000000002,19625.690000000002,1,2024-10-08,2024-10-08,1,2024-04-21,Gujarat,Direct,47,F,19625.690000000002,0.9677419354838709,Low
CUST01197,27407.56,13703.78,2,2023-10-30,2024-10-10,347,2023-10-28,Delhi,Email,27,F,27407.56,0.15915119363395225,Low
CUST01198,127307.42,42435.806666666664,3,2024-05-20,2024-09-24,128,2024-05-01,Uttar Pradesh,Email,41,F,127307.42,0.569620253164557,High
CUST01199,199328.14,99664.07,2,2024-09-06,2024-11-24,80,2024-08-27,Maharashtra,Email,42,Other,199328.14,0.5454545454545455,Very High
CUST01202,99765.61,33255.20333333333,3,2024-01-07,2024-07-25,201,2023-02-21,West Bengal,Email,61,F,99765.61,0.38961038961038963,High
CUST01204,23430.32,23430.32,1,2024-01-08,2024-01-08,1,2023-07-08,Gujarat,Organic,51,Other,23430.32,0.9677419354838709,Low
CUST01207,1479.48,1479.48,1,2024-05-13,2024-05-13,1,2024-04-20,Maharashtra,Direct,42,Other,1479.48,0.9677419354838709,Very Low
CUST01209,21588.43,21588.43,1,2024-11-19,2024-11-19,1,2024-10-08,Uttar Pradesh,Social Media,32,Other,21588.43,0.9677419354838709,Low
CUST01210,21953.37,21953.37,1,2024-12-28,2024-12-28,1,2024-09-30,Karnataka,Paid Search,59,F,21953.37,0.9677419354838709,Low
CUST01212,119327.81,119327.81,1,2024-11-08,2024-11-08,1,2024-08-14,West Bengal,Direct,21,Other,119327.81,0.9677419354838709,High
CUST01213,37142.41,37142.41,1,2024-09-16,2024-09-16,1,2024-05-27,Uttar Pradesh,Organic,64,M,37142.41,0.9677419354838709,Low
CUST01216,221943.95,73981.31666666667,3,2024-11-20,2024-12-28,39,2024-11-09,Tamil Nadu,Email,60,M,221943.95,1.3043478260869565,Very High
CUST01218,15685.800000000001,7842.900000000001,2,2024-02-02,2024-10-14,256,2023-10-22,Gujarat,Referral,62,Other,15685.800000000001,0.2097902097902098,Very Low
CUST01220,140962.0,35240.5,4,2023-09-01,2024-11-22,449,2023-02-25,West Bengal,Direct,28,Other,140962.0,0.25052192066805845,High
CUST01222,8652.17,4326.085,2,2024-05-10,2024-10-24,168,2024-04-02,Gujarat,Direct,45,Other,8652.17,0.30303030303030304,Very Low
CUST01223,128318.67,32079.6675,4,2024-11-08,2024-12-06,29,2024-10-22,Gujarat,Paid Search,54,Other,128318.67,2.0338983050847457,High
CUST01226,76811.96999999999,25603.989999999994,3,2024-10-17,2024-12-26,71,2024-10-17,Maharashtra,Email,19,Other,76811.96999999999,0.8910891089108911,High
CUST01229,157847.42,52615.80666666667,3,2024-05-06,2024-11-04,183,2024-05-04,Delhi,Organic,47,F,157847.42,0.4225352112676057,Very High
CUST01232,41867.81,13955.936666666666,3,2024-01-20,2024-05-30,132,2023-04-01,West Bengal,Direct,22,Other,41867.81,0.5555555555555555,Low
CUST01235,43833.08,43833.08,1,2024-05-04,2024-05-04,1,2023-11-19,West Bengal,Organic,39,F,43833.08,0.9677419354838709,Medium
CUST01236,30184.2,30184.2,1,2024-12-16,2024-12-16,1,2024-12-12,West Bengal,Organic,32,Other,30184.2,0.9677419354838709,Low
CUST01238,226885.38999999998,56721.347499999996,4,2023-12-15,2024-09-07,268,2023-10-06,Uttar Pradesh,Organic,38,Other,226885.38999999998,0.40268456375838924,Very High
CUST01239,64699.869999999995,32349.934999999998,2,2023-10-11,2024-10-03,359,2023-05-19,Delhi,Email,62,M,64699.869999999995,0.15424164524421594,Medium
CUST01241,150802.46000000002,50267.48666666667,3,2024-02-22,2024-11-20,273,2024-02-07,Rajasthan,Email,50,M,150802.46000000002,0.297029702970297,Very High
CUST01242,19831.08,19831.08,1,2024-06-02,2024-06-02,1,2024-05-09,Tamil Nadu,Social Media,43,M,19831.08,0.9677419354838709,Low
CUST01243,19021.68,19021.68,1,2024-09-18,2024-09-18,1,2024-07-30,Delhi,Organic,48,Other,19021.68,0.9677419354838709,Low
CUST01244,30019.36,15009.68,2,2023-07-03,2023-09-06,66,2023-01-24,Maharashtra,Referral,34,M,30019.36,0.625,Low
CUST01245,197125.89,197125.89,1,2024-09-12,2024-09-12,1,2023-09-14,West Bengal,Direct,26,M,197125.89,0.9677419354838709,Very High
CUST01246,69568.42,34784.21,2,2024-05-24,2024-09-18,118,2024-05-21,Rajasthan,Paid Search,49,F,69568.42,0.4054054054054054,Medium
CUST01247,4016.58,4016.58,1,2023-07-10,2023-07-10,1,2023-06-12,Tamil Nadu,Email,65,Other,4016.58,0.9677419354838709,Very Low
CUST01248,19692.38,9846.19,2,2024-06-24,2024-10-23,122,2023-01-16,Tamil Nadu,Organic,35,F,19692.38,0.39473684210526316,Low
CUST01249,92508.04999999999,46254.024999999994,2,2024-09-16,2024-10-09,24,2024-08-13,Gujarat,Email,23,M,92508.04999999999,1.1111111111111112,High
CUST01250,67173.98000000001,22391.32666666667,3,2024-04-22,2024-06-12,52,2023-12-14,West Bengal,Social Media,40,M,67173.98000000001,1.0975609756097562,Medium
CUST01251,116114.34,38704.78,3,2024-11-01,2024-11-21,21,2024-07-14,Gujarat,Email,59,M,116114.34,1.7647058823529411,High
CUST01253,4494.47,4494.47,1,2024-08-02,2024-08-02,1,2024-05-13,Delhi,Organic,32,M,4494.47,0.9677419354838709,Very Low
CUST01254,89505.31999999999,44752.659999999996,2,2024-09-17,2024-10-13,27,2024-03-16,Gujarat,Direct,23,M,89505.31999999999,1.0526315789473684,High
CUST01257,166099.11000000002,83049.55500000001,2,2024-10-02,2024-11-01,31,2023-05-22,Rajasthan,Organic,39,M,166099.11000000002,0.9836065573770493,Very High
CUST01259,7195.64,7195.64,1,2024-05-24,2024-05-24,1,2023-08-30,Rajasthan,Direct,27,Other,7195.64,0.9677419354838709,Very Low
CUST01260,32294.66,32294.66,1,2024-09-30,2024-09-30,1,2023-10-11,Maharashtra,Email,60,Other,32294.66,0.9677419354838709,Low
CUST01261,109074.37,27268.5925,4,2024-03-13,2024-11-26,259,2023-09-11,Maharashtra,Paid Search,21,F,109074.37,0.4152249134948097,High
CUST01262,27778.64,27778.64,1,2024-12-20,2024-12-20,1,2024-12-20,Tamil Nadu,Email,35,M,27778.64,0.9677419354838709,Low
CUST01263,71364.20999999999,23788.069999999996,3,2023-11-26,2024-03-13,109,2023-11-10,Rajasthan,Organic,22,F,71364.20999999999,0.6474820143884893,Medium
CUST01267,107016.32,35672.10666666667,3,2024-08-20,2024-12-13,116,2024-08-19,Karnataka,Paid Search,50,F,107016.32,0.6164383561643835,High
CUST01269,446131.17000000004,63733.024285714295,7,2023-12-28,2024-12-15,354,2023-11-29,Gujarat,Referral,65,M,446131.17000000004,0.546875,Very High
CUST01271,28481.839999999997,28481.839999999997,1,2024-08-21,2024-08-21,1,2023-03-08,Uttar Pradesh,Email,35,M,28481.839999999997,0.9677419354838709,Low
CUST01273,47858.72,47858.72,1,2024-08-23,2024-08-23,1,2023-09-17,Tamil Nadu,Social Media,43,Other,47858.72,0.9677419354838709,Medium
CUST01274,19718.159999999996,19718.159999999996,1,2024-12-11,2024-12-11,1,2024-10-14,Delhi,Direct,42,Other,19718.159999999996,0.9677419354838709,Low
CUST01275,18218.75,18218.75,1,2024-11-16,2024-11-16,1,2024-10-05,Tamil Nadu,Paid Search,54,M,18218.75,0.9677419354838709,Low
CUST01276,79453.99,79453.99,1,2024-10-09,2024-10-09,1,2023-04-05,West Bengal,Email,39,F,79453.99,0.9677419354838709,High
CUST01279,25693.05,12846.525,2,2024-11-10,2024-11-29,20,2024-08-21,Delhi,Paid Search,59,Other,25693.05,1.2000000000000002,Low
CUST01280,27907.18,27907.18,1,2024-05-07,2024-05-07,1,2024-04-20,Delhi,Organic,53,Other,27907.18,0.9677419354838709,Low
CUST01283,70195.64,70195.64,1,2023-07-24,2023-07-24,1,2023-04-20,Rajasthan,Direct,65,F,70195.64,0.9677419354838709,Medium
CUST01286,81835.47,16367.094000000001,5,2024-11-13,2024-12-12,30,2024-10-30,Tamil Nadu,Paid Search,32,Other,81835.47,2.5,High
CUST01288,77090.79000000001,19272.697500000002,4,2023-09-19,2024-11-02,411,2023-03-17,Delhi,Direct,59,F,77090.79000000001,0.272108843537415,High
CUST01290,94510.17000000001,31503.390000000003,3,2024-01-07,2024-11-02,301,2023-12-09,Delhi,Paid Search,20,F,94510.17000000001,0.2719033232628399,High
CUST01291,9536.050000000001,9536.050000000001,1,2024-12-03,2024-12-03,1,2024-11-20,Maharashtra,Referral,32,Other,9536.050000000001,0.9677419354838709,Very Low
CUST01292,99129.39,24782.3475,4,2023-07-21,2024-11-25,494,2023-01-14,Tamil Nadu,Organic,29,F,99129.39,0.22900763358778628,High
CUST01293,49216.11,49216.11,1,2024-08-22,2024-08-22,1,2024-06-02,Rajasthan,Social Media,47,M,49216.11,0.9677419354838709,Medium
CUST01298,86489.71,43244.855,2,2023-04-12,2024-09-25,533,2023-02-26,Maharashtra,Referral,51,Other,86489.71,0.10657193605683837,High
CUST01299,193924.98,48481.245,4,2024-06-22,2024-11-26,158,2023-05-05,Maharashtra,Social Media,46,F,193924.98,0.6382978723404256,Very High
CUST01300,56217.979999999996,28108.989999999998,2,2023-09-08,2023-12-30,114,2023-02-18,Uttar Pradesh,Referral,28,F,56217.979999999996,0.4166666666666667,Medium
CUST01303,140727.03,140727.03,1,2024-11-17,2024-11-17,1,2024-10-03,Karnataka,Email,62,Other,140727.03,0.9677419354838709,High
CUST01304,94306.55000000002,94306.55000000002,1,2024-12-22,2024-12-22,1,2024-12-21,Delhi,Referral,38,F,94306.55000000002,0.9677419354838709,High
CUST01305,31749.550000000003,31749.550000000003,1,2024-10-05,2024-10-05,1,2024-08-27,Maharashtra,Referral,55,Other,31749.550000000003,0.9677419354838709,Low
CUST01306,1075.82,1075.82,1,2024-12-06,2024-12-06,1,2024-03-12,Tamil Nadu,Organic,34,F,1075.82,0.9677419354838709,Very Low
CUST01308,43893.479999999996,21946.739999999998,2,2023-10-13,2024-06-29,261,2023-02-18,Rajasthan,Social Media,23,Other,43893.479999999996,0.2061855670103093,Medium
CUST01309,129934.78,129934.78,1,2023-11-10,2023-11-10,1,2023-10-25,West Bengal,Referral,53,F,129934.78,0.9677419354838709,High
CUST01310,9672.380000000001,3224.126666666667,3,2024-03-18,2024-12-22,280,2023-06-25,Maharashtra,Social Media,54,Other,9672.380000000001,0.29032258064516125,Very Low
CUST01311,94670.54,23667.635,4,2024-10-24,2024-12-07,45,2024-09-25,Delhi,Paid Search,29,Other,94670.54,1.6,High
CUST01312,26730.21,26730.21,1,2024-06-20,2024-06-20,1,2024-04-02,Maharashtra,Social Media,37,Other,26730.21,0.9677419354838709,Low
CUST01314,229675.48,76558.49333333333,3,2024-11-09,2024-12-29,51,2024-10-28,Delhi,Organic,57,F,229675.48,1.111111111111111,Very High
CUST01317,28980.379999999997,28980.379999999997,1,2024-03-06,2024-03-06,1,2023-03-28,Rajasthan,Referral,46,M,28980.379999999997,0.9677419354838709,Low
CUST01318,178404.12,178404.12,1,2023-11-12,2023-11-12,1,2023-02-03,Maharashtra,Email,35,Other,178404.12,0.9677419354838709,Very High
CUST01319,29148.53,29148.53,1,2024-05-22,2024-05-22,1,2023-02-06,Tamil Nadu,Paid Search,27,M,29148.53,0.9677419354838709,Low
CUST01322,90812.25,90812.25,1,2024-08-21,2024-08-21,1,2024-06-16,West Bengal,Paid Search,61,F,90812.25,0.9677419354838709,High
CUST01325,67319.05,9617.007142857143,7,2024-03-18,2024-11-06,234,2023-12-17,West Bengal,Referral,53,M,67319.05,0.7954545454545454,Medium
CUST01326,255882.91,85294.30333333333,3,2024-10-21,2024-11-06,17,2024-09-26,Uttar Pradesh,Paid Search,25,Other,255882.91,1.9148936170212767,Very High
CUST01333,35776.479999999996,17888.239999999998,2,2023-10-10,2024-06-16,251,2023-03-07,Rajasthan,Paid Search,57,M,35776.479999999996,0.21352313167259784,Low
CUST01334,102260.0,34086.666666666664,3,2024-10-27,2024-11-03,8,2024-06-08,Uttar Pradesh,Organic,25,M,102260.0,2.368421052631579,High
CUST01335,28417.38,28417.38,1,2024-12-25,2024-12-25,1,2024-07-02,Rajasthan,Organic,65,M,28417.38,0.9677419354838709,Low
CUST01336,72759.51,24253.17,3,2023-11-07,2024-07-10,247,2023-05-23,West Bengal,Organic,39,F,72759.51,0.3249097472924188,Medium
CUST01340,149067.13999999998,74533.56999999999,2,2024-06-18,2024-07-09,22,2024-05-01,Gujarat,Direct,54,Other,149067.13999999998,1.1538461538461537,Very High
CUST01341,17112.97,8556.485,2,2024-12-05,2024-12-21,17,2024-11-27,Maharashtra,Paid Search,39,F,17112.97,1.2765957446808511,Low
CUST01343,6794.09,6794.09,1,2023-05-30,2023-05-30,1,2023-01-20,Rajasthan,Direct,47,Other,6794.09,0.9677419354838709,Very Low
CUST01345,25631.79,12815.895,2,2024-06-10,2024-07-02,23,2023-11-13,Uttar Pradesh,Direct,61,F,25631.79,1.1320754716981132,Low
CUST01346,187094.52999999997,37418.905999999995,5,2023-08-30,2024-12-08,467,2023-04-12,Maharashtra,Email,61,F,187094.52999999997,0.30181086519114686,Very High
CUST01347,57465.09,19155.03,3,2024-01-23,2024-09-02,224,2023-12-17,Gujarat,Paid Search,35,M,57465.09,0.3543307086614173,Medium
CUST01348,165733.58000000002,33146.716,5,2024-01-12,2024-11-08,302,2023-12-08,Gujarat,Direct,52,M,165733.58000000002,0.45180722891566266,Very High
CUST01349,351719.19,70343.838,5,2024-11-17,2024-12-11,25,2024-10-12,West Bengal,Email,25,F,351719.19,2.727272727272727,Very High
CUST01350,317205.46,105735.15333333334,3,2023-10-24,2024-12-11,415,2023-10-08,Gujarat,Organic,35,F,317205.46,0.20224719101123595,Very High
CUST01352,179017.87,29836.311666666665,6,2024-10-23,2024-12-24,63,2024-07-19,Uttar Pradesh,Email,37,M,179017.87,1.9354838709677418,Very High
CUST01353,2594.39,2594.39,1,2023-08-13,2023-08-13,1,2023-03-06,Karnataka,Organic,30,M,2594.39,0.9677419354838709,Very Low
CUST01355,94807.66,23701.915,4,2024-10-23,2024-12-25,64,2024-10-09,Delhi,Social Media,48,Other,94807.66,1.2765957446808511,High
CUST01356,145212.2,48404.06666666667,3,2024-06-02,2024-11-25,177,2023-11-10,Uttar Pradesh,Paid Search,24,Other,145212.2,0.43478260869565216,Very High
CUST01363,22370.45,11185.225,2,2023-10-01,2024-05-11,224,2023-03-26,Karnataka,Paid Search,28,F,22370.45,0.23622047244094488,Low
CUST01364,58315.34,58315.34,1,2024-07-25,2024-07-25,1,2024-07-03,Karnataka,Email,53,Other,58315.34,0.9677419354838709,Medium
CUST01373,98994.43000000001,19798.886000000002,5,2023-11-12,2024-12-28,413,2023-10-01,Karnataka,Email,26,M,98994.43000000001,0.3386004514672686,High
CUST01374,15344.16,15344.16,1,2024-02-20,2024-02-20,1,2023-07-29,Rajasthan,Referral,37,Other,15344.16,0.9677419354838709,Very Low
CUST01376,23345.869999999995,11672.934999999998,2,2024-10-15,2024-12-17,64,2024-08-26,Uttar Pradesh,Referral,29,Other,23345.869999999995,0.6382978723404256,Low
CUST01377,7724.98,7724.98,1,2024-11-11,2024-11-11,1,2024-10-14,Gujarat,Referral,49,M,7724.98,0.9677419354838709,Very Low
CUST01378,142928.94,35732.235,4,2024-10-27,2024-12-07,42,2024-10-23,Karnataka,Organic,40,F,142928.94,1.6666666666666667,Very High
CUST01379,62325.15,31162.575,2,2024-04-11,2024-09-19,162,2023-12-28,Rajasthan,Social Media,40,Other,62325.15,0.3125,Medium
CUST01380,2166.05,2166.05,1,2023-12-19,2023-12-19,1,2023-12-03,Delhi,Referral,63,M,2166.05,0.9677419354838709,Very Low
CUST01383,225584.39,225584.39,1,2024-12-14,2024-12-14,1,2024-12-04,Tamil Nadu,Paid Search,48,F,225584.39,0.9677419354838709,Very High
CUST01388,22194.44,22194.44,1,2023-04-24,2023-04-24,1,2023-03-10,Gujarat,Organic,46,M,22194.44,0.9677419354838709,Low
CUST01389,71571.61,35785.805,2,2024-10-31,2024-11-12,13,2024-04-11,Uttar Pradesh,Organic,56,M,71571.61,1.3953488372093024,Medium
CUST01390,61991.72,61991.72,1,2024-12-20,2024-12-20,1,2024-11-25,West Bengal,Referral,59,Other,61991.72,0.9677419354838709,Medium
CUST01393,9069.39,9069.39,1,2023-05-07,2023-05-07,1,2023-04-26,Uttar Pradesh,Email,54,F,9069.39,0.9677419354838709,Very Low
CUST01394,142428.08000000002,47476.02666666667,3,2023-07-05,2024-05-22,323,2023-06-30,Tamil Nadu,Direct,38,F,142428.08000000002,0.254957507082153,High
CUST01396,128358.19,64179.095,2,2024-12-02,2024-12-22,21,2024-11-18,Maharashtra,Email,43,M,128358.19,1.1764705882352942,High
CUST01397,164241.18,54747.06,3,2024-08-12,2024-11-14,95,2024-07-20,Uttar Pradesh,Social Media,53,M,164241.18,0.7200000000000001,Very High
CUST01399,108338.42000000001,54169.21000000001,2,2024-02-14,2024-10-21,251,2023-11-10,Uttar Pradesh,Paid Search,45,Other,108338.42000000001,0.21352313167259784,High
CUST01403,21083.73,10541.865,2,2024-12-07,2024-12-20,14,2024-11-18,West Bengal,Referral,27,F,21083.73,1.3636363636363635,Low
CUST01404,126260.59999999999,25252.12,5,2024-05-02,2024-12-01,214,2024-04-07,Delhi,Organic,22,Other,126260.59999999999,0.6147540983606558,High
CUST01407,19761.33,19761.33,1,2024-07-16,2024-07-16,1,2024-03-08,West Bengal,Direct,56,F,19761.33,0.9677419354838709,Low
CUST01408,7365.19,7365.19,1,2024-06-27,2024-06-27,1,2024-06-05,Delhi,Email,45,Other,7365.19,0.9677419354838709,Very Low
CUST01411,31358.65,31358.65,1,2024-10-04,2024-10-04,1,2024-01-28,Tamil Nadu,Email,35,F,31358.65,0.9677419354838709,Low
CUST01412,1948.46,1948.46,1,2024-09-03,2024-09-03,1,2024-05-29,Gujarat,Organic,54,F,1948.46,0.9677419354838709,Very Low
CUST01415,11912.23,11912.23,1,2024-09-21,2024-09-21,1,2024-03-08,Uttar Pradesh,Email,23,Other,11912.23,0.9677419354838709,Very Low
CUST01416,131186.09,131186.09,1,2024-11-11,2024-11-11,1,2024-10-13,Karnataka,Referral,58,Other,131186.09,0.9677419354838709,High
CUST01418,12543.91,12543.91,1,2024-02-03,2024-02-03,1,2023-10-11,Uttar Pradesh,Organic,39,Other,12543.91,0.9677419354838709,Very Low
CUST01419,3522.14,3522.14,1,2024-08-22,2024-08-22,1,2024-07-29,Maharashtra,Referral,50,F,3522.14,0.9677419354838709,Very Low
CUST01423,118998.1,39666.03333333333,3,2024-08-05,2024-12-10,128,2024-05-22,Rajasthan,Paid Search,54,M,118998.1,0.569620253164557,High
CUST01425,24988.48,24988.48,1,2024-10-25,2024-10-25,1,2024-08-25,Rajasthan,Paid Search,50,M,24988.48,0.9677419354838709,Low
CUST01429,225732.57,225732.57,1,2024-11-05,2024-11-05,1,2024-09-20,Delhi,Direct,33,F,225732.57,0.9677419354838709,Very High
CUST01430,3198.0,3198.0,1,2024-10-04,2024-10-04,1,2024-03-14,Delhi,Social Media,23,M,3198.0,0.9677419354838709,Very Low
CUST01432,3406.29,3406.29,1,2024-05-28,2024-05-28,1,2024-02-29,Rajasthan,Direct,28,M,3406.29,0.9677419354838709,Very Low
CUST01433,18776.870000000003,9388.435000000001,2,2023-05-03,2023-10-20,171,2023-01-14,Gujarat,Direct,34,M,18776.870000000003,0.29850746268656714,Low
CUST01437,43463.97,21731.985,2,2023-10-18,2024-06-12,239,2023-02-11,West Bengal,Social Media,46,F,43463.97,0.22304832713754646,Medium
CUST01439,132693.72,132693.72,1,2024-09-30,2024-09-30,1,2024-06-01,Gujarat,Email,59,F,132693.72,0.9677419354838709,High
CUST01440,119708.14,29927.035,4,2023-09-14,2024-10-25,408,2023-02-09,Gujarat,Social Media,24,F,119708.14,0.273972602739726,High
CUST01445,4777.75,4777.75,1,2024-12-09,2024-12-09,1,2024-01-28,Karnataka,Referral,40,M,4777.75,0.9677419354838709,Very Low
CUST01446,98069.62999999999,32689.876666666663,3,2023-03-24,2024-09-09,536,2023-01-28,Uttar Pradesh,Paid Search,20,M,98069.62999999999,0.15901060070671377,High
CUST01447,18225.57,18225.57,1,2024-02-10,2024-02-10,1,2024-02-09,Karnataka,Email,60,M,18225.57,0.9677419354838709,Low
CUST01448,22101.64,22101.64,1,2024-02-05,2024-02-05,1,2024-01-03,Karnataka,Organic,23,Other,22101.64,0.9677419354838709,Low
CUST01449,24577.05,12288.525,2,2023-04-23,2023-07-04,73,2023-04-21,Delhi,Direct,59,Other,24577.05,0.5825242718446603,Low
CUST01450,119327.67,59663.835,2,2024-04-07,2024-09-06,153,2024-02-26,Delhi,Direct,29,F,119327.67,0.3278688524590164,High
CUST01451,80011.99,20002.9975,4,2023-10-09,2024-12-28,447,2023-04-14,Uttar Pradesh,Direct,22,Other,80011.99,0.25157232704402516,High
CUST01452,93313.6,46656.8,2,2024-03-04,2024-07-15,134,2024-01-15,Rajasthan,Referral,62,Other,93313.6,0.36585365853658536,High
CUST01455,237347.7,79115.90000000001,3,2024-10-12,2024-11-30,50,2024-05-26,Uttar Pradesh,Paid Search,46,M,237347.7,1.1249999999999998,Very High
CUST01456,69866.16,69866.16,1,2024-10-04,2024-10-04,1,2024-04-15,Rajasthan,Email,43,M,69866.16,0.9677419354838709,Medium
CUST01457,11124.4,11124.4,1,2023-12-23,2023-12-23,1,2023-01-13,Rajasthan,Paid Search,52,F,11124.4,0.9677419354838709,Very Low
CUST01459,61433.93,61433.93,1,2024-07-31,2024-07-31,1,2024-06-18,Uttar Pradesh,Organic,22,M,61433.93,0.9677419354838709,Medium
CUST01460,51457.05,51457.05,1,2024-10-12,2024-10-12,1,2023-08-11,Uttar Pradesh,Organic,49,M,51457.05,0.9677419354838709,Medium
CUST01461,57668.93,57668.93,1,2024-11-22,2024-11-22,1,2024-05-29,Maharashtra,Direct,42,F,57668.93,0.9677419354838709,Medium
CUST01464,53897.08,26948.54,2,2024-03-05,2024-12-19,290,2023-03-18,Karnataka,Paid Search,18,F,53897.08,0.1875,Medium
CUST01471,34624.939999999995,34624.939999999995,1,2024-03-26,2024-03-26,1,2023-10-13,Rajasthan,Direct,46,Other,34624.939999999995,0.9677419354838709,Low
CUST01472,82769.84999999999,16553.969999999998,5,2023-08-21,2024-09-24,401,2023-07-13,Tamil Nadu,Organic,30,M,82769.84999999999,0.3480278422273782,High
CUST01473,207549.62999999998,51887.407499999994,4,2024-12-23,2024-12-26,4,2024-12-23,Tamil Nadu,Referral,22,Other,207549.62999999998,3.5294117647058822,Very High
CUST01474,13339.08,13339.08,1,2024-09-19,2024-09-19,1,2024-04-17,Uttar Pradesh,Email,46,M,13339.08,0.9677419354838709,Very Low
CUST01475,9617.11,4808.555,2,2024-05-31,2024-09-16,109,2023-09-12,Maharashtra,Organic,39,Other,9617.11,0.43165467625899284,Very Low
CUST01481,173557.76,57852.58666666667,3,2023-11-30,2024-09-24,300,2023-11-10,Maharashtra,Direct,21,F,173557.76,0.2727272727272727,Very High
CUST01483,1300.55,1300.55,1,2024-12-18,2024-12-18,1,2024-06-22,Karnataka,Organic,49,Other,1300.55,0.9677419354838709,Very Low
CUST01486,26995.94,26995.94,1,2024-01-07,2024-01-07,1,2023-12-09,Delhi,Paid Search,20,Other,26995.94,0.9677419354838709,Low
CUST01488,51098.909999999996,25549.454999999998,2,2024-03-23,2024-12-23,276,2024-01-18,Delhi,Paid Search,62,F,51098.909999999996,0.19607843137254904,Medium
CUST01490,21539.66,21539.66,1,2024-11-27,2024-11-27,1,2024-10-17,Delhi,Direct,57,F,21539.66,0.9677419354838709,Low
CUST01493,34200.03,11400.01,3,2023-07-03,2024-11-04,491,2023-02-17,Uttar Pradesh,Direct,48,Other,34200.03,0.1727447216890595,Low
CUST01497,291097.54000000004,48516.256666666675,6,2024-09-25,2024-12-21,88,2024-09-19,Karnataka,Social Media,40,F,291097.54000000004,1.5254237288135595,Very High
CUST01500,723.82,723.82,1,2024-12-15,2024-12-15,1,2024-08-10,Tamil Nadu,Direct,60,M,723.82,0.9677419354838709,Very Low
CUST01503,51317.56,51317.56,1,2024-08-08,2024-08-08,1,2024-07-29,Maharashtra,Direct,41,F,51317.56,0.9677419354838709,Medium
CUST01504,40103.920000000006,40103.920000000006,1,2024-07-29,2024-07-29,1,2023-07-25,Tamil Nadu,Social Media,39,Other,40103.920000000006,0.9677419354838709,Low
CUST01506,113378.08,56689.04,2,2024-06-11,2024-09-24,106,2023-04-04,Delhi,Organic,49,Other,113378.08,0.4411764705882353,High
CUST01508,174442.36,58147.45333333333,3,2024-07-06,2024-10-14,101,2023-11-25,Gujarat,Paid Search,65,Other,174442.36,0.6870229007633587,Very High
CUST01509,4176.93,4176.93,1,2024-04-17,2024-04-17,1,2023-07-25,Gujarat,Organic,38,M,4176.93,0.9677419354838709,Very Low
CUST01511,1017.71,1017.71,1,2024-10-20,2024-10-20,1,2024-10-15,West Bengal,Organic,48,Other,1017.71,0.9677419354838709,Very Low
CUST01513,271519.58,38788.51142857143,7,2023-10-28,2024-09-03,312,2023-06-04,Rajasthan,Referral,41,M,271519.58,0.6140350877192983,Very High
CUST01516,25180.96,12590.48,2,2024-08-07,2024-08-09,3,2024-04-17,Maharashtra,Paid Search,25,F,25180.96,1.8181818181818181,Low
CUST01517,165910.77,82955.385,2,2023-04-15,2023-09-13,152,2023-01-13,Rajasthan,Paid Search,39,M,165910.77,0.32967032967032966,Very High
CUST01519,42507.08,21253.54,2,2024-10-10,2024-12-22,74,2024-09-14,Delhi,Organic,44,Other,42507.08,0.5769230769230769,Low
CUST01520,16151.56,16151.56,1,2024-07-23,2024-07-23,1,2024-01-19,Rajasthan,Email,48,F,16151.56,0.9677419354838709,Very Low
CUST01523,98015.74,98015.74,1,2024-11-21,2024-11-21,1,2024-10-04,Tamil Nadu,Paid Search,54,M,98015.74,0.9677419354838709,High
CUST01524,230394.95,76798.31666666667,3,2023-06-19,2024-11-29,530,2023-01-29,West Bengal,Organic,48,Other,230394.95,0.1607142857142857,Very High
CUST01525,232603.24,58150.81,4,2023-10-15,2024-09-23,345,2023-10-08,Maharashtra,Email,43,F,232603.24,0.32,Very High
CUST01526,5673.759999999999,2836.8799999999997,2,2023-11-26,2024-07-28,246,2023-06-23,Karnataka,Referral,33,M,5673.759999999999,0.2173913043478261,Very Low
CUST01527,282898.58999999997,47149.76499999999,6,2023-09-18,2024-09-27,376,2023-09-08,Maharashtra,Direct,44,M,282898.58999999997,0.4433497536945813,Very High
CUST01528,309848.65,77462.1625,4,2024-08-06,2024-12-14,131,2024-07-11,Delhi,Social Media,33,Other,309848.65,0.7453416149068324,Very High
CUST01530,68168.70000000001,22722.900000000005,3,2023-04-22,2024-11-06,565,2023-02-24,Delhi,Email,65,Other,68168.70000000001,0.1512605042016807,Medium
CUST01533,661804.26,94543.46571428572,7,2024-04-14,2024-10-31,201,2024-04-09,Maharashtra,Organic,42,Other,661804.26,0.9090909090909091,Very High
CUST01536,3087.09,3087.09,1,2024-12-29,2024-12-29,1,2024-12-29,Tamil Nadu,Organic,57,F,3087.09,0.9677419354838709,Very Low
CUST01538,28295.71,28295.71,1,2024-07-23,2024-07-23,1,2024-03-10,Karnataka,Social Media,47,Other,28295.71,0.9677419354838709,Low
CUST01541,69791.40999999999,69791.40999999999,1,2024-11-25,2024-11-25,1,2023-02-19,Gujarat,Email,25,Other,69791.40999999999,0.9677419354838709,Medium
CUST01544,45838.119999999995,45838.119999999995,1,2024-06-28,2024-06-28,1,2023-12-28,West Bengal,Organic,22,F,45838.119999999995,0.9677419354838709,Medium
CUST01545,153774.53,76887.265,2,2024-05-11,2024-07-31,82,2024-05-10,Gujarat,Referral,50,Other,153774.53,0.5357142857142857,Very High
CUST01547,117810.15000000001,58905.075000000004,2,2024-12-12,2024-12-12,1,2024-06-25,Uttar Pradesh,Email,41,Other,117810.15000000001,1.9354838709677418,High
CUST01548,82998.13,41499.065,2,2024-11-06,2024-12-22,47,2023-10-21,Karnataka,Referral,23,M,82998.13,0.7792207792207793,High
CUST01549,33807.27,16903.635,2,2024-05-24,2024-10-26,156,2024-04-10,West Bengal,Social Media,22,M,33807.27,0.3225806451612903,Low
CUST01553,82165.28,41082.64,2,2024-09-20,2024-12-24,96,2024-04-04,Delhi,Social Media,44,F,82165.28,0.47619047619047616,High
CUST01562,19344.77,19344.77,1,2024-06-12,2024-06-12,1,2024-02-14,Delhi,Paid Search,25,M,19344.77,0.9677419354838709,Low
CUST01563,36011.43,36011.43,1,2024-07-28,2024-07-28,1,2023-09-13,Gujarat,Paid Search,46,F,36011.43,0.9677419354838709,Low
CUST01564,251843.67,50368.734000000004,5,2024-03-26,2024-07-23,120,2024-01-07,Gujarat,Paid Search,53,Other,251843.67,1.0,Very High
CUST01566,112305.49,37435.16333333334,3,2024-01-04,2024-07-21,200,2023-10-20,Gujarat,Email,28,Other,112305.49,0.3913043478260869,High
CUST01569,2687.5,2687.5,1,2024-08-02,2024-08-02,1,2024-02-02,Gujarat,Direct,36,F,2687.5,0.9677419354838709,Very Low
CUST01570,214697.19,71565.73,3,2024-06-09,2024-11-08,153,2024-05-11,Uttar Pradesh,Direct,27,Other,214697.19,0.49180327868852464,Very High
CUST01573,16653.120000000003,16653.120000000003,1,2024-02-10,2024-02-10,1,2023-12-30,Karnataka,Organic,43,Other,16653.120000000003,0.9677419354838709,Very Low
CUST01575,109247.05,27311.7625,4,2024-09-11,2024-11-25,76,2024-09-08,Maharashtra,Direct,30,Other,109247.05,1.1320754716981132,High
CUST01579,124052.37,62026.185,2,2024-11-08,2024-12-18,41,2024-10-05,Maharashtra,Social Media,43,M,124052.37,0.8450704225352113,High
CUST01580,84156.86000000002,84156.86000000002,1,2024-12-28,2024-12-28,1,2024-12-28,West Bengal,Referral,41,M,84156.86000000002,0.9677419354838709,High
CUST01581,64801.119999999995,32400.559999999998,2,2023-10-22,2023-11-15,25,2023-02-07,Uttar Pradesh,Social Media,37,F,64801.119999999995,1.0909090909090908,Medium
CUST01585,20092.38,10046.19,2,2024-02-24,2024-11-12,263,2023-05-05,Karnataka,Paid Search,37,F,20092.38,0.20477815699658702,Low
CUST01587,1046.09,1046.09,1,2024-05-07,2024-05-07,1,2023-06-28,Maharashtra,Direct,35,F,1046.09,0.9677419354838709,Very Low
CUST01588,35427.15,35427.15,1,2024-08-16,2024-08-16,1,2023-12-23,Delhi,Direct,54,M,35427.15,0.9677419354838709,Low
CUST01589,16799.71,16799.71,1,2023-07-30,2023-07-30,1,2023-04-18,Tamil Nadu,Referral,36,Other,16799.71,0.9677419354838709,Very Low
CUST01591,105867.99,35289.33,3,2024-08-31,2024-11-16,78,2024-07-24,Rajasthan,Direct,47,M,105867.99,0.8333333333333333,High
CUST01592,20035.64,20035.64,1,2024-06-01,2024-06-01,1,2023-01-14,Maharashtra,Paid Search,34,F,20035.64,0.9677419354838709,Low
CUST01595,131237.42,131237.42,1,2024-10-08,2024-10-08,1,2024-08-13,Tamil Nadu,Organic,35,F,131237.42,0.9677419354838709,High
CUST01597,92538.20000000001,30846.06666666667,3,2024-02-02,2024-09-28,240,2023-12-10,Rajasthan,Referral,34,Other,92538.20000000001,0.3333333333333333,High
CUST01598,138040.63999999998,34510.159999999996,4,2024-10-17,2024-12-24,69,2024-10-08,Rajasthan,Organic,41,Other,138040.63999999998,1.2121212121212122,High
CUST01599,45703.75,45703.75,1,2023-05-09,2023-05-09,1,2023-04-25,Maharashtra,Paid Search,55,M,45703.75,0.9677419354838709,Medium
CUST01602,44255.26,44255.26,1,2024-12-15,2024-12-15,1,2024-11-22,West Bengal,Organic,36,F,44255.26,0.9677419354838709,Medium
CUST01603,6633.33,3316.665,2,2024-12-04,2024-12-18,15,2024-11-17,Karnataka,Paid Search,58,M,6633.33,1.3333333333333333,Very Low
CUST01604,110026.32,27506.58,4,2023-08-05,2023-12-06,124,2023-07-16,Karnataka,Paid Search,52,F,110026.32,0.7792207792207791,High
CUST01606,57327.84,28663.92,2,2023-12-17,2024-09-04,263,2023-08-21,Gujarat,Email,55,F,57327.84,0.20477815699658702,Medium
CUST01608,24546.75,12273.375,2,2024-05-08,2024-06-08,32,2024-04-30,Gujarat,Referral,39,M,24546.75,0.9677419354838711,Low
CUST01610,5902.36,5902.36,1,2023-07-31,2023-07-31,1,2023-07-04,Tamil Nadu,Email,62,Other,5902.36,0.9677419354838709,Very Low
CUST01611,47600.1,23800.05,2,2024-10-30,2024-11-22,24,2024-10-12,Karnataka,Referral,22,M,47600.1,1.1111111111111112,Medium
CUST01614,45884.200000000004,22942.100000000002,2,2024-07-12,2024-08-11,31,2024-01-24,Gujarat,Direct,37,M,45884.200000000004,0.9836065573770493,Medium
CUST01615,58968.85,29484.425,2,2024-02-27,2024-04-07,41,2023-10-10,Karnataka,Paid Search,62,M,58968.85,0.8450704225352113,Medium
CUST01616,147948.65,29589.73,5,2024-05-14,2024-09-16,126,2024-04-06,Tamil Nadu,Paid Search,31,M,147948.65,0.9615384615384615,Very High
CUST01617,75473.35,75473.35,1,2024-04-21,2024-04-21,1,2023-03-09,Karnataka,Direct,25,M,75473.35,0.9677419354838709,Medium
CUST01618,183376.47999999998,91688.23999999999,2,2023-10-13,2024-05-08,209,2023-09-04,Maharashtra,Referral,20,M,183376.47999999998,0.2510460251046025,Very High
CUST01620,18592.44,18592.44,1,2024-06-12,2024-06-12,1,2024-05-31,Maharashtra,Organic,34,M,18592.44,0.9677419354838709,Low
CUST01623,42227.409999999996,21113.704999999998,2,2023-12-12,2024-02-05,56,2023-10-05,Delhi,Organic,23,M,42227.409999999996,0.6976744186046512,Low
CUST01624,66771.63,33385.815,2,2024-06-07,2024-09-08,94,2023-10-27,Uttar Pradesh,Social Media,40,M,66771.63,0.48387096774193555,Medium
CUST01627,20921.88,10460.94,2,2023-08-22,2024-12-01,468,2023-08-10,Uttar Pradesh,Email,18,Other,20921.88,0.12048192771084336,Low
CUST01628,159036.66,79518.33,2,2024-01-16,2024-03-01,46,2023-07-13,Karnataka,Email,63,F,159036.66,0.7894736842105263,Very High
CUST01629,13079.74,13079.74,1,2024-06-20,2024-06-20,1,2023-01-08,Gujarat,Email,29,F,13079.74,0.9677419354838709,Very Low
CUST01630,163471.54,40867.885,4,2024-07-09,2024-12-22,167,2024-06-19,Karnataka,Social Media,42,F,163471.54,0.6091370558375635,Very High
CUST01631,130204.84,65102.42,2,2023-11-10,2024-05-21,194,2023-09-02,Tamil Nadu,Paid Search,44,M,130204.84,0.26785714285714285,High
CUST01633,47460.89,15820.296666666667,3,2024-05-07,2024-07-17,72,2023-09-28,Delhi,Social Media,63,F,47460.89,0.8823529411764706,Medium
CUST01636,3156.44,3156.44,1,2024-12-05,2024-12-05,1,2024-11-16,Uttar Pradesh,Referral,32,Other,3156.44,0.9677419354838709,Very Low
CUST01637,40686.25,40686.25,1,2024-02-26,2024-02-26,1,2023-12-13,West Bengal,Referral,30,M,40686.25,0.9677419354838709,Low
CUST01638,66744.76000000001,66744.76000000001,1,2023-04-14,2023-04-14,1,2023-03-27,Rajasthan,Social Media,29,M,66744.76000000001,0.9677419354838709,Medium
CUST01640,17840.07,17840.07,1,2024-07-16,2024-07-16,1,2024-07-04,Karnataka,Paid Search,43,F,17840.07,0.9677419354838709,Low
CUST01642,50526.920000000006,50526.920000000006,1,2024-11-19,2024-11-19,1,2024-05-09,Tamil Nadu,Paid Search,56,F,50526.920000000006,0.9677419354838709,Medium
CUST01643,131203.01,26240.602000000003,5,2023-02-14,2024-08-08,542,2023-01-16,Karnataka,Referral,64,F,131203.01,0.26223776223776224,High
CUST01646,4953.79,4953.79,1,2024-11-21,2024-11-21,1,2024-10-22,West Bengal,Email,35,M,4953.79,0.9677419354838709,Very Low
CUST01648,2092.28,2092.28,1,2024-11-26,2024-11-26,1,2024-06-30,Rajasthan,Direct,26,M,2092.28,0.9677419354838709,Very Low
CUST01651,5616.0,2808.0,2,2023-04-10,2023-08-01,114,2023-04-04,Gujarat,Social Media,57,Other,5616.0,0.4166666666666667,Very Low
CUST01653,128716.06,42905.35333333333,3,2023-08-15,2024-08-07,359,2023-04-18,Rajasthan,Social Media,60,F,128716.06,0.23136246786632392,High
CUST01656,202488.26,50622.065,4,2023-04-27,2024-11-17,571,2023-04-21,Rajasthan,Referral,46,F,202488.26,0.19966722129783693,Very High
CUST01658,201280.15,67093.38333333333,3,2023-05-06,2023-10-11,159,2023-01-22,Uttar Pradesh,Paid Search,49,F,201280.15,0.4761904761904762,Very High
CUST01659,35519.68,17759.84,2,2024-08-01,2024-08-05,5,2024-05-26,Delhi,Direct,42,F,35519.68,1.7142857142857142,Low
CUST01660,1054.62,1054.62,1,2024-08-05,2024-08-05,1,2024-07-29,Karnataka,Direct,49,Other,1054.62,0.9677419354838709,Very Low
CUST01663,12679.22,12679.22,1,2024-09-19,2024-09-19,1,2024-08-09,West Bengal,Social Media,38,M,12679.22,0.9677419354838709,Very Low
CUST01664,72544.0,36272.0,2,2024-10-28,2024-12-10,44,2024-09-15,Maharashtra,Organic,26,F,72544.0,0.8108108108108107,Medium
CUST01666,16061.26,16061.26,1,2024-07-02,2024-07-02,1,2024-04-12,Gujarat,Organic,45,F,16061.26,0.9677419354838709,Very Low
CUST01668,142506.49,142506.49,1,2024-09-19,2024-09-19,1,2023-12-27,Tamil Nadu,Paid Search,59,F,142506.49,0.9677419354838709,High
CUST01670,19583.059999999998,6527.686666666666,3,2024-08-17,2024-10-19,64,2024-07-09,Gujarat,Organic,52,F,19583.059999999998,0.9574468085106383,Low
CUST01674,296433.28,148216.64,2,2023-03-31,2024-10-24,574,2023-01-28,Gujarat,Organic,49,M,296433.28,0.09933774834437087,Very High
CUST01675,48350.5,48350.5,1,2024-04-19,2024-04-19,1,2023-01-17,Tamil Nadu,Referral,50,Other,48350.5,0.9677419354838709,Medium
CUST01678,58431.38,58431.38,1,2024-07-09,2024-07-09,1,2023-02-21,Tamil Nadu,Social Media,21,F,58431.38,0.9677419354838709,Medium
CUST01679,19554.69,19554.69,1,2023-12-12,2023-12-12,1,2023-06-21,West Bengal,Email,65,M,19554.69,0.9677419354838709,Low
CUST01682,78757.32,78757.32,1,2024-03-11,2024-03-11,1,2023-07-20,Uttar Pradesh,Social Media,45,Other,78757.32,0.9677419354838709,High
CUST01684,58583.53,58583.53,1,2023-12-30,2023-12-30,1,2023-07-06,Rajasthan,Email,29,M,58583.53,0.9677419354838709,Medium
CUST01686,161818.79,53939.59666666667,3,2024-12-17,2024-12-22,6,2024-12-14,Rajasthan,Direct,52,Other,161818.79,2.5,Very High
CUST01688,61870.48,61870.48,1,2024-12-02,2024-12-02,1,2023-10-14,Rajasthan,Paid Search,27,Other,61870.48,0.9677419354838709,Medium
CUST01689,20698.15,20698.15,1,2024-11-14,2024-11-14,1,2024-10-30,Uttar Pradesh,Referral,38,M,20698.15,0.9677419354838709,Low
CUST01691,73433.55,24477.850000000002,3,2023-04-17,2024-07-18,459,2023-03-22,Delhi,Direct,56,M,73433.55,0.18404907975460122,Medium
CUST01692,92564.18000000001,30854.72666666667,3,2024-12-10,2024-12-29,20,2024-11-28,West Bengal,Organic,27,M,92564.18000000001,1.8000000000000003,High
CUST01694,17012.35,17012.35,1,2024-09-26,2024-09-26,1,2023-12-13,West Bengal,Direct,20,M,17012.35,0.9677419354838709,Low
CUST01695,92845.97,46422.985,2,2023-03-01,2023-06-06,98,2023-01-01,Delhi,Paid Search,19,F,92845.97,0.46875,High
CUST01697,29095.41,29095.41,1,2024-09-17,2024-09-17,1,2024-02-15,Maharashtra,Referral,19,M,29095.41,0.9677419354838709,Low
CUST01698,82752.83,41376.415,2,2024-10-30,2024-11-14,16,2024-09-04,Karnataka,Email,37,M,82752.83,1.3043478260869565,High
CUST01699,60277.979999999996,30138.989999999998,2,2024-08-27,2024-10-30,65,2024-07-23,West Bengal,Direct,60,M,60277.979999999996,0.6315789473684211,Medium
CUST01700,130938.22999999998,32734.557499999995,4,2023-12-05,2024-05-11,159,2023-04-16,West Bengal,Paid Search,25,Other,130938.22999999998,0.6349206349206349,High
CUST01701,2380.28,2380.28,1,2024-06-14,2024-06-14,1,2023-09-20,Karnataka,Direct,55,Other,2380.28,0.9677419354838709,Very Low
CUST01704,15228.880000000001,15228.880000000001,1,2023-09-25,2023-09-25,1,2023-09-17,West Bengal,Referral,31,M,15228.880000000001,0.9677419354838709,Very Low
CUST01705,24898.55,12449.275,2,2024-08-21,2024-09-09,20,2024-03-03,Karnataka,Paid Search,35,F,24898.55,1.2000000000000002,Low
CUST01707,204372.44000000003,102186.22000000002,2,2023-11-23,2024-04-27,157,2023-06-28,Gujarat,Organic,38,Other,204372.44000000003,0.32085561497326204,Very High
CUST01708,236756.48,59189.12,4,2024-01-23,2024-12-21,334,2023-05-15,West Bengal,Direct,33,F,236756.48,0.32967032967032966,Very High
CUST01709,3627.75,1813.875,2,2024-11-07,2024-12-16,40,2024-10-12,Delhi,Referral,63,F,3627.75,0.8571428571428572,Very Low
CUST01710,169487.68,84743.84,2,2023-06-18,2024-07-20,399,2023-06-15,Uttar Pradesh,Direct,56,M,169487.68,0.13986013986013984,Very High
CUST01713,178466.03,44616.5075,4,2023-07-29,2024-10-15,445,2023-07-23,Karnataka,Paid Search,46,F,178466.03,0.25263157894736843,Very High
CUST01714,80412.66,26804.22,3,2024-07-10,2024-10-06,89,2024-03-07,Maharashtra,Social Media,37,M,80412.66,0.7563025210084033,High
CUST01715,155229.86000000002,51743.286666666674,3,2024-01-19,2024-08-29,224,2023-04-29,Tamil Nadu,Paid Search,28,F,155229.86000000002,0.3543307086614173,Very High
CUST01716,126752.42,42250.806666666664,3,2023-09-27,2024-07-25,303,2023-04-24,Gujarat,Referral,20,F,126752.42,0.2702702702702703,High
CUST01719,72117.95,72117.95,1,2024-12-30,2024-12-30,1,2024-12-13,Uttar Pradesh,Organic,40,F,72117.95,0.9677419354838709,Medium
CUST01721,210269.52000000002,70089.84000000001,3,2024-10-21,2024-11-28,39,2024-10-20,Delhi,Direct,26,M,210269.52000000002,1.3043478260869565,Very High
CUST01722,12624.31,12624.31,1,2024-10-30,2024-10-30,1,2024-09-05,West Bengal,Direct,37,F,12624.31,0.9677419354838709,Very Low
CUST01724,115687.23999999999,38562.41333333333,3,2024-10-29,2024-11-17,20,2024-09-09,Delhi,Social Media,46,F,115687.23999999999,1.8000000000000003,High
CUST01725,145509.05,72754.525,2,2024-09-17,2024-12-03,78,2024-09-05,Delhi,Paid Search,61,Other,145509.05,0.5555555555555556,Very High
CUST01728,294615.85000000003,98205.28333333334,3,2023-12-13,2024-11-03,327,2023-11-25,Tamil Nadu,Organic,53,Other,294615.85000000003,0.25210084033613445,Very High
CUST01729,66443.75,66443.75,1,2024-07-08,2024-07-08,1,2023-04-06,Tamil Nadu,Referral,30,F,66443.75,0.9677419354838709,Medium
CUST01730,68060.65,34030.325,2,2024-10-26,2024-10-28,3,2024-02-15,Delhi,Referral,57,F,68060.65,1.8181818181818181,Medium
CUST01731,74548.86,74548.86,1,2023-09-23,2023-09-23,1,2023-07-07,Uttar Pradesh,Organic,41,M,74548.86,0.9677419354838709,Medium
CUST01734,28818.67,28818.67,1,2024-07-13,2024-07-13,1,2023-12-13,Tamil Nadu,Social Media,36,Other,28818.67,0.9677419354838709,Low
CUST01735,79414.25,26471.416666666668,3,2024-12-05,2024-12-26,22,2024-11-19,Rajasthan,Paid Search,45,M,79414.25,1.7307692307692306,High
CUST01736,62374.56,62374.56,1,2024-01-03,2024-01-03,1,2023-09-14,Tamil Nadu,Direct,61,M,62374.56,0.9677419354838709,Medium
CUST01737,34676.91,17338.455,2,2024-05-06,2024-05-08,3,2023-06-09,West Bengal,Referral,27,M,34676.91,1.8181818181818181,Low
CUST01738,39956.61,19978.305,2,2023-09-26,2024-09-02,343,2023-05-01,Uttar Pradesh,Paid Search,57,F,39956.61,0.16085790884718498,Low
CUST01743,46325.52,46325.52,1,2024-08-12,2024-08-12,1,2024-07-06,Karnataka,Email,21,M,46325.52,0.9677419354838709,Medium
CUST01745,73236.6,14647.320000000002,5,2024-05-25,2024-12-04,194,2024-04-02,Maharashtra,Social Media,50,Other,73236.6,0.6696428571428571,Medium
CUST01750,1911.24,1911.24,1,2024-12-04,2024-12-04,1,2024-10-14,Delhi,Organic,38,M,1911.24,0.9677419354838709,Very Low
CUST01751,54501.72,27250.86,2,2023-07-06,2023-08-15,41,2023-05-28,Delhi,Social Media,65,F,54501.72,0.8450704225352113,Medium
CUST01752,29387.25,29387.25,1,2024-11-16,2024-11-16,1,2024-06-26,West Bengal,Social Media,57,F,29387.25,0.9677419354838709,Low
CUST01753,43055.59,43055.59,1,2024-11-15,2024-11-15,1,2024-06-05,Gujarat,Paid Search,38,Other,43055.59,0.9677419354838709,Low
CUST01756,9419.68,3139.8933333333334,3,2024-12-04,2024-12-28,25,2024-11-16,Tamil Nadu,Organic,48,F,9419.68,1.6363636363636362,Very Low
CUST01759,82922.69,82922.69,1,2024-02-16,2024-02-16,1,2023-12-26,Rajasthan,Referral,25,Other,82922.69,0.9677419354838709,High
CUST01760,324229.5,64845.9,5,2023-07-21,2024-10-19,457,2023-06-02,Delhi,Social Media,23,M,324229.5,0.30800821355236135,Very High
CUST01764,89970.22,44985.11,2,2024-11-26,2024-12-18,23,2024-11-13,Karnataka,Referral,61,M,89970.22,1.1320754716981132,High
CUST01766,325986.39,81496.5975,4,2024-11-19,2024-12-29,41,2024-11-18,Karnataka,Social Media,55,M,325986.39,1.6901408450704225,Very High
CUST01770,54956.97,54956.97,1,2024-09-15,2024-09-15,1,2024-07-10,Rajasthan,Direct,64,Other,54956.97,0.9677419354838709,Medium
CUST01772,236033.7,47206.740000000005,5,2023-06-30,2024-11-28,518,2023-06-27,Gujarat,Direct,22,Other,236033.7,0.2737226277372263,Very High
CUST01773,3281.46,3281.46,1,2024-08-18,2024-08-18,1,2024-07-07,West Bengal,Referral,34,M,3281.46,0.9677419354838709,Very Low
CUST01774,28582.33,28582.33,1,2024-12-21,2024-12-21,1,2024-11-02,Tamil Nadu,Organic,19,M,28582.33,0.9677419354838709,Low
CUST01777,145899.43,36474.8575,4,2024-11-24,2024-12-28,35,2024-11-23,Uttar Pradesh,Email,26,F,145899.43,1.8461538461538458,Very High
CUST01783,71055.7,35527.85,2,2023-11-23,2024-05-03,163,2023-04-19,Tamil Nadu,Direct,63,M,71055.7,0.31088082901554404,Medium
CUST01785,135482.57,33870.6425,4,2023-07-26,2024-10-02,435,2023-06-19,Karnataka,Referral,45,M,135482.57,0.25806451612903225,High
CUST01786,202759.00999999998,40551.801999999996,5,2024-10-10,2024-12-29,81,2024-10-04,Rajasthan,Paid Search,26,Other,202759.00999999998,1.3513513513513513,Very High
CUST01787,100278.29999999999,25069.574999999997,4,2024-01-26,2024-11-28,308,2023-11-13,Uttar Pradesh,Email,45,F,100278.29999999999,0.35502958579881655,High
CUST01788,47114.04,47114.04,1,2024-03-27,2024-03-27,1,2023-08-28,Maharashtra,Organic,20,Other,47114.04,0.9677419354838709,Medium
CUST01791,13177.7,13177.7,1,2024-08-15,2024-08-15,1,2024-06-19,Gujarat,Email,23,Other,13177.7,0.9677419354838709,Very Low
CUST01792,24873.84,24873.84,1,2024-08-06,2024-08-06,1,2023-07-23,Maharashtra,Direct,60,F,24873.84,0.9677419354838709,Low
CUST01793,21426.14,21426.14,1,2024-12-12,2024-12-12,1,2023-07-24,Delhi,Referral,20,M,21426.14,0.9677419354838709,Low
CUST01795,24069.34,8023.113333333334,3,2024-11-24,2024-12-24,31,2024-11-24,Rajasthan,Referral,57,F,24069.34,1.4754098360655739,Low
CUST01798,39289.08,39289.08,1,2023-06-10,2023-06-10,1,2023-03-26,Maharashtra,Referral,25,M,39289.08,0.9677419354838709,Low
CUST01800,201812.38999999998,67270.79666666666,3,2023-08-16,2024-10-17,429,2023-07-16,Rajasthan,Email,57,F,201812.38999999998,0.19607843137254902,Very High
CUST01802,208340.16999999998,52085.042499999996,4,2023-05-19,2024-09-03,474,2023-04-28,Maharashtra,Organic,19,Other,208340.16999999998,0.23809523809523808,Very High
CUST01803,39357.350000000006,19678.675000000003,2,2023-12-09,2024-06-30,205,2023-06-25,Tamil Nadu,Paid Search,48,Other,39357.350000000006,0.25531914893617025,Low
CUST01804,72268.58,72268.58,1,2023-09-26,2023-09-26,1,2023-08-08,Delhi,Referral,58,Other,72268.58,0.9677419354838709,Medium
CUST01805,84920.93,84920.93,1,2024-07-13,2024-07-13,1,2024-01-20,Tamil Nadu,Social Media,47,M,84920.93,0.9677419354838709,High
CUST01809,72310.37999999999,36155.189999999995,2,2024-10-12,2024-11-20,40,2024-10-01,West Bengal,Social Media,18,M,72310.37999999999,0.8571428571428572,Medium
CUST01810,4273.21,4273.21,1,2024-12-02,2024-12-02,1,2024-10-04,West Bengal,Referral,65,Other,4273.21,0.9677419354838709,Very Low
CUST01812,72305.87000000001,24101.95666666667,3,2023-05-17,2024-12-23,587,2023-05-04,Rajasthan,Direct,21,Other,72305.87000000001,0.14586709886547813,Medium
CUST01816,5446.73,5446.73,1,2023-03-10,2023-03-10,1,2023-01-15,Rajasthan,Referral,19,M,5446.73,0.9677419354838709,Very Low
CUST01820,272099.59,54419.918000000005,5,2024-11-23,2024-12-20,28,2024-11-15,Delhi,Direct,63,F,272099.59,2.586206896551724,Very High
CUST01821,118307.59999999999,29576.899999999998,4,2024-07-06,2024-09-24,81,2024-04-17,West Bengal,Referral,28,Other,118307.59999999999,1.081081081081081,High
CUST01822,87217.28000000001,29072.42666666667,3,2023-08-21,2024-07-28,343,2023-07-18,Tamil Nadu,Direct,65,M,87217.28000000001,0.24128686327077747,High
CUST01823,54960.98,18320.326666666668,3,2024-03-06,2024-07-14,131,2023-02-05,Rajasthan,Paid Search,30,M,54960.98,0.5590062111801243,Medium
CUST01824,116492.50999999998,58246.25499999999,2,2024-07-16,2024-09-26,73,2024-06-26,Rajasthan,Referral,49,F,116492.50999999998,0.5825242718446603,High
CUST01825,256263.84,51252.768,5,2023-11-18,2024-10-03,321,2023-11-10,Tamil Nadu,Email,21,M,256263.84,0.4273504273504274,Very High
CUST01831,25071.23,25071.23,1,2024-10-04,2024-10-04,1,2023-12-06,Karnataka,Organic,46,F,25071.23,0.9677419354838709,Low
CUST01832,220315.24,31473.605714285713,7,2023-02-03,2024-12-24,691,2023-01-29,Karnataka,Email,57,M,220315.24,0.2912621359223301,Very High
CUST01833,247402.92,123701.46,2,2024-11-21,2024-11-27,7,2024-03-04,Maharashtra,Organic,28,Other,247402.92,1.6216216216216215,Very High
CUST01834,8454.55,4227.275,2,2024-01-10,2024-12-10,336,2023-05-30,Karnataka,Social Media,28,Other,8454.55,0.1639344262295082,Very Low
CUST01835,74461.8,24820.600000000002,3,2024-11-17,2024-12-20,34,2024-11-04,Uttar Pradesh,Referral,50,F,74461.8,1.40625,Medium
CUST01836,282365.84,70591.46,4,2024-12-06,2024-12-26,21,2024-12-05,Karnataka,Direct,41,F,282365.84,2.3529411764705883,Very High
CUST01837,26787.72,13393.86,2,2024-05-14,2024-11-25,196,2024-04-19,Delhi,Paid Search,46,F,26787.72,0.26548672566371684,Low
CUST01838,4045.21,4045.21,1,2024-11-24,2024-11-24,1,2024-10-23,Maharashtra,Referral,39,F,4045.21,0.9677419354838709,Very Low
CUST01840,77106.9,77106.9,1,2024-09-14,2024-09-14,1,2024-07-07,West Bengal,Direct,60,M,77106.9,0.9677419354838709,High
CUST01842,253680.31999999998,50736.064,5,2023-08-27,2024-09-20,391,2023-03-27,West Bengal,Referral,51,Other,253680.31999999998,0.35629453681710216,Very High
CUST01843,87281.34,29093.78,3,2024-05-22,2024-09-07,109,2024-02-14,Gujarat,Referral,27,M,87281.34,0.6474820143884893,High
CUST01846,3262.02,3262.02,1,2024-03-27,2024-03-27,1,2023-06-06,Delhi,Direct,63,Other,3262.02,0.9677419354838709,Very Low
CUST01848,76218.93,38109.465,2,2023-12-12,2024-01-04,24,2023-09-19,Uttar Pradesh,Direct,38,F,76218.93,1.1111111111111112,Medium
CUST01849,425072.66,85014.53199999999,5,2023-10-19,2024-09-02,320,2023-10-09,Maharashtra,Email,57,M,425072.66,0.4285714285714286,Very High
CUST01853,13097.109999999999,13097.109999999999,1,2023-10-14,2023-10-14,1,2023-03-18,Gujarat,Direct,64,Other,13097.109999999999,0.9677419354838709,Very Low
CUST01856,74533.54,37266.77,2,2023-04-20,2023-06-16,58,2023-03-21,Maharashtra,Email,55,F,74533.54,0.6818181818181818,Medium
CUST01858,11504.14,5752.07,2,2024-09-17,2024-12-28,103,2024-08-28,Karnataka,Organic,41,F,11504.14,0.45112781954887216,Very Low
CUST01861,41509.08,41509.08,1,2024-09-30,2024-09-30,1,2024-06-04,Rajasthan,Paid Search,65,Other,41509.08,0.9677419354838709,Low
CUST01863,59790.16,59790.16,1,2024-12-21,2024-12-21,1,2024-09-02,Delhi,Email,65,M,59790.16,0.9677419354838709,Medium
CUST01865,71600.5,23866.833333333332,3,2024-05-09,2024-12-14,220,2024-01-04,Gujarat,Organic,27,Other,71600.5,0.36000000000000004,Medium
CUST01866,19549.39,6516.463333333333,3,2024-02-07,2024-05-30,114,2023-05-04,West Bengal,Organic,23,M,19549.39,0.625,Low
CUST01867,21622.82,21622.82,1,2024-10-11,2024-10-11,1,2024-09-18,West Bengal,Referral,31,F,21622.82,0.9677419354838709,Low
CUST01870,3163.65,3163.65,1,2024-03-01,2024-03-01,1,2024-01-03,West Bengal,Direct,49,Other,3163.65,0.9677419354838709,Very Low
CUST01871,70530.87,17632.7175,4,2023-01-28,2024-07-23,543,2023-01-03,West Bengal,Paid Search,50,M,70530.87,0.20942408376963348,Medium
CUST01877,76486.65,38243.325,2,2024-08-14,2024-12-11,120,2024-01-29,Delhi,Social Media,37,F,76486.65,0.4,Medium
CUST01878,5705.6,5705.6,1,2024-07-20,2024-07-20,1,2024-06-15,Uttar Pradesh,Referral,19,M,5705.6,0.9677419354838709,Very Low
CUST01879,17083.260000000002,8541.630000000001,2,2024-07-08,2024-10-14,99,2024-04-30,Delhi,Organic,37,F,17083.260000000002,0.46511627906976744,Low
CUST01883,117733.3,58866.65,2,2024-08-26,2024-12-02,99,2024-04-29,Rajasthan,Referral,48,Other,117733.3,0.46511627906976744,High
CUST01884,61140.97,61140.97,1,2024-09-07,2024-09-07,1,2024-07-30,Delhi,Email,58,F,61140.97,0.9677419354838709,Medium
CUST01886,74884.0,74884.0,1,2023-04-09,2023-04-09,1,2023-02-05,Gujarat,Email,60,Other,74884.0,0.9677419354838709,Medium
CUST01887,80623.74,40311.87,2,2024-09-30,2024-11-27,59,2024-09-30,West Bengal,Paid Search,43,F,80623.74,0.6741573033707865,High
CUST01888,187477.48,93738.74,2,2024-01-14,2024-05-26,134,2023-07-24,Maharashtra,Referral,65,F,187477.48,0.36585365853658536,Very High
CUST01890,55489.46,55489.46,1,2024-07-12,2024-07-12,1,2024-04-20,Uttar Pradesh,Direct,25,Other,55489.46,0.9677419354838709,Medium
CUST01891,238772.78999999998,79590.93,3,2023-08-28,2024-10-23,423,2023-02-20,Karnataka,Email,52,Other,238772.78999999998,0.19867549668874174,Very High
CUST01892,53893.68,26946.84,2,2024-03-02,2024-07-07,128,2023-06-09,Maharashtra,Email,30,F,53893.68,0.379746835443038,Medium
CUST01894,68861.72,34430.86,2,2024-07-25,2024-12-03,132,2024-01-15,Maharashtra,Paid Search,33,Other,68861.72,0.37037037037037035,Medium
CUST01895,40017.22,40017.22,1,2024-07-14,2024-07-14,1,2023-08-14,Rajasthan,Email,56,F,40017.22,0.9677419354838709,Low
CUST01896,331341.86,110447.28666666667,3,2024-07-01,2024-08-19,50,2024-03-09,West Bengal,Referral,19,F,331341.86,1.1249999999999998,Very High
CUST01898,306011.76,102003.92,3,2024-03-27,2024-06-24,90,2023-12-21,Gujarat,Social Media,23,M,306011.76,0.75,Very High
CUST01899,257541.08000000002,85847.02666666667,3,2024-06-10,2024-12-15,189,2024-05-13,Karnataka,Paid Search,36,M,257541.08000000002,0.4109589041095891,Very High
CUST01900,54761.47,27380.735,2,2024-09-18,2024-10-13,26,2024-06-28,Delhi,Organic,27,F,54761.47,1.0714285714285714,Medium
CUST01903,107919.51,53959.755,2,2023-07-27,2024-02-10,199,2023-07-13,West Bengal,Social Media,27,F,107919.51,0.26200873362445415,High
CUST01904,22116.42,22116.42,1,2024-09-24,2024-09-24,1,2023-05-17,Gujarat,Referral,25,M,22116.42,0.9677419354838709,Low
CUST01905,202449.71000000002,50612.427500000005,4,2024-10-16,2024-12-29,75,2024-10-14,Tamil Nadu,Email,55,M,202449.71000000002,1.1428571428571428,Very High
CUST01906,40018.33,40018.33,1,2024-11-21,2024-11-21,1,2024-11-09,Rajasthan,Email,42,M,40018.33,0.9677419354838709,Low
CUST01907,14747.36,14747.36,1,2024-12-18,2024-12-18,1,2024-11-11,Uttar Pradesh,Social Media,47,Other,14747.36,0.9677419354838709,Very Low
CUST01908,85112.79000000001,42556.395000000004,2,2023-11-09,2024-02-18,102,2023-09-26,West Bengal,Referral,19,F,85112.79000000001,0.45454545454545453,High
CUST01909,152933.72,50977.90666666667,3,2024-01-06,2024-09-14,253,2023-07-15,Tamil Nadu,Social Media,53,Other,152933.72,0.31802120141342755,Very High
CUST01913,45864.5,45864.5,1,2024-08-21,2024-08-21,1,2024-07-31,Tamil Nadu,Referral,53,F,45864.5,0.9677419354838709,Medium
CUST01917,110955.67,55477.835,2,2024-07-28,2024-09-07,42,2024-05-19,Tamil Nadu,Email,36,M,110955.67,0.8333333333333334,High
CUST01918,41673.63,20836.815,2,2024-07-12,2024-08-30,50,2024-03-29,Delhi,Social Media,23,F,41673.63,0.7499999999999999,Low
CUST01919,114717.91,57358.955,2,2024-08-09,2024-08-20,12,2024-07-07,Karnataka,Direct,53,F,114717.91,1.4285714285714286,High
CUST01923,6355.32,6355.32,1,2024-11-20,2024-11-20,1,2024-05-16,Tamil Nadu,Email,39,M,6355.32,0.9677419354838709,Very Low
CUST01925,85866.04000000001,42933.020000000004,2,2024-05-04,2024-08-29,118,2023-05-15,Maharashtra,Paid Search,44,Other,85866.04000000001,0.4054054054054054,High
CUST01926,34941.69,8735.4225,4,2024-08-02,2024-12-19,140,2024-04-02,Rajasthan,Email,23,Other,34941.69,0.7058823529411764,Low
CUST01927,12882.93,12882.93,1,2024-11-02,2024-11-02,1,2023-08-24,Karnataka,Organic,60,F,12882.93,0.9677419354838709,Very Low
CUST01929,193884.66,96942.33,2,2024-11-28,2024-12-25,28,2024-10-30,West Bengal,Direct,18,M,193884.66,1.0344827586206897,Very High
CUST01930,83056.11,83056.11,1,2023-07-11,2023-07-11,1,2023-05-27,Rajasthan,Paid Search,46,M,83056.11,0.9677419354838709,High
CUST01933,40164.07,40164.07,1,2024-08-17,2024-08-17,1,2024-05-09,Uttar Pradesh,Paid Search,32,F,40164.07,0.9677419354838709,Low
CUST01935,123446.53,30861.6325,4,2024-09-15,2024-12-07,84,2024-08-22,Tamil Nadu,Paid Search,58,F,123446.53,1.0526315789473684,High
CUST01936,84761.66,42380.83,2,2024-05-22,2024-10-05,137,2023-05-30,Karnataka,Email,50,F,84761.66,0.3592814371257485,High
CUST01938,39168.11,19584.055,2,2024-06-17,2024-10-25,131,2024-02-29,Delhi,Email,26,Other,39168.11,0.3726708074534162,Low
CUST01943,26746.79,26746.79,1,2024-11-20,2024-11-20,1,2024-11-04,Uttar Pradesh,Direct,51,F,26746.79,0.9677419354838709,Low
CUST01945,3507.38,3507.38,1,2024-04-24,2024-04-24,1,2023-07-14,Tamil Nadu,Social Media,44,Other,3507.38,0.9677419354838709,Very Low
CUST01952,52927.46,52927.46,1,2023-12-28,2023-12-28,1,2023-01-10,Tamil Nadu,Organic,39,Other,52927.46,0.9677419354838709,Medium
CUST01953,193710.25,96855.125,2,2023-10-21,2024-06-27,251,2023-01-01,Tamil Nadu,Email,57,F,193710.25,0.21352313167259784,Very High
CUST01955,41860.92,13953.64,3,2024-12-23,2024-12-29,7,2024-12-20,Karnataka,Organic,42,F,41860.92,2.4324324324324325,Low
CUST01958,71532.62,23844.206666666665,3,2024-01-26,2024-08-14,202,2023-11-09,Karnataka,Organic,53,M,71532.62,0.3879310344827586,Medium
CUST01959,3378.73,3378.73,1,2024-12-21,2024-12-21,1,2024-02-15,Uttar Pradesh,Referral,24,Other,3378.73,0.9677419354838709,Very Low
CUST01960,3157.01,3157.01,1,2024-12-07,2024-12-07,1,2024-11-29,West Bengal,Email,60,Other,3157.01,0.9677419354838709,Very Low
CUST01961,51799.1,51799.1,1,2024-06-11,2024-06-11,1,2024-02-12,Maharashtra,Referral,47,F,51799.1,0.9677419354838709,Medium
CUST01962,31838.75,31838.75,1,2024-10-24,2024-10-24,1,2024-09-24,Karnataka,Direct,61,M,31838.75,0.9677419354838709,Low
CUST01963,150445.26,75222.63,2,2023-09-08,2024-08-05,333,2023-06-07,Rajasthan,Social Media,55,M,150445.26,0.1652892561983471,Very High
CUST01964,157157.59999999998,31431.519999999997,5,2023-12-14,2024-12-29,382,2023-02-19,Karnataka,Organic,56,Other,157157.59999999998,0.3640776699029126,Very High
CUST01965,51793.58,25896.79,2,2024-09-06,2024-09-20,15,2024-06-26,Karnataka,Paid Search,54,M,51793.58,1.3333333333333333,Medium
CUST01966,114912.43,28728.1075,4,2024-03-23,2024-09-04,166,2023-09-25,Uttar Pradesh,Referral,48,Other,114912.43,0.6122448979591837,High
CUST01967,32593.309999999998,32593.309999999998,1,2024-07-02,2024-07-02,1,2023-09-07,Rajasthan,Paid Search,26,M,32593.309999999998,0.9677419354838709,Low
CUST01969,905.75,905.75,1,2024-12-15,2024-12-15,1,2023-04-08,Gujarat,Email,52,M,905.75,0.9677419354838709,Very Low
CUST01970,32211.85,32211.85,1,2024-07-08,2024-07-08,1,2024-03-31,Delhi,Social Media,56,F,32211.85,0.9677419354838709,Low
CUST01971,113035.72,37678.573333333334,3,2023-10-25,2024-12-23,426,2023-05-16,Uttar Pradesh,Organic,51,Other,113035.72,0.19736842105263158,High
CUST01972,47589.34,47589.34,1,2024-01-23,2024-01-23,1,2024-01-22,Delhi,Paid Search,50,Other,47589.34,0.9677419354838709,Medium
CUST01976,161002.65,40250.6625,4,2024-12-11,2024-12-22,12,2024-11-26,Gujarat,Email,39,Other,161002.65,2.857142857142857,Very High
CUST01977,45961.74,11490.435,4,2024-04-25,2024-11-17,207,2024-01-11,Uttar Pradesh,Social Media,28,M,45961.74,0.5063291139240506,Medium
CUST01978,544.14,544.14,1,2024-12-03,2024-12-03,1,2023-12-25,Rajasthan,Referral,32,M,544.14,0.9677419354838709,Very Low
CUST01980,142015.69,71007.845,2,2024-09-04,2024-12-18,106,2024-07-24,Tamil Nadu,Referral,65,F,142015.69,0.4411764705882353,High
CUST01981,58192.99,58192.99,1,2024-10-29,2024-10-29,1,2023-12-06,West Bengal,Referral,29,M,58192.99,0.9677419354838709,Medium
CUST01982,22106.42,22106.42,1,2024-09-08,2024-09-08,1,2024-03-19,Gujarat,Organic,40,M,22106.42,0.9677419354838709,Low
CUST01983,3128.26,3128.26,1,2024-12-29,2024-12-29,1,2024-12-28,Karnataka,Social Media,46,M,3128.26,0.9677419354838709,Very Low
CUST01985,57199.81,57199.81,1,2024-11-10,2024-11-10,1,2023-12-11,Uttar Pradesh,Paid Search,34,Other,57199.81,0.9677419354838709,Medium
CUST01986,9878.84,9878.84,1,2024-03-29,2024-03-29,1,2024-02-05,Delhi,Email,33,M,9878.84,0.9677419354838709,Very Low
CUST01988,10289.310000000001,5144.655000000001,2,2023-06-29,2023-07-30,32,2023-06-14,Maharashtra,Paid Search,42,Other,10289.310000000001,0.9677419354838711,Very Low
CUST01989,156101.68000000002,78050.84000000001,2,2023-09-20,2024-05-20,244,2023-05-12,Karnataka,Paid Search,37,F,156101.68000000002,0.21897810218978103,Very High
CUST01990,245332.78,35047.54,7,2023-05-27,2024-10-12,505,2023-02-20,Tamil Nadu,Social Media,60,M,245332.78,0.39252336448598135,Very High
CUST01999,321588.58,80397.145,4,2024-05-20,2024-09-22,126,2024-01-27,Gujarat,Email,47,M,321588.58,0.7692307692307692,Very High
CUST02000,20315.55,20315.55,1,2024-11-26,2024-11-26,1,2024-04-01,Gujarat,Social Media,51,Other,20315.55,0.9677419354838709,Low
CUST02001,98046.03,16341.005,6,2023-06-18,2024-09-20,461,2023-04-23,Rajasthan,Referral,48,F,98046.03,0.3665987780040733,High
CUST02002,55259.26,55259.26,1,2024-07-28,2024-07-28,1,2024-05-09,West Bengal,Paid Search,32,M,55259.26,0.9677419354838709,Medium
CUST02004,227770.50999999998,75923.50333333333,3,2024-11-11,2024-12-19,39,2024-09-08,West Bengal,Email,28,F,227770.50999999998,1.3043478260869565,Very High
CUST02005,96512.37,32170.789999999997,3,2024-07-31,2024-10-25,87,2024-07-07,Uttar Pradesh,Organic,26,M,96512.37,0.7692307692307693,High
CUST02007,61503.21000000001,30751.605000000003,2,2024-11-25,2024-12-18,24,2024-10-16,Maharashtra,Email,57,F,61503.21000000001,1.1111111111111112,Medium
CUST02008,4827.89,4827.89,1,2024-07-01,2024-07-01,1,2023-11-03,West Bengal,Referral,45,F,4827.89,0.9677419354838709,Very Low
CUST02009,60486.79,60486.79,1,2024-07-06,2024-07-06,1,2023-01-04,Gujarat,Social Media,35,F,60486.79,0.9677419354838709,Medium
CUST02010,97029.81,32343.27,3,2023-07-09,2024-11-18,499,2023-06-16,Maharashtra,Referral,32,F,97029.81,0.17013232514177695,High
CUST02011,293971.65,146985.825,2,2024-09-05,2024-12-13,100,2024-06-02,Karnataka,Organic,36,Other,293971.65,0.46153846153846145,Very High
CUST02013,113922.18,18987.03,6,2023-09-28,2024-09-14,353,2023-06-30,Karnataka,Organic,52,M,113922.18,0.46997389033942555,High
CUST02014,15792.54,15792.54,1,2024-04-25,2024-04-25,1,2024-01-21,Gujarat,Direct,39,F,15792.54,0.9677419354838709,Very Low
CUST02015,31403.35,31403.35,1,2024-07-29,2024-07-29,1,2023-10-31,Uttar Pradesh,Direct,35,M,31403.35,0.9677419354838709,Low
CUST02020,9140.41,9140.41,1,2024-07-31,2024-07-31,1,2023-10-21,Tamil Nadu,Paid Search,51,Other,9140.41,0.9677419354838709,Very Low
CUST02022,139021.44,139021.44,1,2024-08-13,2024-08-13,1,2023-12-27,Gujarat,Referral,62,F,139021.44,0.9677419354838709,High
CUST02023,14751.64,14751.64,1,2024-03-20,2024-03-20,1,2023-04-19,Tamil Nadu,Referral,53,M,14751.64,0.9677419354838709,Very Low
CUST02024,129604.79,32401.1975,4,2024-08-21,2024-12-13,115,2024-08-14,Gujarat,Email,26,F,129604.79,0.8275862068965516,High
CUST02025,94098.04000000001,47049.020000000004,2,2024-11-20,2024-12-27,38,2024-08-21,Maharashtra,Direct,40,F,94098.04000000001,0.8823529411764706,High
CUST02027,9349.93,4674.965,2,2024-04-06,2024-04-09,4,2024-01-07,Uttar Pradesh,Email,19,Other,9349.93,1.7647058823529411,Very Low
CUST02028,147164.21,73582.105,2,2024-02-08,2024-10-01,237,2024-01-25,Maharashtra,Paid Search,39,Other,147164.21,0.2247191011235955,Very High
CUST02029,54182.84,27091.42,2,2024-10-23,2024-11-04,13,2024-03-26,West Bengal,Paid Search,43,M,54182.84,1.3953488372093024,Medium
CUST02032,42838.78,14279.593333333332,3,2024-01-06,2024-05-31,147,2023-03-26,Karnataka,Email,29,M,42838.78,0.5084745762711864,Low
CUST02035,26081.760000000002,26081.760000000002,1,2024-11-15,2024-11-15,1,2023-07-27,Karnataka,Organic,41,Other,26081.760000000002,0.9677419354838709,Low
CUST02037,190533.05,95266.525,2,2023-11-17,2024-10-23,342,2023-09-30,Delhi,Paid Search,52,F,190533.05,0.16129032258064516,Very High
CUST02038,121916.52,30479.13,4,2024-05-15,2024-10-28,167,2024-04-25,Rajasthan,Organic,42,M,121916.52,0.6091370558375635,High
CUST02039,15128.49,7564.245,2,2024-08-06,2024-09-02,28,2023-05-15,Delhi,Social Media,45,Other,15128.49,1.0344827586206897,Very Low
CUST02041,182485.67,91242.835,2,2023-08-01,2024-07-10,345,2023-05-30,Tamil Nadu,Direct,61,F,182485.67,0.16,Very High
CUST02044,94541.9,94541.9,1,2024-12-01,2024-12-01,1,2024-03-13,Gujarat,Referral,47,F,94541.9,0.9677419354838709,High
CUST02045,51860.29,51860.29,1,2024-08-29,2024-08-29,1,2023-11-04,Maharashtra,Organic,36,Other,51860.29,0.9677419354838709,Medium
CUST02046,25173.42,12586.71,2,2023-09-12,2024-06-26,289,2023-07-28,Rajasthan,Direct,63,F,25173.42,0.18808777429467086,Low
CUST02047,58654.39,19551.463333333333,3,2024-09-02,2024-12-12,102,2024-08-08,West Bengal,Referral,33,M,58654.39,0.6818181818181818,Medium
CUST02049,59638.84,59638.84,1,2024-03-29,2024-03-29,1,2023-06-01,Karnataka,Direct,20,M,59638.84,0.9677419354838709,Medium
CUST02051,127337.97,31834.4925,4,2024-09-13,2024-11-24,73,2024-03-15,Karnataka,Direct,64,M,127337.97,1.1650485436893205,High
CUST02053,21947.34,21947.34,1,2023-11-17,2023-11-17,1,2023-03-25,Karnataka,Email,38,F,21947.34,0.9677419354838709,Low
CUST02054,3604.51,3604.51,1,2024-12-26,2024-12-26,1,2023-11-02,Rajasthan,Social Media,31,Other,3604.51,0.9677419354838709,Very Low
CUST02056,793.51,793.51,1,2024-12-19,2024-12-19,1,2023-10-17,Rajasthan,Social Media,65,F,793.51,0.9677419354838709,Very Low
CUST02057,101262.92000000001,50631.46000000001,2,2024-08-25,2024-11-12,80,2024-08-04,Tamil Nadu,Organic,18,F,101262.92000000001,0.5454545454545455,High
CUST02059,165928.96,165928.96,1,2024-09-04,2024-09-04,1,2024-08-06,Rajasthan,Referral,22,M,165928.96,0.9677419354838709,Very High
CUST02061,138413.04,138413.04,1,2024-09-03,2024-09-03,1,2024-07-14,Uttar Pradesh,Paid Search,19,Other,138413.04,0.9677419354838709,High
CUST02062,72332.61,36166.305,2,2024-12-01,2024-12-13,13,2024-10-06,Karnataka,Social Media,25,Other,72332.61,1.3953488372093024,Medium
CUST02065,19148.52,19148.52,1,2024-04-05,2024-04-05,1,2023-04-29,Tamil Nadu,Organic,61,Other,19148.52,0.9677419354838709,Low
CUST02067,193788.53,96894.265,2,2023-10-16,2024-08-10,300,2023-09-30,Karnataka,Direct,37,F,193788.53,0.18181818181818182,Very High
CUST02070,77763.8,38881.9,2,2024-03-12,2024-05-06,56,2023-12-12,Karnataka,Referral,19,M,77763.8,0.6976744186046512,High
CUST02071,138358.56,69179.28,2,2024-08-01,2024-10-02,63,2024-05-01,Gujarat,Direct,60,M,138358.56,0.6451612903225806,High
CUST02072,7140.5,7140.5,1,2023-04-30,2023-04-30,1,2023-02-12,Tamil Nadu,Direct,28,Other,7140.5,0.9677419354838709,Very Low
CUST02075,22529.45,22529.45,1,2023-07-19,2023-07-19,1,2023-02-14,Tamil Nadu,Referral,45,M,22529.45,0.9677419354838709,Low
CUST02076,4723.53,4723.53,1,2024-12-28,2024-12-28,1,2023-02-26,Tamil Nadu,Organic,40,F,4723.53,0.9677419354838709,Very Low
CUST02077,84188.76,42094.38,2,2024-12-17,2024-12-19,3,2024-08-10,Delhi,Referral,59,F,84188.76,1.8181818181818181,High
CUST02079,16195.45,16195.45,1,2024-12-24,2024-12-24,1,2024-09-02,Karnataka,Social Media,59,Other,16195.45,0.9677419354838709,Very Low
CUST02082,182947.2,36589.44,5,2024-08-11,2024-11-29,111,2024-02-15,Delhi,Organic,56,F,182947.2,1.0638297872340425,Very High
CUST02083,179436.69,59812.23,3,2024-07-15,2024-10-19,97,2024-07-15,West Bengal,Social Media,29,Other,179436.69,0.7086614173228346,Very High
CUST02084,39994.61,39994.61,1,2023-09-03,2023-09-03,1,2023-03-26,Gujarat,Referral,22,F,39994.61,0.9677419354838709,Low
CUST02088,12776.28,12776.28,1,2024-06-25,2024-06-25,1,2024-04-12,Tamil Nadu,Referral,33,Other,12776.28,0.9677419354838709,Very Low
CUST02090,41330.41,41330.41,1,2023-02-05,2023-02-05,1,2023-02-01,Uttar Pradesh,Paid Search,42,M,41330.41,0.9677419354838709,Low
CUST02091,1430.96,1430.96,1,2024-08-25,2024-08-25,1,2024-02-20,Maharashtra,Direct,56,F,1430.96,0.9677419354838709,Very Low
CUST02092,190693.36000000002,95346.68000000001,2,2024-09-24,2024-12-25,93,2024-08-30,Gujarat,Social Media,38,Other,190693.36000000002,0.48780487804878053,Very High
CUST02093,20837.65,10418.825,2,2024-05-19,2024-06-03,16,2023-08-28,Maharashtra,Referral,59,F,20837.65,1.3043478260869565,Low
CUST02094,11413.74,11413.74,1,2024-11-26,2024-11-26,1,2024-11-18,Maharashtra,Direct,39,F,11413.74,0.9677419354838709,Very Low
CUST02095,1114.42,1114.42,1,2023-11-10,2023-11-10,1,2023-07-27,Tamil Nadu,Email,21,Other,1114.42,0.9677419354838709,Very Low
CUST02096,15857.78,15857.78,1,2024-05-19,2024-05-19,1,2024-01-28,Tamil Nadu,Direct,64,M,15857.78,0.9677419354838709,Very Low
CUST02099,46954.85,46954.85,1,2024-07-10,2024-07-10,1,2023-09-01,Maharashtra,Paid Search,31,M,46954.85,0.9677419354838709,Medium
CUST02101,1394.33,1394.33,1,2024-08-25,2024-08-25,1,2024-04-21,Tamil Nadu,Organic,45,Other,1394.33,0.9677419354838709,Very Low
CUST02102,52392.13,13098.0325,4,2023-12-16,2024-05-18,155,2023-06-06,Rajasthan,Paid Search,64,M,52392.13,0.6486486486486486,Medium
CUST02103,13368.560000000001,13368.560000000001,1,2024-11-18,2024-11-18,1,2024-01-06,Tamil Nadu,Paid Search,56,M,13368.560000000001,0.9677419354838709,Very Low
CUST02104,33914.590000000004,33914.590000000004,1,2024-09-09,2024-09-09,1,2024-02-04,Uttar Pradesh,Email,46,Other,33914.590000000004,0.9677419354838709,Low
CUST02106,29112.59,14556.295,2,2024-09-29,2024-12-27,90,2024-05-10,West Bengal,Paid Search,48,F,29112.59,0.5,Low
CUST02107,193010.14,64336.71333333334,3,2024-05-20,2024-12-28,223,2024-02-15,West Bengal,Paid Search,48,M,193010.14,0.3557312252964427,Very High
CUST02109,103092.0,51546.0,2,2024-11-02,2024-11-23,22,2024-10-16,Delhi,Social Media,42,F,103092.0,1.1538461538461537,High
CUST02110,303885.62,50647.60333333333,6,2024-04-23,2024-10-26,187,2024-02-22,Uttar Pradesh,Social Media,42,Other,303885.62,0.8294930875576036,Very High
CUST02114,164412.73,27402.12166666667,6,2024-02-06,2024-12-21,320,2023-09-27,Rajasthan,Referral,43,Other,164412.73,0.5142857142857143,Very High
CUST02120,5324.34,5324.34,1,2024-02-29,2024-02-29,1,2024-02-28,West Bengal,Paid Search,48,M,5324.34,0.9677419354838709,Very Low
CUST02122,4855.53,4855.53,1,2024-11-11,2024-11-11,1,2024-07-13,Delhi,Email,47,Other,4855.53,0.9677419354838709,Very Low
CUST02124,218268.71000000002,54567.177500000005,4,2023-10-04,2024-07-04,275,2023-04-26,Delhi,Organic,23,Other,218268.71000000002,0.3934426229508197,Very High
CUST02128,44610.07,14870.023333333333,3,2023-12-05,2024-05-20,168,2023-03-19,Uttar Pradesh,Referral,64,M,44610.07,0.4545454545454546,Medium
CUST02130,5233.2,5233.2,1,2024-11-15,2024-11-15,1,2024-09-08,Uttar Pradesh,Paid Search,65,F,5233.2,0.9677419354838709,Very Low
CUST02131,39488.979999999996,13162.993333333332,3,2024-05-07,2024-12-18,226,2024-04-07,Uttar Pradesh,Paid Search,49,M,39488.979999999996,0.3515625,Low
CUST02132,74523.36,24841.12,3,2024-06-11,2024-12-22,195,2023-01-02,Karnataka,Direct,44,Other,74523.36,0.4,Medium
CUST02134,22249.83,11124.915,2,2024-04-04,2024-11-26,237,2024-02-12,Delhi,Paid Search,63,M,22249.83,0.2247191011235955,Low
CUST02136,56358.41,28179.205,2,2023-10-10,2024-04-25,199,2023-06-19,Rajasthan,Paid Search,29,M,56358.41,0.26200873362445415,Medium
CUST02137,145303.57,72651.785,2,2024-04-29,2024-11-16,202,2024-03-17,Maharashtra,Paid Search,30,F,145303.57,0.25862068965517243,Very High
CUST02142,42623.32,42623.32,1,2024-10-17,2024-10-17,1,2024-06-22,Maharashtra,Social Media,18,Other,42623.32,0.9677419354838709,Low
CUST02143,81031.4,81031.4,1,2023-09-03,2023-09-03,1,2023-03-08,Maharashtra,Paid Search,51,M,81031.4,0.9677419354838709,High
CUST02144,125879.51999999999,31469.879999999997,4,2023-07-20,2024-05-18,304,2023-06-30,West Bengal,Referral,48,F,125879.51999999999,0.3592814371257485,High
CUST02145,32963.49,32963.49,1,2024-03-16,2024-03-16,1,2023-06-25,West Bengal,Social Media,61,F,32963.49,0.9677419354838709,Low
CUST02148,77003.54999999999,19250.887499999997,4,2023-09-05,2024-06-11,281,2023-06-27,Maharashtra,Direct,43,Other,77003.54999999999,0.3858520900321543,High
CUST02150,20266.22,20266.22,1,2024-12-16,2024-12-16,1,2024-11-20,Uttar Pradesh,Paid Search,41,F,20266.22,0.9677419354838709,Low
CUST02151,2250.17,2250.17,1,2023-12-16,2023-12-16,1,2023-06-29,Rajasthan,Referral,60,M,2250.17,0.9677419354838709,Very Low
CUST02152,102855.18,34285.06,3,2024-05-19,2024-08-14,88,2023-10-10,Maharashtra,Social Media,19,Other,102855.18,0.7627118644067797,High
CUST02154,22713.56,22713.56,1,2024-02-13,2024-02-13,1,2023-06-02,Rajasthan,Email,49,F,22713.56,0.9677419354838709,Low
CUST02157,17210.51,17210.51,1,2023-11-28,2023-11-28,1,2023-07-14,Tamil Nadu,Paid Search,51,Other,17210.51,0.9677419354838709,Low
CUST02159,22893.16,11446.58,2,2023-09-19,2024-01-12,116,2023-07-10,Rajasthan,Referral,25,F,22893.16,0.410958904109589,Low
CUST02161,142314.41,23719.068333333333,6,2024-01-16,2024-11-18,308,2023-12-23,Karnataka,Referral,63,M,142314.41,0.5325443786982248,High
CUST02165,130060.96,65030.48,2,2024-08-20,2024-09-18,30,2024-05-12,Tamil Nadu,Email,22,Other,130060.96,1.0,High
CUST02167,254570.9,50914.18,5,2024-07-06,2024-11-30,148,2024-06-07,West Bengal,Paid Search,32,F,254570.9,0.8426966292134831,Very High
CUST02168,29280.079999999998,7320.0199999999995,4,2024-12-06,2024-12-30,25,2024-10-27,Karnataka,Organic,25,M,29280.079999999998,2.1818181818181817,Low
CUST02170,7019.46,7019.46,1,2024-05-12,2024-05-12,1,2024-03-23,Karnataka,Social Media,26,F,7019.46,0.9677419354838709,Very Low
CUST02174,1619.65,1619.65,1,2024-03-16,2024-03-16,1,2023-06-10,Rajasthan,Paid Search,36,M,1619.65,0.9677419354838709,Very Low
CUST02176,87732.02,87732.02,1,2024-08-27,2024-08-27,1,2024-02-07,Uttar Pradesh,Direct,60,Other,87732.02,0.9677419354838709,High
CUST02177,16031.97,8015.985,2,2024-05-19,2024-07-02,45,2024-03-08,Maharashtra,Social Media,37,Other,16031.97,0.8,Very Low
CUST02178,371985.49,53140.78428571428,7,2023-11-09,2024-11-03,361,2023-03-23,Karnataka,Direct,54,F,371985.49,0.5370843989769821,Very High
CUST02180,48454.67,24227.335,2,2024-12-09,2024-12-09,1,2024-01-19,Maharashtra,Paid Search,63,M,48454.67,1.9354838709677418,Medium
CUST02181,24669.030000000002,24669.030000000002,1,2024-07-06,2024-07-06,1,2023-03-28,Tamil Nadu,Direct,21,M,24669.030000000002,0.9677419354838709,Low
CUST02183,23302.300000000003,11651.150000000001,2,2024-10-25,2024-10-30,6,2024-10-06,Delhi,Email,43,F,23302.300000000003,1.6666666666666667,Low
CUST02184,43986.88,43986.88,1,2024-04-06,2024-04-06,1,2023-06-12,West Bengal,Social Media,43,F,43986.88,0.9677419354838709,Medium
CUST02187,195022.43,48755.6075,4,2023-08-07,2024-08-31,391,2023-08-01,Delhi,Email,21,Other,195022.43,0.2850356294536817,Very High
CUST02189,171398.54,57132.84666666667,3,2024-02-09,2024-11-12,278,2023-12-08,Delhi,Direct,48,F,171398.54,0.2922077922077922,Very High
CUST02190,3431.73,1715.865,2,2024-09-14,2024-10-22,39,2024-09-01,Delhi,Paid Search,65,M,3431.73,0.8695652173913044,Very Low
CUST02191,75225.44,18806.36,4,2024-12-22,2024-12-30,9,2024-12-20,Maharashtra,Direct,54,M,75225.44,3.0769230769230766,Medium
CUST02193,18062.16,18062.16,1,2024-12-21,2024-12-21,1,2023-05-24,Maharashtra,Social Media,48,M,18062.16,0.9677419354838709,Low
CUST02194,26982.5,26982.5,1,2024-07-14,2024-07-14,1,2024-04-24,Maharashtra,Email,59,F,26982.5,0.9677419354838709,Low
CUST02195,40639.97,8127.994000000001,5,2024-10-14,2024-12-24,72,2024-10-08,West Bengal,Direct,64,F,40639.97,1.4705882352941178,Low
CUST02197,76793.65000000001,76793.65000000001,1,2024-11-29,2024-11-29,1,2024-11-20,Rajasthan,Direct,56,M,76793.65000000001,0.9677419354838709,High
CUST02200,46581.85,23290.925,2,2024-07-28,2024-08-01,5,2024-01-17,Maharashtra,Organic,23,M,46581.85,1.7142857142857142,Medium
CUST02201,21179.48,21179.48,1,2024-12-24,2024-12-24,1,2024-07-03,Rajasthan,Direct,50,M,21179.48,0.9677419354838709,Low
CUST02203,65068.48,21689.493333333336,3,2024-08-04,2024-11-03,92,2024-07-03,Uttar Pradesh,Direct,24,Other,65068.48,0.7377049180327869,Medium
CUST02204,49340.869999999995,49340.869999999995,1,2023-03-27,2023-03-27,1,2023-01-14,Delhi,Referral,59,Other,49340.869999999995,0.9677419354838709,Medium
CUST02207,25700.44,25700.44,1,2024-09-25,2024-09-25,1,2023-01-25,West Bengal,Referral,53,Other,25700.44,0.9677419354838709,Low
CUST02208,39914.42,39914.42,1,2024-11-13,2024-11-13,1,2024-07-17,Rajasthan,Email,55,Other,39914.42,0.9677419354838709,Low
CUST02209,15076.68,7538.34,2,2024-07-28,2024-12-04,130,2023-09-02,Karnataka,Direct,25,M,15076.68,0.375,Very Low
CUST02210,34094.93,11364.976666666667,3,2024-12-10,2024-12-21,12,2024-12-06,Delhi,Email,46,F,34094.93,2.142857142857143,Low
CUST02211,214411.6,42882.32,5,2023-10-29,2024-12-10,409,2023-09-03,Karnataka,Paid Search,54,M,214411.6,0.3416856492027335,Very High
CUST02212,21442.15,7147.383333333334,3,2024-05-02,2024-08-04,95,2024-04-10,Delhi,Email,34,M,21442.15,0.7200000000000001,Low
CUST02213,26092.670000000002,26092.670000000002,1,2024-12-29,2024-12-29,1,2024-11-20,Karnataka,Email,37,F,26092.670000000002,0.9677419354838709,Low
CUST02214,188425.47999999998,31404.246666666662,6,2023-05-31,2024-12-20,570,2023-05-02,Delhi,Direct,18,M,188425.47999999998,0.3,Very High
CUST02215,54413.1,54413.1,1,2024-05-23,2024-05-23,1,2024-03-16,Uttar Pradesh,Email,36,Other,54413.1,0.9677419354838709,Medium
CUST02216,187789.8,93894.9,2,2023-06-22,2023-11-20,152,2023-06-06,Rajasthan,Email,49,Other,187789.8,0.32967032967032966,Very High
CUST02217,29283.870000000003,9761.29,3,2024-02-24,2024-08-16,175,2023-06-21,Gujarat,Social Media,56,Other,29283.870000000003,0.43902439024390244,Low
CUST02219,14708.28,14708.28,1,2024-12-22,2024-12-22,1,2024-12-02,Tamil Nadu,Paid Search,27,F,14708.28,0.9677419354838709,Very Low
CUST02220,83678.93,41839.465,2,2024-06-24,2024-08-23,61,2024-04-28,Tamil Nadu,Email,53,M,83678.93,0.6593406593406593,High
CUST02222,37826.880000000005,18913.440000000002,2,2023-12-24,2024-03-31,99,2023-06-10,West Bengal,Email,34,F,37826.880000000005,0.46511627906976744,Low
CUST02224,271101.75,54220.35,5,2024-07-09,2024-12-11,156,2024-05-14,Uttar Pradesh,Referral,62,M,271101.75,0.8064516129032258,Very High
CUST02225,82199.79000000001,41099.895000000004,2,2024-12-13,2024-12-23,11,2024-12-13,Tamil Nadu,Direct,64,F,82199.79000000001,1.4634146341463414,High
CUST02226,513.44,513.44,1,2024-11-19,2024-11-19,1,2023-05-27,Tamil Nadu,Social Media,54,Other,513.44,0.9677419354838709,Very Low
CUST02227,105287.53,105287.53,1,2023-10-29,2023-10-29,1,2023-08-17,Delhi,Paid Search,38,F,105287.53,0.9677419354838709,High
CUST02229,23038.36,23038.36,1,2024-03-13,2024-03-13,1,2023-10-17,Uttar Pradesh,Email,25,Other,23038.36,0.9677419354838709,Low
CUST02231,56309.92,56309.92,1,2024-06-19,2024-06-19,1,2023-02-24,Gujarat,Social Media,27,M,56309.92,0.9677419354838709,Medium
CUST02232,15232.550000000001,15232.550000000001,1,2023-10-10,2023-10-10,1,2023-05-13,Uttar Pradesh,Organic,42,M,15232.550000000001,0.9677419354838709,Very Low
CUST02234,91448.35,91448.35,1,2024-02-21,2024-02-21,1,2023-11-09,Uttar Pradesh,Referral,24,Other,91448.35,0.9677419354838709,High
CUST02238,69684.16,69684.16,1,2024-12-27,2024-12-27,1,2024-12-22,West Bengal,Email,26,F,69684.16,0.9677419354838709,Medium
CUST02240,11134.88,5567.44,2,2024-12-24,2024-12-25,2,2024-11-01,Delhi,Referral,54,Other,11134.88,1.875,Very Low
CUST02241,12643.74,6321.87,2,2024-04-11,2024-05-28,48,2023-10-25,Uttar Pradesh,Direct,58,F,12643.74,0.7692307692307692,Very Low
CUST02242,31047.05,10349.016666666666,3,2024-07-16,2024-09-16,63,2023-08-05,Tamil Nadu,Email,44,Other,31047.05,0.9677419354838709,Low
CUST02246,14552.92,14552.92,1,2024-01-31,2024-01-31,1,2023-10-25,West Bengal,Organic,58,M,14552.92,0.9677419354838709,Very Low
CUST02247,2579.21,2579.21,1,2024-05-10,2024-05-10,1,2023-12-20,Karnataka,Paid Search,23,M,2579.21,0.9677419354838709,Very Low
CUST02250,6428.59,6428.59,1,2024-07-26,2024-07-26,1,2024-01-09,Delhi,Referral,50,Other,6428.59,0.9677419354838709,Very Low
CUST02252,25898.72,25898.72,1,2024-04-17,2024-04-17,1,2023-09-17,Maharashtra,Referral,62,Other,25898.72,0.9677419354838709,Low
CUST02253,341209.91,170604.955,2,2024-10-19,2024-12-17,60,2023-09-21,Gujarat,Direct,60,Other,341209.91,0.6666666666666666,Very High
CUST02254,83953.73999999999,41976.869999999995,2,2024-12-19,2024-12-21,3,2024-11-01,Maharashtra,Referral,28,Other,83953.73999999999,1.8181818181818181,High
CUST02255,26684.99,26684.99,1,2024-02-19,2024-02-19,1,2024-02-14,Tamil Nadu,Organic,41,M,26684.99,0.9677419354838709,Low
CUST02256,149120.03,24853.338333333333,6,2023-12-31,2024-11-27,333,2023-12-04,Gujarat,Referral,49,F,149120.03,0.49586776859504134,Very High
CUST02259,45876.28999999999,22938.144999999997,2,2023-08-21,2024-03-21,214,2023-08-20,Rajasthan,Social Media,31,M,45876.28999999999,0.24590163934426232,Medium
CUST02260,94807.04999999999,47403.524999999994,2,2024-08-27,2024-08-31,5,2024-01-11,West Bengal,Social Media,59,Other,94807.04999999999,1.7142857142857142,High
CUST02261,157441.18,78720.59,2,2024-11-08,2024-11-13,6,2024-07-21,Maharashtra,Email,49,M,157441.18,1.6666666666666667,Very High
CUST02268,7730.93,7730.93,1,2024-12-20,2024-12-20,1,2024-10-17,Gujarat,Social Media,45,M,7730.93,0.9677419354838709,Very Low
CUST02272,4966.92,4966.92,1,2024-11-04,2024-11-04,1,2024-09-25,Tamil Nadu,Organic,26,F,4966.92,0.9677419354838709,Very Low
CUST02273,659719.0499999999,73302.11666666665,9,2024-07-17,2024-12-29,166,2024-07-14,West Bengal,Organic,28,Other,659719.0499999999,1.3775510204081634,Very High
CUST02275,4679.07,4679.07,1,2024-11-01,2024-11-01,1,2023-03-01,West Bengal,Email,49,Other,4679.07,0.9677419354838709,Very Low
CUST02277,147312.97,49104.323333333334,3,2023-07-14,2024-03-21,252,2023-06-22,West Bengal,Organic,24,M,147312.97,0.3191489361702127,Very High
CUST02279,103024.43000000001,51512.215000000004,2,2023-11-20,2024-09-25,311,2023-03-17,Tamil Nadu,Direct,39,F,103024.43000000001,0.1759530791788856,High
CUST02282,65770.42,32885.21,2,2023-12-22,2024-09-03,257,2023-11-14,Delhi,Paid Search,35,M,65770.42,0.20905923344947736,Medium
CUST02283,155990.58000000002,51996.86000000001,3,2023-05-09,2024-07-30,449,2023-02-04,Uttar Pradesh,Paid Search,60,F,155990.58000000002,0.18789144050104384,Very High
CUST02285,16321.84,5440.613333333334,3,2024-11-26,2024-12-16,21,2023-10-24,Delhi,Email,58,Other,16321.84,1.7647058823529411,Very Low
CUST02288,114248.76,57124.38,2,2024-04-08,2024-10-26,202,2023-05-29,Maharashtra,Paid Search,23,M,114248.76,0.25862068965517243,High
CUST02289,211802.71000000002,52950.677500000005,4,2023-07-13,2024-12-12,519,2023-05-31,West Bengal,Email,37,Other,211802.71000000002,0.2185792349726776,Very High
CUST02290,62908.61,62908.61,1,2024-11-22,2024-11-22,1,2024-01-08,Tamil Nadu,Social Media,45,F,62908.61,0.9677419354838709,Medium
CUST02291,199230.47999999998,99615.23999999999,2,2024-07-31,2024-10-24,86,2024-06-12,Maharashtra,Referral,59,M,199230.47999999998,0.5172413793103449,Very High
CUST02292,97935.73999999999,97935.73999999999,1,2024-11-28,2024-11-28,1,2024-05-26,Uttar Pradesh,Social Media,41,F,97935.73999999999,0.9677419354838709,High
CUST02295,28920.37,9640.123333333333,3,2024-07-25,2024-12-01,130,2024-05-27,Gujarat,Social Media,48,F,28920.37,0.5625,Low
CUST02296,144611.0,28922.2,5,2024-01-29,2024-10-27,273,2024-01-22,Karnataka,Paid Search,34,F,144611.0,0.49504950495049505,Very High
CUST02299,106238.06,53119.03,2,2024-03-18,2024-10-31,228,2024-02-24,Gujarat,Social Media,65,Other,106238.06,0.23255813953488372,High
CUST02311,31033.010000000002,31033.010000000002,1,2024-03-01,2024-03-01,1,2023-07-22,Karnataka,Referral,50,F,31033.010000000002,0.9677419354838709,Low
CUST02313,42903.58,42903.58,1,2024-08-28,2024-08-28,1,2024-03-17,Delhi,Paid Search,54,M,42903.58,0.9677419354838709,Low
CUST02315,17544.84,17544.84,1,2024-08-02,2024-08-02,1,2023-05-28,Uttar Pradesh,Paid Search,36,Other,17544.84,0.9677419354838709,Low
CUST02316,152198.35,38049.5875,4,2024-05-19,2024-12-13,209,2024-04-18,Uttar Pradesh,Organic,28,M,152198.35,0.502092050209205,Very High
CUST02317,36062.55,36062.55,1,2024-09-07,2024-09-07,1,2023-02-23,Maharashtra,Paid Search,36,M,36062.55,0.9677419354838709,Low
CUST02319,13364.61,13364.61,1,2024-10-11,2024-10-11,1,2024-10-11,Tamil Nadu,Email,25,M,13364.61,0.9677419354838709,Very Low
CUST02320,104762.87,52381.435,2,2023-12-22,2024-06-19,181,2023-10-06,Gujarat,Email,41,F,104762.87,0.2843601895734597,High
CUST02324,51004.240000000005,25502.120000000003,2,2024-06-09,2024-10-10,124,2024-06-03,Uttar Pradesh,Social Media,19,Other,51004.240000000005,0.3896103896103896,Medium
CUST02325,68602.08,68602.08,1,2024-06-16,2024-06-16,1,2024-03-08,Karnataka,Direct,62,F,68602.08,0.9677419354838709,Medium
CUST02327,34595.97,34595.97,1,2024-11-12,2024-11-12,1,2023-12-29,Tamil Nadu,Paid Search,38,F,34595.97,0.9677419354838709,Low
CUST02329,58128.02,58128.02,1,2024-09-20,2024-09-20,1,2024-09-13,Rajasthan,Direct,64,F,58128.02,0.9677419354838709,Medium
CUST02330,166923.56,55641.18666666667,3,2024-07-15,2024-08-13,30,2023-08-27,Gujarat,Referral,23,F,166923.56,1.5,Very High
CUST02331,226274.23,75424.74333333333,3,2024-09-02,2024-12-29,119,2024-08-22,Delhi,Paid Search,29,M,226274.23,0.6040268456375839,Very High
CUST02332,2076.95,2076.95,1,2024-10-01,2024-10-01,1,2024-03-03,Rajasthan,Paid Search,59,F,2076.95,0.9677419354838709,Very Low
CUST02335,71781.76,71781.76,1,2024-11-18,2024-11-18,1,2024-08-25,Tamil Nadu,Direct,43,M,71781.76,0.9677419354838709,Medium
CUST02338,15635.08,15635.08,1,2024-12-08,2024-12-08,1,2024-11-20,Maharashtra,Paid Search,23,F,15635.08,0.9677419354838709,Very Low
CUST02339,194556.39,32426.065000000002,6,2023-06-19,2024-10-21,491,2023-02-21,Delhi,Organic,24,Other,194556.39,0.345489443378119,Very High
CUST02340,3149.43,1574.715,2,2024-11-14,2024-11-28,15,2024-11-04,Gujarat,Organic,30,M,3149.43,1.3333333333333333,Very Low
CUST02343,61848.42,61848.42,1,2023-05-03,2023-05-03,1,2023-01-24,Uttar Pradesh,Email,25,M,61848.42,0.9677419354838709,Medium
CUST02344,101028.73000000001,50514.365000000005,2,2024-06-27,2024-10-30,126,2024-04-26,Maharashtra,Email,36,M,101028.73000000001,0.3846153846153846,High
CUST02345,48696.84,24348.42,2,2024-01-12,2024-01-28,17,2023-09-11,West Bengal,Organic,32,M,48696.84,1.2765957446808511,Medium
CUST02347,32245.29,32245.29,1,2024-07-01,2024-07-01,1,2023-01-26,Uttar Pradesh,Direct,42,Other,32245.29,0.9677419354838709,Low
CUST02349,5643.31,5643.31,1,2023-09-10,2023-09-10,1,2023-06-28,Karnataka,Social Media,22,Other,5643.31,0.9677419354838709,Very Low
CUST02351,49864.06999999999,49864.06999999999,1,2024-04-22,2024-04-22,1,2024-03-27,Delhi,Referral,51,F,49864.06999999999,0.9677419354838709,Medium
CUST02353,28427.0,14213.5,2,2024-04-25,2024-06-03,40,2023-06-08,Uttar Pradesh,Social Media,40,M,28427.0,0.8571428571428572,Low
CUST02354,113242.14,56621.07,2,2024-10-24,2024-12-02,40,2024-10-20,Uttar Pradesh,Direct,41,F,113242.14,0.8571428571428572,High
CUST02355,14173.6,14173.6,1,2024-02-23,2024-02-23,1,2024-01-30,Karnataka,Paid Search,59,M,14173.6,0.9677419354838709,Very Low
CUST02359,278478.32999999996,55695.66599999999,5,2023-11-15,2024-12-06,388,2023-08-07,Delhi,Social Media,38,F,278478.32999999996,0.3588516746411483,Very High
CUST02361,213164.07,53291.0175,4,2023-04-14,2024-03-01,323,2023-03-26,Gujarat,Direct,33,F,213164.07,0.3399433427762039,Very High
CUST02363,5346.64,5346.64,1,2024-06-05,2024-06-05,1,2023-04-27,Tamil Nadu,Organic,55,Other,5346.64,0.9677419354838709,Very Low
CUST02365,55272.479999999996,55272.479999999996,1,2024-10-08,2024-10-08,1,2023-09-15,Gujarat,Paid Search,19,F,55272.479999999996,0.9677419354838709,Medium
CUST02367,83286.53,27762.176666666666,3,2023-10-09,2024-12-03,422,2023-05-15,Gujarat,Social Media,47,M,83286.53,0.19911504424778761,High
CUST02371,65158.99,65158.99,1,2024-03-23,2024-03-23,1,2023-03-12,Maharashtra,Organic,60,Other,65158.99,0.9677419354838709,Medium
CUST02374,112287.12,28071.78,4,2024-03-12,2024-10-02,205,2023-03-23,Karnataka,Email,44,M,112287.12,0.5106382978723405,High
CUST02376,50039.93,16679.976666666666,3,2024-01-28,2024-03-21,54,2023-10-07,Uttar Pradesh,Referral,64,F,50039.93,1.0714285714285714,Medium
CUST02384,52755.73,26377.865,2,2023-05-18,2023-09-25,131,2023-03-01,West Bengal,Direct,53,Other,52755.73,0.3726708074534162,Medium
CUST02385,4011.3,4011.3,1,2024-11-20,2024-11-20,1,2024-11-19,Karnataka,Referral,48,F,4011.3,0.9677419354838709,Very Low
CUST02386,1160.39,1160.39,1,2023-02-27,2023-02-27,1,2023-01-13,West Bengal,Paid Search,21,F,1160.39,0.9677419354838709,Very Low
CUST02387,8478.9,8478.9,1,2023-05-26,2023-05-26,1,2023-05-02,West Bengal,Social Media,24,M,8478.9,0.9677419354838709,Very Low
CUST02388,2473.8,2473.8,1,2024-11-02,2024-11-02,1,2024-09-20,Karnataka,Email,39,M,2473.8,0.9677419354838709,Very Low
CUST02390,14817.14,14817.14,1,2023-06-04,2023-06-04,1,2023-02-19,Karnataka,Email,18,F,14817.14,0.9677419354838709,Very Low
CUST02391,105474.14000000001,35158.04666666667,3,2024-09-19,2024-11-18,61,2024-09-07,Tamil Nadu,Paid Search,58,M,105474.14000000001,0.989010989010989,High
CUST02393,149651.13,49883.71,3,2023-07-06,2024-12-16,530,2023-05-12,Maharashtra,Referral,20,M,149651.13,0.1607142857142857,Very High
CUST02394,27735.43,27735.43,1,2024-10-19,2024-10-19,1,2023-04-01,Gujarat,Social Media,18,F,27735.43,0.9677419354838709,Low
CUST02396,22307.44,22307.44,1,2024-06-08,2024-06-08,1,2024-02-05,West Bengal,Paid Search,62,Other,22307.44,0.9677419354838709,Low
CUST02397,544.46,544.46,1,2024-12-03,2024-12-03,1,2024-02-09,Karnataka,Referral,65,Other,544.46,0.9677419354838709,Very Low
CUST02398,474.73,474.73,1,2024-01-07,2024-01-07,1,2023-06-14,Karnataka,Paid Search,19,Other,474.73,0.9677419354838709,Very Low
CUST02399,50027.89,25013.945,2,2023-10-24,2023-12-09,47,2023-04-06,West Bengal,Email,20,F,50027.89,0.7792207792207793,Medium
CUST02401,29854.72,29854.72,1,2023-06-12,2023-06-12,1,2023-03-31,Karnataka,Paid Search,31,Other,29854.72,0.9677419354838709,Low
CUST02403,112844.01,37614.67,3,2024-11-12,2024-12-14,33,2024-10-19,Gujarat,Paid Search,39,F,112844.01,1.4285714285714286,High
CUST02404,86731.95000000001,43365.975000000006,2,2024-09-26,2024-10-03,8,2024-03-21,Gujarat,Referral,20,Other,86731.95000000001,1.5789473684210527,High
CUST02405,182843.93,60947.97666666666,3,2024-06-20,2024-11-23,157,2024-01-09,West Bengal,Paid Search,57,Other,182843.93,0.48128342245989303,Very High
CUST02407,4242.99,4242.99,1,2024-11-10,2024-11-10,1,2024-02-20,Karnataka,Paid Search,37,Other,4242.99,0.9677419354838709,Very Low
CUST02409,23867.149999999998,23867.149999999998,1,2024-08-05,2024-08-05,1,2023-07-23,Delhi,Paid Search,22,F,23867.149999999998,0.9677419354838709,Low
CUST02410,21369.22,21369.22,1,2024-12-03,2024-12-03,1,2024-12-02,Gujarat,Organic,22,M,21369.22,0.9677419354838709,Low
CUST02412,73615.35,73615.35,1,2024-10-01,2024-10-01,1,2024-07-08,Delhi,Email,49,M,73615.35,0.9677419354838709,Medium
CUST02415,120105.2,40035.066666666666,3,2024-03-24,2024-12-14,266,2024-02-01,Gujarat,Organic,61,F,120105.2,0.30405405405405406,High
CUST02418,65022.79,65022.79,1,2024-04-04,2024-04-04,1,2023-08-15,Maharashtra,Organic,36,F,65022.79,0.9677419354838709,Medium
CUST02420,194462.66,97231.33,2,2024-05-04,2024-06-04,32,2023-05-13,Rajasthan,Organic,40,F,194462.66,0.9677419354838711,Very High
CUST02421,27483.159999999996,13741.579999999998,2,2024-09-14,2024-10-19,36,2024-08-20,Rajasthan,Email,47,M,27483.159999999996,0.9090909090909091,Low
CUST02422,97001.61,97001.61,1,2023-12-11,2023-12-11,1,2023-04-26,Karnataka,Direct,24,F,97001.61,0.9677419354838709,High
CUST02426,87801.64,43900.82,2,2023-12-16,2024-09-03,263,2023-05-20,Delhi,Paid Search,58,M,87801.64,0.20477815699658702,High
CUST02427,64942.46,64942.46,1,2024-10-30,2024-10-30,1,2024-06-29,Gujarat,Organic,56,F,64942.46,0.9677419354838709,Medium
CUST02428,5664.9,5664.9,1,2024-10-10,2024-10-10,1,2024-07-28,Maharashtra,Referral,48,M,5664.9,0.9677419354838709,Very Low
CUST02430,73387.79000000001,73387.79000000001,1,2024-10-09,2024-10-09,1,2024-07-12,Uttar Pradesh,Direct,29,M,73387.79000000001,0.9677419354838709,Medium
CUST02431,3135.26,3135.26,1,2023-03-10,2023-03-10,1,2023-01-20,Delhi,Social Media,43,M,3135.26,0.9677419354838709,Very Low
CUST02435,314166.82,104722.27333333333,3,2023-12-30,2024-06-09,163,2023-11-22,Tamil Nadu,Referral,48,F,314166.82,0.46632124352331605,Very High
CUST02436,1249.26,1249.26,1,2024-02-17,2024-02-17,1,2023-12-02,Delhi,Social Media,62,Other,1249.26,0.9677419354838709,Very Low
CUST02437,161820.11000000002,80910.05500000001,2,2024-03-20,2024-05-30,72,2024-01-06,West Bengal,Email,56,M,161820.11000000002,0.5882352941176471,Very High
CUST02438,11165.61,5582.805,2,2024-09-19,2024-12-03,76,2024-08-17,Karnataka,Direct,55,Other,11165.61,0.5660377358490566,Very Low
CUST02439,2135.86,2135.86,1,2024-03-09,2024-03-09,1,2023-05-15,Delhi,Direct,64,Other,2135.86,0.9677419354838709,Very Low
CUST02440,26134.629999999997,13067.314999999999,2,2023-11-15,2024-09-08,299,2023-10-24,Gujarat,Paid Search,47,M,26134.629999999997,0.182370820668693,Low
CUST02445,215315.84,71771.94666666667,3,2024-10-21,2024-11-24,35,2024-10-06,Delhi,Paid Search,40,M,215315.84,1.3846153846153844,Very High
CUST02446,6125.74,6125.74,1,2024-12-30,2024-12-30,1,2024-12-24,Tamil Nadu,Email,18,F,6125.74,0.9677419354838709,Very Low
CUST02449,58959.01,58959.01,1,2023-03-16,2023-03-16,1,2023-02-19,West Bengal,Social Media,40,Other,58959.01,0.9677419354838709,Medium
CUST02450,42220.84,21110.42,2,2023-02-26,2024-10-08,591,2023-01-21,West Bengal,Organic,29,F,42220.84,0.0966183574879227,Low
CUST02454,50268.45,50268.45,1,2024-03-08,2024-03-08,1,2023-10-12,Karnataka,Organic,59,M,50268.45,0.9677419354838709,Medium
CUST02457,164591.11000000002,32918.222,5,2024-02-07,2024-12-09,307,2023-10-18,Maharashtra,Social Media,44,M,164591.11000000002,0.4451038575667656,Very High
CUST02463,205051.91,41010.382,5,2024-10-19,2024-11-20,33,2024-10-07,Maharashtra,Paid Search,41,Other,205051.91,2.380952380952381,Very High
CUST02466,5011.53,5011.53,1,2024-06-16,2024-06-16,1,2023-09-04,West Bengal,Email,45,M,5011.53,0.9677419354838709,Very Low
CUST02467,1490.35,1490.35,1,2024-04-05,2024-04-05,1,2023-04-09,West Bengal,Referral,38,Other,1490.35,0.9677419354838709,Very Low
CUST02468,22689.260000000002,11344.630000000001,2,2024-12-18,2024-12-21,4,2024-12-18,Delhi,Paid Search,24,Other,22689.260000000002,1.7647058823529411,Low
CUST02470,9112.81,9112.81,1,2024-07-22,2024-07-22,1,2023-02-17,Uttar Pradesh,Paid Search,38,M,9112.81,0.9677419354838709,Very Low
CUST02471,124118.08,62059.04,2,2024-10-08,2024-11-22,46,2024-08-26,Karnataka,Organic,45,M,124118.08,0.7894736842105263,High
CUST02475,23593.95,23593.95,1,2024-08-20,2024-08-20,1,2023-12-23,Delhi,Direct,32,F,23593.95,0.9677419354838709,Low
CUST02479,126671.96,31667.99,4,2024-03-27,2024-12-02,251,2023-10-30,Karnataka,Email,25,M,126671.96,0.4270462633451957,High
CUST02481,67396.74,67396.74,1,2024-06-08,2024-06-08,1,2023-02-19,Karnataka,Social Media,31,F,67396.74,0.9677419354838709,Medium
CUST02482,35815.17,17907.585,2,2024-02-20,2024-11-15,270,2024-01-26,Karnataka,Organic,44,M,35815.17,0.2,Low
CUST02485,3518.5,3518.5,1,2024-09-29,2024-09-29,1,2023-07-11,Delhi,Social Media,18,M,3518.5,0.9677419354838709,Very Low
CUST02489,61516.450000000004,61516.450000000004,1,2024-04-19,2024-04-19,1,2023-01-09,Maharashtra,Email,27,M,61516.450000000004,0.9677419354838709,Medium
CUST02490,57461.23,57461.23,1,2024-03-08,2024-03-08,1,2023-11-10,Gujarat,Paid Search,19,F,57461.23,0.9677419354838709,Medium
CUST02495,305645.49,101881.83,3,2024-06-09,2024-12-19,194,2023-12-30,West Bengal,Social Media,29,M,305645.49,0.4017857142857143,Very High
CUST02497,42039.96,42039.96,1,2024-04-28,2024-04-28,1,2023-09-08,Uttar Pradesh,Paid Search,64,F,42039.96,0.9677419354838709,Low
CUST02500,11924.529999999999,5962.264999999999,2,2024-08-25,2024-12-18,116,2024-07-13,West Bengal,Paid Search,54,F,11924.529999999999,0.410958904109589,Very Low
CUST02501,239592.57,39932.095,6,2023-12-23,2024-12-30,374,2023-11-30,Gujarat,Organic,46,M,239592.57,0.44554455445544555,Very High
CUST02502,39287.51,19643.755,2,2024-07-25,2024-10-30,98,2024-04-05,Maharashtra,Social Media,55,F,39287.51,0.46875,Low
CUST02505,93553.58000000002,23388.395000000004,4,2023-12-25,2024-10-09,290,2023-09-19,West Bengal,Social Media,33,M,93553.58000000002,0.375,High
CUST02507,71347.41,35673.705,2,2024-11-14,2024-11-27,14,2024-10-09,Gujarat,Organic,38,Other,71347.41,1.3636363636363635,Medium
CUST02508,96400.68,48200.34,2,2023-09-18,2024-02-02,138,2023-04-11,Maharashtra,Social Media,31,F,96400.68,0.35714285714285715,High
CUST02510,14104.11,14104.11,1,2024-12-28,2024-12-28,1,2024-12-06,Uttar Pradesh,Paid Search,51,M,14104.11,0.9677419354838709,Very Low
CUST02511,55414.19,18471.396666666667,3,2024-11-29,2024-12-22,24,2023-02-15,Karnataka,Social Media,63,Other,55414.19,1.6666666666666665,Medium
CUST02513,25185.36,25185.36,1,2024-06-08,2024-06-08,1,2023-07-02,West Bengal,Social Media,30,M,25185.36,0.9677419354838709,Low
CUST02514,6116.28,3058.14,2,2024-02-26,2024-11-02,251,2023-09-17,Maharashtra,Referral,20,F,6116.28,0.21352313167259784,Very Low
CUST02516,71384.29000000001,23794.763333333336,3,2024-12-03,2024-12-28,26,2024-12-03,Gujarat,Referral,33,Other,71384.29000000001,1.6071428571428572,Medium
CUST02517,92855.31999999999,30951.77333333333,3,2024-07-24,2024-12-10,140,2024-04-18,Maharashtra,Organic,59,Other,92855.31999999999,0.5294117647058824,High
CUST02518,60551.0,20183.666666666668,3,2024-09-17,2024-11-20,65,2024-07-19,Maharashtra,Social Media,26,F,60551.0,0.9473684210526316,Medium
CUST02519,41345.71,41345.71,1,2024-05-27,2024-05-27,1,2023-02-18,Maharashtra,Email,20,F,41345.71,0.9677419354838709,Low
CUST02520,67937.72,67937.72,1,2024-12-28,2024-12-28,1,2024-11-22,Maharashtra,Referral,24,F,67937.72,0.9677419354838709,Medium
CUST02521,36999.76,12333.253333333334,3,2023-09-02,2024-11-22,448,2023-03-06,Uttar Pradesh,Social Media,40,F,36999.76,0.18828451882845187,Low
CUST02523,75696.72,18924.18,4,2024-11-17,2024-12-20,34,2024-11-11,Maharashtra,Social Media,62,F,75696.72,1.875,Medium
CUST02524,188174.5,94087.25,2,2024-09-20,2024-11-30,72,2024-09-08,Rajasthan,Organic,41,Other,188174.5,0.5882352941176471,Very High
CUST02525,1020.83,1020.83,1,2024-07-02,2024-07-02,1,2024-01-24,Karnataka,Paid Search,21,M,1020.83,0.9677419354838709,Very Low
CUST02526,63792.88,63792.88,1,2024-06-21,2024-06-21,1,2023-09-27,Delhi,Social Media,62,Other,63792.88,0.9677419354838709,Medium
CUST02527,291078.69,97026.23,3,2023-12-03,2024-11-22,356,2023-06-10,West Bengal,Paid Search,23,M,291078.69,0.23316062176165803,Very High
CUST02529,46907.15,46907.15,1,2024-02-14,2024-02-14,1,2023-02-10,Uttar Pradesh,Organic,21,F,46907.15,0.9677419354838709,Medium
CUST02530,32361.4,16180.7,2,2023-06-23,2024-01-09,201,2023-03-15,Karnataka,Social Media,62,Other,32361.4,0.2597402597402597,Low
CUST02532,1048.43,1048.43,1,2024-07-13,2024-07-13,1,2024-05-18,Rajasthan,Paid Search,38,M,1048.43,0.9677419354838709,Very Low
CUST02533,72554.35,72554.35,1,2024-02-21,2024-02-21,1,2023-09-27,West Bengal,Direct,25,Other,72554.35,0.9677419354838709,Medium
CUST02534,60169.22,20056.406666666666,3,2023-12-15,2024-10-06,297,2023-12-07,Tamil Nadu,Referral,60,F,60169.22,0.27522935779816515,Medium
CUST02535,24729.74,24729.74,1,2024-12-12,2024-12-12,1,2024-11-20,Uttar Pradesh,Direct,48,M,24729.74,0.9677419354838709,Low
CUST02538,45226.89,22613.445,2,2024-05-01,2024-05-04,4,2023-12-07,Tamil Nadu,Organic,22,F,45226.89,1.7647058823529411,Medium
CUST02540,24385.719999999998,24385.719999999998,1,2024-04-29,2024-04-29,1,2023-01-17,Rajasthan,Paid Search,49,M,24385.719999999998,0.9677419354838709,Low
CUST02541,235878.29,39313.04833333333,6,2024-01-09,2024-11-18,315,2023-12-19,Gujarat,Email,51,Other,235878.29,0.5217391304347826,Very High
CUST02544,18469.45,18469.45,1,2024-10-19,2024-10-19,1,2024-09-26,West Bengal,Email,50,M,18469.45,0.9677419354838709,Low
CUST02546,156250.35,52083.450000000004,3,2024-04-10,2024-12-29,264,2024-01-08,Delhi,Email,59,M,156250.35,0.3061224489795918,Very High
CUST02547,59733.14,59733.14,1,2023-11-11,2023-11-11,1,2023-05-31,Delhi,Organic,65,M,59733.14,0.9677419354838709,Medium
CUST02551,53669.1,53669.1,1,2024-03-13,2024-03-13,1,2023-12-22,Gujarat,Paid Search,27,F,53669.1,0.9677419354838709,Medium
CUST02552,202515.23,101257.615,2,2024-09-06,2024-11-28,84,2024-07-24,West Bengal,Organic,46,F,202515.23,0.5263157894736842,Very High
CUST02554,106820.57,53410.285,2,2024-01-27,2024-02-22,27,2023-11-16,West Bengal,Social Media,30,F,106820.57,1.0526315789473684,High
CUST02556,58115.8,29057.9,2,2024-03-13,2024-06-11,91,2023-01-09,West Bengal,Direct,21,Other,58115.8,0.49586776859504134,Medium
CUST02559,129364.73,21560.788333333334,6,2023-05-18,2024-11-14,547,2023-02-08,Karnataka,Paid Search,57,Other,129364.73,0.3119584055459272,High
CUST02560,220633.11,110316.555,2,2024-10-20,2024-11-24,36,2023-11-30,West Bengal,Referral,24,M,220633.11,0.9090909090909091,Very High
CUST02562,83756.05,41878.025,2,2024-11-29,2024-12-08,10,2024-09-15,Gujarat,Social Media,63,Other,83756.05,1.5,High
CUST02563,25699.89,12849.945,2,2024-05-22,2024-06-30,40,2023-11-14,Uttar Pradesh,Organic,24,M,25699.89,0.8571428571428572,Low
CUST02564,57070.84,28535.42,2,2024-06-17,2024-08-14,59,2024-05-26,Rajasthan,Social Media,62,M,57070.84,0.6741573033707865,Medium
CUST02566,110872.1,36957.36666666667,3,2024-12-05,2024-12-16,12,2024-11-07,Delhi,Referral,27,M,110872.1,2.142857142857143,High
CUST02568,82878.68,41439.34,2,2023-12-05,2024-07-14,223,2023-07-08,Uttar Pradesh,Paid Search,61,M,82878.68,0.23715415019762845,High
CUST02569,25852.5,12926.25,2,2023-12-18,2024-11-20,339,2023-01-11,Gujarat,Email,18,F,25852.5,0.16260162601626016,Low
CUST02572,26169.690000000002,8723.230000000001,3,2023-08-29,2024-08-08,346,2023-04-30,Delhi,Organic,37,Other,26169.690000000002,0.2393617021276596,Low
CUST02573,55455.130000000005,55455.130000000005,1,2024-12-23,2024-12-23,1,2024-10-14,Gujarat,Referral,65,F,55455.130000000005,0.9677419354838709,Medium
CUST02574,17966.66,17966.66,1,2023-12-19,2023-12-19,1,2023-12-18,Uttar Pradesh,Referral,34,F,17966.66,0.9677419354838709,Low
CUST02575,142974.37,47658.12333333333,3,2024-10-16,2024-12-28,74,2024-09-20,Rajasthan,Social Media,37,Other,142974.37,0.8653846153846153,Very High
CUST02576,17689.11,17689.11,1,2024-11-23,2024-11-23,1,2024-01-16,Gujarat,Direct,56,F,17689.11,0.9677419354838709,Low
CUST02578,117261.12,29315.28,4,2023-09-16,2024-10-29,410,2023-07-05,Maharashtra,Referral,32,Other,117261.12,0.27272727272727276,High
CUST02579,67065.23,67065.23,1,2024-10-26,2024-10-26,1,2024-04-07,Delhi,Referral,19,M,67065.23,0.9677419354838709,Medium
CUST02582,2315.2200000000003,2315.2200000000003,1,2024-12-17,2024-12-17,1,2024-09-10,Rajasthan,Paid Search,34,Other,2315.2200000000003,0.9677419354838709,Very Low
CUST02583,123765.48000000001,61882.740000000005,2,2024-01-19,2024-04-06,79,2023-05-14,Gujarat,Referral,55,F,123765.48000000001,0.5504587155963303,High
CUST02586,5319.14,5319.14,1,2024-08-26,2024-08-26,1,2023-04-12,Gujarat,Organic,18,F,5319.14,0.9677419354838709,Very Low
CUST02587,282363.3,47060.549999999996,6,2024-09-07,2024-11-17,72,2024-08-13,Delhi,Direct,27,Other,282363.3,1.7647058823529411,Very High
CUST02588,61359.91,61359.91,1,2024-05-30,2024-05-30,1,2023-12-04,Uttar Pradesh,Email,60,M,61359.91,0.9677419354838709,Medium
CUST02591,6398.72,3199.36,2,2024-08-10,2024-09-21,43,2024-02-23,Karnataka,Referral,37,M,6398.72,0.821917808219178,Very Low
CUST02592,33165.58,11055.193333333335,3,2024-02-26,2024-08-02,159,2023-07-18,West Bengal,Direct,18,M,33165.58,0.4761904761904762,Low
CUST02594,96577.84,32192.61333333333,3,2024-10-31,2024-12-05,36,2024-09-07,Delhi,Direct,35,M,96577.84,1.3636363636363635,High
CUST02595,103571.18,103571.18,1,2024-12-07,2024-12-07,1,2024-11-28,Tamil Nadu,Email,23,F,103571.18,0.9677419354838709,High
CUST02598,88356.79999999999,44178.399999999994,2,2024-03-17,2024-08-10,147,2023-07-02,Uttar Pradesh,Social Media,29,Other,88356.79999999999,0.3389830508474576,High
CUST02600,200811.33,40162.265999999996,5,2024-02-17,2024-09-30,227,2023-12-12,Tamil Nadu,Paid Search,44,Other,200811.33,0.5836575875486382,Very High
CUST02601,24040.26,12020.13,2,2023-07-05,2023-07-12,8,2023-03-27,Tamil Nadu,Social Media,23,F,24040.26,1.5789473684210527,Low
CUST02602,170880.69,170880.69,1,2024-12-03,2024-12-03,1,2024-08-17,Rajasthan,Paid Search,42,F,170880.69,0.9677419354838709,Very High
CUST02604,81264.55,40632.275,2,2023-12-27,2024-08-08,226,2023-12-11,Gujarat,Direct,63,F,81264.55,0.234375,High
CUST02605,23929.31,11964.655,2,2024-04-17,2024-06-09,54,2024-03-09,Rajasthan,Referral,47,F,23929.31,0.7142857142857143,Low
CUST02609,135087.56,27017.512,5,2024-04-18,2024-10-06,172,2024-03-07,Uttar Pradesh,Referral,26,F,135087.56,0.7425742574257426,High
CUST02611,50144.08,16714.693333333333,3,2024-09-13,2024-12-26,105,2024-06-06,Karnataka,Social Media,59,M,50144.08,0.6666666666666666,Medium
CUST02614,36072.07,18036.035,2,2024-06-20,2024-08-24,66,2023-11-28,Maharashtra,Paid Search,51,M,36072.07,0.625,Low
CUST02619,295163.3,49193.88333333333,6,2024-02-04,2024-12-09,310,2023-11-24,Karnataka,Organic,33,M,295163.3,0.5294117647058824,Very High
CUST02625,29912.9,29912.9,1,2024-05-25,2024-05-25,1,2023-10-16,Tamil Nadu,Email,65,Other,29912.9,0.9677419354838709,Low
CUST02626,24638.19,24638.19,1,2024-09-19,2024-09-19,1,2024-07-29,Tamil Nadu,Referral,36,F,24638.19,0.9677419354838709,Low
CUST02628,128059.44,64029.72,2,2024-12-08,2024-12-11,4,2024-11-18,Uttar Pradesh,Referral,62,M,128059.44,1.7647058823529411,High
CUST02631,64828.61,64828.61,1,2024-06-22,2024-06-22,1,2024-03-24,Maharashtra,Social Media,20,Other,64828.61,0.9677419354838709,Medium
CUST02632,119805.1,119805.1,1,2023-11-14,2023-11-14,1,2023-07-26,Rajasthan,Social Media,26,F,119805.1,0.9677419354838709,High
CUST02633,24539.5,8179.833333333333,3,2023-12-19,2024-08-09,235,2023-11-08,Rajasthan,Organic,28,F,24539.5,0.339622641509434,Low
CUST02634,8967.97,4483.985,2,2024-12-22,2024-12-25,4,2024-12-15,Tamil Nadu,Direct,51,F,8967.97,1.7647058823529411,Very Low
CUST02638,97828.19,97828.19,1,2024-01-16,2024-01-16,1,2023-05-27,West Bengal,Email,60,M,97828.19,0.9677419354838709,High
CUST02639,55546.43,55546.43,1,2024-10-28,2024-10-28,1,2024-10-05,Uttar Pradesh,Direct,38,Other,55546.43,0.9677419354838709,Medium
CUST02643,22325.74,22325.74,1,2024-09-21,2024-09-21,1,2024-04-16,Rajasthan,Paid Search,64,M,22325.74,0.9677419354838709,Low
CUST02649,85430.14000000001,28476.713333333337,3,2024-11-29,2024-12-14,16,2024-10-23,Tamil Nadu,Social Media,49,F,85430.14000000001,1.956521739130435,High
CUST02652,209314.23,104657.115,2,2023-06-21,2024-04-03,288,2023-05-12,Karnataka,Organic,26,M,209314.23,0.18867924528301888,Very High
CUST02654,31612.609999999997,15806.304999999998,2,2024-07-27,2024-09-23,59,2024-03-22,Gujarat,Direct,64,Other,31612.609999999997,0.6741573033707865,Low
CUST02655,48189.91,24094.955,2,2024-04-14,2024-08-24,133,2024-02-02,Rajasthan,Paid Search,54,F,48189.91,0.36809815950920244,Medium
CUST02656,62092.71000000001,31046.355000000003,2,2024-09-04,2024-09-17,14,2024-05-12,Gujarat,Email,53,M,62092.71000000001,1.3636363636363635,Medium
CUST02657,7490.1,7490.1,1,2024-11-18,2024-11-18,1,2024-01-04,Karnataka,Referral,58,F,7490.1,0.9677419354838709,Very Low
CUST02658,100204.73999999999,50102.369999999995,2,2023-10-15,2024-02-10,119,2023-09-17,Karnataka,Organic,26,Other,100204.73999999999,0.40268456375838924,High
CUST02660,67827.01,67827.01,1,2024-07-31,2024-07-31,1,2024-07-14,Maharashtra,Email,39,M,67827.01,0.9677419354838709,Medium
CUST02661,48571.33,24285.665,2,2024-06-25,2024-08-16,53,2024-03-31,Tamil Nadu,Social Media,42,Other,48571.33,0.7228915662650602,Medium
CUST02662,49893.03,24946.515,2,2024-08-16,2024-11-29,106,2024-08-09,Gujarat,Paid Search,36,M,49893.03,0.4411764705882353,Medium
CUST02663,59228.82,19742.94,3,2024-10-02,2024-12-28,88,2024-04-14,Tamil Nadu,Email,50,F,59228.82,0.7627118644067797,Medium
CUST02667,128618.82,64309.41,2,2024-10-26,2024-11-23,29,2024-05-01,Maharashtra,Paid Search,53,Other,128618.82,1.0169491525423728,High
CUST02669,64929.01,64929.01,1,2024-12-03,2024-12-03,1,2024-11-05,Karnataka,Email,62,M,64929.01,0.9677419354838709,Medium
CUST02670,131371.0,65685.5,2,2023-12-02,2024-02-13,74,2023-07-19,Gujarat,Referral,56,Other,131371.0,0.5769230769230769,High
CUST02672,204311.96,29187.422857142858,7,2023-10-20,2024-07-28,283,2023-10-18,Maharashtra,Organic,49,Other,204311.96,0.6709265175718849,Very High
CUST02674,1579.7,1579.7,1,2024-04-15,2024-04-15,1,2023-08-23,Uttar Pradesh,Organic,21,M,1579.7,0.9677419354838709,Very Low
CUST02676,220482.84,44096.568,5,2024-03-15,2024-10-17,217,2023-10-05,Maharashtra,Referral,21,F,220482.84,0.6072874493927125,Very High
CUST02679,157306.83000000002,52435.61000000001,3,2023-12-07,2024-09-30,299,2023-10-26,Gujarat,Paid Search,39,F,157306.83000000002,0.2735562310030395,Very High
CUST02684,1531.95,1531.95,1,2023-03-29,2023-03-29,1,2023-01-24,Uttar Pradesh,Social Media,40,Other,1531.95,0.9677419354838709,Very Low
CUST02685,36621.04,36621.04,1,2024-08-08,2024-08-08,1,2024-08-01,Tamil Nadu,Paid Search,56,F,36621.04,0.9677419354838709,Low
CUST02686,167902.86,41975.715,4,2024-01-27,2024-08-25,212,2023-03-19,Rajasthan,Organic,60,M,167902.86,0.49586776859504134,Very High
CUST02687,16888.91,8444.455,2,2024-08-29,2024-11-19,83,2024-08-23,Karnataka,Email,31,F,16888.91,0.5309734513274337,Low
CUST02691,239583.13,79861.04333333333,3,2023-06-22,2024-07-15,390,2023-05-24,Karnataka,Social Media,44,Other,239583.13,0.21428571428571427,Very High
CUST02695,58361.93,58361.93,1,2024-08-01,2024-08-01,1,2023-06-08,Tamil Nadu,Referral,59,F,58361.93,0.9677419354838709,Medium
CUST02696,17469.87,17469.87,1,2024-12-25,2024-12-25,1,2024-12-22,Karnataka,Referral,20,F,17469.87,0.9677419354838709,Low
CUST02698,20059.66,10029.83,2,2024-06-07,2024-08-22,77,2024-05-03,Maharashtra,Email,42,F,20059.66,0.5607476635514018,Low
CUST02699,43119.25,43119.25,1,2024-06-26,2024-06-26,1,2023-09-15,Maharashtra,Referral,46,M,43119.25,0.9677419354838709,Low
CUST02701,292078.0,146039.0,2,2024-09-18,2024-12-03,77,2023-08-22,West Bengal,Direct,37,M,292078.0,0.5607476635514018,Very High
CUST02704,63385.76,21128.586666666666,3,2024-12-05,2024-12-27,23,2024-11-16,West Bengal,Direct,65,M,63385.76,1.6981132075471699,Medium
CUST02705,4536.29,4536.29,1,2024-07-27,2024-07-27,1,2023-06-25,Karnataka,Referral,64,Other,4536.29,0.9677419354838709,Very Low
CUST02706,304784.85000000003,60956.97000000001,5,2024-11-11,2024-12-26,46,2024-11-05,Uttar Pradesh,Referral,45,Other,304784.85000000003,1.973684210526316,Very High
CUST02707,199870.01,49967.5025,4,2023-09-10,2024-12-30,478,2023-01-20,Uttar Pradesh,Referral,47,Other,199870.01,0.23622047244094488,Very High
CUST02713,54638.94,54638.94,1,2024-10-22,2024-10-22,1,2024-07-01,Gujarat,Paid Search,46,F,54638.94,0.9677419354838709,Medium
CUST02715,205350.36,102675.18,2,2024-04-21,2024-09-14,147,2023-06-16,Gujarat,Direct,53,M,205350.36,0.3389830508474576,Very High
CUST02722,4248.65,4248.65,1,2024-11-15,2024-11-15,1,2024-04-16,Tamil Nadu,Direct,34,F,4248.65,0.9677419354838709,Very Low
CUST02725,63863.450000000004,31931.725000000002,2,2024-12-08,2024-12-22,15,2024-06-27,Karnataka,Referral,25,Other,63863.450000000004,1.3333333333333333,Medium
CUST02726,50716.119999999995,25358.059999999998,2,2024-05-10,2024-11-26,201,2023-08-23,Karnataka,Paid Search,38,Other,50716.119999999995,0.2597402597402597,Medium
CUST02727,164565.25,82282.625,2,2024-08-26,2024-09-29,35,2024-03-04,Gujarat,Referral,22,Other,164565.25,0.9230769230769229,Very High
CUST02728,142744.96,35686.24,4,2023-12-10,2024-09-22,288,2023-09-13,West Bengal,Paid Search,19,F,142744.96,0.37735849056603776,Very High
CUST02730,97901.16,97901.16,1,2024-12-30,2024-12-30,1,2024-09-18,Rajasthan,Email,19,M,97901.16,0.9677419354838709,High
CUST02731,97482.84999999999,48741.424999999996,2,2024-12-14,2024-12-22,9,2024-10-03,Gujarat,Social Media,27,Other,97482.84999999999,1.5384615384615383,High
CUST02735,47662.53,15887.51,3,2024-10-08,2024-12-16,70,2024-08-17,Tamil Nadu,Email,54,Other,47662.53,0.8999999999999999,Medium
CUST02737,140057.28,46685.76,3,2023-05-21,2024-07-20,427,2023-04-15,Rajasthan,Email,51,F,140057.28,0.19693654266958427,High
CUST02738,137665.2,137665.2,1,2024-02-14,2024-02-14,1,2023-01-20,Gujarat,Paid Search,54,F,137665.2,0.9677419354838709,High
CUST02740,45844.31,45844.31,1,2024-07-24,2024-07-24,1,2023-08-17,Rajasthan,Direct,25,Other,45844.31,0.9677419354838709,Medium
CUST02742,1052.37,1052.37,1,2024-12-19,2024-12-19,1,2024-10-06,Karnataka,Email,50,M,1052.37,0.9677419354838709,Very Low
CUST02743,2653.18,2653.18,1,2023-09-23,2023-09-23,1,2023-08-20,Gujarat,Referral,56,M,2653.18,0.9677419354838709,Very Low
CUST02744,3518.55,3518.55,1,2024-08-13,2024-08-13,1,2024-08-12,Rajasthan,Paid Search,54,M,3518.55,0.9677419354838709,Very Low
CUST02745,151585.63,30317.126,5,2024-11-13,2024-12-29,47,2024-09-11,Tamil Nadu,Direct,55,Other,151585.63,1.9480519480519483,Very High
CUST02748,333159.79,83289.9475,4,2024-10-21,2024-11-13,24,2024-07-30,Delhi,Direct,30,M,333159.79,2.2222222222222223,Very High
CUST02749,2936.75,2936.75,1,2023-10-26,2023-10-26,1,2023-09-14,Rajasthan,Paid Search,25,F,2936.75,0.9677419354838709,Very Low
CUST02753,3663.63,3663.63,1,2024-12-25,2024-12-25,1,2023-11-25,West Bengal,Social Media,26,F,3663.63,0.9677419354838709,Very Low
CUST02754,67766.24,67766.24,1,2023-11-24,2023-11-24,1,2023-11-14,Tamil Nadu,Social Media,25,F,67766.24,0.9677419354838709,Medium
CUST02755,2680.51,2680.51,1,2024-07-30,2024-07-30,1,2023-05-17,Gujarat,Email,57,M,2680.51,0.9677419354838709,Very Low
CUST02756,117573.47,29393.3675,4,2023-12-16,2024-12-01,352,2023-09-26,Maharashtra,Direct,40,F,117573.47,0.31413612565445026,High
CUST02758,162883.6,27147.266666666666,6,2024-11-13,2024-12-29,47,2024-10-27,Rajasthan,Paid Search,64,M,162883.6,2.337662337662338,Very High
CUST02759,134794.05,67397.025,2,2024-06-20,2024-07-11,22,2023-12-28,Karnataka,Organic,55,Other,134794.05,1.1538461538461537,High
CUST02761,57314.770000000004,28657.385000000002,2,2023-10-06,2024-04-14,192,2023-07-30,Gujarat,Paid Search,50,Other,57314.770000000004,0.27027027027027023,Medium
CUST02764,4657.93,4657.93,1,2024-06-04,2024-06-04,1,2024-03-11,West Bengal,Social Media,42,F,4657.93,0.9677419354838709,Very Low
CUST02765,277292.76,39613.25142857143,7,2024-01-02,2024-12-07,341,2023-12-04,Delhi,Organic,65,Other,277292.76,0.5660377358490566,Very High
CUST02767,241335.44999999998,120667.72499999999,2,2024-03-07,2024-03-09,3,2023-07-22,Gujarat,Social Media,36,M,241335.44999999998,1.8181818181818181,Very High
CUST02768,107761.88,17960.313333333335,6,2024-02-18,2024-12-20,307,2023-02-27,Karnataka,Social Media,49,F,107761.88,0.5341246290801187,High
CUST02770,98435.34999999999,49217.674999999996,2,2024-07-17,2024-09-01,47,2024-05-15,Karnataka,Direct,35,M,98435.34999999999,0.7792207792207793,High
CUST02775,146610.68000000002,36652.670000000006,4,2024-06-23,2024-08-18,57,2024-06-23,Rajasthan,Paid Search,47,F,146610.68000000002,1.3793103448275863,Very High
CUST02776,2048.86,2048.86,1,2024-08-14,2024-08-14,1,2024-02-18,Karnataka,Direct,25,F,2048.86,0.9677419354838709,Very Low
CUST02777,4207.72,2103.86,2,2024-03-22,2024-06-05,76,2024-01-27,West Bengal,Social Media,23,M,4207.72,0.5660377358490566,Very Low
CUST02779,19543.699999999997,19543.699999999997,1,2024-11-28,2024-11-28,1,2023-10-09,Karnataka,Paid Search,64,M,19543.699999999997,0.9677419354838709,Low
CUST02783,102616.1,51308.05,2,2023-03-21,2023-06-25,97,2023-01-28,West Bengal,Direct,51,F,102616.1,0.47244094488188976,High
CUST02785,19024.760000000002,19024.760000000002,1,2024-07-26,2024-07-26,1,2024-03-31,Maharashtra,Paid Search,55,F,19024.760000000002,0.9677419354838709,Low
CUST02786,8644.18,4322.09,2,2023-09-05,2024-05-23,262,2023-03-16,Tamil Nadu,Paid Search,34,F,8644.18,0.20547945205479454,Very Low
CUST02787,25842.15,8614.050000000001,3,2024-08-13,2024-11-18,98,2023-04-17,Delhi,Paid Search,64,F,25842.15,0.703125,Low
CUST02791,31519.93,31519.93,1,2024-02-13,2024-02-13,1,2023-09-03,Uttar Pradesh,Referral,58,Other,31519.93,0.9677419354838709,Low
CUST02792,206640.47999999998,103320.23999999999,2,2023-12-06,2024-11-05,336,2023-11-06,Tamil Nadu,Social Media,48,Other,206640.47999999998,0.1639344262295082,Very High
CUST02793,118894.97,59447.485,2,2024-06-23,2024-08-26,65,2023-08-30,Delhi,Paid Search,36,Other,118894.97,0.6315789473684211,High
CUST02794,19540.83,19540.83,1,2024-10-06,2024-10-06,1,2023-06-20,Rajasthan,Direct,43,Other,19540.83,0.9677419354838709,Low
CUST02797,11113.849999999999,5556.924999999999,2,2024-03-21,2024-06-24,96,2024-02-08,Gujarat,Direct,45,M,11113.849999999999,0.47619047619047616,Very Low
CUST02798,57180.600000000006,57180.600000000006,1,2023-06-18,2023-06-18,1,2023-03-18,Delhi,Social Media,60,M,57180.600000000006,0.9677419354838709,Medium
CUST02799,65154.47,65154.47,1,2024-12-23,2024-12-23,1,2024-06-03,Gujarat,Referral,63,M,65154.47,0.9677419354838709,Medium
CUST02800,1060.15,1060.15,1,2024-12-22,2024-12-22,1,2024-11-09,Rajasthan,Email,44,Other,1060.15,0.9677419354838709,Very Low
CUST02801,154346.77,38586.6925,4,2023-09-05,2024-07-19,319,2023-04-25,Tamil Nadu,Social Media,35,Other,154346.77,0.34383954154727797,Very High
CUST02802,52117.53,52117.53,1,2024-09-30,2024-09-30,1,2024-09-21,Tamil Nadu,Organic,53,F,52117.53,0.9677419354838709,Medium
CUST02803,91243.08,30414.36,3,2024-08-28,2024-12-26,121,2024-08-09,Uttar Pradesh,Social Media,44,F,91243.08,0.5960264900662252,High
CUST02804,138061.55,69030.775,2,2024-08-03,2024-10-08,67,2024-07-29,Rajasthan,Referral,34,M,138061.55,0.6185567010309279,High
CUST02805,16997.42,16997.42,1,2023-12-11,2023-12-11,1,2023-11-29,Uttar Pradesh,Direct,32,F,16997.42,0.9677419354838709,Low
CUST02806,146569.32,73284.66,2,2023-12-27,2024-12-26,366,2023-07-20,Maharashtra,Referral,44,M,146569.32,0.15151515151515152,Very High
CUST02808,69018.49,34509.245,2,2024-10-20,2024-11-03,15,2024-10-12,Gujarat,Email,52,M,69018.49,1.3333333333333333,Medium
CUST02811,62833.96000000001,31416.980000000003,2,2024-08-28,2024-09-04,8,2023-10-24,Tamil Nadu,Email,30,M,62833.96000000001,1.5789473684210527,Medium
CUST02812,108785.08,21757.016,5,2023-12-12,2024-10-18,312,2023-07-09,West Bengal,Social Media,28,F,108785.08,0.43859649122807015,High
CUST02813,33616.17,33616.17,1,2024-11-13,2024-11-13,1,2023-02-04,Gujarat,Paid Search,53,Other,33616.17,0.9677419354838709,Low
CUST02815,20092.17,20092.17,1,2024-03-12,2024-03-12,1,2023-06-04,Karnataka,Referral,49,M,20092.17,0.9677419354838709,Low
CUST02816,105275.0,35091.666666666664,3,2023-10-23,2023-12-09,48,2023-10-13,Delhi,Social Media,19,M,105275.0,1.1538461538461537,High
CUST02817,9168.87,9168.87,1,2024-12-25,2024-12-25,1,2024-12-13,Tamil Nadu,Social Media,65,M,9168.87,0.9677419354838709,Very Low
CUST02822,68429.86,68429.86,1,2024-10-09,2024-10-09,1,2024-07-11,Tamil Nadu,Social Media,38,F,68429.86,0.9677419354838709,Medium
CUST02823,182946.0,45736.5,4,2024-01-08,2024-07-15,190,2023-12-08,Maharashtra,Social Media,47,M,182946.0,0.5454545454545455,Very High
CUST02824,45439.63,45439.63,1,2024-12-07,2024-12-07,1,2024-12-02,Karnataka,Direct,54,F,45439.63,0.9677419354838709,Medium
CUST02826,80045.12000000001,40022.560000000005,2,2024-01-09,2024-08-17,222,2023-06-17,West Bengal,Referral,36,Other,80045.12000000001,0.23809523809523808,High
CUST02828,139018.65000000002,69509.32500000001,2,2024-10-31,2024-12-14,45,2024-10-05,West Bengal,Email,63,M,139018.65000000002,0.8,High
CUST02829,184295.53,92147.765,2,2024-09-25,2024-10-29,35,2023-06-11,Rajasthan,Email,19,F,184295.53,0.9230769230769229,Very High
CUST02830,120617.85999999999,60308.92999999999,2,2024-10-30,2024-11-30,32,2023-01-16,Tamil Nadu,Social Media,48,Other,120617.85999999999,0.9677419354838711,High
CUST02832,77781.35,38890.675,2,2024-04-15,2024-10-07,176,2023-10-29,Karnataka,Email,28,M,77781.35,0.29126213592233013,High
CUST02834,13235.29,6617.645,2,2024-02-24,2024-09-13,203,2024-01-27,West Bengal,Email,64,Other,13235.29,0.2575107296137339,Very Low
CUST02836,130101.68000000001,65050.840000000004,2,2024-02-06,2024-08-06,183,2024-02-06,Uttar Pradesh,Social Media,27,M,130101.68000000001,0.28169014084507044,High
CUST02839,174706.04,34941.208,5,2024-04-24,2024-12-08,229,2023-09-29,Rajasthan,Referral,38,Other,174706.04,0.5791505791505792,Very High
CUST02840,68557.85,68557.85,1,2024-01-25,2024-01-25,1,2023-03-16,Tamil Nadu,Referral,63,F,68557.85,0.9677419354838709,Medium
CUST02841,60748.41,30374.205,2,2023-08-03,2024-03-31,242,2023-01-08,Karnataka,Referral,62,M,60748.41,0.22058823529411764,Medium
CUST02842,214935.09999999998,53733.774999999994,4,2024-10-27,2024-11-14,19,2024-10-27,West Bengal,Organic,28,Other,214935.09999999998,2.4489795918367347,Very High
CUST02843,233470.72,116735.36,2,2023-03-29,2023-04-20,23,2023-01-06,Karnataka,Paid Search,46,M,233470.72,1.1320754716981132,Very High
CUST02846,56215.8,28107.9,2,2024-12-22,2024-12-30,9,2024-12-22,West Bengal,Social Media,25,F,56215.8,1.5384615384615383,Medium
CUST02848,2622.09,2622.09,1,2023-12-30,2023-12-30,1,2023-11-02,Gujarat,Social Media,54,Other,2622.09,0.9677419354838709,Very Low
CUST02849,8957.88,8957.88,1,2024-12-08,2024-12-08,1,2024-11-19,Delhi,Social Media,51,Other,8957.88,0.9677419354838709,Very Low
CUST02850,122619.54,40873.18,3,2024-08-11,2024-11-08,90,2024-08-01,Tamil Nadu,Direct,41,Other,122619.54,0.75,High
CUST02851,188976.03,31496.005,6,2023-11-20,2024-09-24,310,2023-04-09,Uttar Pradesh,Referral,31,F,188976.03,0.5294117647058824,Very High
CUST02853,1855.95,1855.95,1,2024-07-23,2024-07-23,1,2024-06-07,Maharashtra,Referral,29,M,1855.95,0.9677419354838709,Very Low
CUST02854,56157.990000000005,56157.990000000005,1,2024-12-07,2024-12-07,1,2023-10-09,Rajasthan,Organic,37,Other,56157.990000000005,0.9677419354838709,Medium
CUST02856,108222.63,21644.526,5,2024-09-16,2024-12-07,83,2024-05-18,Rajasthan,Organic,21,Other,108222.63,1.3274336283185841,High
CUST02857,44658.06,44658.06,1,2024-03-10,2024-03-10,1,2023-03-03,Rajasthan,Paid Search,22,F,44658.06,0.9677419354838709,Medium
CUST02858,412330.19,103082.5475,4,2024-03-22,2024-10-31,224,2023-08-26,Tamil Nadu,Direct,18,M,412330.19,0.47244094488188976,Very High
CUST02860,56070.740000000005,56070.740000000005,1,2023-07-09,2023-07-09,1,2023-03-29,Uttar Pradesh,Email,43,F,56070.740000000005,0.9677419354838709,Medium
CUST02862,165166.91,41291.7275,4,2023-11-07,2024-10-13,342,2023-05-09,Tamil Nadu,Paid Search,34,Other,165166.91,0.3225806451612903,Very High
CUST02865,98321.45999999999,98321.45999999999,1,2024-11-09,2024-11-09,1,2024-11-07,Uttar Pradesh,Email,60,F,98321.45999999999,0.9677419354838709,High
CUST02868,36823.009999999995,36823.009999999995,1,2024-07-24,2024-07-24,1,2024-03-02,Rajasthan,Social Media,22,M,36823.009999999995,0.9677419354838709,Low
CUST02872,92349.21,46174.605,2,2023-11-17,2024-01-03,48,2023-06-24,Gujarat,Email,38,Other,92349.21,0.7692307692307692,High
CUST02874,8917.87,8917.87,1,2024-01-04,2024-01-04,1,2023-08-04,Uttar Pradesh,Paid Search,45,Other,8917.87,0.9677419354838709,Very Low
CUST02875,60750.29,60750.29,1,2024-10-12,2024-10-12,1,2023-06-21,Rajasthan,Direct,34,Other,60750.29,0.9677419354838709,Medium
CUST02876,18927.56,18927.56,1,2024-06-01,2024-06-01,1,2023-07-30,Karnataka,Referral,59,F,18927.56,0.9677419354838709,Low
CUST02879,88073.39,44036.695,2,2023-12-14,2024-03-30,108,2023-01-08,Tamil Nadu,Social Media,29,Other,88073.39,0.4347826086956522,High
CUST02880,78138.1,78138.1,1,2024-10-06,2024-10-06,1,2023-08-15,Maharashtra,Referral,41,Other,78138.1,0.9677419354838709,High
CUST02881,93801.36,31267.12,3,2024-08-15,2024-12-28,136,2024-03-27,Tamil Nadu,Email,37,F,93801.36,0.5421686746987951,High
CUST02882,10322.41,5161.205,2,2024-11-25,2024-11-27,3,2023-12-21,Karnataka,Social Media,50,M,10322.41,1.8181818181818181,Very Low
CUST02886,121449.54999999999,40483.18333333333,3,2024-09-01,2024-10-21,51,2024-03-09,Maharashtra,Referral,56,Other,121449.54999999999,1.111111111111111,High
CUST02890,276676.08999999997,138338.04499999998,2,2024-09-23,2024-09-25,3,2024-08-17,Karnataka,Referral,58,Other,276676.08999999997,1.8181818181818181,Very High
CUST02893,4959.51,2479.755,2,2024-01-19,2024-08-02,197,2023-01-28,Gujarat,Social Media,63,M,4959.51,0.2643171806167401,Very Low
CUST02894,231225.55,77075.18333333333,3,2023-09-11,2024-11-15,432,2023-09-08,Gujarat,Organic,60,F,231225.55,0.19480519480519481,Very High
CUST02895,84224.23,84224.23,1,2023-09-25,2023-09-25,1,2023-02-06,West Bengal,Organic,30,Other,84224.23,0.9677419354838709,High
CUST02898,124493.87000000001,62246.935000000005,2,2023-06-08,2023-10-25,140,2023-05-24,West Bengal,Direct,65,M,124493.87000000001,0.3529411764705882,High
CUST02900,188729.23,47182.3075,4,2023-08-21,2023-12-20,122,2023-03-17,Gujarat,Email,62,M,188729.23,0.7894736842105263,Very High
CUST02901,142110.02,17763.7525,8,2023-10-22,2024-11-12,388,2023-08-28,Rajasthan,Organic,23,M,142110.02,0.5741626794258373,High
CUST02902,241060.44999999998,80353.48333333332,3,2024-06-29,2024-11-10,135,2024-05-03,Karnataka,Social Media,55,Other,241060.44999999998,0.5454545454545454,Very High
CUST02903,63399.6,63399.6,1,2024-08-08,2024-08-08,1,2024-07-02,Maharashtra,Organic,31,Other,63399.6,0.9677419354838709,Medium
CUST02905,304018.51,60803.702000000005,5,2023-10-26,2024-11-20,392,2023-09-17,Uttar Pradesh,Direct,30,Other,304018.51,0.35545023696682465,Very High
CUST02906,101423.86,33807.95333333333,3,2024-04-19,2024-12-23,249,2024-04-06,Delhi,Organic,42,Other,101423.86,0.3225806451612903,High
CUST02909,8236.65,8236.65,1,2024-12-13,2024-12-13,1,2024-07-29,Tamil Nadu,Social Media,34,Other,8236.65,0.9677419354838709,Very Low
CUST02910,13075.07,13075.07,1,2023-12-18,2023-12-18,1,2023-11-30,Rajasthan,Organic,49,F,13075.07,0.9677419354838709,Very Low
CUST02911,23439.53,7813.176666666666,3,2024-05-21,2024-09-20,123,2024-03-18,Gujarat,Direct,51,F,23439.53,0.5882352941176471,Low
CUST02912,202680.59,101340.295,2,2024-08-09,2024-10-29,82,2024-02-29,Delhi,Email,42,M,202680.59,0.5357142857142857,Very High
CUST02913,170101.75999999998,85050.87999999999,2,2023-10-21,2024-04-02,165,2023-08-29,Tamil Nadu,Referral,40,Other,170101.75999999998,0.3076923076923077,Very High
CUST02916,307481.21,153740.605,2,2024-09-23,2024-11-08,47,2024-08-17,Tamil Nadu,Social Media,20,M,307481.21,0.7792207792207793,Very High
CUST02917,20279.99,20279.99,1,2024-12-03,2024-12-03,1,2024-12-02,Delhi,Paid Search,47,Other,20279.99,0.9677419354838709,Low
CUST02918,366997.74,183498.87,2,2024-05-22,2024-11-16,179,2023-08-31,Gujarat,Email,42,Other,366997.74,0.28708133971291866,Very High
CUST02920,12105.810000000001,6052.905000000001,2,2024-09-21,2024-11-05,46,2024-09-18,Gujarat,Paid Search,44,F,12105.810000000001,0.7894736842105263,Very Low
CUST02921,10191.26,10191.26,1,2023-11-02,2023-11-02,1,2023-07-15,Gujarat,Direct,24,M,10191.26,0.9677419354838709,Very Low
CUST02922,25275.68,8425.226666666667,3,2023-05-14,2024-03-29,321,2023-03-19,Gujarat,Paid Search,47,Other,25275.68,0.25641025641025644,Low
CUST02924,253050.38,50610.076,5,2024-08-08,2024-12-06,121,2024-07-29,West Bengal,Referral,33,F,253050.38,0.9933774834437087,Very High
CUST02925,5116.36,5116.36,1,2024-12-29,2024-12-29,1,2024-12-17,Gujarat,Social Media,48,Other,5116.36,0.9677419354838709,Very Low
CUST02926,105520.71,52760.355,2,2024-09-15,2024-11-08,55,2024-09-07,West Bengal,Organic,32,Other,105520.71,0.7058823529411765,High
CUST02930,4301.08,2150.54,2,2024-08-02,2024-08-28,27,2024-01-13,Delhi,Direct,39,M,4301.08,1.0526315789473684,Very Low
CUST02935,3441.12,3441.12,1,2024-11-15,2024-11-15,1,2024-09-11,Karnataka,Paid Search,27,Other,3441.12,0.9677419354838709,Very Low
CUST02937,5505.25,5505.25,1,2024-07-08,2024-07-08,1,2023-11-06,Karnataka,Email,61,F,5505.25,0.9677419354838709,Very Low
CUST02940,72115.92000000001,36057.96000000001,2,2023-02-06,2024-01-19,348,2023-01-09,Delhi,Social Media,36,Other,72115.92000000001,0.15873015873015872,Medium
CUST02945,131141.82,65570.91,2,2024-06-15,2024-12-30,199,2023-08-02,West Bengal,Direct,32,M,131141.82,0.26200873362445415,High
CUST02948,76712.28,38356.14,2,2024-01-21,2024-12-28,343,2023-03-31,Delhi,Paid Search,36,F,76712.28,0.16085790884718498,Medium
CUST02950,130955.17,130955.17,1,2024-11-03,2024-11-03,1,2024-05-28,Delhi,Referral,61,Other,130955.17,0.9677419354838709,High
CUST02952,118520.76,118520.76,1,2024-09-21,2024-09-21,1,2024-08-23,Karnataka,Referral,18,M,118520.76,0.9677419354838709,High
CUST02953,19054.27,9527.135,2,2024-05-19,2024-07-31,74,2024-04-07,Gujarat,Email,50,F,19054.27,0.5769230769230769,Low
CUST02956,3067.21,3067.21,1,2024-06-02,2024-06-02,1,2023-04-24,Uttar Pradesh,Direct,25,Other,3067.21,0.9677419354838709,Very Low
CUST02959,7107.02,3553.51,2,2024-06-27,2024-07-29,33,2024-04-26,West Bengal,Direct,23,M,7107.02,0.9523809523809523,Very Low
CUST02960,8647.25,8647.25,1,2024-11-26,2024-11-26,1,2024-08-13,Maharashtra,Direct,55,F,8647.25,0.9677419354838709,Very Low
CUST02962,152450.26,152450.26,1,2024-09-08,2024-09-08,1,2024-05-17,West Bengal,Referral,36,M,152450.26,0.9677419354838709,Very High
CUST02965,34350.89,17175.445,2,2024-11-28,2024-12-23,26,2024-11-10,Uttar Pradesh,Email,35,M,34350.89,1.0714285714285714,Low
CUST02967,1408.18,1408.18,1,2024-03-26,2024-03-26,1,2023-11-29,Gujarat,Direct,20,Other,1408.18,0.9677419354838709,Very Low
CUST02970,27221.84,27221.84,1,2023-08-23,2023-08-23,1,2023-05-27,Karnataka,Direct,27,Other,27221.84,0.9677419354838709,Low
CUST02971,46373.14,46373.14,1,2024-03-28,2024-03-28,1,2023-09-19,Rajasthan,Social Media,40,F,46373.14,0.9677419354838709,Medium
CUST02973,56098.0,56098.0,1,2024-11-08,2024-11-08,1,2024-10-31,Maharashtra,Social Media,41,M,56098.0,0.9677419354838709,Medium
CUST02974,3549.49,3549.49,1,2023-08-14,2023-08-14,1,2023-05-20,Delhi,Referral,50,Other,3549.49,0.9677419354838709,Very Low
CUST02975,96626.12,96626.12,1,2024-04-04,2024-04-04,1,2023-06-11,Karnataka,Direct,65,F,96626.12,0.9677419354838709,High
CUST02976,207323.8,207323.8,1,2024-11-06,2024-11-06,1,2024-03-05,West Bengal,Organic,29,Other,207323.8,0.9677419354838709,Very High
CUST02977,3963.31,3963.31,1,2024-11-17,2024-11-17,1,2024-10-06,Uttar Pradesh,Direct,65,M,3963.31,0.9677419354838709,Very Low
CUST02979,21613.77,21613.77,1,2024-11-10,2024-11-10,1,2024-09-26,Uttar Pradesh,Email,52,M,21613.77,0.9677419354838709,Low
CUST02980,13484.75,6742.375,2,2024-09-21,2024-12-09,80,2023-07-10,Maharashtra,Email,48,M,13484.75,0.5454545454545455,Very Low
CUST02982,58678.77,58678.77,1,2024-07-13,2024-07-13,1,2023-03-17,Uttar Pradesh,Direct,20,Other,58678.77,0.9677419354838709,Medium
CUST02985,174396.82,21799.6025,8,2023-05-17,2024-12-17,581,2023-05-15,Delhi,Social Media,47,Other,174396.82,0.39279869067103107,Very High
CUST02986,15615.37,15615.37,1,2024-10-01,2024-10-01,1,2024-07-02,Gujarat,Paid Search,32,M,15615.37,0.9677419354838709,Very Low
CUST02988,65948.43,21982.809999999998,3,2024-08-02,2024-10-04,64,2024-08-02,Rajasthan,Referral,58,Other,65948.43,0.9574468085106383,Medium
CUST02993,42508.39,21254.195,2,2024-06-29,2024-08-03,36,2023-03-21,West Bengal,Referral,20,Other,42508.39,0.9090909090909091,Low
CUST02994,135107.03,33776.7575,4,2023-12-05,2024-09-24,295,2023-06-22,Karnataka,Referral,53,F,135107.03,0.3692307692307692,High
CUST02995,11800.029999999999,5900.014999999999,2,2023-11-22,2024-02-23,94,2023-11-21,Karnataka,Direct,51,F,11800.029999999999,0.48387096774193555,Very Low
CUST02997,112821.87999999999,112821.87999999999,1,2024-12-09,2024-12-09,1,2024-12-03,Rajasthan,Paid Search,57,Other,112821.87999999999,0.9677419354838709,High
CUST02999,18644.0,18644.0,1,2024-07-07,2024-07-07,1,2024-02-08,Maharashtra,Email,65,F,18644.0,0.9677419354838709,Low
CUST03000,213112.64,42622.528000000006,5,2023-03-16,2023-09-17,186,2023-02-07,Tamil Nadu,Email,26,F,213112.64,0.6944444444444444,Very High
CUST03001,123760.66,61880.33,2,2024-10-03,2024-10-22,20,2024-01-13,Karnataka,Referral,31,M,123760.66,1.2000000000000002,High
CUST03002,70120.53,70120.53,1,2024-09-29,2024-09-29,1,2024-06-27,Karnataka,Social Media,29,M,70120.53,0.9677419354838709,Medium
CUST03008,4355.87,4355.87,1,2024-05-01,2024-05-01,1,2023-05-14,Maharashtra,Social Media,47,Other,4355.87,0.9677419354838709,Very Low
CUST03010,653.12,653.12,1,2024-06-14,2024-06-14,1,2023-12-10,West Bengal,Referral,30,Other,653.12,0.9677419354838709,Very Low
CUST03016,37249.62,37249.62,1,2024-07-20,2024-07-20,1,2024-05-22,Tamil Nadu,Referral,63,M,37249.62,0.9677419354838709,Low
CUST03019,27518.460000000003,27518.460000000003,1,2024-10-23,2024-10-23,1,2024-07-27,Rajasthan,Paid Search,47,Other,27518.460000000003,0.9677419354838709,Low
CUST03021,31461.620000000003,31461.620000000003,1,2023-05-30,2023-05-30,1,2023-02-13,Rajasthan,Organic,18,Other,31461.620000000003,0.9677419354838709,Low
CUST03022,113283.11,37761.03666666667,3,2023-12-03,2024-02-29,89,2023-07-09,Maharashtra,Direct,44,Other,113283.11,0.7563025210084033,High
CUST03025,57925.21,14481.3025,4,2023-11-13,2024-12-11,395,2023-09-30,Maharashtra,Referral,64,M,57925.21,0.2823529411764706,Medium
CUST03026,29777.04,29777.04,1,2023-11-26,2023-11-26,1,2023-09-22,Uttar Pradesh,Direct,20,F,29777.04,0.9677419354838709,Low
CUST03029,29368.59,29368.59,1,2024-10-21,2024-10-21,1,2024-09-05,Delhi,Referral,60,F,29368.59,0.9677419354838709,Low
CUST03030,60421.6,15105.4,4,2024-05-12,2024-12-29,232,2024-03-10,Delhi,Referral,31,F,60421.6,0.45801526717557245,Medium
CUST03033,50302.159999999996,25151.079999999998,2,2024-11-25,2024-11-26,2,2024-11-25,Gujarat,Direct,46,F,50302.159999999996,1.875,Medium
CUST03034,158893.08000000002,52964.36000000001,3,2023-11-12,2024-11-15,370,2023-01-31,Rajasthan,Social Media,54,F,158893.08000000002,0.22499999999999998,Very High
CUST03037,32684.370000000003,32684.370000000003,1,2024-11-22,2024-11-22,1,2024-07-13,Uttar Pradesh,Direct,28,Other,32684.370000000003,0.9677419354838709,Low
CUST03038,126481.06999999999,42160.35666666667,3,2024-09-02,2024-10-09,38,2024-06-30,Uttar Pradesh,Direct,46,Other,126481.06999999999,1.3235294117647058,High
CUST03039,192999.53000000003,64333.17666666667,3,2023-12-06,2024-10-15,315,2023-09-09,Uttar Pradesh,Direct,62,M,192999.53000000003,0.2608695652173913,Very High
CUST03042,43149.07,10787.2675,4,2024-03-28,2024-05-02,36,2024-03-20,Delhi,Social Media,41,Other,43149.07,1.8181818181818181,Low
CUST03045,290514.63,72628.6575,4,2024-05-26,2024-11-03,162,2024-05-23,Rajasthan,Paid Search,51,F,290514.63,0.625,Very High
CUST03046,138325.65000000002,69162.82500000001,2,2024-11-17,2024-12-14,28,2024-05-18,Delhi,Referral,18,Other,138325.65000000002,1.0344827586206897,High
CUST03048,66355.31999999999,33177.659999999996,2,2024-01-03,2024-05-18,137,2023-07-18,Tamil Nadu,Social Media,56,Other,66355.31999999999,0.3592814371257485,Medium
CUST03049,77626.65,38813.325,2,2024-08-21,2024-12-29,131,2024-07-15,Karnataka,Paid Search,40,F,77626.65,0.3726708074534162,High
CUST03051,169858.01,24265.43,7,2024-10-26,2024-12-25,61,2024-09-24,Tamil Nadu,Paid Search,41,Other,169858.01,2.307692307692308,Very High
CUST03055,55050.92999999999,18350.309999999998,3,2024-04-03,2024-12-19,261,2024-02-12,Tamil Nadu,Social Media,65,M,55050.92999999999,0.30927835051546393,Medium
CUST03056,64807.549999999996,32403.774999999998,2,2024-03-11,2024-10-17,221,2023-12-02,Tamil Nadu,Direct,63,F,64807.549999999996,0.2390438247011952,Medium
CUST03060,49320.520000000004,16440.173333333336,3,2024-11-25,2024-12-29,35,2024-10-18,Tamil Nadu,Paid Search,55,Other,49320.520000000004,1.3846153846153844,Medium
CUST03062,6127.93,6127.93,1,2024-10-29,2024-10-29,1,2023-08-10,Gujarat,Organic,30,F,6127.93,0.9677419354838709,Very Low
CUST03064,9224.26,4612.13,2,2024-10-05,2024-12-16,73,2024-07-28,Karnataka,Email,31,Other,9224.26,0.5825242718446603,Very Low
CUST03065,20065.35,20065.35,1,2024-12-22,2024-12-22,1,2024-09-24,Rajasthan,Email,18,Other,20065.35,0.9677419354838709,Low
CUST03067,356448.65,44556.08125,8,2024-09-16,2024-12-26,102,2024-09-08,Tamil Nadu,Direct,57,F,356448.65,1.8181818181818181,Very High
CUST03074,65350.26,21783.420000000002,3,2024-03-29,2024-07-16,110,2023-12-22,Rajasthan,Paid Search,22,F,65350.26,0.6428571428571429,Medium
CUST03076,70865.91,70865.91,1,2024-12-16,2024-12-16,1,2024-12-11,Delhi,Organic,32,M,70865.91,0.9677419354838709,Medium
CUST03077,321984.13,80496.0325,4,2024-05-30,2024-12-10,195,2024-03-03,Uttar Pradesh,Social Media,38,Other,321984.13,0.5333333333333333,Very High
CUST03078,67032.37,67032.37,1,2024-10-01,2024-10-01,1,2024-06-23,Rajasthan,Direct,37,Other,67032.37,0.9677419354838709,Medium
CUST03079,212383.87,23598.207777777778,9,2023-12-27,2024-11-08,318,2023-11-12,Tamil Nadu,Direct,27,F,212383.87,0.7758620689655172,Very High
CUST03081,15471.67,15471.67,1,2024-11-08,2024-11-08,1,2024-06-20,Delhi,Email,48,Other,15471.67,0.9677419354838709,Very Low
CUST03082,37767.56,37767.56,1,2024-09-14,2024-09-14,1,2024-08-19,West Bengal,Paid Search,34,F,37767.56,0.9677419354838709,Low
CUST03083,7513.5,7513.5,1,2024-12-18,2024-12-18,1,2024-10-01,Uttar Pradesh,Paid Search,37,F,7513.5,0.9677419354838709,Very Low
CUST03086,19786.74,19786.74,1,2024-12-13,2024-12-13,1,2024-11-22,Maharashtra,Social Media,59,M,19786.74,0.9677419354838709,Low
CUST03089,3905.97,3905.97,1,2024-11-26,2024-11-26,1,2024-10-31,Gujarat,Social Media,45,F,3905.97,0.9677419354838709,Very Low
CUST03090,116807.93,58403.965,2,2024-08-30,2024-10-19,51,2024-02-15,Gujarat,Email,65,M,116807.93,0.7407407407407407,High
CUST03091,184625.04,36925.008,5,2024-01-25,2024-09-04,224,2023-11-14,Tamil Nadu,Email,46,F,184625.04,0.5905511811023622,Very High
CUST03093,20253.63,20253.63,1,2024-04-25,2024-04-25,1,2023-12-17,Rajasthan,Email,48,M,20253.63,0.9677419354838709,Low
CUST03094,20661.57,20661.57,1,2024-11-05,2024-11-05,1,2024-08-31,West Bengal,Paid Search,35,Other,20661.57,0.9677419354838709,Low
CUST03096,36307.23,12102.410000000002,3,2024-10-30,2024-12-09,41,2024-10-30,Gujarat,Email,41,F,36307.23,1.267605633802817,Low
CUST03097,9110.91,4555.455,2,2024-07-15,2024-12-13,152,2023-05-04,Uttar Pradesh,Referral,26,Other,9110.91,0.32967032967032966,Very Low
CUST03098,49474.25,24737.125,2,2024-03-09,2024-06-16,100,2023-03-06,Karnataka,Direct,44,M,49474.25,0.46153846153846145,Medium
CUST03099,21550.36,10775.18,2,2023-08-11,2024-06-26,321,2023-04-07,Delhi,Email,30,Other,21550.36,0.17094017094017094,Low
CUST03101,85698.1,85698.1,1,2024-12-10,2024-12-10,1,2024-12-09,Uttar Pradesh,Email,36,Other,85698.1,0.9677419354838709,High
CUST03105,7583.02,7583.02,1,2024-03-16,2024-03-16,1,2023-09-16,Gujarat,Paid Search,61,Other,7583.02,0.9677419354838709,Very Low
CUST03106,116659.63,116659.63,1,2024-12-10,2024-12-10,1,2024-03-06,Uttar Pradesh,Email,65,M,116659.63,0.9677419354838709,High
CUST03109,7840.47,7840.47,1,2024-05-04,2024-05-04,1,2024-04-05,Gujarat,Email,45,M,7840.47,0.9677419354838709,Very Low
CUST03111,38926.86,19463.43,2,2024-04-03,2024-04-07,5,2023-06-30,Gujarat,Organic,65,M,38926.86,1.7142857142857142,Low
CUST03113,96206.07,48103.035,2,2024-11-11,2024-12-18,38,2024-10-22,Karnataka,Referral,57,Other,96206.07,0.8823529411764706,High
CUST03121,10915.59,5457.795,2,2024-01-31,2024-09-28,242,2023-05-28,Tamil Nadu,Direct,38,Other,10915.59,0.22058823529411764,Very Low
CUST03127,98108.42,98108.42,1,2024-12-10,2024-12-10,1,2023-08-23,Tamil Nadu,Social Media,28,F,98108.42,0.9677419354838709,High
CUST03132,7697.21,7697.21,1,2024-12-21,2024-12-21,1,2024-09-15,Tamil Nadu,Email,25,M,7697.21,0.9677419354838709,Very Low
CUST03133,10259.32,10259.32,1,2024-11-21,2024-11-21,1,2023-08-05,Delhi,Paid Search,31,M,10259.32,0.9677419354838709,Very Low
CUST03134,83375.95,41687.975,2,2024-04-29,2024-11-20,206,2024-03-09,Rajasthan,Email,40,Other,83375.95,0.2542372881355932,High
CUST03135,3066.11,3066.11,1,2024-12-08,2024-12-08,1,2024-09-12,Gujarat,Paid Search,31,M,3066.11,0.9677419354838709,Very Low
CUST03137,97368.70999999999,97368.70999999999,1,2024-09-03,2024-09-03,1,2024-06-21,Rajasthan,Organic,42,F,97368.70999999999,0.9677419354838709,High
CUST03139,160117.44,32023.488,5,2024-11-12,2024-12-28,47,2024-10-31,Karnataka,Direct,37,M,160117.44,1.9480519480519483,Very High
CUST03140,62389.93,20796.643333333333,3,2024-09-17,2024-11-22,67,2024-07-24,Karnataka,Direct,42,F,62389.93,0.9278350515463918,Medium
CUST03141,138142.54,69071.27,2,2023-10-13,2023-10-25,13,2023-06-16,Maharashtra,Direct,59,F,138142.54,1.3953488372093024,High
CUST03142,6475.11,6475.11,1,2024-10-11,2024-10-11,1,2024-01-31,Maharashtra,Paid Search,29,Other,6475.11,0.9677419354838709,Very Low
CUST03144,45464.73,45464.73,1,2024-03-10,2024-03-10,1,2024-02-26,Rajasthan,Organic,56,M,45464.73,0.9677419354838709,Medium
CUST03145,257156.19,85718.73,3,2023-02-19,2023-12-13,298,2023-01-12,Uttar Pradesh,Email,44,M,257156.19,0.27439024390243905,Very High
CUST03147,18514.99,18514.99,1,2024-12-26,2024-12-26,1,2024-04-27,Delhi,Organic,28,M,18514.99,0.9677419354838709,Low
CUST03153,152927.11,30585.422,5,2024-04-13,2024-11-18,220,2024-01-05,Tamil Nadu,Referral,22,M,152927.11,0.6000000000000001,Very High
CUST03154,6092.82,6092.82,1,2024-04-23,2024-04-23,1,2023-09-26,Rajasthan,Referral,52,F,6092.82,0.9677419354838709,Very Low
CUST03155,224660.74999999997,56165.18749999999,4,2023-08-28,2024-05-14,261,2023-08-15,Delhi,Social Media,48,F,224660.74999999997,0.4123711340206186,Very High
CUST03156,42907.69,21453.845,2,2024-10-08,2024-12-01,55,2024-09-15,Uttar Pradesh,Social Media,60,Other,42907.69,0.7058823529411765,Low
CUST03158,2382.51,2382.51,1,2023-07-05,2023-07-05,1,2023-07-03,Rajasthan,Direct,54,M,2382.51,0.9677419354838709,Very Low
CUST03160,3399.08,3399.08,1,2024-12-27,2024-12-27,1,2024-12-13,Tamil Nadu,Organic,65,M,3399.08,0.9677419354838709,Very Low
CUST03161,41313.06,41313.06,1,2024-12-18,2024-12-18,1,2024-10-08,West Bengal,Email,24,M,41313.06,0.9677419354838709,Low
CUST03164,3110.62,3110.62,1,2023-10-20,2023-10-20,1,2023-01-02,Uttar Pradesh,Social Media,45,F,3110.62,0.9677419354838709,Very Low
CUST03165,286805.29,40972.184285714284,7,2023-08-26,2024-10-27,429,2023-05-12,Delhi,Direct,42,Other,286805.29,0.45751633986928103,Very High
CUST03166,13901.31,13901.31,1,2024-07-17,2024-07-17,1,2023-02-27,Maharashtra,Paid Search,18,M,13901.31,0.9677419354838709,Very Low
CUST03173,44123.11,44123.11,1,2023-09-26,2023-09-26,1,2023-09-21,Rajasthan,Referral,60,M,44123.11,0.9677419354838709,Medium
CUST03174,7663.52,7663.52,1,2024-08-18,2024-08-18,1,2024-04-30,Gujarat,Social Media,22,F,7663.52,0.9677419354838709,Very Low
CUST03175,4004.32,2002.16,2,2024-06-07,2024-06-20,14,2024-06-01,West Bengal,Email,26,M,4004.32,1.3636363636363635,Very Low
CUST03176,38416.06,38416.06,1,2024-08-26,2024-08-26,1,2024-04-17,Tamil Nadu,Organic,25,Other,38416.06,0.9677419354838709,Low
CUST03178,89446.37,44723.185,2,2024-04-03,2024-10-29,210,2024-03-13,West Bengal,Email,29,F,89446.37,0.25,High
CUST03179,108201.53,54100.765,2,2024-10-08,2024-10-13,6,2024-09-30,Tamil Nadu,Direct,32,M,108201.53,1.6666666666666667,High
CUST03180,34030.280000000006,17015.140000000003,2,2024-12-07,2024-12-30,24,2023-12-21,Tamil Nadu,Direct,40,Other,34030.280000000006,1.1111111111111112,Low
CUST03181,9191.64,9191.64,1,2024-10-21,2024-10-21,1,2024-07-21,Delhi,Email,41,Other,9191.64,0.9677419354838709,Very Low
CUST03182,121316.28,60658.14,2,2023-11-15,2024-06-02,201,2023-02-12,Tamil Nadu,Email,28,F,121316.28,0.2597402597402597,High
CUST03183,120913.45999999999,40304.486666666664,3,2024-07-09,2024-11-12,127,2024-07-01,Delhi,Direct,28,Other,120913.45999999999,0.5732484076433121,High
CUST03186,6385.58,6385.58,1,2024-11-05,2024-11-05,1,2024-09-21,Uttar Pradesh,Email,44,F,6385.58,0.9677419354838709,Very Low
CUST03190,6797.88,3398.94,2,2024-05-25,2024-08-22,90,2024-05-22,Karnataka,Referral,26,M,6797.88,0.5,Very Low
CUST03194,19895.97,19895.97,1,2024-09-07,2024-09-07,1,2024-08-05,West Bengal,Direct,65,Other,19895.97,0.9677419354838709,Low
CUST03195,4437.28,4437.28,1,2024-09-30,2024-09-30,1,2024-09-15,Delhi,Referral,27,Other,4437.28,0.9677419354838709,Very Low
CUST03196,296389.22,59277.844,5,2024-09-06,2024-12-22,108,2024-07-25,Uttar Pradesh,Organic,58,M,296389.22,1.0869565217391306,Very High
CUST03197,139670.0,46556.666666666664,3,2024-07-22,2024-12-10,142,2024-07-01,Uttar Pradesh,Organic,58,Other,139670.0,0.5232558139534884,High
CUST03200,51056.439999999995,25528.219999999998,2,2024-08-10,2024-10-20,72,2024-03-04,Delhi,Direct,39,F,51056.439999999995,0.5882352941176471,Medium
CUST03205,154892.66,51630.886666666665,3,2023-09-16,2024-10-11,392,2023-04-26,Tamil Nadu,Referral,62,F,154892.66,0.2132701421800948,Very High
CUST03207,75362.61,75362.61,1,2024-09-17,2024-09-17,1,2023-09-17,Uttar Pradesh,Direct,50,F,75362.61,0.9677419354838709,Medium
CUST03208,20617.7,6872.566666666667,3,2023-08-20,2024-06-22,308,2023-06-28,West Bengal,Social Media,23,M,20617.7,0.2662721893491124,Low
CUST03209,52265.86000000001,26132.930000000004,2,2024-07-29,2024-09-21,55,2024-06-19,Karnataka,Referral,33,Other,52265.86000000001,0.7058823529411765,Medium
CUST03210,76596.72,38298.36,2,2024-02-05,2024-12-29,329,2023-11-27,Rajasthan,Email,45,Other,76596.72,0.1671309192200557,Medium
CUST03211,4507.15,4507.15,1,2024-07-29,2024-07-29,1,2023-11-17,Uttar Pradesh,Direct,49,Other,4507.15,0.9677419354838709,Very Low
CUST03212,94820.0,47410.0,2,2024-12-15,2024-12-23,9,2024-12-12,West Bengal,Organic,56,M,94820.0,1.5384615384615383,High
CUST03213,63000.33,31500.165,2,2023-12-05,2024-04-30,148,2023-01-24,Karnataka,Organic,25,M,63000.33,0.33707865168539325,Medium
CUST03215,39859.71,13286.57,3,2024-03-06,2024-12-28,298,2023-02-20,West Bengal,Direct,65,M,39859.71,0.27439024390243905,Low
CUST03217,58218.43000000001,58218.43000000001,1,2023-04-12,2023-04-12,1,2023-03-16,Maharashtra,Direct,65,F,58218.43000000001,0.9677419354838709,Medium
CUST03218,1424.18,1424.18,1,2024-11-01,2024-11-01,1,2024-01-11,Maharashtra,Email,29,M,1424.18,0.9677419354838709,Very Low
CUST03219,87764.48,43882.24,2,2024-04-01,2024-04-29,29,2023-08-28,Gujarat,Social Media,44,M,87764.48,1.0169491525423728,High
CUST03222,12007.76,12007.76,1,2023-11-24,2023-11-24,1,2023-05-18,Gujarat,Direct,58,F,12007.76,0.9677419354838709,Very Low
CUST03225,259202.36,129601.18,2,2024-10-22,2024-12-01,41,2023-04-18,Rajasthan,Social Media,40,Other,259202.36,0.8450704225352113,Very High
CUST03226,97723.14,97723.14,1,2024-10-22,2024-10-22,1,2023-02-24,Tamil Nadu,Social Media,24,Other,97723.14,0.9677419354838709,High
CUST03227,3540.64,3540.64,1,2024-08-04,2024-08-04,1,2024-02-16,Karnataka,Referral,38,Other,3540.64,0.9677419354838709,Very Low
CUST03228,23922.52,11961.26,2,2024-06-05,2024-08-08,65,2024-04-18,Rajasthan,Paid Search,42,M,23922.52,0.6315789473684211,Low
CUST03230,32394.27,16197.135,2,2024-08-18,2024-08-26,9,2024-03-13,Rajasthan,Paid Search,28,F,32394.27,1.5384615384615383,Low
CUST03231,9334.04,9334.04,1,2024-05-29,2024-05-29,1,2023-03-28,Maharashtra,Paid Search,55,F,9334.04,0.9677419354838709,Very Low
CUST03233,3924.82,3924.82,1,2024-11-12,2024-11-12,1,2024-08-28,Karnataka,Organic,23,Other,3924.82,0.9677419354838709,Very Low
CUST03234,16188.41,16188.41,1,2024-07-06,2024-07-06,1,2023-12-23,West Bengal,Paid Search,63,F,16188.41,0.9677419354838709,Very Low
CUST03236,67664.9,16916.225,4,2023-04-15,2024-10-11,546,2023-04-11,Uttar Pradesh,Email,23,F,67664.9,0.20833333333333334,Medium
CUST03237,359648.74,51378.39142857143,7,2024-07-08,2024-12-21,167,2024-06-18,Tamil Nadu,Organic,33,Other,359648.74,1.0659898477157361,Very High
CUST03241,92674.43,46337.215,2,2023-07-15,2023-11-19,128,2023-06-29,Maharashtra,Referral,46,F,92674.43,0.379746835443038,High
CUST03242,78523.20000000001,39261.600000000006,2,2024-01-17,2024-06-10,146,2023-07-17,Tamil Nadu,Paid Search,51,Other,78523.20000000001,0.34090909090909094,High
CUST03243,145290.41999999998,36322.604999999996,4,2024-11-22,2024-12-24,33,2024-10-24,West Bengal,Direct,34,Other,145290.41999999998,1.9047619047619047,Very High
CUST03246,17309.38,17309.38,1,2024-12-30,2024-12-30,1,2024-10-08,Delhi,Direct,33,Other,17309.38,0.9677419354838709,Low
CUST03249,18335.74,18335.74,1,2024-12-15,2024-12-15,1,2024-12-11,Gujarat,Direct,59,Other,18335.74,0.9677419354838709,Low
CUST03251,3686.65,3686.65,1,2024-12-22,2024-12-22,1,2024-09-14,Rajasthan,Referral,49,Other,3686.65,0.9677419354838709,Very Low
CUST03252,186896.98,186896.98,1,2024-12-30,2024-12-30,1,2024-09-28,West Bengal,Paid Search,19,Other,186896.98,0.9677419354838709,Very High
CUST03255,40897.08,20448.54,2,2023-10-13,2023-11-20,39,2023-06-05,Gujarat,Direct,35,Other,40897.08,0.8695652173913044,Low
CUST03260,238140.68,79380.22666666667,3,2024-11-10,2024-12-27,48,2024-11-06,West Bengal,Email,61,Other,238140.68,1.1538461538461537,Very High
CUST03262,38299.05,38299.05,1,2024-02-25,2024-02-25,1,2024-01-18,Gujarat,Organic,22,Other,38299.05,0.9677419354838709,Low
CUST03263,63263.02,31631.51,2,2024-03-06,2024-04-11,37,2024-03-05,Karnataka,Referral,64,M,63263.02,0.8955223880597015,Medium
CUST03265,323650.64,46235.805714285714,7,2023-03-05,2024-10-21,597,2023-02-05,Maharashtra,Referral,64,M,323650.64,0.3349282296650718,Very High
CUST03270,48168.26,48168.26,1,2024-02-23,2024-02-23,1,2023-05-10,Rajasthan,Paid Search,34,F,48168.26,0.9677419354838709,Medium
CUST03273,175759.18,43939.795,4,2024-03-08,2024-08-11,157,2024-01-17,Uttar Pradesh,Email,21,Other,175759.18,0.6417112299465241,Very High
CUST03274,4737.3,4737.3,1,2024-08-13,2024-08-13,1,2024-06-29,Maharashtra,Social Media,24,M,4737.3,0.9677419354838709,Very Low
CUST03276,9831.3,4915.65,2,2024-07-15,2024-10-14,92,2024-01-18,West Bengal,Organic,54,Other,9831.3,0.49180327868852464,Very Low
CUST03277,21270.870000000003,10635.435000000001,2,2024-12-24,2024-12-28,5,2024-12-24,Gujarat,Paid Search,30,Other,21270.870000000003,1.7142857142857142,Low
CUST03279,8496.46,4248.23,2,2024-03-17,2024-10-03,201,2024-02-23,Karnataka,Paid Search,56,F,8496.46,0.2597402597402597,Very Low
CUST03282,53705.63,26852.815,2,2024-10-11,2024-10-15,5,2024-10-07,Karnataka,Social Media,24,F,53705.63,1.7142857142857142,Medium
CUST03283,37658.28,18829.14,2,2024-09-21,2024-12-05,76,2024-06-29,Delhi,Organic,49,M,37658.28,0.5660377358490566,Low
CUST03284,84110.29999999999,16822.059999999998,5,2023-09-26,2024-12-09,441,2023-08-08,Delhi,Referral,60,Other,84110.29999999999,0.3184713375796179,High
CUST03285,97053.54000000001,97053.54000000001,1,2024-10-05,2024-10-05,1,2023-06-29,West Bengal,Organic,60,Other,97053.54000000001,0.9677419354838709,High
CUST03287,10646.4,5323.2,2,2024-05-16,2024-07-10,56,2023-06-28,Tamil Nadu,Paid Search,43,M,10646.4,0.6976744186046512,Very Low
CUST03288,25920.41,25920.41,1,2024-01-29,2024-01-29,1,2024-01-17,Gujarat,Referral,60,Other,25920.41,0.9677419354838709,Low
CUST03289,78685.54,78685.54,1,2024-10-04,2024-10-04,1,2023-10-05,Karnataka,Organic,60,Other,78685.54,0.9677419354838709,High
CUST03290,4456.61,4456.61,1,2024-12-18,2024-12-18,1,2023-03-10,Gujarat,Email,54,Other,4456.61,0.9677419354838709,Very Low
CUST03291,18714.19,18714.19,1,2024-10-01,2024-10-01,1,2024-07-29,West Bengal,Social Media,38,M,18714.19,0.9677419354838709,Low
CUST03292,24033.05,12016.525,2,2024-11-09,2024-12-02,24,2024-07-10,Rajasthan,Social Media,58,F,24033.05,1.1111111111111112,Low
CUST03293,28388.67,14194.335,2,2024-07-28,2024-09-11,46,2023-12-27,West Bengal,Referral,23,F,28388.67,0.7894736842105263,Low
CUST03296,158776.34,79388.17,2,2024-11-08,2024-11-29,22,2024-11-03,Uttar Pradesh,Direct,21,Other,158776.34,1.1538461538461537,Very High
CUST03297,102681.5,51340.75,2,2024-02-02,2024-09-18,230,2023-12-24,Maharashtra,Organic,37,Other,102681.5,0.23076923076923073,High
CUST03299,236544.37000000002,78848.12333333334,3,2023-05-22,2024-05-08,353,2023-03-11,Maharashtra,Social Media,42,M,236544.37000000002,0.23498694516971277,Very High
CUST03300,163554.02000000002,27259.003333333338,6,2023-07-29,2024-08-14,383,2023-05-20,Gujarat,Organic,61,F,163554.02000000002,0.4358353510895884,Very High
CUST03302,192781.43,192781.43,1,2024-11-28,2024-11-28,1,2024-05-06,Tamil Nadu,Referral,29,M,192781.43,0.9677419354838709,Very High
CUST03303,65484.85,10914.141666666666,6,2024-10-10,2024-12-26,78,2024-10-01,Gujarat,Direct,31,F,65484.85,1.6666666666666665,Medium
CUST03304,6524.04,6524.04,1,2024-06-24,2024-06-24,1,2024-06-04,Tamil Nadu,Direct,57,M,6524.04,0.9677419354838709,Very Low
CUST03306,87481.22,87481.22,1,2024-02-06,2024-02-06,1,2023-05-15,Uttar Pradesh,Paid Search,60,F,87481.22,0.9677419354838709,High
CUST03309,3897.03,3897.03,1,2024-10-13,2024-10-13,1,2024-08-30,Uttar Pradesh,Direct,54,Other,3897.03,0.9677419354838709,Very Low
CUST03315,113024.94999999998,113024.94999999998,1,2023-12-02,2023-12-02,1,2023-05-13,Karnataka,Organic,25,M,113024.94999999998,0.9677419354838709,High
CUST03318,120962.44,24192.488,5,2024-01-08,2024-12-13,341,2023-07-10,West Bengal,Email,36,F,120962.44,0.40431266846361186,High
CUST03319,3090.33,3090.33,1,2024-03-28,2024-03-28,1,2024-01-10,Uttar Pradesh,Organic,43,M,3090.33,0.9677419354838709,Very Low
CUST03320,114539.84,57269.92,2,2023-09-03,2024-05-29,270,2023-06-09,Karnataka,Referral,30,M,114539.84,0.2,High
CUST03325,30162.48,30162.48,1,2024-04-25,2024-04-25,1,2023-11-30,Maharashtra,Email,30,M,30162.48,0.9677419354838709,Low
CUST03326,75460.78,37730.39,2,2024-12-05,2024-12-23,19,2024-10-27,Gujarat,Email,18,M,75460.78,1.2244897959183674,Medium
CUST03328,71760.43000000001,35880.215000000004,2,2024-11-10,2024-12-23,44,2024-11-07,Tamil Nadu,Organic,43,F,71760.43000000001,0.8108108108108107,Medium
CUST03331,74719.0,37359.5,2,2024-02-04,2024-05-08,95,2023-12-11,Rajasthan,Referral,22,M,74719.0,0.4800000000000001,Medium
CUST03336,2071.26,2071.26,1,2024-12-26,2024-12-26,1,2024-12-26,Tamil Nadu,Referral,18,Other,2071.26,0.9677419354838709,Very Low
CUST03337,102098.59,102098.59,1,2024-10-16,2024-10-16,1,2024-01-12,Maharashtra,Email,25,M,102098.59,0.9677419354838709,High
CUST03339,267789.02999999997,133894.51499999998,2,2024-01-02,2024-02-21,51,2023-03-05,Rajasthan,Direct,42,F,267789.02999999997,0.7407407407407407,Very High
CUST03344,9327.94,9327.94,1,2023-06-23,2023-06-23,1,2023-03-19,Delhi,Social Media,28,F,9327.94,0.9677419354838709,Very Low
CUST03347,331285.89,66257.178,5,2023-09-18,2024-11-11,421,2023-06-10,West Bengal,Direct,40,M,331285.89,0.3325942350332594,Very High
CUST03348,329216.77,54869.46166666667,6,2024-07-05,2024-12-27,176,2024-05-11,West Bengal,Referral,47,Other,329216.77,0.8737864077669903,Very High
CUST03350,160045.16999999998,32009.033999999996,5,2023-10-01,2024-12-10,437,2023-05-30,Gujarat,Direct,43,M,160045.16999999998,0.32119914346895073,Very High
CUST03351,20033.17,20033.17,1,2024-12-30,2024-12-30,1,2024-12-11,Tamil Nadu,Paid Search,63,M,20033.17,0.9677419354838709,Low
CUST03353,106537.76,35512.58666666666,3,2024-02-15,2024-10-28,257,2023-10-21,Rajasthan,Referral,41,Other,106537.76,0.31358885017421606,High
CUST03355,66491.73,66491.73,1,2024-10-28,2024-10-28,1,2024-03-21,Karnataka,Direct,46,F,66491.73,0.9677419354838709,Medium
CUST03358,26743.92,13371.96,2,2024-06-01,2024-08-19,80,2024-05-31,Rajasthan,Direct,31,F,26743.92,0.5454545454545455,Low
CUST03360,16433.18,16433.18,1,2024-12-07,2024-12-07,1,2023-07-09,Delhi,Email,30,M,16433.18,0.9677419354838709,Very Low
CUST03361,3312.35,3312.35,1,2023-05-04,2023-05-04,1,2023-03-20,West Bengal,Referral,33,Other,3312.35,0.9677419354838709,Very Low
CUST03363,64886.24,32443.12,2,2024-08-15,2024-10-03,50,2023-12-27,Maharashtra,Organic,22,M,64886.24,0.7499999999999999,Medium
CUST03364,223902.13999999998,37317.02333333333,6,2024-01-13,2024-12-13,336,2023-12-19,Maharashtra,Organic,39,M,223902.13999999998,0.49180327868852464,Very High
CUST03366,53964.19,53964.19,1,2024-10-24,2024-10-24,1,2024-08-28,Tamil Nadu,Organic,41,Other,53964.19,0.9677419354838709,Medium
CUST03368,142869.78999999998,47623.26333333333,3,2024-09-27,2024-12-15,80,2024-09-20,Delhi,Social Media,24,Other,142869.78999999998,0.8181818181818182,Very High
CUST03370,80515.59,80515.59,1,2024-10-13,2024-10-13,1,2023-01-20,West Bengal,Email,53,Other,80515.59,0.9677419354838709,High
CUST03374,28528.55,28528.55,1,2024-12-01,2024-12-01,1,2024-11-05,Rajasthan,Organic,55,Other,28528.55,0.9677419354838709,Low
CUST03376,8434.0,4217.0,2,2023-08-18,2024-04-14,241,2023-05-22,Rajasthan,Referral,60,Other,8434.0,0.22140221402214022,Very Low
CUST03378,12718.070000000002,6359.035000000001,2,2023-04-21,2024-07-08,445,2023-04-07,Delhi,Email,37,Other,12718.070000000002,0.12631578947368421,Very Low
CUST03379,68100.96,68100.96,1,2024-08-23,2024-08-23,1,2024-08-08,West Bengal,Organic,60,M,68100.96,0.9677419354838709,Medium
CUST03381,3082.97,3082.97,1,2024-03-08,2024-03-08,1,2023-04-07,Rajasthan,Email,55,F,3082.97,0.9677419354838709,Very Low
CUST03382,64321.33,64321.33,1,2023-06-14,2023-06-14,1,2023-04-24,Delhi,Social Media,30,Other,64321.33,0.9677419354838709,Medium
CUST03386,4469.92,4469.92,1,2024-07-02,2024-07-02,1,2024-02-02,Maharashtra,Direct,60,F,4469.92,0.9677419354838709,Very Low
CUST03388,328934.88999999996,54822.48166666666,6,2024-09-05,2024-12-30,117,2024-08-19,Maharashtra,Email,19,F,328934.88999999996,1.2244897959183672,Very High
CUST03392,20994.45,20994.45,1,2024-04-20,2024-04-20,1,2024-02-12,West Bengal,Paid Search,40,Other,20994.45,0.9677419354838709,Low
CUST03394,132129.96,132129.96,1,2024-07-23,2024-07-23,1,2023-01-02,Uttar Pradesh,Referral,60,M,132129.96,0.9677419354838709,High
CUST03396,206509.57,51627.3925,4,2024-10-29,2024-12-06,39,2024-10-15,Karnataka,Organic,29,F,206509.57,1.7391304347826089,Very High
CUST03398,3244.79,3244.79,1,2024-11-25,2024-11-25,1,2024-10-13,Karnataka,Direct,18,Other,3244.79,0.9677419354838709,Very Low
CUST03399,61841.7,20613.899999999998,3,2023-07-20,2023-12-12,146,2023-06-12,Gujarat,Organic,27,Other,61841.7,0.5113636363636364,Medium
CUST03400,2390.27,2390.27,1,2023-03-09,2023-03-09,1,2023-03-04,Rajasthan,Social Media,60,M,2390.27,0.9677419354838709,Very Low
CUST03401,164605.57,54868.52333333334,3,2023-12-12,2024-08-08,241,2023-03-21,Karnataka,Direct,26,M,164605.57,0.33210332103321033,Very High
CUST03404,11222.81,5611.405,2,2024-03-31,2024-07-21,113,2024-02-21,Maharashtra,Organic,42,F,11222.81,0.4195804195804196,Very Low
CUST03405,27627.02,13813.51,2,2024-04-07,2024-11-23,231,2024-02-22,Tamil Nadu,Paid Search,63,F,27627.02,0.2298850574712644,Low
CUST03406,83003.91,41501.955,2,2023-09-11,2024-07-01,295,2023-01-17,Delhi,Social Media,64,Other,83003.91,0.1846153846153846,High
CUST03407,58261.47,58261.47,1,2024-02-13,2024-02-13,1,2023-02-12,Maharashtra,Paid Search,50,M,58261.47,0.9677419354838709,Medium
CUST03408,6026.280000000001,6026.280000000001,1,2023-09-29,2023-09-29,1,2023-08-10,Karnataka,Paid Search,34,M,6026.280000000001,0.9677419354838709,Very Low
CUST03411,90423.47,45211.735,2,2024-08-13,2024-10-21,70,2023-02-15,West Bengal,Email,44,Other,90423.47,0.6,High
CUST03413,35691.91,35691.91,1,2024-08-04,2024-08-04,1,2023-04-16,Tamil Nadu,Organic,59,Other,35691.91,0.9677419354838709,Low
CUST03414,368653.31,52664.758571428574,7,2024-06-20,2024-12-14,178,2024-06-14,Uttar Pradesh,Paid Search,22,M,368653.31,1.0096153846153846,Very High
CUST03415,255656.68,63914.17,4,2024-10-08,2024-11-08,32,2024-10-01,Karnataka,Social Media,64,M,255656.68,1.9354838709677422,Very High
CUST03417,209207.04,69735.68000000001,3,2023-10-13,2023-11-20,39,2023-09-25,Maharashtra,Direct,23,F,209207.04,1.3043478260869565,Very High
CUST03418,146450.7,146450.7,1,2023-12-10,2023-12-10,1,2023-07-25,Gujarat,Direct,56,Other,146450.7,0.9677419354838709,Very High
CUST03419,108473.06000000001,36157.68666666667,3,2024-09-04,2024-11-10,68,2024-06-22,Karnataka,Social Media,64,F,108473.06000000001,0.9183673469387755,High
CUST03421,59903.29,59903.29,1,2024-11-06,2024-11-06,1,2023-02-13,Rajasthan,Referral,38,Other,59903.29,0.9677419354838709,Medium
CUST03422,112453.76000000001,22490.752,5,2023-02-24,2024-10-03,588,2023-01-03,Tamil Nadu,Email,28,M,112453.76000000001,0.24271844660194172,High
CUST03424,50356.67,16785.556666666667,3,2023-10-26,2024-09-13,324,2023-10-08,West Bengal,Referral,46,M,50356.67,0.2542372881355932,Medium
CUST03425,41559.63,41559.63,1,2023-11-06,2023-11-06,1,2023-08-30,Delhi,Referral,19,M,41559.63,0.9677419354838709,Low
CUST03427,48351.619999999995,16117.206666666665,3,2023-04-22,2024-12-10,599,2023-04-13,Gujarat,Referral,60,M,48351.619999999995,0.14308426073131958,Medium
CUST03430,97338.21,97338.21,1,2024-11-02,2024-11-02,1,2024-07-30,Tamil Nadu,Referral,43,M,97338.21,0.9677419354838709,High
CUST03433,25176.170000000002,12588.085000000001,2,2024-11-26,2024-12-22,27,2024-11-10,West Bengal,Referral,60,M,25176.170000000002,1.0526315789473684,Low
CUST03435,176967.21000000002,88483.60500000001,2,2024-08-15,2024-11-01,79,2024-06-19,Rajasthan,Social Media,27,M,176967.21000000002,0.5504587155963303,Very High
CUST03439,19978.24,19978.24,1,2024-06-15,2024-06-15,1,2024-06-06,Karnataka,Paid Search,51,F,19978.24,0.9677419354838709,Low
CUST03443,262500.43,65625.1075,4,2024-10-21,2024-12-01,42,2024-10-14,Gujarat,Paid Search,38,Other,262500.43,1.6666666666666667,Very High
CUST03444,3050.23,3050.23,1,2024-11-04,2024-11-04,1,2023-01-12,Rajasthan,Email,39,Other,3050.23,0.9677419354838709,Very Low
CUST03445,24773.91,12386.955,2,2024-01-11,2024-01-20,10,2023-11-27,Gujarat,Paid Search,26,F,24773.91,1.5,Low
CUST03448,214154.9,107077.45,2,2024-04-25,2024-09-04,133,2023-06-10,Gujarat,Organic,42,M,214154.9,0.36809815950920244,Very High
CUST03449,56070.05,14017.5125,4,2023-07-21,2024-08-25,402,2023-07-01,Gujarat,Email,49,F,56070.05,0.2777777777777778,Medium
CUST03450,244370.25,81456.75,3,2023-05-19,2024-08-31,471,2023-05-04,Uttar Pradesh,Referral,42,M,244370.25,0.17964071856287425,Very High
CUST03451,3716.96,3716.96,1,2024-04-17,2024-04-17,1,2023-12-17,Uttar Pradesh,Paid Search,41,M,3716.96,0.9677419354838709,Very Low
CUST03453,65267.62,13053.524000000001,5,2024-04-19,2024-11-15,211,2024-01-10,Gujarat,Email,48,Other,65267.62,0.6224066390041494,Medium
CUST03455,32171.260000000002,16085.630000000001,2,2024-03-10,2024-08-10,154,2023-11-25,Tamil Nadu,Paid Search,56,Other,32171.260000000002,0.32608695652173914,Low
CUST03457,5951.900000000001,5951.900000000001,1,2024-11-04,2024-11-04,1,2024-09-22,Tamil Nadu,Email,36,M,5951.900000000001,0.9677419354838709,Very Low
CUST03459,338082.18,37564.68666666667,9,2023-12-20,2024-12-26,373,2023-11-01,Uttar Pradesh,Paid Search,36,M,338082.18,0.6699751861042184,Very High
CUST03460,26450.2,26450.2,1,2024-12-27,2024-12-27,1,2024-12-25,Maharashtra,Direct,44,M,26450.2,0.9677419354838709,Low
CUST03461,21037.030000000002,10518.515000000001,2,2024-09-27,2024-10-07,11,2023-09-09,Gujarat,Paid Search,46,Other,21037.030000000002,1.4634146341463414,Low
CUST03462,103120.03,51560.015,2,2024-08-08,2024-10-03,57,2024-05-20,West Bengal,Email,46,F,103120.03,0.6896551724137931,High
CUST03463,39906.69,39906.69,1,2024-12-12,2024-12-12,1,2024-11-07,Karnataka,Referral,35,M,39906.69,0.9677419354838709,Low
CUST03464,8245.74,8245.74,1,2024-12-05,2024-12-05,1,2023-08-15,Rajasthan,Paid Search,55,M,8245.74,0.9677419354838709,Very Low
CUST03465,55814.57,55814.57,1,2024-12-28,2024-12-28,1,2024-12-22,Gujarat,Organic,21,F,55814.57,0.9677419354838709,Medium
CUST03466,65426.61,65426.61,1,2024-10-13,2024-10-13,1,2023-11-04,Rajasthan,Paid Search,38,Other,65426.61,0.9677419354838709,Medium
CUST03467,22367.98,22367.98,1,2024-10-02,2024-10-02,1,2023-07-23,West Bengal,Direct,45,Other,22367.98,0.9677419354838709,Low
CUST03468,95050.33,95050.33,1,2024-08-18,2024-08-18,1,2023-04-17,Gujarat,Paid Search,38,Other,95050.33,0.9677419354838709,High
CUST03470,87384.05,29128.016666666666,3,2024-02-20,2024-12-20,305,2024-01-05,Maharashtra,Organic,64,Other,87384.05,0.26865671641791045,High
CUST03471,43875.420000000006,10968.855000000001,4,2024-05-29,2024-10-11,136,2024-05-28,Delhi,Organic,22,M,43875.420000000006,0.7228915662650602,Medium
CUST03472,330281.03,82570.2575,4,2024-08-18,2024-10-14,58,2024-05-10,Delhi,Email,28,Other,330281.03,1.3636363636363635,Very High
CUST03473,100019.25,50009.625,2,2024-10-27,2024-11-06,11,2024-08-20,Tamil Nadu,Social Media,40,F,100019.25,1.4634146341463414,High
CUST03475,5642.639999999999,5642.639999999999,1,2024-11-22,2024-11-22,1,2024-01-25,West Bengal,Email,44,Other,5642.639999999999,0.9677419354838709,Very Low
CUST03476,6475.46,6475.46,1,2024-02-05,2024-02-05,1,2023-08-25,West Bengal,Email,23,M,6475.46,0.9677419354838709,Very Low
CUST03477,40512.05,20256.025,2,2023-07-12,2023-10-08,89,2023-03-28,Rajasthan,Organic,34,M,40512.05,0.5042016806722689,Low
CUST03478,243228.3,48645.659999999996,5,2023-04-03,2024-12-12,620,2023-02-18,Tamil Nadu,Direct,61,Other,243228.3,0.23076923076923075,Very High
CUST03480,80347.73,80347.73,1,2024-10-08,2024-10-08,1,2024-09-24,Rajasthan,Organic,32,M,80347.73,0.9677419354838709,High
CUST03482,3594.03,3594.03,1,2023-04-21,2023-04-21,1,2023-03-25,West Bengal,Organic,50,F,3594.03,0.9677419354838709,Very Low
CUST03483,114566.45999999999,57283.229999999996,2,2024-01-27,2024-10-11,259,2024-01-10,Rajasthan,Direct,63,Other,114566.45999999999,0.20761245674740486,High
CUST03484,18918.83,18918.83,1,2024-09-20,2024-09-20,1,2024-01-07,West Bengal,Organic,30,Other,18918.83,0.9677419354838709,Low
CUST03486,29044.620000000003,14522.310000000001,2,2024-05-24,2024-12-29,220,2024-05-10,Maharashtra,Direct,23,Other,29044.620000000003,0.24000000000000005,Low
CUST03489,44844.350000000006,14948.116666666669,3,2024-04-16,2024-12-07,236,2023-09-30,Uttar Pradesh,Email,41,Other,44844.350000000006,0.3383458646616541,Medium
CUST03491,98857.67,32952.556666666664,3,2024-02-14,2024-10-13,243,2023-12-29,Gujarat,Social Media,34,F,98857.67,0.32967032967032966,High
CUST03492,276001.32,276001.32,1,2024-07-05,2024-07-05,1,2023-03-18,Karnataka,Social Media,46,M,276001.32,0.9677419354838709,Very High
CUST03493,51523.69,12880.9225,4,2024-02-11,2024-12-17,311,2023-06-25,Rajasthan,Direct,60,Other,51523.69,0.3519061583577712,Medium
CUST03497,339445.64,169722.82,2,2024-07-27,2024-07-29,3,2024-07-23,Uttar Pradesh,Referral,21,Other,339445.64,1.8181818181818181,Very High
CUST03498,69672.77,34836.385,2,2024-08-03,2024-12-27,147,2024-08-03,Tamil Nadu,Social Media,31,Other,69672.77,0.3389830508474576,Medium
CUST03501,75548.34,75548.34,1,2024-08-30,2024-08-30,1,2023-10-28,Gujarat,Referral,56,M,75548.34,0.9677419354838709,Medium
CUST03502,91442.13,91442.13,1,2024-06-11,2024-06-11,1,2023-11-13,Rajasthan,Email,56,F,91442.13,0.9677419354838709,High
CUST03503,6210.06,6210.06,1,2023-12-06,2023-12-06,1,2023-03-26,Tamil Nadu,Email,24,M,6210.06,0.9677419354838709,Very Low
CUST03504,3837.6,3837.6,1,2024-10-29,2024-10-29,1,2024-10-11,Maharashtra,Organic,18,F,3837.6,0.9677419354838709,Very Low
CUST03505,234120.91999999998,78040.30666666666,3,2023-11-28,2024-07-09,225,2023-08-25,Maharashtra,Referral,42,Other,234120.91999999998,0.35294117647058826,Very High
CUST03506,58072.57,58072.57,1,2023-02-20,2023-02-20,1,2023-01-12,Delhi,Organic,41,M,58072.57,0.9677419354838709,Medium
CUST03510,10562.23,10562.23,1,2024-10-15,2024-10-15,1,2023-12-08,Rajasthan,Organic,58,Other,10562.23,0.9677419354838709,Very Low
CUST03513,142604.41999999998,28520.884,5,2023-02-20,2024-06-12,479,2023-01-19,Uttar Pradesh,Organic,62,Other,142604.41999999998,0.2946954813359528,Very High
CUST03515,50959.48,25479.74,2,2024-09-01,2024-09-30,30,2024-07-10,Tamil Nadu,Referral,61,F,50959.48,1.0,Medium
CUST03517,1639.55,1639.55,1,2024-01-24,2024-01-24,1,2023-12-04,West Bengal,Organic,54,M,1639.55,0.9677419354838709,Very Low
CUST03518,15367.01,15367.01,1,2024-12-13,2024-12-13,1,2024-10-19,Karnataka,Direct,36,Other,15367.01,0.9677419354838709,Very Low
CUST03520,15409.46,5136.486666666667,3,2024-05-04,2024-08-17,106,2024-04-01,Uttar Pradesh,Paid Search,62,F,15409.46,0.6617647058823529,Very Low
CUST03521,61671.00000000001,20557.000000000004,3,2023-07-25,2024-05-14,295,2023-02-17,Maharashtra,Organic,54,F,61671.00000000001,0.2769230769230769,Medium
CUST03522,5251.32,5251.32,1,2024-09-15,2024-09-15,1,2023-01-05,Rajasthan,Direct,65,M,5251.32,0.9677419354838709,Very Low
CUST03523,26135.82,26135.82,1,2024-09-04,2024-09-04,1,2023-09-20,Uttar Pradesh,Organic,56,F,26135.82,0.9677419354838709,Low
CUST03524,19455.52,19455.52,1,2024-10-13,2024-10-13,1,2024-01-28,Rajasthan,Email,28,F,19455.52,0.9677419354838709,Low
CUST03525,6929.25,6929.25,1,2024-07-12,2024-07-12,1,2023-04-02,Gujarat,Email,52,M,6929.25,0.9677419354838709,Very Low
CUST03526,56671.47,28335.735,2,2024-10-28,2024-12-08,42,2024-09-06,Gujarat,Direct,40,F,56671.47,0.8333333333333334,Medium
CUST03531,40925.61,40925.61,1,2024-11-13,2024-11-13,1,2024-10-25,Rajasthan,Email,61,M,40925.61,0.9677419354838709,Low
CUST03532,47695.33,47695.33,1,2024-12-11,2024-12-11,1,2023-09-28,Maharashtra,Email,58,M,47695.33,0.9677419354838709,Medium
CUST03533,50370.1,50370.1,1,2024-02-06,2024-02-06,1,2023-12-31,Gujarat,Direct,65,M,50370.1,0.9677419354838709,Medium
CUST03535,151556.59,75778.295,2,2023-11-28,2024-01-28,62,2023-03-03,West Bengal,Email,52,M,151556.59,0.6521739130434783,Very High
CUST03536,12559.57,12559.57,1,2024-10-07,2024-10-07,1,2024-02-02,Karnataka,Organic,34,Other,12559.57,0.9677419354838709,Very Low
CUST03538,221860.15999999997,55465.03999999999,4,2024-05-15,2024-11-13,183,2024-04-09,Rajasthan,Social Media,64,F,221860.15999999997,0.5633802816901409,Very High
CUST03539,92669.08,92669.08,1,2024-12-28,2024-12-28,1,2024-12-28,West Bengal,Paid Search,54,F,92669.08,0.9677419354838709,High
CUST03540,376134.19,41792.68777777778,9,2024-03-24,2024-12-30,282,2024-02-06,West Bengal,Paid Search,58,Other,376134.19,0.8653846153846153,Very High
CUST03541,175884.31,87942.155,2,2024-11-27,2024-12-10,14,2024-11-17,Rajasthan,Direct,30,Other,175884.31,1.3636363636363635,Very High
CUST03542,74459.04999999999,24819.68333333333,3,2024-07-09,2024-12-22,167,2024-04-29,Maharashtra,Organic,49,M,74459.04999999999,0.4568527918781726,Medium
CUST03545,276413.85000000003,138206.92500000002,2,2023-06-07,2023-06-11,5,2023-06-04,Tamil Nadu,Organic,19,F,276413.85000000003,1.7142857142857142,Very High
CUST03546,47169.93,47169.93,1,2023-10-01,2023-10-01,1,2023-05-24,Karnataka,Paid Search,61,M,47169.93,0.9677419354838709,Medium
CUST03549,53063.56,26531.78,2,2024-08-19,2024-11-27,101,2024-07-29,Uttar Pradesh,Referral,41,M,53063.56,0.45801526717557245,Medium
CUST03550,5931.25,5931.25,1,2024-10-05,2024-10-05,1,2024-09-20,Uttar Pradesh,Email,55,F,5931.25,0.9677419354838709,Very Low
CUST03551,280467.19999999995,70116.79999999999,4,2024-03-23,2024-10-05,197,2024-01-22,Maharashtra,Referral,20,F,280467.19999999995,0.5286343612334802,Very High
CUST03552,90740.10999999999,30246.703333333327,3,2023-11-04,2024-12-08,401,2023-10-21,Gujarat,Organic,34,Other,90740.10999999999,0.2088167053364269,High
CUST03554,18978.72,18978.72,1,2024-07-30,2024-07-30,1,2023-09-07,Gujarat,Referral,19,F,18978.72,0.9677419354838709,Low
CUST03558,14987.029999999999,4995.676666666666,3,2024-12-20,2024-12-27,8,2024-12-17,Tamil Nadu,Referral,20,F,14987.029999999999,2.368421052631579,Very Low
CUST03559,105960.8,26490.2,4,2024-06-23,2024-11-10,141,2024-03-22,Uttar Pradesh,Direct,46,M,105960.8,0.7017543859649122,High
CUST03566,64652.86,64652.86,1,2024-04-19,2024-04-19,1,2024-03-13,Karnataka,Paid Search,22,M,64652.86,0.9677419354838709,Medium
CUST03569,75929.38,75929.38,1,2024-06-25,2024-06-25,1,2024-04-13,Tamil Nadu,Direct,55,F,75929.38,0.9677419354838709,Medium
CUST03571,91239.49,18247.898,5,2024-05-03,2024-10-22,173,2024-03-27,Karnataka,Paid Search,26,Other,91239.49,0.7389162561576355,High
CUST03572,27481.28,27481.28,1,2024-06-29,2024-06-29,1,2024-03-02,Maharashtra,Referral,41,Other,27481.28,0.9677419354838709,Low
CUST03573,165381.18,82690.59,2,2024-07-14,2024-08-11,29,2024-07-11,West Bengal,Direct,51,Other,165381.18,1.0169491525423728,Very High
CUST03578,68459.38,68459.38,1,2024-12-24,2024-12-24,1,2024-11-13,Delhi,Organic,28,M,68459.38,0.9677419354838709,Medium
CUST03579,9308.51,4654.255,2,2024-02-18,2024-07-29,163,2024-01-12,Delhi,Referral,60,Other,9308.51,0.31088082901554404,Very Low
CUST03583,32355.6,32355.6,1,2024-08-21,2024-08-21,1,2024-07-29,West Bengal,Social Media,21,Other,32355.6,0.9677419354838709,Low
CUST03585,239524.82,59881.205,4,2024-04-30,2024-10-12,166,2024-03-04,Maharashtra,Paid Search,38,M,239524.82,0.6122448979591837,Very High
CUST03586,94851.83,31617.27666666667,3,2023-12-02,2024-04-06,127,2023-07-28,Rajasthan,Paid Search,60,F,94851.83,0.5732484076433121,High
CUST03590,36737.79,12245.93,3,2024-03-21,2024-10-21,215,2024-02-22,Delhi,Direct,44,Other,36737.79,0.36734693877551017,Low
CUST03592,5886.5,5886.5,1,2024-06-02,2024-06-02,1,2023-10-30,West Bengal,Social Media,43,M,5886.5,0.9677419354838709,Very Low
CUST03594,53896.45,13474.1125,4,2024-09-08,2024-12-23,107,2024-02-20,Rajasthan,Paid Search,65,M,53896.45,0.8759124087591241,Medium
CUST03595,87603.08,87603.08,1,2024-10-14,2024-10-14,1,2023-05-11,Rajasthan,Email,44,Other,87603.08,0.9677419354838709,High
CUST03596,90922.5,45461.25,2,2024-07-12,2024-10-30,111,2023-08-17,Delhi,Email,51,F,90922.5,0.425531914893617,High
CUST03597,31414.01,31414.01,1,2024-05-02,2024-05-02,1,2024-04-22,Rajasthan,Referral,56,M,31414.01,0.9677419354838709,Low
CUST03598,183092.47,45773.1175,4,2023-07-31,2024-09-17,415,2023-03-01,West Bengal,Email,23,Other,183092.47,0.2696629213483146,Very High
CUST03600,80838.87,80838.87,1,2024-11-24,2024-11-24,1,2023-01-25,Uttar Pradesh,Direct,39,F,80838.87,0.9677419354838709,High
CUST03602,155337.78,77668.89,2,2024-03-28,2024-08-05,131,2023-12-05,West Bengal,Referral,39,M,155337.78,0.3726708074534162,Very High
CUST03606,29438.25,29438.25,1,2024-09-12,2024-09-12,1,2024-03-04,Gujarat,Email,30,F,29438.25,0.9677419354838709,Low
CUST03607,88150.69,44075.345,2,2024-03-15,2024-04-28,45,2023-11-24,Uttar Pradesh,Social Media,51,Other,88150.69,0.8,High
CUST03611,213092.83000000002,106546.41500000001,2,2024-09-03,2024-11-28,87,2024-07-16,Gujarat,Referral,55,Other,213092.83000000002,0.5128205128205129,Very High
CUST03614,62550.439999999995,31275.219999999998,2,2024-03-12,2024-05-05,55,2024-01-21,Delhi,Social Media,33,F,62550.439999999995,0.7058823529411765,Medium
CUST03616,63693.22,63693.22,1,2024-02-18,2024-02-18,1,2023-02-17,Gujarat,Social Media,56,M,63693.22,0.9677419354838709,Medium
CUST03619,6335.29,6335.29,1,2024-05-18,2024-05-18,1,2023-06-15,Rajasthan,Email,35,Other,6335.29,0.9677419354838709,Very Low
CUST03621,50108.869999999995,50108.869999999995,1,2024-11-05,2024-11-05,1,2024-07-18,Rajasthan,Organic,48,F,50108.869999999995,0.9677419354838709,Medium
CUST03622,97763.29000000001,48881.645000000004,2,2024-11-04,2024-12-19,46,2024-11-01,West Bengal,Organic,26,M,97763.29000000001,0.7894736842105263,High
CUST03625,6821.5,6821.5,1,2024-12-07,2024-12-07,1,2024-12-04,Delhi,Direct,61,F,6821.5,0.9677419354838709,Very Low
CUST03626,422907.20000000007,105726.80000000002,4,2023-10-22,2024-12-30,436,2023-10-15,Tamil Nadu,Direct,54,M,422907.20000000007,0.2575107296137339,Very High
CUST03627,34365.72,34365.72,1,2023-10-14,2023-10-14,1,2023-08-24,Maharashtra,Social Media,57,Other,34365.72,0.9677419354838709,Low
CUST03630,21618.53,5404.6325,4,2023-07-31,2024-08-05,372,2023-06-07,Gujarat,Paid Search,19,Other,21618.53,0.29850746268656714,Low
CUST03632,96626.53,96626.53,1,2024-10-22,2024-10-22,1,2024-10-10,Maharashtra,Organic,54,Other,96626.53,0.9677419354838709,High
CUST03633,3600.28,3600.28,1,2024-07-29,2024-07-29,1,2024-04-01,Uttar Pradesh,Organic,24,M,3600.28,0.9677419354838709,Very Low
CUST03634,188466.63,37693.326,5,2024-09-17,2024-12-24,99,2024-08-29,West Bengal,Paid Search,47,Other,188466.63,1.1627906976744187,Very High
CUST03640,54501.9,27250.95,2,2024-05-18,2024-09-11,117,2024-03-26,Uttar Pradesh,Direct,49,F,54501.9,0.4081632653061224,Medium
CUST03641,35798.18,17899.09,2,2024-07-26,2024-10-04,71,2024-06-27,Gujarat,Organic,49,Other,35798.18,0.594059405940594,Low
CUST03642,49771.48,49771.48,1,2024-12-17,2024-12-17,1,2023-10-05,West Bengal,Email,31,F,49771.48,0.9677419354838709,Medium
CUST03644,30329.82,15164.91,2,2023-12-01,2024-01-06,37,2023-11-19,West Bengal,Referral,31,M,30329.82,0.8955223880597015,Low
CUST03645,84703.31,21175.8275,4,2023-07-07,2024-12-24,537,2023-07-06,Gujarat,Referral,35,M,84703.31,0.21164021164021166,High
CUST03646,133133.55000000002,33283.387500000004,4,2024-04-04,2024-07-15,103,2023-02-01,Uttar Pradesh,Referral,56,F,133133.55000000002,0.9022556390977443,High
CUST03648,89967.19,89967.19,1,2024-05-28,2024-05-28,1,2023-02-12,Karnataka,Direct,19,F,89967.19,0.9677419354838709,High
CUST03650,53005.86,26502.93,2,2024-12-23,2024-12-25,3,2024-06-09,West Bengal,Referral,23,F,53005.86,1.8181818181818181,Medium
CUST03651,133783.66,22297.27666666667,6,2023-04-07,2024-07-24,475,2023-01-30,Uttar Pradesh,Paid Search,35,F,133783.66,0.35643564356435636,High
CUST03652,273798.86,54759.772,5,2024-12-08,2024-12-27,20,2024-11-19,Uttar Pradesh,Paid Search,28,M,273798.86,3.0000000000000004,Very High
CUST03653,19901.359999999997,19901.359999999997,1,2024-11-30,2024-11-30,1,2023-04-01,Tamil Nadu,Referral,41,M,19901.359999999997,0.9677419354838709,Low
CUST03654,269274.7,67318.675,4,2023-09-20,2024-04-06,200,2023-01-09,Tamil Nadu,Direct,28,M,269274.7,0.5217391304347826,Very High
CUST03658,57929.73,57929.73,1,2024-07-25,2024-07-25,1,2023-10-13,Delhi,Paid Search,23,Other,57929.73,0.9677419354838709,Medium
CUST03660,23030.68,23030.68,1,2023-12-08,2023-12-08,1,2023-03-26,Uttar Pradesh,Referral,45,M,23030.68,0.9677419354838709,Low
CUST03662,66730.94,16682.735,4,2024-01-18,2024-11-11,299,2023-12-13,Karnataka,Organic,35,M,66730.94,0.364741641337386,Medium
CUST03664,90727.97,30242.656666666666,3,2024-07-02,2024-10-16,107,2024-05-11,Delhi,Email,29,M,90727.97,0.6569343065693432,High
CUST03669,3503.01,3503.01,1,2024-04-30,2024-04-30,1,2023-10-14,Uttar Pradesh,Paid Search,47,M,3503.01,0.9677419354838709,Very Low
CUST03670,113930.71,28482.6775,4,2024-10-07,2024-12-28,83,2024-09-20,Karnataka,Paid Search,28,Other,113930.71,1.0619469026548674,High
CUST03672,21429.0,10714.5,2,2024-08-21,2024-10-15,56,2024-07-18,Uttar Pradesh,Email,49,Other,21429.0,0.6976744186046512,Low
CUST03674,4706.03,4706.03,1,2024-01-23,2024-01-23,1,2024-01-22,Gujarat,Email,63,Other,4706.03,0.9677419354838709,Very Low
CUST03676,75764.37000000001,37882.185000000005,2,2024-08-30,2024-12-13,106,2024-06-28,Rajasthan,Organic,31,M,75764.37000000001,0.4411764705882353,Medium
CUST03677,21310.33,21310.33,1,2024-10-18,2024-10-18,1,2024-10-14,Gujarat,Organic,56,F,21310.33,0.9677419354838709,Low
CUST03679,345311.01,115103.67,3,2024-09-30,2024-12-30,92,2024-09-16,Gujarat,Paid Search,19,M,345311.01,0.7377049180327869,Very High
CUST03680,42741.87,42741.87,1,2024-07-18,2024-07-18,1,2023-07-17,West Bengal,Referral,55,Other,42741.87,0.9677419354838709,Low
CUST03681,6428.51,3214.255,2,2024-12-14,2024-12-30,17,2024-12-14,Delhi,Referral,33,M,6428.51,1.2765957446808511,Very Low
CUST03682,15322.25,7661.125,2,2024-05-29,2024-12-11,197,2024-03-11,Maharashtra,Referral,34,F,15322.25,0.2643171806167401,Very Low
CUST03687,58997.45,58997.45,1,2024-08-26,2024-08-26,1,2023-03-02,West Bengal,Email,36,F,58997.45,0.9677419354838709,Medium
CUST03688,155534.65,77767.325,2,2024-11-05,2024-11-19,15,2024-09-27,Rajasthan,Referral,22,F,155534.65,1.3333333333333333,Very High
CUST03694,21645.93,10822.965,2,2024-12-09,2024-12-19,11,2024-11-24,Gujarat,Email,55,M,21645.93,1.4634146341463414,Low
CUST03697,89082.27,29694.09,3,2023-06-06,2023-11-07,155,2023-04-12,Rajasthan,Direct,58,F,89082.27,0.48648648648648646,High
CUST03699,23297.17,23297.17,1,2024-03-19,2024-03-19,1,2023-03-05,West Bengal,Referral,32,M,23297.17,0.9677419354838709,Low
CUST03700,28359.77,28359.77,1,2024-12-18,2024-12-18,1,2024-12-07,Maharashtra,Organic,26,M,28359.77,0.9677419354838709,Low
CUST03703,124627.56,41542.52,3,2024-03-01,2024-06-10,102,2024-02-21,Maharashtra,Direct,48,M,124627.56,0.6818181818181818,High
CUST03706,8178.370000000001,8178.370000000001,1,2023-06-07,2023-06-07,1,2023-02-24,Gujarat,Social Media,54,Other,8178.370000000001,0.9677419354838709,Very Low
CUST03707,31842.93,15921.465,2,2024-04-14,2024-05-05,22,2024-01-23,Gujarat,Direct,38,Other,31842.93,1.1538461538461537,Low
CUST03710,167416.03,167416.03,1,2024-06-22,2024-06-22,1,2024-01-12,Uttar Pradesh,Direct,43,M,167416.03,0.9677419354838709,Very High
CUST03711,62957.2,62957.2,1,2024-08-17,2024-08-17,1,2024-02-02,Uttar Pradesh,Organic,27,Other,62957.2,0.9677419354838709,Medium
CUST03713,9180.35,9180.35,1,2024-08-27,2024-08-27,1,2024-02-10,Karnataka,Email,50,F,9180.35,0.9677419354838709,Very Low
CUST03718,26405.96,26405.96,1,2024-04-14,2024-04-14,1,2023-01-29,Rajasthan,Social Media,41,M,26405.96,0.9677419354838709,Low
CUST03720,41303.46,41303.46,1,2024-05-15,2024-05-15,1,2024-03-07,Tamil Nadu,Referral,33,F,41303.46,0.9677419354838709,Low
CUST03722,188536.59999999998,188536.59999999998,1,2024-04-12,2024-04-12,1,2024-04-10,Gujarat,Referral,23,M,188536.59999999998,0.9677419354838709,Very High
CUST03723,66805.62,66805.62,1,2024-09-02,2024-09-02,1,2024-03-08,Karnataka,Direct,18,M,66805.62,0.9677419354838709,Medium
CUST03724,4411.03,4411.03,1,2024-12-19,2024-12-19,1,2024-11-21,West Bengal,Organic,62,Other,4411.03,0.9677419354838709,Very Low
CUST03725,6719.86,3359.93,2,2023-12-19,2024-03-01,74,2023-03-09,Delhi,Organic,48,M,6719.86,0.5769230769230769,Very Low
CUST03726,159990.99,79995.495,2,2024-12-29,2024-12-30,2,2024-12-28,Maharashtra,Social Media,41,Other,159990.99,1.875,Very High
CUST03728,15499.68,15499.68,1,2024-07-02,2024-07-02,1,2024-06-21,Delhi,Social Media,24,M,15499.68,0.9677419354838709,Very Low
CUST03730,160807.47,160807.47,1,2024-09-22,2024-09-22,1,2024-05-01,Delhi,Referral,24,F,160807.47,0.9677419354838709,Very High
CUST03732,67280.79,67280.79,1,2023-06-13,2023-06-13,1,2023-02-27,Uttar Pradesh,Organic,47,Other,67280.79,0.9677419354838709,Medium
CUST03735,51918.88,25959.44,2,2023-11-29,2024-03-15,108,2023-09-21,Uttar Pradesh,Referral,39,Other,51918.88,0.4347826086956522,Medium
CUST03736,5968.120000000001,2984.0600000000004,2,2023-12-10,2024-06-22,196,2023-12-10,Delhi,Referral,40,Other,5968.120000000001,0.26548672566371684,Very Low
CUST03738,1518.42,1518.42,1,2024-12-27,2024-12-27,1,2024-11-30,West Bengal,Social Media,60,F,1518.42,0.9677419354838709,Very Low
CUST03741,27236.54,27236.54,1,2024-11-16,2024-11-16,1,2024-10-16,Karnataka,Organic,46,M,27236.54,0.9677419354838709,Low
CUST03744,15658.52,15658.52,1,2024-04-21,2024-04-21,1,2023-11-01,West Bengal,Organic,59,Other,15658.52,0.9677419354838709,Very Low
CUST03745,54751.18000000001,54751.18000000001,1,2024-02-19,2024-02-19,1,2024-02-08,Uttar Pradesh,Paid Search,48,Other,54751.18000000001,0.9677419354838709,Medium
CUST03746,240105.55000000002,48021.11,5,2024-08-28,2024-09-16,20,2024-08-26,Maharashtra,Paid Search,43,M,240105.55000000002,3.0000000000000004,Very High
CUST03748,16967.86,8483.93,2,2024-02-03,2024-07-06,155,2023-09-19,West Bengal,Referral,47,Other,16967.86,0.3243243243243243,Low
CUST03751,7224.99,3612.495,2,2024-05-12,2024-09-15,127,2024-01-17,Maharashtra,Social Media,44,M,7224.99,0.38216560509554137,Very Low
CUST03752,75326.32,37663.16,2,2024-01-07,2024-08-12,219,2023-01-08,Rajasthan,Paid Search,20,M,75326.32,0.24096385542168672,Medium
CUST03754,6551.62,6551.62,1,2024-04-04,2024-04-04,1,2023-11-25,Tamil Nadu,Paid Search,44,M,6551.62,0.9677419354838709,Very Low
CUST03756,63624.43,63624.43,1,2023-12-21,2023-12-21,1,2023-08-21,Gujarat,Organic,24,F,63624.43,0.9677419354838709,Medium
CUST03757,92023.76,23005.94,4,2024-04-24,2024-11-03,194,2023-10-25,Tamil Nadu,Paid Search,39,Other,92023.76,0.5357142857142857,High
CUST03758,22118.63,22118.63,1,2023-04-14,2023-04-14,1,2023-02-22,Uttar Pradesh,Referral,51,Other,22118.63,0.9677419354838709,Low
CUST03759,79845.29000000001,79845.29000000001,1,2024-12-03,2024-12-03,1,2024-08-22,Tamil Nadu,Direct,20,F,79845.29000000001,0.9677419354838709,High
CUST03762,188041.24,47010.31,4,2024-05-23,2024-10-22,153,2023-10-25,Karnataka,Referral,47,Other,188041.24,0.6557377049180328,Very High
CUST03765,56916.25,18972.083333333332,3,2023-11-09,2024-08-03,269,2023-11-01,Uttar Pradesh,Social Media,18,Other,56916.25,0.3010033444816054,Medium
CUST03767,86052.15000000001,43026.075000000004,2,2024-11-06,2024-11-10,5,2024-10-21,West Bengal,Referral,21,M,86052.15000000001,1.7142857142857142,High
CUST03768,196157.64,39231.528000000006,5,2024-06-10,2024-12-02,176,2024-06-08,Uttar Pradesh,Email,44,M,196157.64,0.7281553398058253,Very High
CUST03771,134559.43,33639.8575,4,2023-08-24,2024-09-27,401,2023-02-16,Karnataka,Referral,53,Other,134559.43,0.27842227378190254,High
CUST03772,26375.11,13187.555,2,2024-02-23,2024-06-13,112,2024-01-22,Gujarat,Email,59,M,26375.11,0.4225352112676056,Low
CUST03779,10277.25,10277.25,1,2024-12-01,2024-12-01,1,2024-11-11,Tamil Nadu,Social Media,29,M,10277.25,0.9677419354838709,Very Low
CUST03780,6797.51,3398.755,2,2024-06-26,2024-06-28,3,2024-06-13,Rajasthan,Organic,50,Other,6797.51,1.8181818181818181,Very Low
CUST03781,71600.47,35800.235,2,2024-03-28,2024-07-07,102,2023-11-22,Rajasthan,Organic,48,Other,71600.47,0.45454545454545453,Medium
CUST03785,21999.36,21999.36,1,2024-06-30,2024-06-30,1,2023-04-13,Delhi,Paid Search,51,Other,21999.36,0.9677419354838709,Low
CUST03788,135955.14,45318.380000000005,3,2024-03-06,2024-07-24,141,2023-11-21,West Bengal,Paid Search,30,Other,135955.14,0.5263157894736842,High
CUST03792,149179.81,74589.905,2,2024-08-25,2024-08-29,5,2024-08-09,Maharashtra,Referral,30,M,149179.81,1.7142857142857142,Very High
CUST03794,9445.59,9445.59,1,2024-07-22,2024-07-22,1,2023-10-24,Gujarat,Direct,18,F,9445.59,0.9677419354838709,Very Low
CUST03796,6672.95,6672.95,1,2024-04-30,2024-04-30,1,2024-03-27,Karnataka,Paid Search,48,F,6672.95,0.9677419354838709,Very Low
CUST03797,17372.49,17372.49,1,2024-02-10,2024-02-10,1,2023-06-30,Gujarat,Email,20,Other,17372.49,0.9677419354838709,Low
CUST03799,39503.48,39503.48,1,2024-05-30,2024-05-30,1,2023-12-18,Uttar Pradesh,Organic,21,F,39503.48,0.9677419354838709,Low
CUST03800,98535.25,32845.083333333336,3,2024-03-06,2024-11-07,247,2024-01-25,Delhi,Referral,27,F,98535.25,0.3249097472924188,High
CUST03803,7477.48,3738.74,2,2024-06-28,2024-12-20,176,2024-06-08,West Bengal,Organic,36,F,7477.48,0.29126213592233013,Very Low
CUST03805,74917.39,37458.695,2,2023-08-27,2024-04-15,233,2023-05-30,Karnataka,Organic,24,F,74917.39,0.2281368821292776,Medium
CUST03806,64002.02999999999,32001.014999999996,2,2024-06-30,2024-09-29,92,2024-03-06,Gujarat,Organic,29,Other,64002.02999999999,0.49180327868852464,Medium
CUST03807,12400.51,12400.51,1,2024-06-03,2024-06-03,1,2023-12-12,Tamil Nadu,Organic,32,M,12400.51,0.9677419354838709,Very Low
CUST03808,135917.21,45305.736666666664,3,2023-08-20,2024-12-07,476,2023-06-29,Uttar Pradesh,Email,52,M,135917.21,0.17786561264822134,High
CUST03810,3162.47,3162.47,1,2024-05-09,2024-05-09,1,2023-06-16,West Bengal,Social Media,44,M,3162.47,0.9677419354838709,Very Low
CUST03811,34094.35,17047.175,2,2024-11-27,2024-12-20,24,2024-11-24,Gujarat,Direct,21,M,34094.35,1.1111111111111112,Low
CUST03813,1511.21,1511.21,1,2024-01-30,2024-01-30,1,2023-06-30,Rajasthan,Referral,41,F,1511.21,0.9677419354838709,Very Low
CUST03816,166326.27000000002,33265.254,5,2023-11-27,2024-08-31,279,2023-05-01,Karnataka,Organic,48,M,166326.27000000002,0.48543689320388345,Very High
CUST03818,43604.28,43604.28,1,2023-03-27,2023-03-27,1,2023-01-15,Tamil Nadu,Organic,61,Other,43604.28,0.9677419354838709,Medium
CUST03819,68897.45000000001,34448.725000000006,2,2023-08-31,2024-10-30,427,2023-07-13,Uttar Pradesh,Direct,30,F,68897.45000000001,0.1312910284463895,Medium
CUST03820,99991.51,33330.503333333334,3,2023-08-13,2024-09-28,413,2023-05-21,Tamil Nadu,Referral,31,Other,99991.51,0.20316027088036115,High
CUST03822,4661.96,2330.98,2,2023-06-17,2024-02-03,232,2023-05-04,Delhi,Email,44,Other,4661.96,0.22900763358778622,Very Low
CUST03823,121668.97,60834.485,2,2023-11-29,2024-04-19,143,2023-03-25,Uttar Pradesh,Paid Search,57,M,121668.97,0.3468208092485549,High
CUST03826,60649.18,15162.295,4,2023-06-07,2024-08-13,434,2023-05-11,Uttar Pradesh,Paid Search,54,M,60649.18,0.25862068965517243,Medium
CUST03827,27493.55,13746.775,2,2024-05-17,2024-11-24,192,2023-08-31,Karnataka,Paid Search,26,Other,27493.55,0.27027027027027023,Low
CUST03829,15382.29,15382.29,1,2024-01-26,2024-01-26,1,2023-04-12,Karnataka,Referral,26,M,15382.29,0.9677419354838709,Very Low
CUST03832,216893.41000000003,54223.35250000001,4,2024-10-07,2024-12-28,83,2024-10-06,West Bengal,Social Media,31,F,216893.41000000003,1.0619469026548674,Very High
CUST03835,1548.02,1548.02,1,2024-09-14,2024-09-14,1,2024-07-29,Uttar Pradesh,Direct,30,Other,1548.02,0.9677419354838709,Very Low
CUST03836,65854.91,32927.455,2,2024-11-02,2024-12-07,36,2024-09-29,Delhi,Referral,40,M,65854.91,0.9090909090909091,Medium
CUST03837,324772.38,64954.476,5,2024-05-25,2024-12-05,195,2024-04-26,Tamil Nadu,Referral,35,F,324772.38,0.6666666666666666,Very High
CUST03840,44038.619999999995,44038.619999999995,1,2024-09-29,2024-09-29,1,2023-01-11,Uttar Pradesh,Referral,25,F,44038.619999999995,0.9677419354838709,Medium
CUST03841,149470.72,49823.573333333334,3,2024-10-01,2024-10-20,20,2024-03-25,Delhi,Social Media,29,F,149470.72,1.8000000000000003,Very High
CUST03845,9025.99,9025.99,1,2024-05-13,2024-05-13,1,2024-02-20,West Bengal,Paid Search,48,M,9025.99,0.9677419354838709,Very Low
CUST03846,54778.67,54778.67,1,2024-12-24,2024-12-24,1,2024-07-05,Rajasthan,Organic,33,Other,54778.67,0.9677419354838709,Medium
CUST03848,11269.65,11269.65,1,2024-06-09,2024-06-09,1,2024-05-27,Delhi,Social Media,64,F,11269.65,0.9677419354838709,Very Low
CUST03855,237524.0,33932.0,7,2024-06-11,2024-12-11,184,2024-04-28,Karnataka,Social Media,64,F,237524.0,0.9813084112149533,Very High
CUST03856,57040.95,28520.475,2,2024-06-18,2024-10-13,118,2024-04-10,Uttar Pradesh,Social Media,55,M,57040.95,0.4054054054054054,Medium
CUST03857,287710.53,95903.51000000001,3,2024-03-07,2024-09-01,179,2024-01-07,West Bengal,Organic,42,F,287710.53,0.43062200956937796,Very High
CUST03858,112473.94,56236.97,2,2024-02-20,2024-05-22,93,2023-07-09,Tamil Nadu,Social Media,20,F,112473.94,0.48780487804878053,High
CUST03861,4975.2699999999995,2487.6349999999998,2,2023-06-20,2024-06-17,364,2023-06-10,Karnataka,Email,26,M,4975.2699999999995,0.15228426395939088,Very Low
CUST03863,56426.79,28213.395,2,2024-05-02,2024-10-03,155,2024-01-01,Karnataka,Direct,53,F,56426.79,0.3243243243243243,Medium
CUST03866,27228.78,13614.39,2,2024-04-22,2024-10-22,184,2023-04-01,West Bengal,Social Media,59,Other,27228.78,0.2803738317757009,Low
CUST03868,2502.43,2502.43,1,2024-04-24,2024-04-24,1,2023-07-28,Karnataka,Social Media,56,Other,2502.43,0.9677419354838709,Very Low
CUST03874,27157.62,13578.81,2,2024-04-11,2024-12-23,257,2024-02-19,Delhi,Direct,24,Other,27157.62,0.20905923344947736,Low
CUST03877,267256.13,66814.0325,4,2023-12-06,2024-12-29,390,2023-12-02,Delhi,Paid Search,30,M,267256.13,0.2857142857142857,Very High
CUST03880,11447.82,5723.91,2,2024-08-30,2024-11-18,81,2024-08-01,Tamil Nadu,Direct,37,Other,11447.82,0.5405405405405405,Very Low
CUST03883,7012.02,7012.02,1,2024-09-16,2024-09-16,1,2024-08-21,Maharashtra,Paid Search,61,F,7012.02,0.9677419354838709,Very Low
CUST03884,48206.219999999994,24103.109999999997,2,2024-08-03,2024-09-20,49,2023-07-29,Karnataka,Paid Search,31,M,48206.219999999994,0.759493670886076,Medium
CUST03886,105046.37,52523.185,2,2024-06-08,2024-08-28,82,2024-01-29,Delhi,Direct,51,Other,105046.37,0.5357142857142857,High
CUST03890,42692.84,21346.42,2,2024-01-20,2024-08-06,200,2023-02-10,Tamil Nadu,Organic,30,F,42692.84,0.2608695652173913,Low
CUST03891,110010.62,55005.31,2,2024-09-20,2024-11-27,69,2024-07-11,Uttar Pradesh,Email,47,M,110010.62,0.6060606060606061,High
CUST03896,93010.85,93010.85,1,2024-10-23,2024-10-23,1,2023-01-07,Karnataka,Email,53,M,93010.85,0.9677419354838709,High
CUST03897,83805.06999999999,27935.02333333333,3,2024-04-12,2024-05-30,49,2024-04-09,Gujarat,Email,23,F,83805.06999999999,1.139240506329114,High
CUST03898,24055.36,12027.68,2,2023-08-11,2024-08-12,368,2023-05-23,Uttar Pradesh,Email,26,M,24055.36,0.1507537688442211,Low
CUST03899,19854.489999999998,9927.244999999999,2,2024-12-05,2024-12-22,18,2024-12-02,Maharashtra,Referral,31,M,19854.489999999998,1.25,Low
CUST03900,6407.91,3203.955,2,2024-11-05,2024-12-10,36,2024-10-21,Tamil Nadu,Direct,23,Other,6407.91,0.9090909090909091,Very Low
CUST03901,128660.15999999999,42886.719999999994,3,2024-08-04,2024-09-10,38,2024-07-24,Delhi,Organic,45,Other,128660.15999999999,1.3235294117647058,High
CUST03902,117539.4,39179.799999999996,3,2024-12-11,2024-12-23,13,2024-12-03,Karnataka,Social Media,47,M,117539.4,2.0930232558139537,High
CUST03906,126710.05,63355.025,2,2024-07-14,2024-08-06,24,2024-01-26,Karnataka,Direct,30,F,126710.05,1.1111111111111112,High
CUST03907,383553.78,127851.26000000001,3,2024-09-20,2024-11-30,72,2024-09-14,Karnataka,Email,59,F,383553.78,0.8823529411764706,Very High
CUST03910,114064.19,38021.39666666667,3,2024-02-01,2024-06-23,144,2023-08-28,Karnataka,Direct,36,F,114064.19,0.5172413793103449,High
CUST03911,414951.23000000004,46105.69222222223,9,2024-12-13,2024-12-29,17,2024-12-05,Uttar Pradesh,Organic,52,M,414951.23000000004,5.74468085106383,Very High
CUST03912,80149.62000000001,80149.62000000001,1,2024-11-12,2024-11-12,1,2024-07-08,Rajasthan,Referral,51,M,80149.62000000001,0.9677419354838709,High
CUST03914,239296.45,119648.225,2,2024-04-18,2024-09-04,140,2023-07-08,Maharashtra,Referral,48,M,239296.45,0.3529411764705882,Very High
CUST03916,64208.240000000005,21402.74666666667,3,2024-01-21,2024-06-17,149,2023-02-18,Maharashtra,Direct,34,M,64208.240000000005,0.5027932960893855,Medium
CUST03917,65696.09,21898.696666666667,3,2023-02-23,2024-06-04,468,2023-02-23,West Bengal,Direct,39,M,65696.09,0.18072289156626503,Medium
CUST03918,185030.12,92515.06,2,2024-10-21,2024-11-13,24,2024-10-11,Gujarat,Email,35,Other,185030.12,1.1111111111111112,Very High
CUST03920,33797.479999999996,8449.369999999999,4,2023-04-13,2024-06-16,431,2023-03-15,Tamil Nadu,Paid Search,35,Other,33797.479999999996,0.2603036876355748,Low
CUST03921,2302.93,2302.93,1,2024-12-10,2024-12-10,1,2023-06-03,Tamil Nadu,Social Media,60,M,2302.93,0.9677419354838709,Very Low
CUST03923,206141.09999999998,41228.219999999994,5,2024-05-28,2024-12-19,206,2024-03-01,Maharashtra,Direct,20,Other,206141.09999999998,0.6355932203389831,Very High
CUST03931,57776.74,19258.913333333334,3,2024-07-26,2024-11-16,114,2024-06-01,Tamil Nadu,Direct,30,Other,57776.74,0.625,Medium
CUST03934,71465.23999999999,71465.23999999999,1,2024-12-03,2024-12-03,1,2024-03-12,Uttar Pradesh,Paid Search,51,Other,71465.23999999999,0.9677419354838709,Medium
CUST03935,93853.31,46926.655,2,2024-01-24,2024-07-06,165,2023-06-09,Uttar Pradesh,Social Media,28,M,93853.31,0.3076923076923077,High
CUST03937,54026.04,54026.04,1,2024-09-18,2024-09-18,1,2024-06-06,West Bengal,Organic,37,F,54026.04,0.9677419354838709,Medium
CUST03939,2430.15,2430.15,1,2024-11-29,2024-11-29,1,2024-10-14,West Bengal,Social Media,41,F,2430.15,0.9677419354838709,Very Low
CUST03940,100864.47,33621.49,3,2024-04-02,2024-09-14,166,2024-03-08,Maharashtra,Referral,32,Other,100864.47,0.45918367346938777,High
CUST03941,42200.8,21100.4,2,2024-03-24,2024-11-11,233,2023-10-02,Gujarat,Email,61,M,42200.8,0.2281368821292776,Low
CUST03942,109347.31999999999,36449.10666666667,3,2024-05-09,2024-10-09,154,2024-02-25,Uttar Pradesh,Direct,19,Other,109347.31999999999,0.48913043478260865,High
CUST03943,16867.38,16867.38,1,2024-07-17,2024-07-17,1,2024-01-05,Karnataka,Referral,37,F,16867.38,0.9677419354838709,Low
CUST03949,51274.619999999995,51274.619999999995,1,2024-09-25,2024-09-25,1,2024-09-09,Gujarat,Social Media,61,Other,51274.619999999995,0.9677419354838709,Medium
CUST03950,164399.72,82199.86,2,2024-11-03,2024-11-16,14,2024-10-17,Maharashtra,Paid Search,31,M,164399.72,1.3636363636363635,Very High
CUST03956,73941.26,18485.315,4,2023-06-27,2024-05-15,324,2023-02-04,Karnataka,Direct,30,F,73941.26,0.3389830508474576,Medium
CUST03959,27676.02,27676.02,1,2024-12-25,2024-12-25,1,2023-01-14,Karnataka,Email,50,F,27676.02,0.9677419354838709,Low
CUST03961,33723.520000000004,33723.520000000004,1,2024-08-03,2024-08-03,1,2024-07-31,West Bengal,Organic,29,M,33723.520000000004,0.9677419354838709,Low
CUST03962,110065.66,36688.55333333334,3,2024-08-14,2024-11-02,81,2024-06-03,Maharashtra,Email,24,F,110065.66,0.8108108108108107,High
CUST03967,62311.899999999994,62311.899999999994,1,2024-09-10,2024-09-10,1,2024-04-21,Maharashtra,Direct,31,F,62311.899999999994,0.9677419354838709,Medium
CUST03969,43436.91,43436.91,1,2024-02-27,2024-02-27,1,2023-06-05,Karnataka,Email,22,M,43436.91,0.9677419354838709,Medium
CUST03975,131194.97999999998,131194.97999999998,1,2024-12-08,2024-12-08,1,2024-11-11,Gujarat,Referral,22,M,131194.97999999998,0.9677419354838709,High
CUST03977,148094.11,74047.055,2,2024-07-08,2024-12-23,169,2023-09-20,Uttar Pradesh,Email,52,F,148094.11,0.3015075376884422,Very High
CUST03980,81532.85,16306.570000000002,5,2023-10-02,2024-05-21,233,2023-07-01,Maharashtra,Direct,24,M,81532.85,0.570342205323194,High
CUST03981,105382.86,52691.43,2,2023-11-27,2024-02-11,77,2023-08-15,Delhi,Organic,20,M,105382.86,0.5607476635514018,High
CUST03983,12671.54,12671.54,1,2024-11-14,2024-11-14,1,2024-10-17,West Bengal,Organic,42,M,12671.54,0.9677419354838709,Very Low
CUST03986,367851.17,91962.7925,4,2024-08-19,2024-11-26,100,2024-06-02,Gujarat,Referral,50,Other,367851.17,0.9230769230769229,Very High
CUST03987,15160.74,15160.74,1,2024-10-30,2024-10-30,1,2024-10-27,Delhi,Email,24,F,15160.74,0.9677419354838709,Very Low
CUST03989,38670.67,38670.67,1,2023-11-04,2023-11-04,1,2023-07-16,Tamil Nadu,Social Media,36,Other,38670.67,0.9677419354838709,Low
CUST03990,170782.42,34156.484000000004,5,2024-08-10,2024-11-22,105,2024-05-29,Maharashtra,Paid Search,37,Other,170782.42,1.1111111111111112,Very High
CUST03991,176296.66999999998,58765.556666666664,3,2023-08-21,2024-11-15,453,2023-01-25,Maharashtra,Referral,30,F,176296.66999999998,0.18633540372670807,Very High
CUST03993,111768.77,111768.77,1,2024-10-31,2024-10-31,1,2023-03-26,Delhi,Organic,31,M,111768.77,0.9677419354838709,High
CUST03994,207382.01,103691.005,2,2024-10-12,2024-11-12,32,2024-10-06,Gujarat,Direct,25,M,207382.01,0.9677419354838711,Very High
CUST03996,138758.63,69379.315,2,2024-09-02,2024-10-06,35,2024-08-24,Maharashtra,Organic,50,F,138758.63,0.9230769230769229,High
CUST03997,178657.2,35731.44,5,2023-07-21,2024-12-14,513,2023-06-03,Karnataka,Social Media,54,M,178657.2,0.2762430939226519,Very High
CUST03999,63916.6,63916.6,1,2024-08-18,2024-08-18,1,2023-09-30,Delhi,Email,63,Other,63916.6,0.9677419354838709,Medium
CUST04000,97537.94,32512.646666666667,3,2023-11-13,2024-10-01,324,2023-08-17,West Bengal,Direct,36,Other,97537.94,0.2542372881355932,High
CUST04001,119240.03,19873.338333333333,6,2024-10-19,2024-12-25,68,2024-10-01,Rajasthan,Email,36,M,119240.03,1.836734693877551,High
CUST04003,259547.7,43257.950000000004,6,2024-08-14,2024-12-11,120,2024-06-16,Tamil Nadu,Social Media,54,M,259547.7,1.2,Very High
CUST04004,22020.690000000002,22020.690000000002,1,2024-07-29,2024-07-29,1,2023-08-12,Uttar Pradesh,Email,37,Other,22020.690000000002,0.9677419354838709,Low
CUST04008,83190.75,41595.375,2,2023-12-26,2024-06-08,166,2023-09-16,Rajasthan,Referral,58,M,83190.75,0.30612244897959184,High
CUST04010,293711.47000000003,36713.933750000004,8,2023-09-02,2024-10-24,419,2023-08-14,Delhi,Social Media,53,Other,293711.47000000003,0.5345211581291759,Very High
CUST04011,21022.55,21022.55,1,2024-07-21,2024-07-21,1,2023-08-26,Tamil Nadu,Email,32,F,21022.55,0.9677419354838709,Low
CUST04013,94442.51000000001,94442.51000000001,1,2024-10-10,2024-10-10,1,2024-10-06,Maharashtra,Organic,40,F,94442.51000000001,0.9677419354838709,High
CUST04014,49613.700000000004,24806.850000000002,2,2024-11-17,2024-12-10,24,2024-11-05,Karnataka,Direct,54,Other,49613.700000000004,1.1111111111111112,Medium
CUST04016,120400.14,30100.035,4,2024-08-30,2024-12-29,122,2024-05-10,West Bengal,Email,61,M,120400.14,0.7894736842105263,High
CUST04017,103682.78000000001,51841.39000000001,2,2024-05-30,2024-11-07,162,2023-01-25,West Bengal,Organic,53,F,103682.78000000001,0.3125,High
CUST04018,17084.95,17084.95,1,2024-02-18,2024-02-18,1,2023-04-15,West Bengal,Referral,58,M,17084.95,0.9677419354838709,Low
CUST04019,17066.37,17066.37,1,2024-11-22,2024-11-22,1,2024-11-16,Tamil Nadu,Email,48,F,17066.37,0.9677419354838709,Low
CUST04020,62936.2,62936.2,1,2024-12-16,2024-12-16,1,2024-11-14,Karnataka,Direct,27,M,62936.2,0.9677419354838709,Medium
CUST04024,85554.87,42777.435,2,2024-09-07,2024-09-30,24,2023-06-22,Maharashtra,Paid Search,48,M,85554.87,1.1111111111111112,High
CUST04027,26321.379999999997,26321.379999999997,1,2023-08-17,2023-08-17,1,2023-02-20,West Bengal,Organic,23,Other,26321.379999999997,0.9677419354838709,Low
CUST04028,112161.13,112161.13,1,2024-03-29,2024-03-29,1,2024-03-23,Tamil Nadu,Social Media,19,M,112161.13,0.9677419354838709,High
CUST04029,24354.09,12177.045,2,2024-12-03,2024-12-10,8,2024-10-21,Karnataka,Email,21,Other,24354.09,1.5789473684210527,Low
CUST04034,64652.61,64652.61,1,2024-09-25,2024-09-25,1,2024-05-06,Maharashtra,Social Media,32,Other,64652.61,0.9677419354838709,Medium
CUST04035,162727.00999999998,54242.33666666666,3,2024-12-19,2024-12-29,11,2024-12-12,Uttar Pradesh,Organic,49,F,162727.00999999998,2.1951219512195124,Very High
CUST04039,16871.33,16871.33,1,2024-01-31,2024-01-31,1,2023-09-23,Delhi,Organic,53,M,16871.33,0.9677419354838709,Low
CUST04040,232416.53999999998,29052.067499999997,8,2023-12-30,2024-12-23,360,2023-11-05,Rajasthan,Direct,48,F,232416.53999999998,0.6153846153846154,Very High
CUST04042,20300.32,20300.32,1,2024-02-22,2024-02-22,1,2024-01-05,Karnataka,Organic,43,Other,20300.32,0.9677419354838709,Low
CUST04049,7707.79,7707.79,1,2024-11-10,2024-11-10,1,2024-05-11,West Bengal,Paid Search,45,M,7707.79,0.9677419354838709,Very Low
CUST04053,80714.51,40357.255,2,2024-07-04,2024-08-09,37,2023-07-03,Uttar Pradesh,Email,21,Other,80714.51,0.8955223880597015,High
CUST04056,140741.16999999998,70370.58499999999,2,2023-02-05,2023-09-19,227,2023-02-01,Uttar Pradesh,Organic,33,F,140741.16999999998,0.23346303501945526,High
CUST04057,4096.59,4096.59,1,2024-11-02,2024-11-02,1,2024-08-30,Tamil Nadu,Social Media,24,F,4096.59,0.9677419354838709,Very Low
CUST04058,9229.25,9229.25,1,2024-06-09,2024-06-09,1,2024-04-18,Rajasthan,Organic,27,F,9229.25,0.9677419354838709,Very Low
CUST04061,38500.95,38500.95,1,2024-06-17,2024-06-17,1,2024-01-09,Rajasthan,Email,29,M,38500.95,0.9677419354838709,Low
CUST04073,140724.38,46908.12666666667,3,2023-11-15,2024-03-27,134,2023-09-21,Gujarat,Direct,28,M,140724.38,0.5487804878048781,High
CUST04074,50049.33,50049.33,1,2024-05-04,2024-05-04,1,2023-09-25,West Bengal,Organic,39,Other,50049.33,0.9677419354838709,Medium
CUST04079,31937.64,10645.88,3,2023-10-20,2024-06-06,231,2023-07-21,Uttar Pradesh,Referral,57,Other,31937.64,0.3448275862068966,Low
CUST04082,12906.52,6453.26,2,2023-05-27,2023-08-09,75,2023-05-03,Tamil Nadu,Email,45,Other,12906.52,0.5714285714285714,Very Low
CUST04083,141003.16999999998,47001.056666666664,3,2024-03-12,2024-07-15,126,2023-08-25,Uttar Pradesh,Social Media,59,M,141003.16999999998,0.5769230769230769,High
CUST04085,171050.59,57016.863333333335,3,2023-12-17,2024-12-28,378,2023-09-04,Karnataka,Organic,36,F,171050.59,0.22058823529411764,Very High
CUST04088,82461.94,20615.485,4,2023-08-05,2024-09-24,417,2023-07-23,Gujarat,Paid Search,52,F,82461.94,0.2684563758389262,High
CUST04091,140099.32,140099.32,1,2024-11-23,2024-11-23,1,2024-07-27,West Bengal,Email,22,Other,140099.32,0.9677419354838709,High
CUST04093,19907.05,19907.05,1,2023-12-16,2023-12-16,1,2023-03-18,West Bengal,Email,54,F,19907.05,0.9677419354838709,Low
CUST04095,89105.75,44552.875,2,2024-12-23,2024-12-26,4,2024-12-22,Tamil Nadu,Direct,20,Other,89105.75,1.7647058823529411,High
CUST04101,88501.31,88501.31,1,2023-10-25,2023-10-25,1,2023-08-26,Uttar Pradesh,Paid Search,65,F,88501.31,0.9677419354838709,High
CUST04104,90629.51999999999,15104.919999999998,6,2024-08-02,2024-11-23,114,2024-07-10,Delhi,Email,36,M,90629.51999999999,1.25,High
CUST04105,15256.849999999999,7628.424999999999,2,2024-03-13,2024-08-14,155,2023-10-03,Tamil Nadu,Paid Search,61,Other,15256.849999999999,0.3243243243243243,Very Low
CUST04106,83480.26999999999,27826.756666666664,3,2023-03-06,2023-08-17,165,2023-02-11,Uttar Pradesh,Paid Search,30,Other,83480.26999999999,0.46153846153846156,High
CUST04107,33312.72,16656.36,2,2024-08-29,2024-12-22,116,2024-03-09,Karnataka,Referral,28,F,33312.72,0.410958904109589,Low
CUST04109,91930.48000000001,91930.48000000001,1,2024-05-20,2024-05-20,1,2024-03-08,Gujarat,Referral,29,F,91930.48000000001,0.9677419354838709,High
CUST04111,129198.53,64599.265,2,2024-12-20,2024-12-26,7,2024-11-12,Tamil Nadu,Paid Search,39,Other,129198.53,1.6216216216216215,High
CUST04112,91693.15999999999,91693.15999999999,1,2024-04-28,2024-04-28,1,2023-12-28,Gujarat,Paid Search,50,M,91693.15999999999,0.9677419354838709,High
CUST04117,138205.97999999998,138205.97999999998,1,2024-12-29,2024-12-29,1,2024-12-29,Uttar Pradesh,Email,25,Other,138205.97999999998,0.9677419354838709,High
CUST04119,208899.43000000002,52224.857500000006,4,2023-08-12,2024-12-23,500,2023-07-29,Delhi,Paid Search,51,Other,208899.43000000002,0.22641509433962262,Very High
CUST04121,92002.01000000001,46001.005000000005,2,2023-05-08,2024-12-15,588,2023-02-27,Karnataka,Paid Search,43,F,92002.01000000001,0.0970873786407767,High
CUST04122,51714.65,25857.325,2,2024-06-06,2024-08-30,86,2023-06-23,Karnataka,Social Media,47,M,51714.65,0.5172413793103449,Medium
CUST04123,47770.350000000006,11942.587500000001,4,2024-08-20,2024-12-08,111,2024-07-22,Gujarat,Paid Search,24,M,47770.350000000006,0.851063829787234,Medium
CUST04126,232711.1,33244.44285714286,7,2023-05-17,2024-10-28,531,2023-03-23,West Bengal,Social Media,20,M,232711.1,0.37433155080213903,Very High
CUST04127,10258.57,5129.285,2,2024-07-19,2024-12-29,164,2023-12-20,Uttar Pradesh,Direct,59,M,10258.57,0.30927835051546393,Very Low
CUST04131,26644.190000000002,26644.190000000002,1,2024-11-23,2024-11-23,1,2024-09-17,Delhi,Organic,35,F,26644.190000000002,0.9677419354838709,Low
CUST04136,5385.43,5385.43,1,2023-11-27,2023-11-27,1,2023-09-18,Uttar Pradesh,Paid Search,49,Other,5385.43,0.9677419354838709,Very Low
CUST04138,78695.33,39347.665,2,2024-01-09,2024-06-27,171,2023-11-15,Uttar Pradesh,Direct,39,Other,78695.33,0.29850746268656714,High
CUST04143,9479.78,9479.78,1,2024-08-31,2024-08-31,1,2024-07-30,Delhi,Social Media,58,M,9479.78,0.9677419354838709,Very Low
CUST04145,27301.010000000002,13650.505000000001,2,2023-02-18,2024-04-28,436,2023-01-19,Karnataka,Social Media,22,M,27301.010000000002,0.12875536480686695,Low
CUST04147,30511.69,15255.845,2,2024-04-09,2024-11-03,209,2023-10-19,Tamil Nadu,Direct,45,Other,30511.69,0.2510460251046025,Low
CUST04151,192201.76,96100.88,2,2024-06-21,2024-06-25,5,2023-11-14,West Bengal,Direct,46,Other,192201.76,1.7142857142857142,Very High
CUST04152,11535.64,5767.82,2,2024-07-06,2024-08-06,32,2024-06-27,Uttar Pradesh,Referral,27,Other,11535.64,0.9677419354838711,Very Low
CUST04153,30652.93,30652.93,1,2024-06-03,2024-06-03,1,2023-08-03,Maharashtra,Social Media,50,Other,30652.93,0.9677419354838709,Low
CUST04155,143811.54,47937.18,3,2023-02-21,2024-03-02,376,2023-01-27,Tamil Nadu,Direct,52,M,143811.54,0.22167487684729065,Very High
CUST04156,54048.3,54048.3,1,2024-11-29,2024-11-29,1,2023-01-17,Delhi,Organic,26,M,54048.3,0.9677419354838709,Medium
CUST04157,6731.04,6731.04,1,2024-06-02,2024-06-02,1,2024-01-23,Delhi,Direct,37,Other,6731.04,0.9677419354838709,Very Low
CUST04159,195072.52000000002,65024.17333333334,3,2023-10-01,2024-12-09,436,2023-08-28,Karnataka,Paid Search,44,F,195072.52000000002,0.19313304721030042,Very High
CUST04160,22178.329999999998,22178.329999999998,1,2024-04-07,2024-04-07,1,2023-03-31,Rajasthan,Paid Search,63,Other,22178.329999999998,0.9677419354838709,Low
CUST04162,167550.95,167550.95,1,2023-07-06,2023-07-06,1,2023-06-30,Rajasthan,Email,63,M,167550.95,0.9677419354838709,Very High
CUST04163,172500.83,43125.2075,4,2024-02-04,2024-11-19,290,2023-10-31,Rajasthan,Paid Search,40,F,172500.83,0.375,Very High
CUST04166,12831.5,6415.75,2,2024-05-24,2024-09-16,116,2023-03-18,Maharashtra,Paid Search,57,M,12831.5,0.410958904109589,Very Low
CUST04167,241521.22,48304.244,5,2024-03-10,2024-10-18,223,2023-09-11,Rajasthan,Direct,53,M,241521.22,0.5928853754940712,Very High
CUST04169,109865.56,54932.78,2,2024-04-12,2024-07-22,102,2024-03-23,Rajasthan,Direct,48,M,109865.56,0.45454545454545453,High
CUST04170,2917.58,2917.58,1,2024-12-27,2024-12-27,1,2024-12-01,Karnataka,Direct,31,M,2917.58,0.9677419354838709,Very Low
CUST04171,3746.09,3746.09,1,2023-12-28,2023-12-28,1,2023-11-03,Rajasthan,Direct,31,Other,3746.09,0.9677419354838709,Very Low
CUST04173,295656.69,42236.67,7,2024-11-14,2024-12-29,46,2024-11-13,Delhi,Direct,44,M,295656.69,2.763157894736842,Very High
CUST04174,143157.59,143157.59,1,2024-11-07,2024-11-07,1,2024-09-16,Karnataka,Referral,38,Other,143157.59,0.9677419354838709,Very High
CUST04175,179016.25999999998,29836.04333333333,6,2024-02-29,2024-11-09,255,2024-02-26,Karnataka,Social Media,33,Other,179016.25999999998,0.631578947368421,Very High
CUST04176,22643.29,22643.29,1,2023-06-25,2023-06-25,1,2023-02-20,Delhi,Paid Search,38,Other,22643.29,0.9677419354838709,Low
CUST04178,56496.41,56496.41,1,2024-07-18,2024-07-18,1,2023-02-10,Tamil Nadu,Email,37,F,56496.41,0.9677419354838709,Medium
CUST04183,548857.62,109771.524,5,2024-07-09,2024-11-27,142,2024-06-10,Karnataka,Referral,56,Other,548857.62,0.872093023255814,Very High
CUST04184,3312.0,3312.0,1,2024-12-27,2024-12-27,1,2024-12-03,Rajasthan,Paid Search,54,M,3312.0,0.9677419354838709,Very Low
CUST04187,245322.40999999997,122661.20499999999,2,2024-09-25,2024-12-08,75,2024-08-16,Rajasthan,Organic,31,F,245322.40999999997,0.5714285714285714,Very High
CUST04188,46127.39000000001,15375.796666666669,3,2024-01-20,2024-07-13,176,2023-10-16,Gujarat,Email,53,Other,46127.39000000001,0.4368932038834952,Medium
CUST04191,294391.82999999996,147195.91499999998,2,2024-08-05,2024-11-19,107,2023-12-16,Maharashtra,Paid Search,29,M,294391.82999999996,0.43795620437956206,Very High
CUST04193,8112.33,8112.33,1,2024-05-19,2024-05-19,1,2023-10-22,Rajasthan,Email,50,Other,8112.33,0.9677419354838709,Very Low
CUST04194,21219.32,7073.106666666667,3,2024-02-09,2024-10-16,251,2023-05-09,Rajasthan,Direct,31,Other,21219.32,0.32028469750889677,Low
CUST04196,32773.22,10924.406666666668,3,2024-04-20,2024-11-21,216,2023-08-27,Tamil Nadu,Email,43,M,32773.22,0.3658536585365854,Low
CUST04197,254521.53999999998,63630.384999999995,4,2024-09-28,2024-11-28,62,2024-08-06,Maharashtra,Organic,35,F,254521.53999999998,1.3043478260869565,Very High
CUST04198,9305.29,9305.29,1,2023-07-11,2023-07-11,1,2023-05-02,Tamil Nadu,Direct,23,Other,9305.29,0.9677419354838709,Very Low
CUST04200,59640.73,19880.243333333336,3,2024-07-09,2024-11-25,140,2024-03-23,Delhi,Direct,54,M,59640.73,0.5294117647058824,Medium
CUST04201,8465.33,8465.33,1,2024-07-16,2024-07-16,1,2024-01-07,Maharashtra,Direct,54,M,8465.33,0.9677419354838709,Very Low
CUST04202,646.85,646.85,1,2024-06-19,2024-06-19,1,2023-07-03,Gujarat,Organic,23,F,646.85,0.9677419354838709,Very Low
CUST04206,73234.86,36617.43,2,2023-08-05,2024-02-10,190,2023-03-10,Rajasthan,Email,25,M,73234.86,0.27272727272727276,Medium
CUST04207,152172.85,152172.85,1,2024-04-04,2024-04-04,1,2023-12-27,West Bengal,Direct,27,Other,152172.85,0.9677419354838709,Very High
CUST04213,149177.04,37294.26,4,2024-08-30,2024-11-29,92,2024-06-08,Maharashtra,Paid Search,64,F,149177.04,0.9836065573770493,Very High
CUST04214,20872.16,6957.386666666666,3,2024-03-24,2024-08-23,153,2023-04-02,Rajasthan,Paid Search,57,Other,20872.16,0.49180327868852464,Low
CUST04215,29228.33,14614.165,2,2023-11-18,2024-09-01,289,2023-09-02,Tamil Nadu,Social Media,54,M,29228.33,0.18808777429467086,Low
CUST04217,309998.52999999997,77499.63249999999,4,2024-08-14,2024-12-03,112,2024-06-09,Maharashtra,Paid Search,47,Other,309998.52999999997,0.8450704225352113,Very High
CUST04218,54881.979999999996,54881.979999999996,1,2024-04-22,2024-04-22,1,2023-08-22,Uttar Pradesh,Organic,27,F,54881.979999999996,0.9677419354838709,Medium
CUST04221,50367.15,50367.15,1,2024-02-13,2024-02-13,1,2023-05-27,Gujarat,Paid Search,56,F,50367.15,0.9677419354838709,Medium
CUST04223,74995.17000000001,37497.58500000001,2,2023-06-12,2024-07-27,412,2023-04-02,Gujarat,Direct,42,M,74995.17000000001,0.13574660633484165,Medium
CUST04224,45047.509999999995,45047.509999999995,1,2024-07-21,2024-07-21,1,2023-07-07,Maharashtra,Direct,60,Other,45047.509999999995,0.9677419354838709,Medium
CUST04225,22878.96,22878.96,1,2024-02-05,2024-02-05,1,2023-12-29,Gujarat,Direct,55,F,22878.96,0.9677419354838709,Low
CUST04227,187557.24,46889.31,4,2023-07-11,2024-11-27,506,2023-07-11,Delhi,Paid Search,45,F,187557.24,0.22388059701492538,Very High
CUST04230,126828.84999999999,31707.212499999998,4,2024-12-15,2024-12-25,11,2024-12-14,Delhi,Paid Search,48,M,126828.84999999999,2.926829268292683,High
CUST04232,71944.1,71944.1,1,2024-11-12,2024-11-12,1,2024-08-21,Rajasthan,Email,49,F,71944.1,0.9677419354838709,Medium
CUST04233,49899.06,49899.06,1,2024-12-26,2024-12-26,1,2024-12-21,Maharashtra,Email,57,M,49899.06,0.9677419354838709,Medium
CUST04237,180873.96,36174.792,5,2024-04-24,2024-11-28,219,2024-03-17,Gujarat,Social Media,28,Other,180873.96,0.6024096385542168,Very High
CUST04238,36067.38,12022.46,3,2024-05-13,2024-12-06,208,2023-11-04,Maharashtra,Direct,63,F,36067.38,0.37815126050420167,Low
CUST04239,49742.229999999996,16580.743333333332,3,2024-02-14,2024-12-30,321,2023-04-16,Maharashtra,Organic,25,M,49742.229999999996,0.25641025641025644,Medium
CUST04242,151659.78,30331.956,5,2024-12-09,2024-12-26,18,2024-11-25,Karnataka,Referral,55,Other,151659.78,3.125,Very High
CUST04245,232227.11,58056.7775,4,2024-09-25,2024-12-24,91,2024-09-17,Uttar Pradesh,Referral,18,M,232227.11,0.9917355371900827,Very High
CUST04247,4441.889999999999,2220.9449999999997,2,2024-11-20,2024-12-27,38,2024-08-20,Karnataka,Paid Search,19,Other,4441.889999999999,0.8823529411764706,Very Low
CUST04248,44383.19,44383.19,1,2024-09-25,2024-09-25,1,2023-05-14,West Bengal,Organic,46,F,44383.19,0.9677419354838709,Medium
CUST04253,16603.74,16603.74,1,2023-06-17,2023-06-17,1,2023-01-26,Maharashtra,Organic,30,Other,16603.74,0.9677419354838709,Very Low
CUST04254,37827.969999999994,37827.969999999994,1,2024-07-19,2024-07-19,1,2024-01-27,Maharashtra,Referral,24,M,37827.969999999994,0.9677419354838709,Low
CUST04255,34505.88,34505.88,1,2023-09-06,2023-09-06,1,2023-08-02,Maharashtra,Direct,32,F,34505.88,0.9677419354838709,Low
CUST04256,36678.79,12226.263333333334,3,2024-02-16,2024-06-20,126,2023-05-04,Karnataka,Social Media,41,Other,36678.79,0.5769230769230769,Low
CUST04257,2664.94,2664.94,1,2024-01-22,2024-01-22,1,2023-06-05,Uttar Pradesh,Social Media,30,F,2664.94,0.9677419354838709,Very Low
CUST04260,25680.5,25680.5,1,2024-06-06,2024-06-06,1,2024-05-12,Gujarat,Referral,63,F,25680.5,0.9677419354838709,Low
CUST04262,77090.58999999998,25696.863333333327,3,2024-11-10,2024-12-20,41,2024-09-29,Maharashtra,Paid Search,60,M,77090.58999999998,1.267605633802817,High
CUST04267,80874.25,40437.125,2,2024-06-05,2024-06-24,20,2023-11-02,West Bengal,Referral,24,F,80874.25,1.2000000000000002,High
CUST04268,18838.5,18838.5,1,2024-06-02,2024-06-02,1,2024-02-25,Gujarat,Email,19,M,18838.5,0.9677419354838709,Low
CUST04271,19627.67,9813.835,2,2023-08-30,2024-07-29,335,2023-07-28,Uttar Pradesh,Paid Search,52,Other,19627.67,0.16438356164383564,Low
CUST04273,1097.5,1097.5,1,2024-07-22,2024-07-22,1,2024-05-03,Uttar Pradesh,Organic,38,M,1097.5,0.9677419354838709,Very Low
CUST04274,131514.41,43838.136666666665,3,2024-03-05,2024-12-28,299,2024-01-03,Karnataka,Paid Search,20,F,131514.41,0.2735562310030395,High
CUST04275,351364.95999999996,87841.23999999999,4,2024-06-19,2024-11-03,138,2024-06-11,Maharashtra,Social Media,59,Other,351364.95999999996,0.7142857142857143,Very High
CUST04276,173733.77,173733.77,1,2024-05-09,2024-05-09,1,2024-01-06,Rajasthan,Email,51,F,173733.77,0.9677419354838709,Very High
CUST04277,324578.0,64915.6,5,2024-11-06,2024-12-19,44,2024-11-02,Tamil Nadu,Organic,30,F,324578.0,2.0270270270270268,Very High
CUST04281,403671.11,57667.30142857142,7,2024-05-03,2024-11-20,202,2024-05-01,Rajasthan,Email,35,M,403671.11,0.9051724137931034,Very High
CUST04283,5307.12,5307.12,1,2024-02-27,2024-02-27,1,2023-12-14,Tamil Nadu,Direct,50,Other,5307.12,0.9677419354838709,Very Low
CUST04284,64041.5,64041.5,1,2023-02-12,2023-02-12,1,2023-01-13,Uttar Pradesh,Email,25,Other,64041.5,0.9677419354838709,Medium
CUST04285,3943.54,3943.54,1,2024-12-26,2024-12-26,1,2024-06-08,Rajasthan,Organic,63,F,3943.54,0.9677419354838709,Very Low
CUST04286,199732.83000000002,66577.61,3,2024-06-15,2024-12-27,196,2024-04-24,Delhi,Direct,26,M,199732.83000000002,0.39823008849557523,Very High
CUST04290,93865.7,23466.425,4,2024-09-06,2024-12-18,104,2024-05-04,Uttar Pradesh,Email,23,M,93865.7,0.8955223880597015,High
CUST04292,58675.509999999995,58675.509999999995,1,2024-05-22,2024-05-22,1,2024-02-23,Rajasthan,Organic,23,F,58675.509999999995,0.9677419354838709,Medium
CUST04293,9073.62,9073.62,1,2024-12-06,2024-12-06,1,2024-11-20,Maharashtra,Email,50,Other,9073.62,0.9677419354838709,Very Low
CUST04296,85561.03,42780.515,2,2024-09-26,2024-09-30,5,2024-08-27,Delhi,Referral,40,Other,85561.03,1.7142857142857142,High
CUST04301,80450.26,40225.13,2,2024-10-03,2024-11-27,56,2024-06-08,Delhi,Referral,54,M,80450.26,0.6976744186046512,High
CUST04302,352809.14,50401.305714285714,7,2024-12-02,2024-12-30,29,2024-11-22,Uttar Pradesh,Referral,23,Other,352809.14,3.559322033898305,Very High
CUST04303,62535.25,31267.625,2,2024-03-24,2024-07-23,122,2024-03-03,Karnataka,Email,49,Other,62535.25,0.39473684210526316,Medium
CUST04304,250791.38,250791.38,1,2024-11-12,2024-11-12,1,2024-10-01,Uttar Pradesh,Email,60,F,250791.38,0.9677419354838709,Very High
CUST04305,63502.21,63502.21,1,2024-03-28,2024-03-28,1,2024-02-15,Delhi,Direct,43,Other,63502.21,0.9677419354838709,Medium
CUST04306,100737.20999999999,33579.07,3,2023-09-06,2024-04-13,221,2023-07-18,Rajasthan,Direct,21,F,100737.20999999999,0.3585657370517928,High
CUST04307,48188.22,24094.11,2,2024-08-09,2024-12-15,129,2023-12-01,Maharashtra,Social Media,32,Other,48188.22,0.37735849056603776,Medium
CUST04308,3132.22,3132.22,1,2024-12-07,2024-12-07,1,2023-10-23,Karnataka,Organic,55,F,3132.22,0.9677419354838709,Very Low
CUST04309,28356.630000000005,28356.630000000005,1,2023-07-17,2023-07-17,1,2023-05-30,Karnataka,Referral,20,F,28356.630000000005,0.9677419354838709,Low
CUST04310,188876.93,37775.386,5,2024-04-24,2024-11-13,204,2024-04-19,Tamil Nadu,Referral,36,Other,188876.93,0.6410256410256411,Very High
CUST04312,192217.83,48054.4575,4,2023-08-27,2024-09-24,395,2023-07-04,Karnataka,Email,60,Other,192217.83,0.2823529411764706,Very High
CUST04316,154149.34,38537.335,4,2023-10-31,2024-07-01,245,2023-05-03,Maharashtra,Referral,50,F,154149.34,0.4363636363636364,Very High
CUST04317,29298.99,29298.99,1,2023-08-01,2023-08-01,1,2023-05-07,Delhi,Referral,18,M,29298.99,0.9677419354838709,Low
CUST04318,2361.35,2361.35,1,2024-08-14,2024-08-14,1,2024-07-06,Gujarat,Referral,27,M,2361.35,0.9677419354838709,Very Low
CUST04319,12342.53,12342.53,1,2023-10-15,2023-10-15,1,2023-08-26,Gujarat,Paid Search,58,F,12342.53,0.9677419354838709,Very Low
CUST04321,150130.62,30026.124,5,2024-06-14,2024-12-13,183,2024-06-14,Tamil Nadu,Email,43,Other,150130.62,0.7042253521126761,Very High
CUST04322,351186.83999999997,58531.13999999999,6,2024-11-02,2024-12-26,55,2024-10-05,Tamil Nadu,Organic,45,M,351186.83999999997,2.1176470588235294,Very High
CUST04327,93912.95,46956.475,2,2024-03-16,2024-10-27,226,2024-02-16,Tamil Nadu,Direct,56,Other,93912.95,0.234375,High
CUST04329,86592.19,86592.19,1,2024-06-23,2024-06-23,1,2023-10-23,Tamil Nadu,Referral,64,F,86592.19,0.9677419354838709,High
CUST04332,123205.57,30801.3925,4,2023-09-19,2024-12-16,455,2023-07-14,West Bengal,Direct,19,M,123205.57,0.24742268041237117,High
CUST04333,194289.31,38857.862,5,2024-08-02,2024-11-16,107,2023-08-13,Gujarat,Social Media,49,M,194289.31,1.094890510948905,Very High
CUST04337,22272.08,22272.08,1,2024-12-18,2024-12-18,1,2024-11-06,West Bengal,Referral,65,F,22272.08,0.9677419354838709,Low
CUST04340,18032.13,18032.13,1,2024-12-21,2024-12-21,1,2024-08-31,West Bengal,Email,27,M,18032.13,0.9677419354838709,Low
CUST04342,23394.98,11697.49,2,2023-07-13,2024-12-18,525,2023-03-16,Karnataka,Social Media,57,M,23394.98,0.10810810810810811,Low
CUST04343,2431.05,2431.05,1,2024-12-11,2024-12-11,1,2023-01-09,West Bengal,Social Media,52,F,2431.05,0.9677419354838709,Very Low
CUST04344,32285.54,32285.54,1,2024-09-22,2024-09-22,1,2024-05-03,Tamil Nadu,Email,43,Other,32285.54,0.9677419354838709,Low
CUST04347,21683.55,21683.55,1,2024-01-16,2024-01-16,1,2023-05-28,Uttar Pradesh,Direct,21,M,21683.55,0.9677419354838709,Low
CUST04349,32783.57,16391.785,2,2024-11-29,2024-12-08,10,2024-11-15,Delhi,Direct,48,F,32783.57,1.5,Low
CUST04350,65113.590000000004,32556.795000000002,2,2023-07-08,2024-07-01,360,2023-05-04,Tamil Nadu,Referral,62,M,65113.590000000004,0.15384615384615385,Medium
CUST04351,87963.81,29321.27,3,2024-11-03,2024-12-13,41,2023-08-26,Gujarat,Organic,48,M,87963.81,1.267605633802817,High
CUST04354,25557.94,25557.94,1,2024-05-15,2024-05-15,1,2024-02-24,West Bengal,Organic,50,Other,25557.94,0.9677419354838709,Low
CUST04355,49088.25,49088.25,1,2024-12-28,2024-12-28,1,2024-01-24,Uttar Pradesh,Social Media,56,M,49088.25,0.9677419354838709,Medium
CUST04358,3567.45,3567.45,1,2024-06-11,2024-06-11,1,2023-05-14,Uttar Pradesh,Organic,36,F,3567.45,0.9677419354838709,Very Low
CUST04359,16325.28,8162.64,2,2024-06-29,2024-08-22,55,2023-08-23,West Bengal,Direct,53,Other,16325.28,0.7058823529411765,Very Low
CUST04360,4940.48,4940.48,1,2024-03-12,2024-03-12,1,2023-08-21,West Bengal,Referral,44,M,4940.48,0.9677419354838709,Very Low
CUST04361,51586.990000000005,25793.495000000003,2,2024-04-14,2024-11-26,227,2024-03-31,Gujarat,Social Media,28,M,51586.990000000005,0.23346303501945526,Medium
CUST04368,65650.70000000001,65650.70000000001,1,2024-10-26,2024-10-26,1,2024-03-29,Maharashtra,Referral,58,F,65650.70000000001,0.9677419354838709,Medium
CUST04369,4207.36,4207.36,1,2024-11-17,2024-11-17,1,2024-05-13,Gujarat,Organic,18,Other,4207.36,0.9677419354838709,Very Low
CUST04371,179411.25,89705.625,2,2024-08-19,2024-11-05,79,2023-07-10,Delhi,Paid Search,46,F,179411.25,0.5504587155963303,Very High
CUST04374,11956.57,11956.57,1,2024-10-23,2024-10-23,1,2024-10-22,West Bengal,Organic,23,M,11956.57,0.9677419354838709,Very Low
CUST04376,126345.23000000001,63172.615000000005,2,2024-12-13,2024-12-19,7,2024-11-11,Uttar Pradesh,Email,58,F,126345.23000000001,1.6216216216216215,High
CUST04377,205419.56,34236.59333333333,6,2023-09-04,2024-09-24,387,2023-08-22,Maharashtra,Email,18,M,205419.56,0.4316546762589928,Very High
CUST04379,137167.59,27433.518,5,2024-06-22,2024-11-19,151,2024-06-15,Rajasthan,Paid Search,30,M,137167.59,0.8287292817679558,High
CUST04380,99010.53,49505.265,2,2024-08-01,2024-10-31,92,2024-03-06,Delhi,Referral,18,F,99010.53,0.49180327868852464,High
CUST04381,6538.1900000000005,3269.0950000000003,2,2024-07-27,2024-09-18,54,2024-04-24,Rajasthan,Direct,44,F,6538.1900000000005,0.7142857142857143,Very Low
CUST04384,1056.58,1056.58,1,2024-04-12,2024-04-12,1,2023-08-27,Uttar Pradesh,Direct,48,F,1056.58,0.9677419354838709,Very Low
CUST04386,59130.39,19710.13,3,2024-10-12,2024-10-28,17,2024-06-26,West Bengal,Referral,53,F,59130.39,1.9148936170212767,Medium
CUST04390,3073.88,3073.88,1,2024-04-15,2024-04-15,1,2023-05-03,Uttar Pradesh,Organic,61,F,3073.88,0.9677419354838709,Very Low
CUST04391,170461.2,42615.3,4,2024-07-24,2024-12-08,138,2024-07-17,Uttar Pradesh,Direct,41,F,170461.2,0.7142857142857143,Very High
CUST04393,5550.82,5550.82,1,2023-05-06,2023-05-06,1,2023-02-09,Karnataka,Paid Search,30,M,5550.82,0.9677419354838709,Very Low
CUST04394,26628.94,26628.94,1,2024-04-24,2024-04-24,1,2023-04-09,Rajasthan,Email,57,Other,26628.94,0.9677419354838709,Low
CUST04397,39811.24,13270.413333333332,3,2024-07-11,2024-10-29,111,2024-04-15,Uttar Pradesh,Direct,61,Other,39811.24,0.6382978723404255,Low
CUST04398,92139.20000000001,92139.20000000001,1,2023-01-27,2023-01-27,1,2023-01-03,Delhi,Paid Search,19,M,92139.20000000001,0.9677419354838709,High
CUST04402,74191.23000000001,18547.807500000003,4,2024-11-14,2024-12-15,32,2024-11-13,Tamil Nadu,Referral,56,M,74191.23000000001,1.9354838709677422,Medium
CUST04405,83829.51,27943.17,3,2023-11-22,2024-01-04,44,2023-10-31,Uttar Pradesh,Organic,62,Other,83829.51,1.2162162162162162,High
CUST04406,161948.2,161948.2,1,2024-05-23,2024-05-23,1,2024-03-17,Karnataka,Organic,63,F,161948.2,0.9677419354838709,Very High
CUST04407,116400.54000000001,38800.18,3,2023-04-26,2024-08-12,475,2023-02-14,Rajasthan,Email,36,Other,116400.54000000001,0.17821782178217818,High
CUST04408,119901.16,59950.58,2,2024-10-28,2024-11-20,24,2024-03-01,Karnataka,Social Media,29,F,119901.16,1.1111111111111112,High
CUST04411,18296.32,9148.16,2,2024-05-25,2024-06-16,23,2024-03-01,Gujarat,Organic,48,Other,18296.32,1.1320754716981132,Low
CUST04412,62215.75,20738.583333333332,3,2023-04-11,2024-04-05,361,2023-04-06,Tamil Nadu,Direct,53,M,62215.75,0.23017902813299232,Medium
CUST04413,13600.25,13600.25,1,2024-12-25,2024-12-25,1,2023-08-14,Maharashtra,Direct,59,Other,13600.25,0.9677419354838709,Very Low
CUST04414,189776.25,63258.75,3,2023-11-11,2024-01-18,69,2023-04-20,Gujarat,Direct,56,M,189776.25,0.9090909090909092,Very High
CUST04416,85560.34999999999,42780.174999999996,2,2024-04-22,2024-05-01,10,2023-07-13,Uttar Pradesh,Direct,42,Other,85560.34999999999,1.5,High
CUST04424,77591.36,77591.36,1,2024-06-17,2024-06-17,1,2024-04-01,Rajasthan,Email,33,M,77591.36,0.9677419354838709,High
CUST04425,91756.06000000001,30585.353333333336,3,2024-02-05,2024-10-31,270,2023-03-30,Karnataka,Organic,59,Other,91756.06000000001,0.3,High
CUST04426,146073.3,48691.1,3,2024-09-10,2024-11-20,72,2024-09-03,Rajasthan,Referral,28,Other,146073.3,0.8823529411764706,Very High
CUST04429,45006.95,22503.475,2,2024-07-30,2024-08-26,28,2024-06-13,Karnataka,Paid Search,32,M,45006.95,1.0344827586206897,Medium
CUST04430,3110.21,3110.21,1,2024-11-22,2024-11-22,1,2023-08-05,Maharashtra,Organic,62,Other,3110.21,0.9677419354838709,Very Low
CUST04433,69385.5,34692.75,2,2024-10-15,2024-12-19,66,2024-07-03,Rajasthan,Referral,25,M,69385.5,0.625,Medium
CUST04435,126812.72,21135.453333333335,6,2024-08-17,2024-11-13,89,2024-08-01,Karnataka,Organic,64,M,126812.72,1.5126050420168067,High
CUST04436,65096.159999999996,65096.159999999996,1,2024-02-18,2024-02-18,1,2023-03-30,Uttar Pradesh,Direct,33,Other,65096.159999999996,0.9677419354838709,Medium
CUST04437,9053.45,9053.45,1,2024-11-04,2024-11-04,1,2023-11-25,Karnataka,Email,21,F,9053.45,0.9677419354838709,Very Low
CUST04438,25541.79,25541.79,1,2024-03-30,2024-03-30,1,2024-03-22,Uttar Pradesh,Email,59,M,25541.79,0.9677419354838709,Low
CUST04439,97078.47,48539.235,2,2024-12-29,2024-12-29,1,2024-10-14,Tamil Nadu,Social Media,44,Other,97078.47,1.9354838709677418,High
CUST04440,38005.17,38005.17,1,2024-09-29,2024-09-29,1,2023-01-02,Gujarat,Organic,20,M,38005.17,0.9677419354838709,Low
CUST04441,80920.48000000001,80920.48000000001,1,2024-11-06,2024-11-06,1,2024-07-22,Tamil Nadu,Organic,47,F,80920.48000000001,0.9677419354838709,High
CUST04443,157869.31999999998,78934.65999999999,2,2024-04-23,2024-10-23,184,2023-12-22,West Bengal,Organic,39,M,157869.31999999998,0.2803738317757009,Very High
CUST04444,66542.83,33271.415,2,2024-09-08,2024-12-06,90,2024-06-14,Maharashtra,Referral,60,F,66542.83,0.5,Medium
CUST04445,5041.72,5041.72,1,2024-06-11,2024-06-11,1,2024-05-13,West Bengal,Organic,22,M,5041.72,0.9677419354838709,Very Low
CUST04446,25071.91,8357.303333333333,3,2024-09-05,2024-09-28,24,2024-07-14,West Bengal,Social Media,23,Other,25071.91,1.6666666666666665,Low
CUST04448,3859.11,3859.11,1,2024-06-05,2024-06-05,1,2024-03-26,Rajasthan,Social Media,24,F,3859.11,0.9677419354838709,Very Low
CUST04450,46079.950000000004,23039.975000000002,2,2024-01-01,2024-04-26,117,2023-12-04,Maharashtra,Email,30,F,46079.950000000004,0.4081632653061224,Medium
CUST04451,365822.57999999996,30485.214999999997,12,2023-12-31,2024-11-22,328,2023-12-23,West Bengal,Social Media,53,M,365822.57999999996,1.005586592178771,Very High
CUST04452,13733.03,13733.03,1,2024-03-26,2024-03-26,1,2023-09-19,West Bengal,Paid Search,42,Other,13733.03,0.9677419354838709,Very Low
CUST04453,25639.28,25639.28,1,2024-12-18,2024-12-18,1,2024-12-08,Rajasthan,Email,32,Other,25639.28,0.9677419354838709,Low
CUST04454,47344.4,47344.4,1,2024-05-21,2024-05-21,1,2023-08-25,West Bengal,Referral,51,Other,47344.4,0.9677419354838709,Medium
CUST04455,32557.22,32557.22,1,2024-02-05,2024-02-05,1,2023-07-12,Rajasthan,Organic,41,M,32557.22,0.9677419354838709,Low
CUST04456,1058.05,1058.05,1,2024-01-18,2024-01-18,1,2023-07-13,Gujarat,Referral,29,F,1058.05,0.9677419354838709,Very Low
CUST04459,84608.64,42304.32,2,2024-11-15,2024-12-13,29,2023-03-14,Maharashtra,Paid Search,45,Other,84608.64,1.0169491525423728,High
CUST04461,107312.97,53656.485,2,2024-02-04,2024-09-13,223,2024-01-14,Delhi,Organic,37,M,107312.97,0.23715415019762845,High
CUST04465,25848.57,25848.57,1,2024-10-15,2024-10-15,1,2024-01-25,Karnataka,Direct,26,F,25848.57,0.9677419354838709,Low
CUST04467,97147.07,32382.35666666667,3,2024-04-19,2024-12-20,246,2024-04-05,Karnataka,Direct,59,Other,97147.07,0.32608695652173914,High
CUST04468,47113.22,23556.61,2,2024-12-16,2024-12-17,2,2024-12-14,Delhi,Organic,56,Other,47113.22,1.875,Medium
CUST04470,27925.75,13962.875,2,2023-10-08,2024-08-29,327,2023-08-17,Delhi,Email,48,F,27925.75,0.1680672268907563,Low
CUST04471,11992.35,11992.35,1,2023-06-30,2023-06-30,1,2023-03-05,Karnataka,Organic,63,F,11992.35,0.9677419354838709,Very Low
CUST04472,86133.2,86133.2,1,2024-09-26,2024-09-26,1,2024-05-03,Gujarat,Paid Search,24,Other,86133.2,0.9677419354838709,High
CUST04474,18028.510000000002,18028.510000000002,1,2024-02-15,2024-02-15,1,2023-04-18,Maharashtra,Referral,50,M,18028.510000000002,0.9677419354838709,Low
CUST04475,78121.26000000001,78121.26000000001,1,2024-11-02,2024-11-02,1,2024-07-29,Maharashtra,Paid Search,26,F,78121.26000000001,0.9677419354838709,High
CUST04476,212031.68000000002,70677.22666666667,3,2024-01-01,2024-07-17,199,2023-04-05,Rajasthan,Direct,54,M,212031.68000000002,0.3930131004366812,Very High
CUST04480,6680.96,3340.48,2,2024-04-14,2024-12-23,254,2023-12-20,Delhi,Email,57,F,6680.96,0.2112676056338028,Very Low
CUST04483,118413.6,118413.6,1,2024-10-30,2024-10-30,1,2023-10-19,Rajasthan,Organic,26,F,118413.6,0.9677419354838709,High
CUST04486,26912.920000000002,26912.920000000002,1,2024-10-28,2024-10-28,1,2024-04-30,Maharashtra,Organic,54,F,26912.920000000002,0.9677419354838709,Low
CUST04487,74620.04,37310.02,2,2024-06-11,2024-11-15,158,2023-05-21,Maharashtra,Paid Search,47,M,74620.04,0.3191489361702128,Medium
CUST04489,680.26,680.26,1,2024-12-20,2024-12-20,1,2024-10-18,Maharashtra,Social Media,32,F,680.26,0.9677419354838709,Very Low
CUST04493,3676.37,3676.37,1,2023-02-24,2023-02-24,1,2023-01-17,Uttar Pradesh,Direct,23,Other,3676.37,0.9677419354838709,Very Low
CUST04494,46668.69,23334.345,2,2023-10-07,2024-02-22,139,2023-09-21,Uttar Pradesh,Direct,38,Other,46668.69,0.35502958579881655,Medium
CUST04495,7988.84,7988.84,1,2023-11-30,2023-11-30,1,2023-05-01,Uttar Pradesh,Direct,27,Other,7988.84,0.9677419354838709,Very Low
CUST04496,177019.25,35403.85,5,2023-10-03,2024-08-06,309,2023-08-03,Rajasthan,Email,53,Other,177019.25,0.44247787610619466,Very High
CUST04497,93044.17,31014.72333333333,3,2023-10-23,2024-04-17,178,2023-03-19,Tamil Nadu,Social Media,26,Other,93044.17,0.43269230769230765,High
CUST04500,47295.69,47295.69,1,2024-10-10,2024-10-10,1,2023-03-11,Rajasthan,Social Media,52,M,47295.69,0.9677419354838709,Medium
CUST04501,94712.92,47356.46,2,2024-10-19,2024-11-01,14,2024-10-11,Tamil Nadu,Organic,20,F,94712.92,1.3636363636363635,High
CUST04502,7192.57,7192.57,1,2024-08-31,2024-08-31,1,2023-12-03,Gujarat,Paid Search,40,Other,7192.57,0.9677419354838709,Very Low
CUST04505,105837.66,35279.22,3,2024-10-02,2024-12-01,61,2024-08-23,Rajasthan,Email,33,F,105837.66,0.989010989010989,High
CUST04506,61468.16,30734.08,2,2024-10-13,2024-11-27,46,2024-07-13,Delhi,Email,21,F,61468.16,0.7894736842105263,Medium
CUST04509,10003.71,10003.71,1,2024-10-09,2024-10-09,1,2023-03-28,Tamil Nadu,Social Media,37,Other,10003.71,0.9677419354838709,Very Low
CUST04512,255702.40000000002,36528.91428571429,7,2024-01-06,2024-09-17,256,2023-11-28,Delhi,Social Media,39,M,255702.40000000002,0.7342657342657343,Very High
CUST04513,105974.09,52987.045,2,2024-10-21,2024-11-28,39,2023-03-13,Rajasthan,Social Media,63,M,105974.09,0.8695652173913044,High
CUST04514,77955.45,38977.725,2,2023-09-17,2024-07-29,317,2023-09-04,West Bengal,Referral,57,F,77955.45,0.1729106628242075,High
CUST04516,228836.5,76278.83333333333,3,2024-02-09,2024-10-01,236,2023-07-23,Tamil Nadu,Paid Search,64,M,228836.5,0.3383458646616541,Very High
CUST04517,256368.69,85456.23,3,2024-04-22,2024-10-12,174,2023-04-18,Maharashtra,Social Media,38,M,256368.69,0.4411764705882353,Very High
CUST04518,3267.1,3267.1,1,2024-10-03,2024-10-03,1,2024-09-26,Maharashtra,Direct,62,F,3267.1,0.9677419354838709,Very Low
CUST04521,17773.8,17773.8,1,2024-12-19,2024-12-19,1,2024-01-13,West Bengal,Email,61,M,17773.8,0.9677419354838709,Low
CUST04522,68223.49,68223.49,1,2024-12-20,2024-12-20,1,2024-10-22,Delhi,Social Media,63,F,68223.49,0.9677419354838709,Medium
CUST04523,52466.03,52466.03,1,2024-11-20,2024-11-20,1,2024-10-28,West Bengal,Direct,62,M,52466.03,0.9677419354838709,Medium
CUST04525,34509.17,17254.585,2,2023-06-24,2024-03-31,282,2023-02-24,Gujarat,Social Media,35,Other,34509.17,0.1923076923076923,Low
CUST04528,72905.18000000001,24301.72666666667,3,2023-06-13,2024-12-03,540,2023-05-21,Gujarat,Organic,28,F,72905.18000000001,0.15789473684210525,Medium
CUST04529,89742.01999999999,44871.009999999995,2,2024-07-13,2024-07-27,15,2023-08-10,Maharashtra,Social Media,25,F,89742.01999999999,1.3333333333333333,High
CUST04530,225621.02000000002,112810.51000000001,2,2023-10-25,2024-12-01,404,2023-07-19,Tamil Nadu,Paid Search,40,Other,225621.02000000002,0.1382488479262673,Very High
CUST04531,206404.47,41280.894,5,2024-10-05,2024-12-16,73,2024-09-20,Uttar Pradesh,Direct,57,F,206404.47,1.4563106796116505,Very High
CUST04534,15157.17,15157.17,1,2024-12-26,2024-12-26,1,2024-11-04,Rajasthan,Email,21,F,15157.17,0.9677419354838709,Very Low
CUST04535,110784.39,55392.195,2,2024-11-03,2024-11-24,22,2024-09-20,Gujarat,Organic,32,Other,110784.39,1.1538461538461537,High
CUST04536,1303.54,1303.54,1,2024-12-18,2024-12-18,1,2024-12-17,Karnataka,Organic,43,F,1303.54,0.9677419354838709,Very Low
CUST04537,65825.19,32912.595,2,2024-11-06,2024-12-10,35,2023-12-03,Tamil Nadu,Direct,18,M,65825.19,0.9230769230769229,Medium
CUST04542,32045.07,32045.07,1,2024-12-04,2024-12-04,1,2024-05-11,Delhi,Social Media,33,F,32045.07,0.9677419354838709,Low
CUST04543,159628.5,39907.125,4,2023-07-31,2024-11-13,472,2023-06-04,Gujarat,Organic,41,F,159628.5,0.2390438247011952,Very High
CUST04545,92719.55,46359.775,2,2023-07-11,2024-12-13,522,2023-04-10,Maharashtra,Organic,43,Other,92719.55,0.10869565217391305,High
CUST04546,87715.98,43857.99,2,2023-10-14,2023-11-07,25,2023-07-23,West Bengal,Organic,52,F,87715.98,1.0909090909090908,High
CUST04547,90375.68,45187.84,2,2024-10-25,2024-12-01,38,2024-07-15,Rajasthan,Social Media,20,Other,90375.68,0.8823529411764706,High
CUST04550,8606.119999999999,8606.119999999999,1,2024-03-29,2024-03-29,1,2023-12-12,Uttar Pradesh,Email,62,F,8606.119999999999,0.9677419354838709,Very Low
CUST04551,69278.36,23092.786666666667,3,2024-10-08,2024-12-10,64,2024-09-14,Tamil Nadu,Organic,43,F,69278.36,0.9574468085106383,Medium
CUST04552,59138.09,59138.09,1,2024-09-16,2024-09-16,1,2023-12-16,Rajasthan,Paid Search,39,F,59138.09,0.9677419354838709,Medium
CUST04554,143560.65,71780.325,2,2024-09-07,2024-09-10,4,2024-08-24,Maharashtra,Referral,31,F,143560.65,1.7647058823529411,Very High
CUST04555,12777.9,12777.9,1,2024-11-08,2024-11-08,1,2023-10-17,Gujarat,Paid Search,43,M,12777.9,0.9677419354838709,Very Low
CUST04556,90612.31,30204.103333333333,3,2024-02-11,2024-09-23,226,2023-12-24,Uttar Pradesh,Referral,52,F,90612.31,0.3515625,High
CUST04557,2246.27,2246.27,1,2024-12-24,2024-12-24,1,2024-07-05,Delhi,Direct,29,Other,2246.27,0.9677419354838709,Very Low
CUST04558,36373.81,36373.81,1,2024-03-25,2024-03-25,1,2023-07-23,Delhi,Paid Search,37,F,36373.81,0.9677419354838709,Low
CUST04562,141258.5,70629.25,2,2023-11-22,2024-01-30,70,2023-08-29,West Bengal,Paid Search,18,M,141258.5,0.6,High
CUST04564,24361.58,24361.58,1,2024-11-18,2024-11-18,1,2024-04-06,Tamil Nadu,Email,18,F,24361.58,0.9677419354838709,Low
CUST04566,173693.41999999998,43423.354999999996,4,2024-08-11,2024-11-04,86,2024-07-17,Rajasthan,Email,29,M,173693.41999999998,1.0344827586206897,Very High
CUST04567,7563.46,7563.46,1,2024-03-25,2024-03-25,1,2024-02-14,Delhi,Social Media,28,F,7563.46,0.9677419354838709,Very Low
CUST04569,74686.45999999999,74686.45999999999,1,2024-10-20,2024-10-20,1,2023-03-08,Delhi,Direct,27,F,74686.45999999999,0.9677419354838709,Medium
CUST04570,148458.69999999998,74229.34999999999,2,2024-11-25,2024-11-30,6,2024-11-18,Gujarat,Email,29,M,148458.69999999998,1.6666666666666667,Very High
CUST04571,15218.58,15218.58,1,2024-04-24,2024-04-24,1,2024-03-05,Uttar Pradesh,Referral,19,Other,15218.58,0.9677419354838709,Very Low
CUST04572,2102.54,2102.54,1,2024-04-28,2024-04-28,1,2023-12-28,Delhi,Referral,25,M,2102.54,0.9677419354838709,Very Low
CUST04573,1415.87,1415.87,1,2024-11-25,2024-11-25,1,2024-11-21,Gujarat,Paid Search,63,Other,1415.87,0.9677419354838709,Very Low
CUST04575,6713.46,6713.46,1,2024-06-24,2024-06-24,1,2023-04-17,Delhi,Direct,56,Other,6713.46,0.9677419354838709,Very Low
CUST04577,60652.85,60652.85,1,2024-12-18,2024-12-18,1,2023-10-12,Rajasthan,Organic,61,F,60652.85,0.9677419354838709,Medium
CUST04578,66170.24,16542.56,4,2023-06-20,2024-12-21,551,2023-06-16,Karnataka,Organic,25,Other,66170.24,0.20654044750430292,Medium
CUST04580,59877.130000000005,59877.130000000005,1,2024-11-27,2024-11-27,1,2024-09-07,Karnataka,Email,38,Other,59877.130000000005,0.9677419354838709,Medium
CUST04582,24765.19,24765.19,1,2024-01-27,2024-01-27,1,2023-09-28,Karnataka,Email,51,M,24765.19,0.9677419354838709,Low
CUST04584,63982.28,21327.426666666666,3,2024-05-01,2024-11-02,186,2024-03-01,Tamil Nadu,Email,42,Other,63982.28,0.41666666666666663,Medium
CUST04588,4416.69,4416.69,1,2024-11-16,2024-11-16,1,2023-04-16,Maharashtra,Paid Search,53,M,4416.69,0.9677419354838709,Very Low
CUST04590,156241.22,78120.61,2,2023-01-27,2024-08-01,553,2023-01-06,Delhi,Organic,34,M,156241.22,0.10291595197255575,Very High
CUST04591,26455.06,8818.353333333334,3,2024-11-30,2024-12-13,14,2024-11-25,Uttar Pradesh,Referral,35,Other,26455.06,2.0454545454545454,Low
CUST04598,164462.43,82231.215,2,2024-09-03,2024-09-07,5,2024-06-16,Rajasthan,Paid Search,62,M,164462.43,1.7142857142857142,Very High
CUST04599,79559.85,79559.85,1,2023-07-29,2023-07-29,1,2023-01-17,Tamil Nadu,Direct,30,M,79559.85,0.9677419354838709,High
CUST04600,287495.58,47915.93,6,2023-08-02,2024-11-14,471,2023-07-26,Delhi,Referral,39,M,287495.58,0.3592814371257485,Very High
CUST04601,38306.47,38306.47,1,2024-05-30,2024-05-30,1,2023-05-25,West Bengal,Referral,30,M,38306.47,0.9677419354838709,Low
CUST04602,18286.21,18286.21,1,2024-12-11,2024-12-11,1,2024-10-23,Maharashtra,Direct,56,M,18286.21,0.9677419354838709,Low
CUST04603,2954.16,2954.16,1,2024-11-09,2024-11-09,1,2023-01-11,Rajasthan,Referral,40,F,2954.16,0.9677419354838709,Very Low
CUST04605,18444.940000000002,9222.470000000001,2,2023-09-07,2024-01-30,146,2023-04-17,Karnataka,Organic,59,M,18444.940000000002,0.34090909090909094,Low
CUST04606,4694.18,4694.18,1,2023-05-03,2023-05-03,1,2023-04-26,Karnataka,Direct,61,Other,4694.18,0.9677419354838709,Very Low
CUST04607,24908.18,24908.18,1,2024-11-02,2024-11-02,1,2024-10-18,Karnataka,Social Media,42,Other,24908.18,0.9677419354838709,Low
CUST04609,69347.28,69347.28,1,2024-11-26,2024-11-26,1,2023-09-22,Tamil Nadu,Organic,34,M,69347.28,0.9677419354838709,Medium
CUST04610,3972.18,3972.18,1,2023-08-21,2023-08-21,1,2023-06-26,Uttar Pradesh,Email,42,F,3972.18,0.9677419354838709,Very Low
CUST04612,133406.21,66703.105,2,2024-11-19,2024-12-29,41,2024-11-13,Karnataka,Referral,18,Other,133406.21,0.8450704225352113,High
CUST04613,162207.31,27034.551666666666,6,2024-04-10,2024-12-12,247,2023-11-17,Maharashtra,Referral,53,F,162207.31,0.6498194945848376,Very High
CUST04614,34920.86,17460.43,2,2024-04-14,2024-06-08,56,2023-09-09,West Bengal,Referral,20,F,34920.86,0.6976744186046512,Low
CUST04615,348441.57999999996,69688.31599999999,5,2024-07-19,2024-12-23,158,2024-06-12,Tamil Nadu,Referral,27,M,348441.57999999996,0.7978723404255319,Very High
CUST04616,128090.23000000001,25618.046000000002,5,2024-02-08,2024-12-01,298,2023-12-26,West Bengal,Social Media,21,F,128090.23000000001,0.4573170731707317,High
CUST04622,2928.13,2928.13,1,2023-04-22,2023-04-22,1,2023-04-08,Delhi,Paid Search,45,M,2928.13,0.9677419354838709,Very Low
CUST04623,123909.38,61954.69,2,2024-10-09,2024-10-10,2,2023-10-22,Karnataka,Paid Search,34,M,123909.38,1.875,High
CUST04624,58691.85,58691.85,1,2024-12-21,2024-12-21,1,2024-11-09,West Bengal,Direct,39,Other,58691.85,0.9677419354838709,Medium
CUST04625,212314.27,106157.135,2,2024-06-30,2024-09-22,85,2024-06-10,Gujarat,Direct,27,M,212314.27,0.5217391304347826,Very High
CUST04631,24395.63,8131.876666666667,3,2024-05-19,2024-07-04,47,2023-07-06,Rajasthan,Social Media,60,M,24395.63,1.168831168831169,Low
CUST04632,47735.95,47735.95,1,2024-10-09,2024-10-09,1,2024-09-26,Gujarat,Paid Search,32,M,47735.95,0.9677419354838709,Medium
CUST04633,87937.79000000001,87937.79000000001,1,2024-10-06,2024-10-06,1,2024-09-19,Uttar Pradesh,Organic,62,M,87937.79000000001,0.9677419354838709,High
CUST04634,7348.42,3674.21,2,2023-12-23,2024-01-30,39,2023-03-16,Karnataka,Direct,41,Other,7348.42,0.8695652173913044,Very Low
CUST04636,125056.25,62528.125,2,2024-08-13,2024-11-30,110,2023-06-29,Uttar Pradesh,Referral,64,F,125056.25,0.4285714285714286,High
CUST04638,8721.89,8721.89,1,2024-12-29,2024-12-29,1,2024-12-01,Uttar Pradesh,Direct,39,M,8721.89,0.9677419354838709,Very Low
CUST04639,426953.85000000003,53369.231250000004,8,2024-11-07,2024-12-30,54,2024-10-21,Gujarat,Referral,41,Other,426953.85000000003,2.857142857142857,Very High
CUST04640,171285.89,85642.945,2,2024-09-18,2024-11-19,63,2024-08-29,Rajasthan,Referral,42,Other,171285.89,0.6451612903225806,Very High
CUST04642,4508.86,4508.86,1,2024-08-08,2024-08-08,1,2023-08-12,Delhi,Paid Search,39,F,4508.86,0.9677419354838709,Very Low
CUST04643,2048.04,2048.04,1,2024-04-18,2024-04-18,1,2024-01-06,Gujarat,Email,62,M,2048.04,0.9677419354838709,Very Low
CUST04644,4760.61,4760.61,1,2024-05-29,2024-05-29,1,2023-08-14,Gujarat,Social Media,50,M,4760.61,0.9677419354838709,Very Low
CUST04645,1478.2,1478.2,1,2024-12-26,2024-12-26,1,2024-12-21,Gujarat,Referral,56,M,1478.2,0.9677419354838709,Very Low
CUST04646,98617.97,49308.985,2,2023-09-25,2024-06-12,262,2023-03-06,Gujarat,Email,42,F,98617.97,0.20547945205479454,High
CUST04648,58677.74,29338.87,2,2024-08-16,2024-08-25,10,2023-09-20,Maharashtra,Social Media,26,M,58677.74,1.5,Medium
CUST04649,11300.66,11300.66,1,2024-06-27,2024-06-27,1,2023-10-21,Gujarat,Email,25,F,11300.66,0.9677419354838709,Very Low
CUST04652,191910.95,63970.31666666667,3,2023-12-19,2024-03-04,77,2023-11-03,Tamil Nadu,Referral,25,F,191910.95,0.8411214953271028,Very High
CUST04655,60186.14,60186.14,1,2023-05-22,2023-05-22,1,2023-03-26,Rajasthan,Organic,61,M,60186.14,0.9677419354838709,Medium
CUST04656,108859.75,21771.95,5,2023-12-09,2024-11-20,348,2023-08-06,Maharashtra,Direct,61,Other,108859.75,0.39682539682539686,High
CUST04659,36326.090000000004,18163.045000000002,2,2024-12-05,2024-12-10,6,2024-11-28,Rajasthan,Email,35,F,36326.090000000004,1.6666666666666667,Low
CUST04661,277693.6,55538.719999999994,5,2023-07-26,2024-12-10,504,2023-06-25,Delhi,Email,47,F,277693.6,0.28089887640449435,Very High
CUST04663,89262.54,89262.54,1,2023-04-12,2023-04-12,1,2023-01-24,Maharashtra,Referral,30,Other,89262.54,0.9677419354838709,High
CUST04667,46388.78,46388.78,1,2024-12-30,2024-12-30,1,2024-09-21,West Bengal,Referral,30,M,46388.78,0.9677419354838709,Medium
CUST04668,65218.98,65218.98,1,2024-06-21,2024-06-21,1,2024-01-08,Rajasthan,Organic,35,M,65218.98,0.9677419354838709,Medium
CUST04669,63812.490000000005,31906.245000000003,2,2023-09-13,2024-02-08,149,2023-06-18,Maharashtra,Direct,40,M,63812.490000000005,0.33519553072625696,Medium
CUST04670,54087.130000000005,54087.130000000005,1,2024-09-27,2024-09-27,1,2024-06-14,Rajasthan,Organic,19,F,54087.130000000005,0.9677419354838709,Medium
CUST04672,128535.06999999999,128535.06999999999,1,2024-12-26,2024-12-26,1,2024-06-26,Maharashtra,Paid Search,48,Other,128535.06999999999,0.9677419354838709,High
CUST04673,121295.15,40431.71666666667,3,2024-10-25,2024-12-19,56,2024-02-05,Delhi,Organic,37,M,121295.15,1.0465116279069768,High
CUST04674,233420.32,77806.77333333333,3,2024-10-30,2024-12-01,33,2024-10-27,Gujarat,Direct,30,M,233420.32,1.4285714285714286,Very High
CUST04675,89947.76,89947.76,1,2024-11-30,2024-11-30,1,2024-11-21,West Bengal,Email,37,M,89947.76,0.9677419354838709,High
CUST04677,47237.25,23618.625,2,2024-07-02,2024-12-16,168,2024-05-26,Karnataka,Paid Search,20,M,47237.25,0.30303030303030304,Medium
CUST04678,164817.64,82408.82,2,2024-08-28,2024-10-09,43,2024-08-24,Karnataka,Referral,57,F,164817.64,0.821917808219178,Very High
CUST04679,26392.5,13196.25,2,2024-08-12,2024-10-30,80,2024-04-11,Gujarat,Paid Search,51,F,26392.5,0.5454545454545455,Low
CUST04681,84140.08,42070.04,2,2024-04-07,2024-12-01,239,2024-02-18,Rajasthan,Social Media,26,Other,84140.08,0.22304832713754646,High
CUST04683,9846.43,4923.215,2,2023-07-16,2024-09-16,429,2023-07-11,Tamil Nadu,Paid Search,28,M,9846.43,0.13071895424836602,Very Low
CUST04684,193022.91,48255.7275,4,2024-11-03,2024-11-30,28,2024-10-27,Rajasthan,Direct,57,M,193022.91,2.0689655172413794,Very High
CUST04685,3231.3,3231.3,1,2024-06-08,2024-06-08,1,2024-05-15,Delhi,Social Media,41,F,3231.3,0.9677419354838709,Very Low
CUST04686,2040.55,2040.55,1,2024-05-31,2024-05-31,1,2024-02-13,Tamil Nadu,Paid Search,26,M,2040.55,0.9677419354838709,Very Low
CUST04690,70278.14,35139.07,2,2024-06-19,2024-07-29,41,2023-12-26,Rajasthan,Email,28,M,70278.14,0.8450704225352113,Medium
CUST04692,3299.16,3299.16,1,2024-03-30,2024-03-30,1,2023-10-08,Karnataka,Referral,24,F,3299.16,0.9677419354838709,Very Low
CUST04693,49713.53,49713.53,1,2024-12-03,2024-12-03,1,2023-05-26,Tamil Nadu,Direct,53,Other,49713.53,0.9677419354838709,Medium
CUST04695,84725.33,42362.665,2,2024-06-20,2024-11-30,164,2024-01-22,West Bengal,Email,34,F,84725.33,0.30927835051546393,High
CUST04696,66098.03,33049.015,2,2024-06-19,2024-12-19,184,2024-05-01,Rajasthan,Social Media,46,F,66098.03,0.2803738317757009,Medium
CUST04697,66900.59,66900.59,1,2024-12-20,2024-12-20,1,2023-12-16,Delhi,Paid Search,31,Other,66900.59,0.9677419354838709,Medium
CUST04699,50800.96,25400.48,2,2023-07-17,2024-02-12,211,2023-04-21,Maharashtra,Organic,56,F,50800.96,0.24896265560165975,Medium
CUST04700,16440.74,16440.74,1,2024-03-23,2024-03-23,1,2023-07-28,Uttar Pradesh,Social Media,53,Other,16440.74,0.9677419354838709,Very Low
CUST04701,3939.15,3939.15,1,2024-12-24,2024-12-24,1,2024-12-21,Delhi,Paid Search,64,F,3939.15,0.9677419354838709,Very Low
CUST04702,57580.9,19193.633333333335,3,2023-10-25,2024-03-24,152,2023-08-12,West Bengal,Referral,29,Other,57580.9,0.4945054945054945,Medium
CUST04704,145907.63,72953.815,2,2023-11-28,2024-10-02,310,2023-03-27,West Bengal,Direct,64,F,145907.63,0.1764705882352941,Very High
CUST04706,97042.04,97042.04,1,2024-10-14,2024-10-14,1,2024-04-08,Maharashtra,Referral,61,F,97042.04,0.9677419354838709,High
CUST04708,130869.33,130869.33,1,2024-08-01,2024-08-01,1,2024-01-22,Gujarat,Email,37,M,130869.33,0.9677419354838709,High
CUST04709,223867.28000000003,55966.82000000001,4,2024-01-31,2024-10-28,272,2024-01-01,Gujarat,Organic,60,M,223867.28000000003,0.3973509933774835,Very High
CUST04710,62352.229999999996,62352.229999999996,1,2024-10-21,2024-10-21,1,2024-07-26,Tamil Nadu,Paid Search,43,Other,62352.229999999996,0.9677419354838709,Medium
CUST04715,34481.009999999995,34481.009999999995,1,2024-09-20,2024-09-20,1,2023-05-09,Uttar Pradesh,Organic,29,Other,34481.009999999995,0.9677419354838709,Low
CUST04716,96996.74999999999,48498.37499999999,2,2024-03-08,2024-12-13,281,2023-09-07,Karnataka,Organic,45,Other,96996.74999999999,0.19292604501607716,High
CUST04718,13460.64,13460.64,1,2024-12-16,2024-12-16,1,2023-05-24,Gujarat,Referral,35,M,13460.64,0.9677419354838709,Very Low
CUST04719,57967.95,28983.975,2,2024-07-09,2024-09-18,72,2023-07-08,Karnataka,Direct,42,Other,57967.95,0.5882352941176471,Medium
CUST04720,61261.56,30630.78,2,2024-12-23,2024-12-28,6,2024-12-13,Tamil Nadu,Social Media,46,Other,61261.56,1.6666666666666667,Medium
CUST04721,390267.0,48783.375,8,2024-09-20,2024-12-07,79,2024-09-13,Rajasthan,Paid Search,21,F,390267.0,2.2018348623853212,Very High
CUST04724,23363.37,23363.37,1,2024-01-09,2024-01-09,1,2023-11-27,Rajasthan,Paid Search,64,Other,23363.37,0.9677419354838709,Low
CUST04725,258299.4,86099.8,3,2023-04-15,2024-05-01,383,2023-01-26,Karnataka,Social Media,22,M,258299.4,0.2179176755447942,Very High
CUST04726,139825.2,69912.6,2,2023-09-27,2024-12-22,453,2023-07-08,Tamil Nadu,Referral,57,F,139825.2,0.12422360248447203,High
CUST04728,133272.82,26654.564000000002,5,2024-03-03,2024-10-07,219,2024-01-17,West Bengal,Email,51,F,133272.82,0.6024096385542168,High
CUST04732,119657.5,119657.5,1,2024-12-16,2024-12-16,1,2024-12-15,Maharashtra,Social Media,62,Other,119657.5,0.9677419354838709,High
CUST04733,94732.06999999999,47366.034999999996,2,2024-10-30,2024-11-06,8,2024-10-08,Rajasthan,Email,44,F,94732.06999999999,1.5789473684210527,High
CUST04736,72823.73,24274.576666666664,3,2024-01-26,2024-12-03,313,2023-10-15,West Bengal,Social Media,30,M,72823.73,0.26239067055393583,Medium
CUST04741,206516.76,41303.352,5,2023-05-17,2024-12-23,587,2023-02-08,Uttar Pradesh,Organic,63,M,206516.76,0.24311183144246354,Very High
CUST04743,7238.98,7238.98,1,2024-01-12,2024-01-12,1,2023-11-27,West Bengal,Social Media,52,Other,7238.98,0.9677419354838709,Very Low
CUST04747,160628.88,32125.776,5,2024-10-27,2024-12-14,49,2024-09-17,Maharashtra,Social Media,20,M,160628.88,1.89873417721519,Very High
CUST04748,524.44,524.44,1,2024-12-02,2024-12-02,1,2024-06-23,West Bengal,Social Media,38,Other,524.44,0.9677419354838709,Very Low
CUST04753,229457.97,45891.594,5,2024-05-18,2024-10-03,139,2024-02-14,Tamil Nadu,Paid Search,21,Other,229457.97,0.8875739644970414,Very High
CUST04757,47313.71,15771.236666666666,3,2023-09-04,2024-10-20,413,2023-04-08,West Bengal,Paid Search,23,F,47313.71,0.20316027088036115,Medium
CUST04758,24706.17,24706.17,1,2024-11-06,2024-11-06,1,2024-08-18,Uttar Pradesh,Email,53,Other,24706.17,0.9677419354838709,Low
CUST04759,435162.01999999996,62166.00285714285,7,2024-04-02,2024-12-29,272,2023-02-10,Gujarat,Referral,40,F,435162.01999999996,0.695364238410596,Very High
CUST04763,1582.4,1582.4,1,2024-09-25,2024-09-25,1,2024-04-28,West Bengal,Email,33,Other,1582.4,0.9677419354838709,Very Low
CUST04767,11415.119999999999,5707.5599999999995,2,2023-07-14,2024-03-20,251,2023-03-03,Delhi,Paid Search,21,Other,11415.119999999999,0.21352313167259784,Very Low
CUST04768,22795.17,22795.17,1,2024-10-13,2024-10-13,1,2023-12-20,Gujarat,Referral,26,Other,22795.17,0.9677419354838709,Low
CUST04769,81625.37,40812.685,2,2023-11-15,2024-01-17,64,2023-09-04,Rajasthan,Paid Search,54,Other,81625.37,0.6382978723404256,High
CUST04770,3077.35,3077.35,1,2023-05-03,2023-05-03,1,2023-01-04,Uttar Pradesh,Paid Search,28,M,3077.35,0.9677419354838709,Very Low
CUST04775,155762.7,51920.9,3,2024-07-04,2024-11-01,121,2024-06-19,Gujarat,Email,26,M,155762.7,0.5960264900662252,Very High
CUST04776,54054.25,54054.25,1,2024-09-21,2024-09-21,1,2024-06-09,Maharashtra,Organic,20,F,54054.25,0.9677419354838709,Medium
CUST04777,148024.72,49341.573333333334,3,2023-10-01,2024-03-12,164,2023-06-19,Uttar Pradesh,Referral,37,F,148024.72,0.4639175257731959,Very High
CUST04780,29410.75,29410.75,1,2024-12-26,2024-12-26,1,2024-05-31,Karnataka,Organic,31,Other,29410.75,0.9677419354838709,Low
CUST04781,219769.59,73256.53,3,2024-08-15,2024-11-08,86,2024-03-29,Rajasthan,Referral,40,Other,219769.59,0.7758620689655172,Very High
CUST04783,66396.32,66396.32,1,2024-01-27,2024-01-27,1,2024-01-25,Rajasthan,Email,45,M,66396.32,0.9677419354838709,Medium
CUST04785,38370.97,19185.485,2,2024-11-14,2024-12-10,27,2023-03-31,Uttar Pradesh,Social Media,62,F,38370.97,1.0526315789473684,Low
CUST04789,45970.16,45970.16,1,2024-07-07,2024-07-07,1,2024-05-21,Delhi,Organic,33,M,45970.16,0.9677419354838709,Medium
CUST04790,62620.64,20873.546666666665,3,2024-12-27,2024-12-28,2,2024-12-24,Uttar Pradesh,Social Media,29,F,62620.64,2.8125,Medium
CUST04791,493.22,493.22,1,2024-09-27,2024-09-27,1,2024-07-08,West Bengal,Direct,24,M,493.22,0.9677419354838709,Very Low
CUST04792,126343.98,42114.659999999996,3,2023-01-27,2024-11-10,654,2023-01-14,Uttar Pradesh,Direct,46,Other,126343.98,0.13157894736842105,High
CUST04798,63782.52,63782.52,1,2023-10-17,2023-10-17,1,2023-08-09,Maharashtra,Paid Search,38,M,63782.52,0.9677419354838709,Medium
CUST04800,25493.660000000003,12746.830000000002,2,2024-02-29,2024-06-05,98,2023-06-04,Delhi,Email,57,F,25493.660000000003,0.46875,Low
CUST04801,8516.039999999999,8516.039999999999,1,2024-09-03,2024-09-03,1,2024-07-16,West Bengal,Social Media,29,F,8516.039999999999,0.9677419354838709,Very Low
CUST04803,56349.88,56349.88,1,2024-10-18,2024-10-18,1,2024-01-22,Delhi,Email,32,M,56349.88,0.9677419354838709,Medium
CUST04804,96345.03,48172.515,2,2023-11-03,2023-11-26,24,2023-06-06,Delhi,Paid Search,39,F,96345.03,1.1111111111111112,High
CUST04806,4174.49,4174.49,1,2024-10-13,2024-10-13,1,2024-03-20,Maharashtra,Paid Search,34,F,4174.49,0.9677419354838709,Very Low
CUST04808,45041.43,22520.715,2,2023-11-17,2024-11-04,354,2023-08-09,Karnataka,Referral,47,F,45041.43,0.15625,Medium
CUST04810,62694.11,62694.11,1,2024-08-06,2024-08-06,1,2024-01-16,Gujarat,Paid Search,65,M,62694.11,0.9677419354838709,Medium
CUST04815,114726.95000000001,57363.475000000006,2,2023-09-14,2024-08-02,324,2023-01-22,Delhi,Referral,22,Other,114726.95000000001,0.1694915254237288,High
CUST04817,67636.57,67636.57,1,2024-11-23,2024-11-23,1,2024-11-21,Delhi,Social Media,21,F,67636.57,0.9677419354838709,Medium
CUST04819,258342.37,86114.12333333334,3,2024-05-10,2024-07-29,81,2024-03-06,Rajasthan,Organic,48,Other,258342.37,0.8108108108108107,Very High
CUST04821,24556.15,24556.15,1,2024-05-29,2024-05-29,1,2023-01-17,Delhi,Organic,42,F,24556.15,0.9677419354838709,Low
CUST04823,75149.36,37574.68,2,2024-06-27,2024-10-21,117,2024-06-24,Rajasthan,Paid Search,39,Other,75149.36,0.4081632653061224,Medium
CUST04826,299885.48,59977.096,5,2024-05-05,2024-11-25,205,2024-03-18,West Bengal,Direct,34,Other,299885.48,0.6382978723404256,Very High
CUST04827,38981.58,19490.79,2,2024-11-18,2024-12-07,20,2024-11-02,Delhi,Referral,33,Other,38981.58,1.2000000000000002,Low
CUST04830,64938.55,64938.55,1,2024-11-29,2024-11-29,1,2024-09-12,Karnataka,Referral,50,M,64938.55,0.9677419354838709,Medium
CUST04831,62490.41,20830.13666666667,3,2024-06-26,2024-12-15,173,2024-03-28,Tamil Nadu,Social Media,62,Other,62490.41,0.4433497536945813,Medium
CUST04836,232388.93,33198.41857142857,7,2024-01-13,2024-09-25,257,2023-01-13,Gujarat,Organic,49,M,232388.93,0.7317073170731707,Very High
CUST04841,56313.41,18771.13666666667,3,2024-12-25,2024-12-30,6,2024-12-24,West Bengal,Direct,34,Other,56313.41,2.5,Medium
CUST04842,48530.44,24265.22,2,2024-07-24,2024-11-06,106,2024-07-16,West Bengal,Paid Search,65,Other,48530.44,0.4411764705882353,Medium
CUST04845,90880.48,30293.493333333332,3,2023-09-21,2024-12-20,457,2023-06-01,Uttar Pradesh,Email,49,Other,90880.48,0.18480492813141683,High
CUST04847,38705.850000000006,19352.925000000003,2,2024-12-18,2024-12-20,3,2024-07-31,Delhi,Social Media,57,Other,38705.850000000006,1.8181818181818181,Low
CUST04850,15879.77,15879.77,1,2024-06-22,2024-06-22,1,2023-10-11,Delhi,Referral,58,Other,15879.77,0.9677419354838709,Very Low
CUST04851,54321.990000000005,54321.990000000005,1,2024-09-09,2024-09-09,1,2023-02-08,Tamil Nadu,Email,65,F,54321.990000000005,0.9677419354838709,Medium
CUST04853,93022.57,23255.6425,4,2024-07-22,2024-08-30,40,2024-07-10,Rajasthan,Social Media,28,M,93022.57,1.7142857142857144,High
CUST04854,8468.02,8468.02,1,2024-05-09,2024-05-09,1,2024-02-11,Gujarat,Paid Search,19,F,8468.02,0.9677419354838709,Very Low
CUST04856,49277.25000000001,16425.750000000004,3,2024-08-28,2024-10-14,48,2024-08-26,Delhi,Organic,59,F,49277.25000000001,1.1538461538461537,Medium
CUST04858,13751.84,13751.84,1,2024-09-18,2024-09-18,1,2024-08-18,Karnataka,Referral,31,M,13751.84,0.9677419354838709,Very Low
CUST04861,148617.51,49539.170000000006,3,2024-08-12,2024-12-26,137,2024-03-25,Delhi,Paid Search,57,Other,148617.51,0.5389221556886228,Very High
CUST04862,67922.86,67922.86,1,2024-08-23,2024-08-23,1,2023-04-11,Uttar Pradesh,Paid Search,20,F,67922.86,0.9677419354838709,Medium
CUST04863,224070.95,112035.475,2,2023-12-28,2024-11-11,320,2023-06-20,West Bengal,Social Media,60,F,224070.95,0.17142857142857143,Very High
CUST04864,23424.4,11712.2,2,2024-04-27,2024-06-26,61,2024-01-24,Maharashtra,Direct,53,F,23424.4,0.6593406593406593,Low
CUST04865,643480.2,53623.35,12,2023-07-06,2024-12-20,534,2023-07-03,Karnataka,Paid Search,64,M,643480.2,0.6382978723404255,Very High
CUST04866,152559.99,76279.995,2,2024-04-17,2024-05-13,27,2023-12-30,Tamil Nadu,Email,20,M,152559.99,1.0526315789473684,Very High
CUST04868,102166.98,25541.745,4,2024-08-17,2024-11-14,90,2024-05-18,Delhi,Direct,23,M,102166.98,1.0,High
CUST04869,4647.9,4647.9,1,2024-10-08,2024-10-08,1,2024-09-14,Delhi,Paid Search,22,F,4647.9,0.9677419354838709,Very Low
CUST04871,97325.90999999999,48662.954999999994,2,2024-12-14,2024-12-14,1,2024-12-10,Gujarat,Paid Search,45,Other,97325.90999999999,1.9354838709677418,High
CUST04872,52818.07,52818.07,1,2023-12-11,2023-12-11,1,2023-11-17,West Bengal,Referral,37,M,52818.07,0.9677419354838709,Medium
CUST04873,35691.990000000005,35691.990000000005,1,2024-12-08,2024-12-08,1,2024-10-05,Karnataka,Organic,51,F,35691.990000000005,0.9677419354838709,Low
CUST04876,43180.1,43180.1,1,2024-01-13,2024-01-13,1,2023-07-31,Maharashtra,Paid Search,54,Other,43180.1,0.9677419354838709,Low
CUST04878,26343.120000000003,13171.560000000001,2,2024-01-18,2024-01-19,2,2024-01-15,Tamil Nadu,Email,38,Other,26343.120000000003,1.875,Low
CUST04884,137884.39,34471.0975,4,2023-06-22,2024-11-21,519,2023-06-02,Maharashtra,Direct,22,M,137884.39,0.2185792349726776,High
CUST04885,267255.91,133627.955,2,2023-11-14,2024-01-06,54,2023-08-29,Uttar Pradesh,Email,34,Other,267255.91,0.7142857142857143,Very High
CUST04886,43427.850000000006,21713.925000000003,2,2024-09-03,2024-11-12,71,2024-07-04,Tamil Nadu,Social Media,64,F,43427.850000000006,0.594059405940594,Medium
CUST04890,105279.66,21055.932,5,2024-10-14,2024-12-26,74,2024-08-29,Delhi,Organic,65,Other,105279.66,1.4423076923076923,High
CUST04892,3954.9399999999996,1977.4699999999998,2,2024-11-26,2024-12-28,33,2024-11-24,West Bengal,Direct,62,Other,3954.9399999999996,0.9523809523809523,Very Low
CUST04895,72412.81999999999,36206.409999999996,2,2024-10-02,2024-11-10,40,2024-07-10,Tamil Nadu,Referral,30,M,72412.81999999999,0.8571428571428572,Medium
CUST04898,65800.83,32900.415,2,2023-12-06,2024-05-02,149,2023-05-05,Maharashtra,Email,62,M,65800.83,0.33519553072625696,Medium
CUST04900,246220.13,41036.68833333333,6,2023-04-17,2024-12-15,609,2023-02-01,Maharashtra,Referral,43,Other,246220.13,0.28169014084507044,Very High
CUST04901,96961.84,32320.61333333333,3,2024-02-02,2024-09-14,226,2024-01-10,West Bengal,Referral,45,M,96961.84,0.3515625,High
CUST04903,155593.28,51864.426666666666,3,2024-07-20,2024-11-20,124,2023-10-12,West Bengal,Paid Search,48,F,155593.28,0.5844155844155844,Very High
CUST04904,11913.75,11913.75,1,2024-08-14,2024-08-14,1,2024-01-25,Karnataka,Social Media,58,M,11913.75,0.9677419354838709,Very Low
CUST04905,41292.59,20646.295,2,2023-12-22,2024-03-02,72,2023-06-07,West Bengal,Referral,47,M,41292.59,0.5882352941176471,Low
CUST04906,22169.22,22169.22,1,2024-12-09,2024-12-09,1,2024-12-07,Tamil Nadu,Email,37,M,22169.22,0.9677419354838709,Low
CUST04909,8544.5,8544.5,1,2024-09-29,2024-09-29,1,2023-03-26,Delhi,Direct,52,Other,8544.5,0.9677419354838709,Very Low
CUST04911,28611.8,28611.8,1,2023-10-31,2023-10-31,1,2023-05-05,Karnataka,Referral,38,Other,28611.8,0.9677419354838709,Low
CUST04912,16452.260000000002,8226.130000000001,2,2024-02-27,2024-06-05,100,2023-03-25,Maharashtra,Referral,49,F,16452.260000000002,0.46153846153846145,Very Low
CUST04914,62384.24,62384.24,1,2024-07-24,2024-07-24,1,2024-02-22,Gujarat,Paid Search,18,Other,62384.24,0.9677419354838709,Medium
CUST04916,61926.590000000004,12385.318000000001,5,2023-10-31,2024-10-27,363,2023-10-03,Delhi,Email,46,F,61926.590000000004,0.3816793893129771,Medium
CUST04918,96116.96,48058.48,2,2023-07-01,2024-09-22,450,2023-05-10,Gujarat,Referral,55,Other,96116.96,0.125,High
CUST04920,803.13,803.13,1,2024-12-08,2024-12-08,1,2024-06-01,Rajasthan,Direct,61,M,803.13,0.9677419354838709,Very Low
CUST04923,49126.88,24563.44,2,2024-10-12,2024-10-26,15,2024-09-23,Karnataka,Social Media,46,M,49126.88,1.3333333333333333,Medium
CUST04924,247967.8,49593.56,5,2024-08-29,2024-11-28,92,2024-08-15,Uttar Pradesh,Email,55,Other,247967.8,1.2295081967213115,Very High
CUST04925,139825.63,46608.543333333335,3,2024-08-13,2024-12-10,120,2024-07-14,Delhi,Social Media,32,Other,139825.63,0.6,High
CUST04927,66843.17,22281.056666666667,3,2023-11-19,2024-07-17,242,2023-07-01,Maharashtra,Direct,37,M,66843.17,0.33088235294117646,Medium
CUST04931,22826.45,22826.45,1,2024-10-19,2024-10-19,1,2024-06-02,Rajasthan,Email,18,Other,22826.45,0.9677419354838709,Low
CUST04933,39178.73,39178.73,1,2023-12-25,2023-12-25,1,2023-03-22,Uttar Pradesh,Social Media,61,Other,39178.73,0.9677419354838709,Low
CUST04936,7823.78,7823.78,1,2024-07-24,2024-07-24,1,2023-06-23,West Bengal,Paid Search,36,F,7823.78,0.9677419354838709,Very Low
CUST04937,46943.9,46943.9,1,2024-10-05,2024-10-05,1,2024-06-02,Gujarat,Referral,64,Other,46943.9,0.9677419354838709,Medium
CUST04940,50147.61,25073.805,2,2023-10-28,2024-07-12,259,2023-04-26,Delhi,Organic,38,M,50147.61,0.20761245674740486,Medium
CUST04942,72352.11,36176.055,2,2024-05-24,2024-05-26,3,2024-02-27,Rajasthan,Referral,43,F,72352.11,1.8181818181818181,Medium
CUST04943,32011.11,32011.11,1,2024-08-26,2024-08-26,1,2024-05-11,Maharashtra,Email,29,F,32011.11,0.9677419354838709,Low
CUST04946,52783.95,17594.649999999998,3,2023-12-18,2024-12-13,362,2023-07-13,Tamil Nadu,Organic,39,F,52783.95,0.22959183673469388,Medium
CUST04947,24944.64,24944.64,1,2024-11-09,2024-11-09,1,2024-08-03,Uttar Pradesh,Email,53,M,24944.64,0.9677419354838709,Low
CUST04950,80869.16,80869.16,1,2024-10-22,2024-10-22,1,2023-04-09,Rajasthan,Organic,21,M,80869.16,0.9677419354838709,High
CUST04951,2877.73,2877.73,1,2024-09-07,2024-09-07,1,2023-08-08,Tamil Nadu,Direct,40,Other,2877.73,0.9677419354838709,Very Low
CUST04952,2777.79,2777.79,1,2023-06-22,2023-06-22,1,2023-06-15,West Bengal,Organic,55,Other,2777.79,0.9677419354838709,Very Low
CUST04953,104392.99,52196.495,2,2024-05-31,2024-09-06,99,2024-04-01,Gujarat,Paid Search,19,F,104392.99,0.46511627906976744,High
CUST04956,148845.38,49615.12666666667,3,2024-08-10,2024-11-01,84,2024-07-23,West Bengal,Email,21,Other,148845.38,0.7894736842105263,Very High
CUST04958,58855.77,58855.77,1,2024-02-17,2024-02-17,1,2023-04-01,Rajasthan,Referral,59,M,58855.77,0.9677419354838709,Medium
CUST04959,178024.58,89012.29,2,2024-11-16,2024-12-24,39,2024-11-11,Maharashtra,Direct,31,F,178024.58,0.8695652173913044,Very High
CUST04960,229675.78,57418.945,4,2024-06-25,2024-11-25,154,2024-04-02,Gujarat,Organic,21,M,229675.78,0.6521739130434783,Very High
CUST04961,134774.54,44924.84666666667,3,2024-10-18,2024-12-02,46,2024-07-12,Uttar Pradesh,Social Media,34,M,134774.54,1.1842105263157896,High
CUST04963,150387.2,50129.06666666667,3,2024-02-01,2024-10-27,270,2023-12-23,Gujarat,Email,43,F,150387.2,0.3,Very High
CUST04964,29348.28,29348.28,1,2024-10-06,2024-10-06,1,2023-10-22,Delhi,Organic,42,M,29348.28,0.9677419354838709,Low
CUST04966,131020.13,131020.13,1,2024-12-27,2024-12-27,1,2024-12-27,West Bengal,Paid Search,38,F,131020.13,0.9677419354838709,High
CUST04968,144495.55,144495.55,1,2024-02-28,2024-02-28,1,2024-01-16,Maharashtra,Paid Search,31,Other,144495.55,0.9677419354838709,Very High
CUST04969,12342.53,6171.265,2,2023-08-18,2024-11-08,449,2023-05-28,Uttar Pradesh,Organic,34,F,12342.53,0.12526096033402923,Very Low
CUST04970,34377.09,34377.09,1,2024-12-19,2024-12-19,1,2024-06-29,Uttar Pradesh,Referral,37,Other,34377.09,0.9677419354838709,Low
CUST04976,124704.01,62352.005,2,2023-07-21,2024-10-28,466,2023-03-21,Delhi,Organic,65,M,124704.01,0.12096774193548389,High
CUST04977,235293.28,78431.09333333334,3,2024-11-30,2024-12-27,28,2024-11-29,West Bengal,Direct,29,M,235293.28,1.5517241379310345,Very High
CUST04979,118338.73999999999,29584.684999999998,4,2024-09-21,2024-11-01,42,2024-09-17,Delhi,Referral,28,F,118338.73999999999,1.6666666666666667,High
CUST04980,265906.5,265906.5,1,2024-09-05,2024-09-05,1,2024-09-03,Uttar Pradesh,Direct,52,Other,265906.5,0.9677419354838709,Very High
CUST04983,192194.93,192194.93,1,2024-11-22,2024-11-22,1,2024-09-12,Uttar Pradesh,Direct,40,M,192194.93,0.9677419354838709,Very High
CUST04984,1101.98,1101.98,1,2024-10-05,2024-10-05,1,2024-08-01,Gujarat,Referral,25,Other,1101.98,0.9677419354838709,Very Low
CUST04987,4260.38,4260.38,1,2024-02-02,2024-02-02,1,2023-12-11,Maharashtra,Social Media,56,M,4260.38,0.9677419354838709,Very Low
CUST04991,46046.78,46046.78,1,2023-10-15,2023-10-15,1,2023-04-05,Uttar Pradesh,Referral,25,F,46046.78,0.9677419354838709,Medium
CUST04992,64974.41,32487.205,2,2024-07-10,2024-12-28,172,2023-10-15,Uttar Pradesh,Email,47,M,64974.41,0.297029702970297,Medium
CUST04995,194086.55000000002,32347.758333333335,6,2024-05-10,2024-10-23,167,2024-04-26,Maharashtra,Paid Search,25,Other,194086.55000000002,0.9137055837563453,Very High
CUST04996,312815.5,44687.92857142857,7,2024-01-04,2024-12-18,350,2023-12-15,Tamil Nadu,Organic,22,Other,312815.5,0.5526315789473685,Very High
CUST04998,301311.76,43044.537142857145,7,2023-03-15,2024-08-21,526,2023-02-19,Delhi,Organic,50,F,301311.76,0.3776978417266187,Very High
CUST04999,10012.39,10012.39,1,2024-01-25,2024-01-25,1,2023-05-21,Delhi,Social Media,29,F,10012.39,0.9677419354838709,Very Low
CUST05000,17605.97,8802.985,2,2023-09-25,2023-12-23,90,2023-01-19,Rajasthan,Organic,36,Other,17605.97,0.5,Low
