product_1,product_2,count,pct_of_transactions
PROD00154,PROD00428,3,0.10645848119233499
PROD00038,PROD00143,2,0.07097232079488999
PROD00191,PROD00488,2,0.07097232079488999
PROD00135,PROD00257,2,0.07097232079488999
PROD00053,PROD00142,2,0.07097232079488999
PROD00280,PROD00348,2,0.07097232079488999
PROD00004,PROD00456,2,0.07097232079488999
PROD00035,PROD00335,2,0.07097232079488999
PROD00364,PROD00489,2,0.07097232079488999
PROD00006,PROD00053,2,0.07097232079488999
PROD00255,PROD00447,2,0.07097232079488999
PROD00067,PROD00329,2,0.07097232079488999
PROD00233,PROD00329,2,0.07097232079488999
PROD00030,PROD00045,2,0.07097232079488999
PROD00217,PROD00436,2,0.07097232079488999
PROD00430,PROD00451,2,0.07097232079488999
PROD00055,PROD00288,2,0.07097232079488999
PROD00369,PROD00422,2,0.07097232079488999
PROD00032,PROD00202,2,0.07097232079488999
PROD00388,PROD00427,2,0.07097232079488999
PROD00286,PROD00395,2,0.07097232079488999
PROD00152,PROD00344,2,0.07097232079488999
PROD00201,PROD00217,2,0.07097232079488999
PROD00040,PROD00341,2,0.07097232079488999
PROD00165,PROD00436,2,0.07097232079488999
PROD00129,PROD00350,2,0.07097232079488999
PROD00219,PROD00419,2,0.07097232079488999
PROD00320,PROD00359,2,0.07097232079488999
PROD00397,PROD00432,2,0.07097232079488999
PROD00105,PROD00165,2,0.07097232079488999
PROD00286,PROD00333,2,0.07097232079488999
PROD00127,PROD00233,2,0.07097232079488999
PROD00285,PROD00398,2,0.07097232079488999
PROD00164,PROD00244,2,0.07097232079488999
PROD00103,PROD00477,2,0.07097232079488999
PROD00286,PROD00425,2,0.07097232079488999
PROD00165,PROD00229,2,0.07097232079488999
PROD00143,PROD00204,2,0.07097232079488999
PROD00089,PROD00171,2,0.07097232079488999
PROD00187,PROD00378,2,0.07097232079488999
PROD00198,PROD00340,2,0.07097232079488999
PROD00073,PROD00300,2,0.07097232079488999
PROD00135,PROD00439,2,0.07097232079488999
PROD00039,PROD00258,2,0.07097232079488999
PROD00253,PROD00312,2,0.07097232079488999
PROD00360,PROD00470,2,0.07097232079488999
PROD00224,PROD00344,2,0.07097232079488999
PROD00140,PROD00463,2,0.07097232079488999
PROD00188,PROD00398,2,0.07097232079488999
PROD00001,PROD00050,2,0.07097232079488999
PROD00226,PROD00361,2,0.07097232079488999
PROD00073,PROD00171,2,0.07097232079488999
PROD00372,PROD00399,2,0.07097232079488999
PROD00002,PROD00121,2,0.07097232079488999
PROD00121,PROD00340,2,0.07097232079488999
PROD00148,PROD00289,2,0.07097232079488999
PROD00241,PROD00274,2,0.07097232079488999
PROD00159,PROD00282,2,0.07097232079488999
PROD00140,PROD00258,2,0.07097232079488999
PROD00258,PROD00315,2,0.07097232079488999
PROD00225,PROD00344,2,0.07097232079488999
PROD00332,PROD00367,2,0.07097232079488999
PROD00299,PROD00407,2,0.07097232079488999
PROD00038,PROD00304,2,0.07097232079488999
PROD00050,PROD00302,2,0.07097232079488999
PROD00166,PROD00250,2,0.07097232079488999
PROD00128,PROD00449,2,0.07097232079488999
PROD00127,PROD00171,2,0.07097232079488999
PROD00056,PROD00281,2,0.07097232079488999
PROD00306,PROD00378,2,0.07097232079488999
PROD00222,PROD00404,2,0.07097232079488999
PROD00080,PROD00392,2,0.07097232079488999
PROD00163,PROD00402,2,0.07097232079488999
PROD00014,PROD00127,2,0.07097232079488999
PROD00173,PROD00270,2,0.07097232079488999
PROD00051,PROD00382,2,0.07097232079488999
PROD00048,PROD00476,2,0.07097232079488999
PROD00302,PROD00407,2,0.07097232079488999
PROD00093,PROD00288,2,0.07097232079488999
PROD00395,PROD00475,2,0.07097232079488999
PROD00137,PROD00486,2,0.07097232079488999
PROD00312,PROD00370,2,0.07097232079488999
PROD00141,PROD00239,2,0.07097232079488999
PROD00136,PROD00381,2,0.07097232079488999
PROD00098,PROD00238,2,0.07097232079488999
PROD00025,PROD00110,2,0.07097232079488999
PROD00022,PROD00305,2,0.07097232079488999
PROD00211,PROD00305,2,0.07097232079488999
PROD00057,PROD00400,2,0.07097232079488999
PROD00312,PROD00490,2,0.07097232079488999
PROD00127,PROD00273,2,0.07097232079488999
PROD00174,PROD00448,2,0.07097232079488999
PROD00275,PROD00450,2,0.07097232079488999
PROD00171,PROD00401,2,0.07097232079488999
PROD00098,PROD00235,2,0.07097232079488999
PROD00064,PROD00096,2,0.07097232079488999
PROD00038,PROD00393,2,0.07097232079488999
PROD00205,PROD00256,2,0.07097232079488999
PROD00214,PROD00335,2,0.07097232079488999
PROD00260,PROD00443,2,0.07097232079488999
PROD00241,PROD00349,2,0.07097232079488999
PROD00197,PROD00227,2,0.07097232079488999
PROD00219,PROD00447,2,0.07097232079488999
PROD00073,PROD00408,2,0.07097232079488999
PROD00070,PROD00170,2,0.07097232079488999
PROD00120,PROD00473,2,0.07097232079488999
PROD00087,PROD00259,2,0.07097232079488999
PROD00259,PROD00459,2,0.07097232079488999
PROD00117,PROD00228,2,0.07097232079488999
PROD00048,PROD00269,2,0.07097232079488999
PROD00176,PROD00456,2,0.07097232079488999
PROD00224,PROD00427,2,0.07097232079488999
PROD00020,PROD00053,2,0.07097232079488999
PROD00306,PROD00365,2,0.07097232079488999
PROD00004,PROD00142,2,0.07097232079488999
PROD00111,PROD00299,2,0.07097232079488999
PROD00004,PROD00399,2,0.07097232079488999
PROD00158,PROD00333,2,0.07097232079488999
PROD00137,PROD00442,2,0.07097232079488999
PROD00042,PROD00451,2,0.07097232079488999
PROD00246,PROD00310,2,0.07097232079488999
PROD00137,PROD00242,1,0.035486160397444996
PROD00137,PROD00465,1,0.035486160397444996
PROD00242,PROD00465,1,0.035486160397444996
PROD00209,PROD00350,1,0.035486160397444996
PROD00209,PROD00471,1,0.035486160397444996
PROD00350,PROD00471,1,0.035486160397444996
PROD00223,PROD00433,1,0.035486160397444996
PROD00175,PROD00266,1,0.035486160397444996
PROD00175,PROD00287,1,0.035486160397444996
PROD00266,PROD00287,1,0.035486160397444996
PROD00085,PROD00116,1,0.035486160397444996
PROD00139,PROD00259,1,0.035486160397444996
PROD00175,PROD00416,1,0.035486160397444996
PROD00100,PROD00158,1,0.035486160397444996
PROD00191,PROD00227,1,0.035486160397444996
PROD00191,PROD00475,1,0.035486160397444996
PROD00227,PROD00475,1,0.035486160397444996
PROD00227,PROD00488,1,0.035486160397444996
PROD00475,PROD00488,1,0.035486160397444996
PROD00222,PROD00264,1,0.035486160397444996
PROD00070,PROD00100,1,0.035486160397444996
PROD00070,PROD00253,1,0.035486160397444996
PROD00100,PROD00253,1,0.035486160397444996
PROD00072,PROD00403,1,0.035486160397444996
PROD00072,PROD00459,1,0.035486160397444996
PROD00403,PROD00459,1,0.035486160397444996
PROD00250,PROD00281,1,0.035486160397444996
PROD00250,PROD00321,1,0.035486160397444996
PROD00250,PROD00457,1,0.035486160397444996
PROD00281,PROD00321,1,0.035486160397444996
PROD00281,PROD00457,1,0.035486160397444996
PROD00321,PROD00457,1,0.035486160397444996
PROD00158,PROD00183,1,0.035486160397444996
PROD00102,PROD00332,1,0.035486160397444996
PROD00240,PROD00468,1,0.035486160397444996
PROD00262,PROD00305,1,0.035486160397444996
PROD00016,PROD00066,1,0.035486160397444996
PROD00087,PROD00196,1,0.035486160397444996
PROD00165,PROD00179,1,0.035486160397444996
PROD00165,PROD00285,1,0.035486160397444996
PROD00165,PROD00289,1,0.035486160397444996
PROD00179,PROD00285,1,0.035486160397444996
PROD00179,PROD00289,1,0.035486160397444996
PROD00285,PROD00289,1,0.035486160397444996
PROD00086,PROD00114,1,0.035486160397444996
PROD00086,PROD00350,1,0.035486160397444996
PROD00086,PROD00381,1,0.035486160397444996
PROD00114,PROD00350,1,0.035486160397444996
PROD00114,PROD00381,1,0.035486160397444996
PROD00350,PROD00381,1,0.035486160397444996
PROD00155,PROD00281,1,0.035486160397444996
PROD00047,PROD00248,1,0.035486160397444996
PROD00312,PROD00411,1,0.035486160397444996
PROD00312,PROD00488,1,0.035486160397444996
PROD00411,PROD00488,1,0.035486160397444996
PROD00091,PROD00096,1,0.035486160397444996
PROD00283,PROD00404,1,0.035486160397444996
PROD00063,PROD00161,1,0.035486160397444996
PROD00052,PROD00418,1,0.035486160397444996
PROD00182,PROD00416,1,0.035486160397444996
PROD00062,PROD00173,1,0.035486160397444996
PROD00186,PROD00254,1,0.035486160397444996
PROD00459,PROD00471,1,0.035486160397444996
PROD00057,PROD00087,1,0.035486160397444996
PROD00059,PROD00114,1,0.035486160397444996
PROD00059,PROD00405,1,0.035486160397444996
PROD00114,PROD00405,1,0.035486160397444996
PROD00167,PROD00289,1,0.035486160397444996
PROD00113,PROD00351,1,0.035486160397444996
PROD00208,PROD00233,1,0.035486160397444996
PROD00193,PROD00456,1,0.035486160397444996
PROD00199,PROD00491,1,0.035486160397444996
PROD00346,PROD00403,1,0.035486160397444996
PROD00048,PROD00076,1,0.035486160397444996
PROD00048,PROD00117,1,0.035486160397444996
PROD00076,PROD00117,1,0.035486160397444996
PROD00145,PROD00232,1,0.035486160397444996
PROD00096,PROD00383,1,0.035486160397444996
PROD00096,PROD00270,1,0.035486160397444996
PROD00365,PROD00461,1,0.035486160397444996
PROD00181,PROD00237,1,0.035486160397444996
PROD00181,PROD00363,1,0.035486160397444996
PROD00237,PROD00363,1,0.035486160397444996
PROD00125,PROD00420,1,0.035486160397444996
PROD00024,PROD00385,1,0.035486160397444996
PROD00079,PROD00256,1,0.035486160397444996
PROD00079,PROD00303,1,0.035486160397444996
PROD00256,PROD00303,1,0.035486160397444996
PROD00213,PROD00443,1,0.035486160397444996
PROD00019,PROD00340,1,0.035486160397444996
PROD00019,PROD00390,1,0.035486160397444996
PROD00019,PROD00461,1,0.035486160397444996
PROD00340,PROD00390,1,0.035486160397444996
PROD00340,PROD00461,1,0.035486160397444996
PROD00390,PROD00461,1,0.035486160397444996
PROD00010,PROD00158,1,0.035486160397444996
PROD00191,PROD00294,1,0.035486160397444996
PROD00191,PROD00364,1,0.035486160397444996
PROD00294,PROD00364,1,0.035486160397444996
PROD00173,PROD00202,1,0.035486160397444996
PROD00038,PROD00300,1,0.035486160397444996
PROD00252,PROD00403,1,0.035486160397444996
PROD00017,PROD00049,1,0.035486160397444996
PROD00338,PROD00410,1,0.035486160397444996
PROD00314,PROD00481,1,0.035486160397444996
PROD00187,PROD00261,1,0.035486160397444996
PROD00394,PROD00449,1,0.035486160397444996
PROD00218,PROD00261,1,0.035486160397444996
PROD00176,PROD00345,1,0.035486160397444996
PROD00077,PROD00103,1,0.035486160397444996
PROD00077,PROD00251,1,0.035486160397444996
PROD00103,PROD00251,1,0.035486160397444996
PROD00322,PROD00432,1,0.035486160397444996
PROD00269,PROD00313,1,0.035486160397444996
PROD00111,PROD00273,1,0.035486160397444996
PROD00156,PROD00195,1,0.035486160397444996
PROD00412,PROD00449,1,0.035486160397444996
PROD00024,PROD00053,1,0.035486160397444996
PROD00024,PROD00161,1,0.035486160397444996
PROD00053,PROD00161,1,0.035486160397444996
PROD00076,PROD00401,1,0.035486160397444996
PROD00224,PROD00251,1,0.035486160397444996
PROD00111,PROD00129,1,0.035486160397444996
PROD00111,PROD00135,1,0.035486160397444996
PROD00129,PROD00135,1,0.035486160397444996
PROD00326,PROD00434,1,0.035486160397444996
PROD00267,PROD00302,1,0.035486160397444996
PROD00005,PROD00172,1,0.035486160397444996
PROD00005,PROD00229,1,0.035486160397444996
PROD00172,PROD00229,1,0.035486160397444996
PROD00016,PROD00454,1,0.035486160397444996
PROD00226,PROD00272,1,0.035486160397444996
PROD00222,PROD00477,1,0.035486160397444996
PROD00196,PROD00206,1,0.035486160397444996
PROD00112,PROD00230,1,0.035486160397444996
PROD00112,PROD00363,1,0.035486160397444996
PROD00230,PROD00363,1,0.035486160397444996
PROD00169,PROD00327,1,0.035486160397444996
PROD00169,PROD00349,1,0.035486160397444996
PROD00327,PROD00349,1,0.035486160397444996
PROD00095,PROD00446,1,0.035486160397444996
PROD00022,PROD00303,1,0.035486160397444996
PROD00135,PROD00380,1,0.035486160397444996
PROD00257,PROD00380,1,0.035486160397444996
PROD00022,PROD00149,1,0.035486160397444996
PROD00394,PROD00429,1,0.035486160397444996
PROD00281,PROD00427,1,0.035486160397444996
PROD00068,PROD00102,1,0.035486160397444996
PROD00068,PROD00348,1,0.035486160397444996
PROD00102,PROD00348,1,0.035486160397444996
PROD00053,PROD00255,1,0.035486160397444996
PROD00142,PROD00255,1,0.035486160397444996
PROD00105,PROD00110,1,0.035486160397444996
PROD00105,PROD00340,1,0.035486160397444996
PROD00105,PROD00490,1,0.035486160397444996
PROD00110,PROD00340,1,0.035486160397444996
PROD00110,PROD00490,1,0.035486160397444996
PROD00340,PROD00490,1,0.035486160397444996
PROD00180,PROD00280,1,0.035486160397444996
PROD00180,PROD00331,1,0.035486160397444996
PROD00180,PROD00348,1,0.035486160397444996
PROD00280,PROD00331,1,0.035486160397444996
PROD00331,PROD00348,1,0.035486160397444996
PROD00168,PROD00266,1,0.035486160397444996
PROD00229,PROD00270,1,0.035486160397444996
PROD00048,PROD00128,1,0.035486160397444996
PROD00048,PROD00172,1,0.035486160397444996
PROD00128,PROD00172,1,0.035486160397444996
PROD00075,PROD00296,1,0.035486160397444996
PROD00075,PROD00401,1,0.035486160397444996
PROD00075,PROD00405,1,0.035486160397444996
PROD00296,PROD00401,1,0.035486160397444996
PROD00296,PROD00405,1,0.035486160397444996
PROD00401,PROD00405,1,0.035486160397444996
PROD00286,PROD00397,1,0.035486160397444996
PROD00168,PROD00494,1,0.035486160397444996
PROD00288,PROD00347,1,0.035486160397444996
PROD00115,PROD00121,1,0.035486160397444996
PROD00066,PROD00107,1,0.035486160397444996
PROD00236,PROD00461,1,0.035486160397444996
PROD00149,PROD00411,1,0.035486160397444996
PROD00375,PROD00460,1,0.035486160397444996
PROD00043,PROD00126,1,0.035486160397444996
PROD00043,PROD00313,1,0.035486160397444996
PROD00126,PROD00313,1,0.035486160397444996
PROD00047,PROD00197,1,0.035486160397444996
PROD00047,PROD00233,1,0.035486160397444996
PROD00047,PROD00435,1,0.035486160397444996
PROD00197,PROD00233,1,0.035486160397444996
PROD00197,PROD00435,1,0.035486160397444996
PROD00233,PROD00435,1,0.035486160397444996
PROD00162,PROD00399,1,0.035486160397444996
PROD00120,PROD00231,1,0.035486160397444996
PROD00120,PROD00476,1,0.035486160397444996
PROD00231,PROD00476,1,0.035486160397444996
PROD00194,PROD00233,1,0.035486160397444996
PROD00189,PROD00431,1,0.035486160397444996
PROD00189,PROD00477,1,0.035486160397444996
PROD00431,PROD00477,1,0.035486160397444996
PROD00339,PROD00420,1,0.035486160397444996
PROD00454,PROD00481,1,0.035486160397444996
PROD00035,PROD00240,1,0.035486160397444996
PROD00240,PROD00335,1,0.035486160397444996
PROD00104,PROD00231,1,0.035486160397444996
PROD00272,PROD00375,1,0.035486160397444996
PROD00272,PROD00401,1,0.035486160397444996
PROD00375,PROD00401,1,0.035486160397444996
PROD00097,PROD00186,1,0.035486160397444996
PROD00097,PROD00243,1,0.035486160397444996
PROD00186,PROD00243,1,0.035486160397444996
PROD00111,PROD00158,1,0.035486160397444996
PROD00064,PROD00077,1,0.035486160397444996
PROD00064,PROD00196,1,0.035486160397444996
PROD00077,PROD00196,1,0.035486160397444996
PROD00126,PROD00392,1,0.035486160397444996
PROD00464,PROD00478,1,0.035486160397444996
PROD00009,PROD00035,1,0.035486160397444996
PROD00391,PROD00434,1,0.035486160397444996
PROD00028,PROD00203,1,0.035486160397444996
PROD00427,PROD00482,1,0.035486160397444996
PROD00296,PROD00397,1,0.035486160397444996
PROD00101,PROD00112,1,0.035486160397444996
PROD00101,PROD00223,1,0.035486160397444996
PROD00101,PROD00346,1,0.035486160397444996
PROD00112,PROD00223,1,0.035486160397444996
PROD00112,PROD00346,1,0.035486160397444996
PROD00223,PROD00346,1,0.035486160397444996
PROD00225,PROD00314,1,0.035486160397444996
PROD00225,PROD00332,1,0.035486160397444996
PROD00314,PROD00332,1,0.035486160397444996
PROD00300,PROD00417,1,0.035486160397444996
PROD00004,PROD00057,1,0.035486160397444996
PROD00004,PROD00146,1,0.035486160397444996
PROD00004,PROD00149,1,0.035486160397444996
PROD00057,PROD00146,1,0.035486160397444996
PROD00057,PROD00149,1,0.035486160397444996
PROD00146,PROD00149,1,0.035486160397444996
PROD00263,PROD00492,1,0.035486160397444996
PROD00042,PROD00245,1,0.035486160397444996
PROD00042,PROD00323,1,0.035486160397444996
PROD00042,PROD00427,1,0.035486160397444996
PROD00245,PROD00323,1,0.035486160397444996
PROD00245,PROD00427,1,0.035486160397444996
PROD00323,PROD00427,1,0.035486160397444996
PROD00275,PROD00385,1,0.035486160397444996
PROD00010,PROD00353,1,0.035486160397444996
PROD00364,PROD00386,1,0.035486160397444996
PROD00386,PROD00489,1,0.035486160397444996
PROD00196,PROD00332,1,0.035486160397444996
PROD00196,PROD00465,1,0.035486160397444996
PROD00332,PROD00465,1,0.035486160397444996
PROD00042,PROD00334,1,0.035486160397444996
PROD00314,PROD00406,1,0.035486160397444996
PROD00122,PROD00280,1,0.035486160397444996
PROD00122,PROD00479,1,0.035486160397444996
PROD00280,PROD00479,1,0.035486160397444996
PROD00361,PROD00474,1,0.035486160397444996
PROD00034,PROD00129,1,0.035486160397444996
PROD00034,PROD00252,1,0.035486160397444996
PROD00129,PROD00252,1,0.035486160397444996
PROD00163,PROD00226,1,0.035486160397444996
PROD00163,PROD00384,1,0.035486160397444996
PROD00226,PROD00384,1,0.035486160397444996
PROD00009,PROD00274,1,0.035486160397444996
PROD00009,PROD00460,1,0.035486160397444996
PROD00274,PROD00460,1,0.035486160397444996
PROD00014,PROD00121,1,0.035486160397444996
PROD00194,PROD00407,1,0.035486160397444996
PROD00284,PROD00435,1,0.035486160397444996
PROD00284,PROD00464,1,0.035486160397444996
PROD00435,PROD00464,1,0.035486160397444996
PROD00022,PROD00143,1,0.035486160397444996
PROD00276,PROD00285,1,0.035486160397444996
PROD00099,PROD00465,1,0.035486160397444996
PROD00157,PROD00424,1,0.035486160397444996
PROD00164,PROD00345,1,0.035486160397444996
PROD00064,PROD00089,1,0.035486160397444996
PROD00064,PROD00401,1,0.035486160397444996
PROD00089,PROD00401,1,0.035486160397444996
PROD00133,PROD00281,1,0.035486160397444996
PROD00133,PROD00289,1,0.035486160397444996
PROD00281,PROD00289,1,0.035486160397444996
PROD00015,PROD00417,1,0.035486160397444996
PROD00038,PROD00064,1,0.035486160397444996
PROD00006,PROD00195,1,0.035486160397444996
PROD00006,PROD00251,1,0.035486160397444996
PROD00053,PROD00195,1,0.035486160397444996
PROD00053,PROD00251,1,0.035486160397444996
PROD00195,PROD00251,1,0.035486160397444996
PROD00070,PROD00162,1,0.035486160397444996
PROD00070,PROD00397,1,0.035486160397444996
PROD00162,PROD00397,1,0.035486160397444996
PROD00212,PROD00406,1,0.035486160397444996
PROD00094,PROD00410,1,0.035486160397444996
PROD00378,PROD00478,1,0.035486160397444996
PROD00255,PROD00367,1,0.035486160397444996
PROD00367,PROD00447,1,0.035486160397444996
PROD00018,PROD00126,1,0.035486160397444996
PROD00018,PROD00301,1,0.035486160397444996
PROD00018,PROD00407,1,0.035486160397444996
PROD00126,PROD00301,1,0.035486160397444996
PROD00126,PROD00407,1,0.035486160397444996
PROD00301,PROD00407,1,0.035486160397444996
PROD00149,PROD00444,1,0.035486160397444996
PROD00130,PROD00185,1,0.035486160397444996
PROD00130,PROD00441,1,0.035486160397444996
PROD00185,PROD00441,1,0.035486160397444996
PROD00306,PROD00325,1,0.035486160397444996
PROD00053,PROD00237,1,0.035486160397444996
PROD00009,PROD00494,1,0.035486160397444996
PROD00150,PROD00348,1,0.035486160397444996
PROD00247,PROD00252,1,0.035486160397444996
PROD00247,PROD00407,1,0.035486160397444996
PROD00252,PROD00407,1,0.035486160397444996
PROD00069,PROD00367,1,0.035486160397444996
PROD00069,PROD00404,1,0.035486160397444996
PROD00367,PROD00404,1,0.035486160397444996
PROD00093,PROD00183,1,0.035486160397444996
PROD00027,PROD00244,1,0.035486160397444996
PROD00351,PROD00354,1,0.035486160397444996
PROD00253,PROD00333,1,0.035486160397444996
PROD00050,PROD00156,1,0.035486160397444996
PROD00050,PROD00295,1,0.035486160397444996
PROD00050,PROD00386,1,0.035486160397444996
PROD00156,PROD00295,1,0.035486160397444996
PROD00156,PROD00386,1,0.035486160397444996
PROD00295,PROD00386,1,0.035486160397444996
PROD00297,PROD00403,1,0.035486160397444996
PROD00024,PROD00311,1,0.035486160397444996
PROD00097,PROD00174,1,0.035486160397444996
PROD00097,PROD00208,1,0.035486160397444996
PROD00097,PROD00335,1,0.035486160397444996
PROD00174,PROD00208,1,0.035486160397444996
PROD00174,PROD00335,1,0.035486160397444996
PROD00208,PROD00335,1,0.035486160397444996
PROD00043,PROD00225,1,0.035486160397444996
PROD00043,PROD00339,1,0.035486160397444996
PROD00225,PROD00339,1,0.035486160397444996
PROD00310,PROD00376,1,0.035486160397444996
PROD00057,PROD00137,1,0.035486160397444996
PROD00206,PROD00252,1,0.035486160397444996
PROD00206,PROD00472,1,0.035486160397444996
PROD00252,PROD00472,1,0.035486160397444996
PROD00119,PROD00331,1,0.035486160397444996
PROD00041,PROD00460,1,0.035486160397444996
PROD00176,PROD00268,1,0.035486160397444996
PROD00038,PROD00480,1,0.035486160397444996
PROD00179,PROD00204,1,0.035486160397444996
PROD00179,PROD00490,1,0.035486160397444996
PROD00204,PROD00490,1,0.035486160397444996
PROD00224,PROD00276,1,0.035486160397444996
PROD00224,PROD00341,1,0.035486160397444996
PROD00276,PROD00341,1,0.035486160397444996
PROD00161,PROD00439,1,0.035486160397444996
PROD00064,PROD00398,1,0.035486160397444996
PROD00173,PROD00201,1,0.035486160397444996
PROD00008,PROD00121,1,0.035486160397444996
PROD00082,PROD00458,1,0.035486160397444996
PROD00003,PROD00139,1,0.035486160397444996
PROD00229,PROD00243,1,0.035486160397444996
PROD00229,PROD00416,1,0.035486160397444996
PROD00243,PROD00416,1,0.035486160397444996
PROD00046,PROD00216,1,0.035486160397444996
PROD00218,PROD00331,1,0.035486160397444996
PROD00218,PROD00441,1,0.035486160397444996
PROD00331,PROD00441,1,0.035486160397444996
PROD00147,PROD00420,1,0.035486160397444996
PROD00292,PROD00432,1,0.035486160397444996
PROD00067,PROD00102,1,0.035486160397444996
PROD00067,PROD00233,1,0.035486160397444996
PROD00102,PROD00233,1,0.035486160397444996
PROD00102,PROD00329,1,0.035486160397444996
PROD00077,PROD00388,1,0.035486160397444996
PROD00075,PROD00385,1,0.035486160397444996
PROD00075,PROD00436,1,0.035486160397444996
PROD00385,PROD00436,1,0.035486160397444996
PROD00045,PROD00198,1,0.035486160397444996
PROD00045,PROD00280,1,0.035486160397444996
PROD00198,PROD00280,1,0.035486160397444996
PROD00043,PROD00185,1,0.035486160397444996
PROD00043,PROD00267,1,0.035486160397444996
PROD00185,PROD00267,1,0.035486160397444996
PROD00047,PROD00398,1,0.035486160397444996
PROD00402,PROD00443,1,0.035486160397444996
PROD00059,PROD00060,1,0.035486160397444996
PROD00192,PROD00441,1,0.035486160397444996
PROD00046,PROD00113,1,0.035486160397444996
PROD00002,PROD00271,1,0.035486160397444996
PROD00119,PROD00165,1,0.035486160397444996
PROD00119,PROD00168,1,0.035486160397444996
PROD00165,PROD00168,1,0.035486160397444996
PROD00047,PROD00056,1,0.035486160397444996
PROD00047,PROD00081,1,0.035486160397444996
PROD00047,PROD00385,1,0.035486160397444996
PROD00056,PROD00081,1,0.035486160397444996
PROD00056,PROD00385,1,0.035486160397444996
PROD00081,PROD00385,1,0.035486160397444996
PROD00262,PROD00468,1,0.035486160397444996
PROD00230,PROD00378,1,0.035486160397444996
PROD00020,PROD00291,1,0.035486160397444996
PROD00302,PROD00326,1,0.035486160397444996
PROD00174,PROD00372,1,0.035486160397444996
PROD00147,PROD00274,1,0.035486160397444996
PROD00068,PROD00178,1,0.035486160397444996
PROD00094,PROD00455,1,0.035486160397444996
PROD00157,PROD00483,1,0.035486160397444996
PROD00057,PROD00461,1,0.035486160397444996
PROD00129,PROD00462,1,0.035486160397444996
PROD00292,PROD00416,1,0.035486160397444996
PROD00121,PROD00460,1,0.035486160397444996
PROD00229,PROD00384,1,0.035486160397444996
PROD00001,PROD00023,1,0.035486160397444996
PROD00001,PROD00466,1,0.035486160397444996
PROD00023,PROD00466,1,0.035486160397444996
PROD00035,PROD00182,1,0.035486160397444996
PROD00035,PROD00368,1,0.035486160397444996
PROD00182,PROD00368,1,0.035486160397444996
PROD00118,PROD00304,1,0.035486160397444996
PROD00175,PROD00223,1,0.035486160397444996
PROD00175,PROD00414,1,0.035486160397444996
PROD00223,PROD00414,1,0.035486160397444996
PROD00109,PROD00215,1,0.035486160397444996
PROD00012,PROD00270,1,0.035486160397444996
PROD00012,PROD00449,1,0.035486160397444996
PROD00270,PROD00449,1,0.035486160397444996
PROD00088,PROD00483,1,0.035486160397444996
PROD00108,PROD00320,1,0.035486160397444996
PROD00108,PROD00403,1,0.035486160397444996
PROD00320,PROD00403,1,0.035486160397444996
PROD00223,PROD00383,1,0.035486160397444996
PROD00022,PROD00147,1,0.035486160397444996
PROD00022,PROD00260,1,0.035486160397444996
PROD00147,PROD00260,1,0.035486160397444996
PROD00160,PROD00183,1,0.035486160397444996
PROD00160,PROD00194,1,0.035486160397444996
PROD00183,PROD00194,1,0.035486160397444996
PROD00184,PROD00379,1,0.035486160397444996
PROD00184,PROD00396,1,0.035486160397444996
PROD00379,PROD00396,1,0.035486160397444996
PROD00070,PROD00385,1,0.035486160397444996
PROD00157,PROD00418,1,0.035486160397444996
PROD00131,PROD00339,1,0.035486160397444996
PROD00131,PROD00377,1,0.035486160397444996
PROD00339,PROD00377,1,0.035486160397444996
PROD00171,PROD00299,1,0.035486160397444996
PROD00171,PROD00320,1,0.035486160397444996
PROD00299,PROD00320,1,0.035486160397444996
PROD00131,PROD00170,1,0.035486160397444996
PROD00351,PROD00411,1,0.035486160397444996
PROD00258,PROD00368,1,0.035486160397444996
PROD00213,PROD00287,1,0.035486160397444996
PROD00008,PROD00328,1,0.035486160397444996
PROD00097,PROD00172,1,0.035486160397444996
PROD00097,PROD00213,1,0.035486160397444996
PROD00172,PROD00213,1,0.035486160397444996
PROD00199,PROD00450,1,0.035486160397444996
PROD00105,PROD00200,1,0.035486160397444996
PROD00089,PROD00099,1,0.035486160397444996
PROD00005,PROD00430,1,0.035486160397444996
PROD00005,PROD00451,1,0.035486160397444996
PROD00156,PROD00443,1,0.035486160397444996
PROD00212,PROD00342,1,0.035486160397444996
PROD00049,PROD00336,1,0.035486160397444996
PROD00198,PROD00202,1,0.035486160397444996
PROD00198,PROD00218,1,0.035486160397444996
PROD00202,PROD00218,1,0.035486160397444996
PROD00089,PROD00342,1,0.035486160397444996
PROD00319,PROD00435,1,0.035486160397444996
PROD00319,PROD00438,1,0.035486160397444996
PROD00435,PROD00438,1,0.035486160397444996
PROD00071,PROD00261,1,0.035486160397444996
PROD00430,PROD00442,1,0.035486160397444996
PROD00039,PROD00129,1,0.035486160397444996
PROD00039,PROD00201,1,0.035486160397444996
PROD00129,PROD00201,1,0.035486160397444996
PROD00272,PROD00295,1,0.035486160397444996
PROD00035,PROD00054,1,0.035486160397444996
PROD00196,PROD00386,1,0.035486160397444996
PROD00027,PROD00128,1,0.035486160397444996
PROD00027,PROD00472,1,0.035486160397444996
PROD00128,PROD00472,1,0.035486160397444996
PROD00293,PROD00445,1,0.035486160397444996
PROD00095,PROD00179,1,0.035486160397444996
PROD00464,PROD00469,1,0.035486160397444996
PROD00297,PROD00417,1,0.035486160397444996
PROD00011,PROD00296,1,0.035486160397444996
PROD00110,PROD00202,1,0.035486160397444996
PROD00042,PROD00293,1,0.035486160397444996
PROD00325,PROD00425,1,0.035486160397444996
PROD00088,PROD00388,1,0.035486160397444996
PROD00150,PROD00386,1,0.035486160397444996
PROD00335,PROD00403,1,0.035486160397444996
PROD00303,PROD00333,1,0.035486160397444996
PROD00151,PROD00246,1,0.035486160397444996
PROD00274,PROD00405,1,0.035486160397444996
PROD00071,PROD00203,1,0.035486160397444996
PROD00287,PROD00479,1,0.035486160397444996
PROD00287,PROD00485,1,0.035486160397444996
PROD00479,PROD00485,1,0.035486160397444996
PROD00240,PROD00287,1,0.035486160397444996
PROD00240,PROD00413,1,0.035486160397444996
PROD00240,PROD00429,1,0.035486160397444996
PROD00287,PROD00413,1,0.035486160397444996
PROD00287,PROD00429,1,0.035486160397444996
PROD00413,PROD00429,1,0.035486160397444996
PROD00173,PROD00441,1,0.035486160397444996
PROD00168,PROD00198,1,0.035486160397444996
PROD00168,PROD00245,1,0.035486160397444996
PROD00168,PROD00415,1,0.035486160397444996
PROD00198,PROD00245,1,0.035486160397444996
PROD00198,PROD00415,1,0.035486160397444996
PROD00245,PROD00415,1,0.035486160397444996
PROD00064,PROD00421,1,0.035486160397444996
PROD00157,PROD00384,1,0.035486160397444996
PROD00157,PROD00406,1,0.035486160397444996
PROD00384,PROD00406,1,0.035486160397444996
PROD00357,PROD00382,1,0.035486160397444996
PROD00164,PROD00364,1,0.035486160397444996
PROD00003,PROD00167,1,0.035486160397444996
PROD00114,PROD00143,1,0.035486160397444996
PROD00280,PROD00302,1,0.035486160397444996
PROD00013,PROD00018,1,0.035486160397444996
PROD00233,PROD00411,1,0.035486160397444996
PROD00193,PROD00350,1,0.035486160397444996
PROD00397,PROD00431,1,0.035486160397444996
PROD00373,PROD00376,1,0.035486160397444996
PROD00373,PROD00420,1,0.035486160397444996
PROD00376,PROD00420,1,0.035486160397444996
PROD00166,PROD00264,1,0.035486160397444996
PROD00009,PROD00099,1,0.035486160397444996
PROD00009,PROD00111,1,0.035486160397444996
PROD00009,PROD00138,1,0.035486160397444996
PROD00099,PROD00111,1,0.035486160397444996
PROD00099,PROD00138,1,0.035486160397444996
PROD00111,PROD00138,1,0.035486160397444996
PROD00266,PROD00337,1,0.035486160397444996
PROD00266,PROD00369,1,0.035486160397444996
PROD00266,PROD00422,1,0.035486160397444996
PROD00337,PROD00369,1,0.035486160397444996
PROD00337,PROD00422,1,0.035486160397444996
PROD00039,PROD00307,1,0.035486160397444996
PROD00121,PROD00156,1,0.035486160397444996
PROD00121,PROD00475,1,0.035486160397444996
PROD00156,PROD00475,1,0.035486160397444996
PROD00049,PROD00470,1,0.035486160397444996
PROD00139,PROD00325,1,0.035486160397444996
PROD00139,PROD00418,1,0.035486160397444996
PROD00139,PROD00474,1,0.035486160397444996
PROD00325,PROD00418,1,0.035486160397444996
PROD00325,PROD00474,1,0.035486160397444996
PROD00418,PROD00474,1,0.035486160397444996
PROD00092,PROD00101,1,0.035486160397444996
PROD00121,PROD00276,1,0.035486160397444996
PROD00399,PROD00487,1,0.035486160397444996
PROD00042,PROD00255,1,0.035486160397444996
PROD00097,PROD00444,1,0.035486160397444996
PROD00066,PROD00185,1,0.035486160397444996
PROD00066,PROD00454,1,0.035486160397444996
PROD00185,PROD00454,1,0.035486160397444996
PROD00018,PROD00117,1,0.035486160397444996
PROD00018,PROD00365,1,0.035486160397444996
PROD00117,PROD00365,1,0.035486160397444996
PROD00384,PROD00389,1,0.035486160397444996
PROD00384,PROD00408,1,0.035486160397444996
PROD00389,PROD00408,1,0.035486160397444996
PROD00067,PROD00124,1,0.035486160397444996
PROD00269,PROD00341,1,0.035486160397444996
PROD00059,PROD00365,1,0.035486160397444996
PROD00110,PROD00236,1,0.035486160397444996
PROD00150,PROD00393,1,0.035486160397444996
PROD00150,PROD00492,1,0.035486160397444996
PROD00393,PROD00492,1,0.035486160397444996
PROD00092,PROD00259,1,0.035486160397444996
PROD00092,PROD00419,1,0.035486160397444996
PROD00259,PROD00419,1,0.035486160397444996
PROD00090,PROD00248,1,0.035486160397444996
PROD00090,PROD00440,1,0.035486160397444996
PROD00248,PROD00440,1,0.035486160397444996
PROD00102,PROD00437,1,0.035486160397444996
PROD00112,PROD00443,1,0.035486160397444996
PROD00248,PROD00255,1,0.035486160397444996
PROD00025,PROD00106,1,0.035486160397444996
PROD00025,PROD00166,1,0.035486160397444996
PROD00106,PROD00166,1,0.035486160397444996
PROD00094,PROD00322,1,0.035486160397444996
PROD00202,PROD00455,1,0.035486160397444996
PROD00257,PROD00337,1,0.035486160397444996
PROD00257,PROD00415,1,0.035486160397444996
PROD00337,PROD00415,1,0.035486160397444996
PROD00167,PROD00186,1,0.035486160397444996
PROD00167,PROD00273,1,0.035486160397444996
PROD00167,PROD00453,1,0.035486160397444996
PROD00186,PROD00273,1,0.035486160397444996
PROD00186,PROD00453,1,0.035486160397444996
PROD00273,PROD00453,1,0.035486160397444996
PROD00391,PROD00445,1,0.035486160397444996
PROD00032,PROD00334,1,0.035486160397444996
PROD00202,PROD00334,1,0.035486160397444996
PROD00282,PROD00361,1,0.035486160397444996
PROD00446,PROD00460,1,0.035486160397444996
PROD00121,PROD00409,1,0.035486160397444996
PROD00134,PROD00412,1,0.035486160397444996
PROD00134,PROD00495,1,0.035486160397444996
PROD00412,PROD00495,1,0.035486160397444996
PROD00112,PROD00149,1,0.035486160397444996
PROD00112,PROD00249,1,0.035486160397444996
PROD00149,PROD00249,1,0.035486160397444996
PROD00002,PROD00130,1,0.035486160397444996
PROD00139,PROD00182,1,0.035486160397444996
PROD00060,PROD00232,1,0.035486160397444996
PROD00141,PROD00260,1,0.035486160397444996
PROD00289,PROD00388,1,0.035486160397444996
PROD00289,PROD00427,1,0.035486160397444996
PROD00203,PROD00293,1,0.035486160397444996
PROD00251,PROD00323,1,0.035486160397444996
PROD00251,PROD00392,1,0.035486160397444996
PROD00323,PROD00392,1,0.035486160397444996
PROD00354,PROD00487,1,0.035486160397444996
PROD00162,PROD00284,1,0.035486160397444996
PROD00286,PROD00417,1,0.035486160397444996
PROD00286,PROD00450,1,0.035486160397444996
PROD00395,PROD00417,1,0.035486160397444996
PROD00395,PROD00450,1,0.035486160397444996
PROD00417,PROD00450,1,0.035486160397444996
PROD00247,PROD00461,1,0.035486160397444996
PROD00079,PROD00148,1,0.035486160397444996
PROD00188,PROD00196,1,0.035486160397444996
PROD00188,PROD00323,1,0.035486160397444996
PROD00196,PROD00323,1,0.035486160397444996
PROD00114,PROD00269,1,0.035486160397444996
PROD00114,PROD00374,1,0.035486160397444996
PROD00269,PROD00374,1,0.035486160397444996
PROD00089,PROD00203,1,0.035486160397444996
PROD00119,PROD00463,1,0.035486160397444996
PROD00019,PROD00171,1,0.035486160397444996
PROD00019,PROD00435,1,0.035486160397444996
PROD00171,PROD00435,1,0.035486160397444996
PROD00306,PROD00379,1,0.035486160397444996
PROD00374,PROD00419,1,0.035486160397444996
PROD00374,PROD00478,1,0.035486160397444996
PROD00419,PROD00478,1,0.035486160397444996
PROD00098,PROD00181,1,0.035486160397444996
PROD00007,PROD00357,1,0.035486160397444996
PROD00109,PROD00251,1,0.035486160397444996
PROD00229,PROD00276,1,0.035486160397444996
PROD00385,PROD00453,1,0.035486160397444996
PROD00217,PROD00225,1,0.035486160397444996
PROD00217,PROD00333,1,0.035486160397444996
PROD00217,PROD00460,1,0.035486160397444996
PROD00225,PROD00333,1,0.035486160397444996
PROD00225,PROD00460,1,0.035486160397444996
PROD00333,PROD00460,1,0.035486160397444996
PROD00022,PROD00155,1,0.035486160397444996
PROD00037,PROD00100,1,0.035486160397444996
PROD00037,PROD00489,1,0.035486160397444996
PROD00100,PROD00489,1,0.035486160397444996
PROD00075,PROD00357,1,0.035486160397444996
PROD00102,PROD00387,1,0.035486160397444996
PROD00091,PROD00201,1,0.035486160397444996
PROD00091,PROD00204,1,0.035486160397444996
PROD00091,PROD00341,1,0.035486160397444996
PROD00201,PROD00204,1,0.035486160397444996
PROD00201,PROD00341,1,0.035486160397444996
PROD00204,PROD00341,1,0.035486160397444996
PROD00058,PROD00152,1,0.035486160397444996
PROD00058,PROD00304,1,0.035486160397444996
PROD00058,PROD00344,1,0.035486160397444996
PROD00152,PROD00304,1,0.035486160397444996
PROD00304,PROD00344,1,0.035486160397444996
PROD00185,PROD00327,1,0.035486160397444996
PROD00060,PROD00228,1,0.035486160397444996
PROD00142,PROD00381,1,0.035486160397444996
PROD00028,PROD00204,1,0.035486160397444996
PROD00356,PROD00406,1,0.035486160397444996
PROD00269,PROD00433,1,0.035486160397444996
PROD00269,PROD00466,1,0.035486160397444996
PROD00269,PROD00474,1,0.035486160397444996
PROD00433,PROD00466,1,0.035486160397444996
PROD00433,PROD00474,1,0.035486160397444996
PROD00466,PROD00474,1,0.035486160397444996
PROD00241,PROD00431,1,0.035486160397444996
PROD00241,PROD00454,1,0.035486160397444996
PROD00241,PROD00459,1,0.035486160397444996
PROD00431,PROD00454,1,0.035486160397444996
PROD00431,PROD00459,1,0.035486160397444996
PROD00454,PROD00459,1,0.035486160397444996
PROD00016,PROD00084,1,0.035486160397444996
PROD00033,PROD00292,1,0.035486160397444996
PROD00331,PROD00421,1,0.035486160397444996
PROD00055,PROD00141,1,0.035486160397444996
PROD00222,PROD00389,1,0.035486160397444996
PROD00138,PROD00230,1,0.035486160397444996
PROD00311,PROD00326,1,0.035486160397444996
PROD00370,PROD00371,1,0.035486160397444996
PROD00077,PROD00399,1,0.035486160397444996
PROD00354,PROD00423,1,0.035486160397444996
PROD00018,PROD00095,1,0.035486160397444996
PROD00018,PROD00225,1,0.035486160397444996
PROD00095,PROD00225,1,0.035486160397444996
PROD00002,PROD00414,1,0.035486160397444996
PROD00002,PROD00465,1,0.035486160397444996
PROD00414,PROD00465,1,0.035486160397444996
PROD00152,PROD00402,1,0.035486160397444996
PROD00344,PROD00402,1,0.035486160397444996
PROD00134,PROD00208,1,0.035486160397444996
PROD00134,PROD00445,1,0.035486160397444996
PROD00208,PROD00445,1,0.035486160397444996
PROD00072,PROD00096,1,0.035486160397444996
PROD00072,PROD00284,1,0.035486160397444996
PROD00096,PROD00284,1,0.035486160397444996
PROD00279,PROD00432,1,0.035486160397444996
PROD00143,PROD00333,1,0.035486160397444996
PROD00008,PROD00452,1,0.035486160397444996
PROD00052,PROD00165,1,0.035486160397444996
PROD00052,PROD00436,1,0.035486160397444996
PROD00052,PROD00453,1,0.035486160397444996
PROD00165,PROD00453,1,0.035486160397444996
PROD00436,PROD00453,1,0.035486160397444996
PROD00047,PROD00052,1,0.035486160397444996
PROD00014,PROD00113,1,0.035486160397444996
PROD00014,PROD00381,1,0.035486160397444996
PROD00113,PROD00381,1,0.035486160397444996
PROD00169,PROD00484,1,0.035486160397444996
PROD00179,PROD00378,1,0.035486160397444996
PROD00010,PROD00145,1,0.035486160397444996
PROD00061,PROD00189,1,0.035486160397444996
PROD00365,PROD00478,1,0.035486160397444996
PROD00154,PROD00469,1,0.035486160397444996
PROD00428,PROD00469,1,0.035486160397444996
PROD00287,PROD00380,1,0.035486160397444996
PROD00098,PROD00308,1,0.035486160397444996
PROD00223,PROD00443,1,0.035486160397444996
PROD00014,PROD00060,1,0.035486160397444996
PROD00014,PROD00322,1,0.035486160397444996
PROD00060,PROD00322,1,0.035486160397444996
PROD00143,PROD00156,1,0.035486160397444996
PROD00143,PROD00402,1,0.035486160397444996
PROD00143,PROD00439,1,0.035486160397444996
PROD00156,PROD00402,1,0.035486160397444996
PROD00156,PROD00439,1,0.035486160397444996
PROD00402,PROD00439,1,0.035486160397444996
PROD00138,PROD00173,1,0.035486160397444996
PROD00138,PROD00183,1,0.035486160397444996
PROD00138,PROD00282,1,0.035486160397444996
PROD00173,PROD00183,1,0.035486160397444996
PROD00173,PROD00282,1,0.035486160397444996
PROD00183,PROD00282,1,0.035486160397444996
PROD00207,PROD00219,1,0.035486160397444996
PROD00207,PROD00419,1,0.035486160397444996
PROD00309,PROD00426,1,0.035486160397444996
PROD00143,PROD00252,1,0.035486160397444996
PROD00261,PROD00320,1,0.035486160397444996
PROD00222,PROD00294,1,0.035486160397444996
PROD00222,PROD00426,1,0.035486160397444996
PROD00294,PROD00426,1,0.035486160397444996
PROD00061,PROD00314,1,0.035486160397444996
PROD00024,PROD00486,1,0.035486160397444996
PROD00029,PROD00128,1,0.035486160397444996
PROD00029,PROD00234,1,0.035486160397444996
PROD00128,PROD00234,1,0.035486160397444996
PROD00024,PROD00030,1,0.035486160397444996
PROD00024,PROD00245,1,0.035486160397444996
PROD00024,PROD00356,1,0.035486160397444996
PROD00030,PROD00245,1,0.035486160397444996
PROD00030,PROD00356,1,0.035486160397444996
PROD00245,PROD00356,1,0.035486160397444996
PROD00081,PROD00212,1,0.035486160397444996
PROD00249,PROD00311,1,0.035486160397444996
PROD00056,PROD00407,1,0.035486160397444996
PROD00256,PROD00291,1,0.035486160397444996
PROD00256,PROD00344,1,0.035486160397444996
PROD00291,PROD00344,1,0.035486160397444996
PROD00135,PROD00139,1,0.035486160397444996
PROD00130,PROD00450,1,0.035486160397444996
PROD00077,PROD00151,1,0.035486160397444996
PROD00040,PROD00274,1,0.035486160397444996
PROD00243,PROD00468,1,0.035486160397444996
PROD00409,PROD00424,1,0.035486160397444996
PROD00184,PROD00252,1,0.035486160397444996
PROD00201,PROD00225,1,0.035486160397444996
PROD00010,PROD00138,1,0.035486160397444996
PROD00010,PROD00314,1,0.035486160397444996
PROD00138,PROD00314,1,0.035486160397444996
PROD00059,PROD00097,1,0.035486160397444996
PROD00280,PROD00475,1,0.035486160397444996
PROD00093,PROD00249,1,0.035486160397444996
PROD00029,PROD00460,1,0.035486160397444996
PROD00007,PROD00369,1,0.035486160397444996
PROD00013,PROD00184,1,0.035486160397444996
PROD00022,PROD00474,1,0.035486160397444996
PROD00209,PROD00243,1,0.035486160397444996
PROD00209,PROD00320,1,0.035486160397444996
PROD00209,PROD00359,1,0.035486160397444996
PROD00243,PROD00320,1,0.035486160397444996
PROD00243,PROD00359,1,0.035486160397444996
PROD00106,PROD00313,1,0.035486160397444996
PROD00144,PROD00191,1,0.035486160397444996
PROD00144,PROD00406,1,0.035486160397444996
PROD00144,PROD00488,1,0.035486160397444996
PROD00191,PROD00406,1,0.035486160397444996
PROD00406,PROD00488,1,0.035486160397444996
PROD00080,PROD00144,1,0.035486160397444996
PROD00080,PROD00415,1,0.035486160397444996
PROD00144,PROD00415,1,0.035486160397444996
PROD00260,PROD00376,1,0.035486160397444996
PROD00030,PROD00285,1,0.035486160397444996
PROD00030,PROD00397,1,0.035486160397444996
PROD00030,PROD00432,1,0.035486160397444996
PROD00285,PROD00397,1,0.035486160397444996
PROD00285,PROD00432,1,0.035486160397444996
PROD00260,PROD00289,1,0.035486160397444996
PROD00260,PROD00339,1,0.035486160397444996
PROD00289,PROD00339,1,0.035486160397444996
PROD00035,PROD00451,1,0.035486160397444996
PROD00012,PROD00476,1,0.035486160397444996
PROD00132,PROD00133,1,0.035486160397444996
PROD00132,PROD00272,1,0.035486160397444996
PROD00132,PROD00466,1,0.035486160397444996
PROD00133,PROD00272,1,0.035486160397444996
PROD00133,PROD00466,1,0.035486160397444996
PROD00272,PROD00466,1,0.035486160397444996
PROD00235,PROD00469,1,0.035486160397444996
PROD00217,PROD00361,1,0.035486160397444996
PROD00217,PROD00383,1,0.035486160397444996
PROD00361,PROD00383,1,0.035486160397444996
PROD00148,PROD00459,1,0.035486160397444996
PROD00340,PROD00438,1,0.035486160397444996
PROD00083,PROD00238,1,0.035486160397444996
PROD00112,PROD00122,1,0.035486160397444996
PROD00112,PROD00270,1,0.035486160397444996
PROD00112,PROD00276,1,0.035486160397444996
PROD00122,PROD00270,1,0.035486160397444996
PROD00122,PROD00276,1,0.035486160397444996
PROD00270,PROD00276,1,0.035486160397444996
PROD00050,PROD00243,1,0.035486160397444996
PROD00050,PROD00266,1,0.035486160397444996
PROD00050,PROD00454,1,0.035486160397444996
PROD00243,PROD00266,1,0.035486160397444996
PROD00243,PROD00454,1,0.035486160397444996
PROD00266,PROD00454,1,0.035486160397444996
PROD00192,PROD00204,1,0.035486160397444996
PROD00192,PROD00421,1,0.035486160397444996
PROD00204,PROD00421,1,0.035486160397444996
PROD00345,PROD00352,1,0.035486160397444996
PROD00289,PROD00478,1,0.035486160397444996
PROD00309,PROD00492,1,0.035486160397444996
PROD00028,PROD00152,1,0.035486160397444996
PROD00261,PROD00315,1,0.035486160397444996
PROD00136,PROD00141,1,0.035486160397444996
PROD00136,PROD00471,1,0.035486160397444996
PROD00141,PROD00471,1,0.035486160397444996
PROD00150,PROD00313,1,0.035486160397444996
PROD00150,PROD00333,1,0.035486160397444996
PROD00313,PROD00333,1,0.035486160397444996
PROD00373,PROD00427,1,0.035486160397444996
PROD00262,PROD00338,1,0.035486160397444996
PROD00092,PROD00478,1,0.035486160397444996
PROD00260,PROD00469,1,0.035486160397444996
PROD00037,PROD00407,1,0.035486160397444996
PROD00086,PROD00363,1,0.035486160397444996
PROD00134,PROD00389,1,0.035486160397444996
PROD00159,PROD00441,1,0.035486160397444996
PROD00135,PROD00325,1,0.035486160397444996
PROD00209,PROD00318,1,0.035486160397444996
PROD00001,PROD00121,1,0.035486160397444996
PROD00001,PROD00140,1,0.035486160397444996
PROD00121,PROD00140,1,0.035486160397444996
PROD00215,PROD00443,1,0.035486160397444996
PROD00105,PROD00398,1,0.035486160397444996
PROD00165,PROD00398,1,0.035486160397444996
PROD00032,PROD00295,1,0.035486160397444996
PROD00032,PROD00479,1,0.035486160397444996
PROD00295,PROD00479,1,0.035486160397444996
PROD00261,PROD00277,1,0.035486160397444996
PROD00254,PROD00287,1,0.035486160397444996
PROD00254,PROD00290,1,0.035486160397444996
PROD00287,PROD00290,1,0.035486160397444996
PROD00257,PROD00320,1,0.035486160397444996
PROD00257,PROD00433,1,0.035486160397444996
PROD00320,PROD00433,1,0.035486160397444996
PROD00006,PROD00131,1,0.035486160397444996
PROD00006,PROD00320,1,0.035486160397444996
PROD00006,PROD00348,1,0.035486160397444996
PROD00131,PROD00320,1,0.035486160397444996
PROD00131,PROD00348,1,0.035486160397444996
PROD00320,PROD00348,1,0.035486160397444996
PROD00052,PROD00313,1,0.035486160397444996
PROD00052,PROD00492,1,0.035486160397444996
PROD00313,PROD00492,1,0.035486160397444996
PROD00415,PROD00441,1,0.035486160397444996
PROD00142,PROD00309,1,0.035486160397444996
PROD00164,PROD00460,1,0.035486160397444996
PROD00348,PROD00440,1,0.035486160397444996
PROD00232,PROD00384,1,0.035486160397444996
PROD00010,PROD00195,1,0.035486160397444996
PROD00070,PROD00102,1,0.035486160397444996
PROD00070,PROD00436,1,0.035486160397444996
PROD00102,PROD00436,1,0.035486160397444996
PROD00197,PROD00475,1,0.035486160397444996
PROD00145,PROD00306,1,0.035486160397444996
PROD00171,PROD00286,1,0.035486160397444996
PROD00171,PROD00333,1,0.035486160397444996
PROD00254,PROD00364,1,0.035486160397444996
PROD00039,PROD00351,1,0.035486160397444996
PROD00086,PROD00416,1,0.035486160397444996
PROD00046,PROD00284,1,0.035486160397444996
PROD00046,PROD00455,1,0.035486160397444996
PROD00284,PROD00455,1,0.035486160397444996
PROD00199,PROD00316,1,0.035486160397444996
PROD00206,PROD00364,1,0.035486160397444996
PROD00206,PROD00489,1,0.035486160397444996
PROD00003,PROD00495,1,0.035486160397444996
PROD00193,PROD00250,1,0.035486160397444996
PROD00299,PROD00465,1,0.035486160397444996
PROD00072,PROD00131,1,0.035486160397444996
PROD00072,PROD00304,1,0.035486160397444996
PROD00072,PROD00353,1,0.035486160397444996
PROD00131,PROD00304,1,0.035486160397444996
PROD00131,PROD00353,1,0.035486160397444996
PROD00304,PROD00353,1,0.035486160397444996
PROD00138,PROD00284,1,0.035486160397444996
PROD00053,PROD00463,1,0.035486160397444996
PROD00143,PROD00370,1,0.035486160397444996
PROD00134,PROD00285,1,0.035486160397444996
PROD00080,PROD00290,1,0.035486160397444996
PROD00080,PROD00298,1,0.035486160397444996
PROD00290,PROD00298,1,0.035486160397444996
PROD00096,PROD00481,1,0.035486160397444996
PROD00310,PROD00395,1,0.035486160397444996
PROD00310,PROD00415,1,0.035486160397444996
PROD00395,PROD00415,1,0.035486160397444996
PROD00117,PROD00288,1,0.035486160397444996
PROD00117,PROD00462,1,0.035486160397444996
PROD00288,PROD00462,1,0.035486160397444996
PROD00063,PROD00377,1,0.035486160397444996
PROD00127,PROD00262,1,0.035486160397444996
PROD00233,PROD00262,1,0.035486160397444996
PROD00162,PROD00218,1,0.035486160397444996
PROD00162,PROD00312,1,0.035486160397444996
PROD00218,PROD00312,1,0.035486160397444996
PROD00168,PROD00210,1,0.035486160397444996
PROD00370,PROD00415,1,0.035486160397444996
PROD00147,PROD00237,1,0.035486160397444996
PROD00018,PROD00475,1,0.035486160397444996
PROD00004,PROD00267,1,0.035486160397444996
PROD00004,PROD00382,1,0.035486160397444996
PROD00267,PROD00382,1,0.035486160397444996
PROD00083,PROD00326,1,0.035486160397444996
PROD00187,PROD00353,1,0.035486160397444996
PROD00080,PROD00262,1,0.035486160397444996
PROD00002,PROD00174,1,0.035486160397444996
PROD00285,PROD00458,1,0.035486160397444996
PROD00398,PROD00458,1,0.035486160397444996
PROD00356,PROD00419,1,0.035486160397444996
PROD00036,PROD00246,1,0.035486160397444996
PROD00026,PROD00299,1,0.035486160397444996
PROD00026,PROD00441,1,0.035486160397444996
PROD00299,PROD00441,1,0.035486160397444996
PROD00125,PROD00346,1,0.035486160397444996
PROD00176,PROD00247,1,0.035486160397444996
PROD00062,PROD00246,1,0.035486160397444996
PROD00164,PROD00187,1,0.035486160397444996
PROD00187,PROD00244,1,0.035486160397444996
PROD00041,PROD00226,1,0.035486160397444996
PROD00047,PROD00262,1,0.035486160397444996
PROD00351,PROD00417,1,0.035486160397444996
PROD00311,PROD00313,1,0.035486160397444996
PROD00250,PROD00311,1,0.035486160397444996
PROD00112,PROD00197,1,0.035486160397444996
PROD00112,PROD00240,1,0.035486160397444996
PROD00112,PROD00246,1,0.035486160397444996
PROD00197,PROD00240,1,0.035486160397444996
PROD00197,PROD00246,1,0.035486160397444996
PROD00240,PROD00246,1,0.035486160397444996
PROD00218,PROD00246,1,0.035486160397444996
PROD00218,PROD00266,1,0.035486160397444996
PROD00218,PROD00393,1,0.035486160397444996
PROD00246,PROD00266,1,0.035486160397444996
PROD00246,PROD00393,1,0.035486160397444996
PROD00266,PROD00393,1,0.035486160397444996
PROD00126,PROD00315,1,0.035486160397444996
PROD00126,PROD00447,1,0.035486160397444996
PROD00315,PROD00447,1,0.035486160397444996
PROD00268,PROD00307,1,0.035486160397444996
PROD00268,PROD00487,1,0.035486160397444996
PROD00307,PROD00487,1,0.035486160397444996
PROD00288,PROD00392,1,0.035486160397444996
PROD00315,PROD00351,1,0.035486160397444996
PROD00315,PROD00420,1,0.035486160397444996
PROD00351,PROD00420,1,0.035486160397444996
PROD00087,PROD00308,1,0.035486160397444996
PROD00432,PROD00489,1,0.035486160397444996
PROD00220,PROD00325,1,0.035486160397444996
PROD00421,PROD00484,1,0.035486160397444996
PROD00109,PROD00174,1,0.035486160397444996
PROD00109,PROD00449,1,0.035486160397444996
PROD00174,PROD00449,1,0.035486160397444996
PROD00146,PROD00365,1,0.035486160397444996
PROD00134,PROD00343,1,0.035486160397444996
PROD00012,PROD00316,1,0.035486160397444996
PROD00226,PROD00328,1,0.035486160397444996
PROD00013,PROD00073,1,0.035486160397444996
PROD00298,PROD00396,1,0.035486160397444996
PROD00102,PROD00266,1,0.035486160397444996
PROD00150,PROD00268,1,0.035486160397444996
PROD00028,PROD00407,1,0.035486160397444996
PROD00007,PROD00350,1,0.035486160397444996
PROD00035,PROD00093,1,0.035486160397444996
PROD00130,PROD00317,1,0.035486160397444996
PROD00130,PROD00323,1,0.035486160397444996
PROD00130,PROD00413,1,0.035486160397444996
PROD00317,PROD00323,1,0.035486160397444996
PROD00317,PROD00413,1,0.035486160397444996
PROD00323,PROD00413,1,0.035486160397444996
PROD00055,PROD00351,1,0.035486160397444996
PROD00055,PROD00489,1,0.035486160397444996
PROD00351,PROD00489,1,0.035486160397444996
PROD00194,PROD00197,1,0.035486160397444996
PROD00194,PROD00365,1,0.035486160397444996
PROD00194,PROD00449,1,0.035486160397444996
PROD00197,PROD00365,1,0.035486160397444996
PROD00197,PROD00449,1,0.035486160397444996
PROD00365,PROD00449,1,0.035486160397444996
PROD00038,PROD00085,1,0.035486160397444996
PROD00038,PROD00131,1,0.035486160397444996
PROD00085,PROD00131,1,0.035486160397444996
PROD00116,PROD00454,1,0.035486160397444996
PROD00112,PROD00381,1,0.035486160397444996
PROD00279,PROD00419,1,0.035486160397444996
PROD00135,PROD00178,1,0.035486160397444996
PROD00135,PROD00229,1,0.035486160397444996
PROD00178,PROD00229,1,0.035486160397444996
PROD00354,PROD00456,1,0.035486160397444996
PROD00119,PROD00451,1,0.035486160397444996
PROD00232,PROD00392,1,0.035486160397444996
PROD00246,PROD00379,1,0.035486160397444996
PROD00246,PROD00425,1,0.035486160397444996
PROD00379,PROD00425,1,0.035486160397444996
PROD00103,PROD00135,1,0.035486160397444996
PROD00103,PROD00141,1,0.035486160397444996
PROD00135,PROD00141,1,0.035486160397444996
PROD00135,PROD00477,1,0.035486160397444996
PROD00141,PROD00477,1,0.035486160397444996
PROD00072,PROD00201,1,0.035486160397444996
PROD00054,PROD00216,1,0.035486160397444996
PROD00225,PROD00245,1,0.035486160397444996
PROD00094,PROD00394,1,0.035486160397444996
PROD00094,PROD00436,1,0.035486160397444996
PROD00394,PROD00436,1,0.035486160397444996
PROD00270,PROD00364,1,0.035486160397444996
PROD00091,PROD00147,1,0.035486160397444996
PROD00091,PROD00277,1,0.035486160397444996
PROD00147,PROD00277,1,0.035486160397444996
PROD00097,PROD00340,1,0.035486160397444996
PROD00051,PROD00053,1,0.035486160397444996
PROD00003,PROD00303,1,0.035486160397444996
PROD00003,PROD00427,1,0.035486160397444996
PROD00303,PROD00427,1,0.035486160397444996
PROD00305,PROD00376,1,0.035486160397444996
PROD00001,PROD00127,1,0.035486160397444996
PROD00001,PROD00358,1,0.035486160397444996
PROD00127,PROD00358,1,0.035486160397444996
PROD00088,PROD00293,1,0.035486160397444996
PROD00088,PROD00378,1,0.035486160397444996
PROD00088,PROD00482,1,0.035486160397444996
PROD00293,PROD00378,1,0.035486160397444996
PROD00293,PROD00482,1,0.035486160397444996
PROD00378,PROD00482,1,0.035486160397444996
PROD00086,PROD00361,1,0.035486160397444996
PROD00086,PROD00452,1,0.035486160397444996
PROD00361,PROD00452,1,0.035486160397444996
PROD00073,PROD00313,1,0.035486160397444996
PROD00144,PROD00173,1,0.035486160397444996
PROD00144,PROD00263,1,0.035486160397444996
PROD00173,PROD00263,1,0.035486160397444996
PROD00029,PROD00286,1,0.035486160397444996
PROD00029,PROD00425,1,0.035486160397444996
PROD00165,PROD00352,1,0.035486160397444996
PROD00229,PROD00352,1,0.035486160397444996
PROD00281,PROD00353,1,0.035486160397444996
PROD00195,PROD00439,1,0.035486160397444996
PROD00070,PROD00467,1,0.035486160397444996
PROD00068,PROD00343,1,0.035486160397444996
PROD00397,PROD00456,1,0.035486160397444996
PROD00137,PROD00257,1,0.035486160397444996
PROD00021,PROD00247,1,0.035486160397444996
PROD00274,PROD00331,1,0.035486160397444996
PROD00051,PROD00080,1,0.035486160397444996
PROD00051,PROD00225,1,0.035486160397444996
PROD00080,PROD00225,1,0.035486160397444996
PROD00158,PROD00471,1,0.035486160397444996
PROD00029,PROD00265,1,0.035486160397444996
PROD00029,PROD00355,1,0.035486160397444996
PROD00265,PROD00355,1,0.035486160397444996
PROD00038,PROD00204,1,0.035486160397444996
PROD00184,PROD00188,1,0.035486160397444996
PROD00184,PROD00487,1,0.035486160397444996
PROD00188,PROD00487,1,0.035486160397444996
PROD00269,PROD00465,1,0.035486160397444996
PROD00220,PROD00424,1,0.035486160397444996
PROD00344,PROD00391,1,0.035486160397444996
PROD00056,PROD00069,1,0.035486160397444996
PROD00056,PROD00074,1,0.035486160397444996
PROD00056,PROD00418,1,0.035486160397444996
PROD00069,PROD00074,1,0.035486160397444996
PROD00069,PROD00418,1,0.035486160397444996
PROD00074,PROD00418,1,0.035486160397444996
PROD00060,PROD00326,1,0.035486160397444996
PROD00060,PROD00482,1,0.035486160397444996
PROD00326,PROD00482,1,0.035486160397444996
PROD00386,PROD00460,1,0.035486160397444996
PROD00386,PROD00495,1,0.035486160397444996
PROD00460,PROD00495,1,0.035486160397444996
PROD00021,PROD00306,1,0.035486160397444996
PROD00043,PROD00403,1,0.035486160397444996
PROD00249,PROD00349,1,0.035486160397444996
PROD00097,PROD00101,1,0.035486160397444996
PROD00097,PROD00355,1,0.035486160397444996
PROD00101,PROD00355,1,0.035486160397444996
PROD00156,PROD00258,1,0.035486160397444996
PROD00156,PROD00417,1,0.035486160397444996
PROD00258,PROD00417,1,0.035486160397444996
PROD00080,PROD00367,1,0.035486160397444996
PROD00127,PROD00274,1,0.035486160397444996
PROD00084,PROD00187,1,0.035486160397444996
PROD00084,PROD00378,1,0.035486160397444996
PROD00084,PROD00260,1,0.035486160397444996
PROD00117,PROD00268,1,0.035486160397444996
PROD00050,PROD00242,1,0.035486160397444996
PROD00050,PROD00434,1,0.035486160397444996
PROD00242,PROD00434,1,0.035486160397444996
PROD00358,PROD00448,1,0.035486160397444996
PROD00358,PROD00489,1,0.035486160397444996
PROD00448,PROD00489,1,0.035486160397444996
PROD00220,PROD00304,1,0.035486160397444996
PROD00220,PROD00346,1,0.035486160397444996
PROD00304,PROD00346,1,0.035486160397444996
PROD00122,PROD00401,1,0.035486160397444996
PROD00057,PROD00406,1,0.035486160397444996
PROD00023,PROD00421,1,0.035486160397444996
PROD00224,PROD00431,1,0.035486160397444996
PROD00070,PROD00358,1,0.035486160397444996
PROD00045,PROD00436,1,0.035486160397444996
PROD00045,PROD00494,1,0.035486160397444996
PROD00436,PROD00494,1,0.035486160397444996
PROD00111,PROD00211,1,0.035486160397444996
PROD00111,PROD00388,1,0.035486160397444996
PROD00211,PROD00388,1,0.035486160397444996
PROD00014,PROD00331,1,0.035486160397444996
PROD00221,PROD00457,1,0.035486160397444996
PROD00253,PROD00358,1,0.035486160397444996
PROD00032,PROD00433,1,0.035486160397444996
PROD00276,PROD00408,1,0.035486160397444996
PROD00276,PROD00480,1,0.035486160397444996
PROD00408,PROD00480,1,0.035486160397444996
PROD00207,PROD00252,1,0.035486160397444996
PROD00296,PROD00387,1,0.035486160397444996
PROD00103,PROD00107,1,0.035486160397444996
PROD00103,PROD00261,1,0.035486160397444996
PROD00107,PROD00261,1,0.035486160397444996
PROD00124,PROD00136,1,0.035486160397444996
PROD00124,PROD00335,1,0.035486160397444996
PROD00136,PROD00335,1,0.035486160397444996
PROD00035,PROD00134,1,0.035486160397444996
PROD00409,PROD00417,1,0.035486160397444996
PROD00190,PROD00233,1,0.035486160397444996
PROD00135,PROD00225,1,0.035486160397444996
PROD00135,PROD00297,1,0.035486160397444996
PROD00225,PROD00297,1,0.035486160397444996
PROD00225,PROD00439,1,0.035486160397444996
PROD00297,PROD00439,1,0.035486160397444996
PROD00266,PROD00354,1,0.035486160397444996
PROD00266,PROD00394,1,0.035486160397444996
PROD00354,PROD00394,1,0.035486160397444996
PROD00225,PROD00413,1,0.035486160397444996
PROD00063,PROD00430,1,0.035486160397444996
PROD00063,PROD00453,1,0.035486160397444996
PROD00430,PROD00453,1,0.035486160397444996
PROD00011,PROD00358,1,0.035486160397444996
PROD00039,PROD00071,1,0.035486160397444996
PROD00071,PROD00258,1,0.035486160397444996
PROD00022,PROD00234,1,0.035486160397444996
PROD00022,PROD00352,1,0.035486160397444996
PROD00234,PROD00352,1,0.035486160397444996
PROD00066,PROD00138,1,0.035486160397444996
PROD00093,PROD00440,1,0.035486160397444996
PROD00153,PROD00443,1,0.035486160397444996
PROD00153,PROD00462,1,0.035486160397444996
PROD00443,PROD00462,1,0.035486160397444996
PROD00083,PROD00173,1,0.035486160397444996
PROD00022,PROD00096,1,0.035486160397444996
PROD00031,PROD00295,1,0.035486160397444996
PROD00259,PROD00304,1,0.035486160397444996
PROD00259,PROD00315,1,0.035486160397444996
PROD00259,PROD00371,1,0.035486160397444996
PROD00304,PROD00315,1,0.035486160397444996
PROD00304,PROD00371,1,0.035486160397444996
PROD00315,PROD00371,1,0.035486160397444996
PROD00153,PROD00482,1,0.035486160397444996
PROD00122,PROD00487,1,0.035486160397444996
PROD00009,PROD00267,1,0.035486160397444996
PROD00137,PROD00295,1,0.035486160397444996
PROD00056,PROD00306,1,0.035486160397444996
PROD00034,PROD00251,1,0.035486160397444996
PROD00007,PROD00043,1,0.035486160397444996
PROD00007,PROD00055,1,0.035486160397444996
PROD00007,PROD00388,1,0.035486160397444996
PROD00043,PROD00055,1,0.035486160397444996
PROD00043,PROD00388,1,0.035486160397444996
PROD00055,PROD00388,1,0.035486160397444996
PROD00253,PROD00459,1,0.035486160397444996
PROD00312,PROD00459,1,0.035486160397444996
PROD00283,PROD00405,1,0.035486160397444996
PROD00364,PROD00433,1,0.035486160397444996
PROD00056,PROD00337,1,0.035486160397444996
PROD00146,PROD00299,1,0.035486160397444996
PROD00233,PROD00297,1,0.035486160397444996
PROD00233,PROD00423,1,0.035486160397444996
PROD00297,PROD00423,1,0.035486160397444996
PROD00136,PROD00340,1,0.035486160397444996
PROD00252,PROD00257,1,0.035486160397444996
PROD00072,PROD00163,1,0.035486160397444996
PROD00235,PROD00476,1,0.035486160397444996
PROD00195,PROD00391,1,0.035486160397444996
PROD00195,PROD00443,1,0.035486160397444996
PROD00195,PROD00491,1,0.035486160397444996
PROD00391,PROD00443,1,0.035486160397444996
PROD00391,PROD00491,1,0.035486160397444996
PROD00443,PROD00491,1,0.035486160397444996
PROD00028,PROD00065,1,0.035486160397444996
PROD00028,PROD00219,1,0.035486160397444996
PROD00065,PROD00219,1,0.035486160397444996
PROD00207,PROD00224,1,0.035486160397444996
PROD00207,PROD00303,1,0.035486160397444996
PROD00207,PROD00344,1,0.035486160397444996
PROD00224,PROD00303,1,0.035486160397444996
PROD00303,PROD00344,1,0.035486160397444996
PROD00024,PROD00049,1,0.035486160397444996
PROD00024,PROD00066,1,0.035486160397444996
PROD00049,PROD00066,1,0.035486160397444996
PROD00174,PROD00409,1,0.035486160397444996
PROD00158,PROD00324,1,0.035486160397444996
PROD00119,PROD00480,1,0.035486160397444996
PROD00229,PROD00238,1,0.035486160397444996
PROD00229,PROD00422,1,0.035486160397444996
PROD00238,PROD00422,1,0.035486160397444996
PROD00053,PROD00328,1,0.035486160397444996
PROD00029,PROD00329,1,0.035486160397444996
PROD00094,PROD00295,1,0.035486160397444996
PROD00094,PROD00327,1,0.035486160397444996
PROD00295,PROD00327,1,0.035486160397444996
PROD00148,PROD00241,1,0.035486160397444996
PROD00148,PROD00256,1,0.035486160397444996
PROD00241,PROD00256,1,0.035486160397444996
PROD00080,PROD00259,1,0.035486160397444996
PROD00080,PROD00382,1,0.035486160397444996
PROD00259,PROD00382,1,0.035486160397444996
PROD00081,PROD00175,1,0.035486160397444996
PROD00031,PROD00192,1,0.035486160397444996
PROD00031,PROD00376,1,0.035486160397444996
PROD00192,PROD00376,1,0.035486160397444996
PROD00130,PROD00140,1,0.035486160397444996
PROD00130,PROD00267,1,0.035486160397444996
PROD00140,PROD00267,1,0.035486160397444996
PROD00296,PROD00456,1,0.035486160397444996
PROD00017,PROD00092,1,0.035486160397444996
PROD00074,PROD00130,1,0.035486160397444996
PROD00074,PROD00239,1,0.035486160397444996
PROD00074,PROD00288,1,0.035486160397444996
PROD00130,PROD00239,1,0.035486160397444996
PROD00130,PROD00288,1,0.035486160397444996
PROD00239,PROD00288,1,0.035486160397444996
PROD00089,PROD00352,1,0.035486160397444996
PROD00188,PROD00333,1,0.035486160397444996
PROD00399,PROD00424,1,0.035486160397444996
PROD00072,PROD00484,1,0.035486160397444996
PROD00247,PROD00302,1,0.035486160397444996
PROD00104,PROD00355,1,0.035486160397444996
PROD00232,PROD00411,1,0.035486160397444996
PROD00117,PROD00297,1,0.035486160397444996
PROD00044,PROD00401,1,0.035486160397444996
PROD00120,PROD00251,1,0.035486160397444996
PROD00291,PROD00478,1,0.035486160397444996
PROD00218,PROD00219,1,0.035486160397444996
PROD00203,PROD00381,1,0.035486160397444996
PROD00169,PROD00205,1,0.035486160397444996
PROD00039,PROD00483,1,0.035486160397444996
PROD00141,PROD00157,1,0.035486160397444996
PROD00141,PROD00293,1,0.035486160397444996
PROD00157,PROD00293,1,0.035486160397444996
PROD00099,PROD00263,1,0.035486160397444996
PROD00008,PROD00168,1,0.035486160397444996
PROD00260,PROD00325,1,0.035486160397444996
PROD00260,PROD00484,1,0.035486160397444996
PROD00325,PROD00484,1,0.035486160397444996
PROD00294,PROD00489,1,0.035486160397444996
PROD00149,PROD00435,1,0.035486160397444996
PROD00072,PROD00305,1,0.035486160397444996
PROD00172,PROD00232,1,0.035486160397444996
PROD00140,PROD00477,1,0.035486160397444996
PROD00463,PROD00477,1,0.035486160397444996
PROD00046,PROD00151,1,0.035486160397444996
PROD00108,PROD00482,1,0.035486160397444996
PROD00275,PROD00350,1,0.035486160397444996
PROD00275,PROD00359,1,0.035486160397444996
PROD00350,PROD00359,1,0.035486160397444996
PROD00091,PROD00208,1,0.035486160397444996
PROD00176,PROD00306,1,0.035486160397444996
PROD00165,PROD00251,1,0.035486160397444996
PROD00022,PROD00140,1,0.035486160397444996
PROD00101,PROD00119,1,0.035486160397444996
PROD00101,PROD00196,1,0.035486160397444996
PROD00101,PROD00423,1,0.035486160397444996
PROD00119,PROD00196,1,0.035486160397444996
PROD00119,PROD00423,1,0.035486160397444996
PROD00196,PROD00423,1,0.035486160397444996
PROD00149,PROD00288,1,0.035486160397444996
PROD00328,PROD00382,1,0.035486160397444996
PROD00085,PROD00113,1,0.035486160397444996
PROD00085,PROD00493,1,0.035486160397444996
PROD00113,PROD00493,1,0.035486160397444996
PROD00079,PROD00474,1,0.035486160397444996
PROD00009,PROD00414,1,0.035486160397444996
PROD00319,PROD00346,1,0.035486160397444996
PROD00401,PROD00482,1,0.035486160397444996
PROD00092,PROD00440,1,0.035486160397444996
PROD00373,PROD00409,1,0.035486160397444996
PROD00306,PROD00481,1,0.035486160397444996
PROD00080,PROD00221,1,0.035486160397444996
PROD00012,PROD00107,1,0.035486160397444996
PROD00012,PROD00360,1,0.035486160397444996
PROD00107,PROD00360,1,0.035486160397444996
PROD00039,PROD00153,1,0.035486160397444996
PROD00039,PROD00385,1,0.035486160397444996
PROD00153,PROD00385,1,0.035486160397444996
PROD00003,PROD00249,1,0.035486160397444996
PROD00003,PROD00371,1,0.035486160397444996
PROD00249,PROD00371,1,0.035486160397444996
PROD00025,PROD00280,1,0.035486160397444996
PROD00401,PROD00420,1,0.035486160397444996
PROD00015,PROD00084,1,0.035486160397444996
PROD00015,PROD00328,1,0.035486160397444996
PROD00084,PROD00328,1,0.035486160397444996
PROD00125,PROD00194,1,0.035486160397444996
PROD00124,PROD00307,1,0.035486160397444996
PROD00115,PROD00178,1,0.035486160397444996
PROD00255,PROD00342,1,0.035486160397444996
PROD00014,PROD00217,1,0.035486160397444996
PROD00014,PROD00436,1,0.035486160397444996
PROD00326,PROD00435,1,0.035486160397444996
PROD00192,PROD00362,1,0.035486160397444996
PROD00161,PROD00398,1,0.035486160397444996
PROD00161,PROD00402,1,0.035486160397444996
PROD00398,PROD00402,1,0.035486160397444996
PROD00213,PROD00307,1,0.035486160397444996
PROD00119,PROD00120,1,0.035486160397444996
PROD00119,PROD00370,1,0.035486160397444996
PROD00120,PROD00370,1,0.035486160397444996
PROD00036,PROD00099,1,0.035486160397444996
PROD00036,PROD00372,1,0.035486160397444996
PROD00099,PROD00372,1,0.035486160397444996
PROD00008,PROD00009,1,0.035486160397444996
PROD00008,PROD00303,1,0.035486160397444996
PROD00008,PROD00319,1,0.035486160397444996
PROD00009,PROD00303,1,0.035486160397444996
PROD00009,PROD00319,1,0.035486160397444996
PROD00303,PROD00319,1,0.035486160397444996
PROD00215,PROD00250,1,0.035486160397444996
PROD00215,PROD00316,1,0.035486160397444996
PROD00250,PROD00316,1,0.035486160397444996
PROD00055,PROD00484,1,0.035486160397444996
PROD00068,PROD00289,1,0.035486160397444996
PROD00068,PROD00420,1,0.035486160397444996
PROD00289,PROD00420,1,0.035486160397444996
PROD00073,PROD00181,1,0.035486160397444996
PROD00073,PROD00225,1,0.035486160397444996
PROD00073,PROD00305,1,0.035486160397444996
PROD00181,PROD00225,1,0.035486160397444996
PROD00181,PROD00305,1,0.035486160397444996
PROD00225,PROD00305,1,0.035486160397444996
PROD00132,PROD00292,1,0.035486160397444996
PROD00163,PROD00443,1,0.035486160397444996
PROD00001,PROD00082,1,0.035486160397444996
PROD00050,PROD00082,1,0.035486160397444996
PROD00116,PROD00484,1,0.035486160397444996
PROD00048,PROD00343,1,0.035486160397444996
PROD00121,PROD00287,1,0.035486160397444996
PROD00188,PROD00254,1,0.035486160397444996
PROD00172,PROD00385,1,0.035486160397444996
PROD00024,PROD00063,1,0.035486160397444996
PROD00024,PROD00179,1,0.035486160397444996
PROD00063,PROD00179,1,0.035486160397444996
PROD00213,PROD00281,1,0.035486160397444996
PROD00213,PROD00429,1,0.035486160397444996
PROD00281,PROD00429,1,0.035486160397444996
PROD00086,PROD00272,1,0.035486160397444996
PROD00086,PROD00409,1,0.035486160397444996
PROD00272,PROD00409,1,0.035486160397444996
PROD00146,PROD00412,1,0.035486160397444996
PROD00314,PROD00445,1,0.035486160397444996
PROD00093,PROD00418,1,0.035486160397444996
PROD00118,PROD00429,1,0.035486160397444996
PROD00238,PROD00323,1,0.035486160397444996
PROD00154,PROD00461,1,0.035486160397444996
PROD00154,PROD00472,1,0.035486160397444996
PROD00428,PROD00461,1,0.035486160397444996
PROD00428,PROD00472,1,0.035486160397444996
PROD00461,PROD00472,1,0.035486160397444996
PROD00022,PROD00132,1,0.035486160397444996
PROD00086,PROD00239,1,0.035486160397444996
PROD00157,PROD00176,1,0.035486160397444996
PROD00157,PROD00353,1,0.035486160397444996
PROD00176,PROD00353,1,0.035486160397444996
PROD00070,PROD00089,1,0.035486160397444996
PROD00070,PROD00111,1,0.035486160397444996
PROD00089,PROD00111,1,0.035486160397444996
PROD00310,PROD00462,1,0.035486160397444996
PROD00120,PROD00415,1,0.035486160397444996
PROD00051,PROD00469,1,0.035486160397444996
PROD00237,PROD00449,1,0.035486160397444996
PROD00012,PROD00187,1,0.035486160397444996
PROD00012,PROD00189,1,0.035486160397444996
PROD00187,PROD00189,1,0.035486160397444996
PROD00075,PROD00149,1,0.035486160397444996
PROD00041,PROD00127,1,0.035486160397444996
PROD00056,PROD00137,1,0.035486160397444996
PROD00056,PROD00142,1,0.035486160397444996
PROD00137,PROD00142,1,0.035486160397444996
PROD00005,PROD00058,1,0.035486160397444996
PROD00005,PROD00154,1,0.035486160397444996
PROD00005,PROD00326,1,0.035486160397444996
PROD00058,PROD00154,1,0.035486160397444996
PROD00058,PROD00326,1,0.035486160397444996
PROD00154,PROD00326,1,0.035486160397444996
PROD00226,PROD00318,1,0.035486160397444996
PROD00318,PROD00361,1,0.035486160397444996
PROD00106,PROD00233,1,0.035486160397444996
PROD00106,PROD00432,1,0.035486160397444996
PROD00233,PROD00432,1,0.035486160397444996
PROD00066,PROD00376,1,0.035486160397444996
PROD00165,PROD00489,1,0.035486160397444996
PROD00207,PROD00448,1,0.035486160397444996
PROD00216,PROD00263,1,0.035486160397444996
PROD00055,PROD00444,1,0.035486160397444996
PROD00146,PROD00267,1,0.035486160397444996
PROD00049,PROD00260,1,0.035486160397444996
PROD00065,PROD00211,1,0.035486160397444996
PROD00043,PROD00315,1,0.035486160397444996
PROD00043,PROD00394,1,0.035486160397444996
PROD00043,PROD00434,1,0.035486160397444996
PROD00315,PROD00394,1,0.035486160397444996
PROD00315,PROD00434,1,0.035486160397444996
PROD00394,PROD00434,1,0.035486160397444996
PROD00057,PROD00197,1,0.035486160397444996
PROD00048,PROD00274,1,0.035486160397444996
PROD00041,PROD00117,1,0.035486160397444996
PROD00132,PROD00160,1,0.035486160397444996
PROD00132,PROD00233,1,0.035486160397444996
PROD00132,PROD00250,1,0.035486160397444996
PROD00160,PROD00233,1,0.035486160397444996
PROD00160,PROD00250,1,0.035486160397444996
PROD00233,PROD00250,1,0.035486160397444996
PROD00180,PROD00438,1,0.035486160397444996
PROD00150,PROD00307,1,0.035486160397444996
PROD00150,PROD00448,1,0.035486160397444996
PROD00307,PROD00448,1,0.035486160397444996
PROD00022,PROD00296,1,0.035486160397444996
PROD00022,PROD00473,1,0.035486160397444996
PROD00296,PROD00473,1,0.035486160397444996
PROD00252,PROD00409,1,0.035486160397444996
PROD00246,PROD00389,1,0.035486160397444996
PROD00246,PROD00402,1,0.035486160397444996
PROD00389,PROD00402,1,0.035486160397444996
PROD00018,PROD00054,1,0.035486160397444996
PROD00018,PROD00418,1,0.035486160397444996
PROD00054,PROD00418,1,0.035486160397444996
PROD00375,PROD00478,1,0.035486160397444996
PROD00370,PROD00381,1,0.035486160397444996
PROD00021,PROD00387,1,0.035486160397444996
PROD00284,PROD00440,1,0.035486160397444996
PROD00134,PROD00383,1,0.035486160397444996
PROD00228,PROD00330,1,0.035486160397444996
PROD00228,PROD00332,1,0.035486160397444996
PROD00330,PROD00332,1,0.035486160397444996
PROD00026,PROD00032,1,0.035486160397444996
PROD00388,PROD00448,1,0.035486160397444996
PROD00077,PROD00272,1,0.035486160397444996
PROD00077,PROD00405,1,0.035486160397444996
PROD00272,PROD00405,1,0.035486160397444996
PROD00073,PROD00128,1,0.035486160397444996
PROD00128,PROD00171,1,0.035486160397444996
PROD00016,PROD00207,1,0.035486160397444996
PROD00016,PROD00342,1,0.035486160397444996
PROD00207,PROD00342,1,0.035486160397444996
PROD00042,PROD00109,1,0.035486160397444996
PROD00006,PROD00018,1,0.035486160397444996
PROD00397,PROD00448,1,0.035486160397444996
PROD00192,PROD00250,1,0.035486160397444996
PROD00052,PROD00367,1,0.035486160397444996
PROD00314,PROD00395,1,0.035486160397444996
PROD00314,PROD00440,1,0.035486160397444996
PROD00395,PROD00440,1,0.035486160397444996
PROD00338,PROD00345,1,0.035486160397444996
PROD00338,PROD00378,1,0.035486160397444996
PROD00338,PROD00392,1,0.035486160397444996
PROD00345,PROD00378,1,0.035486160397444996
PROD00345,PROD00392,1,0.035486160397444996
PROD00378,PROD00392,1,0.035486160397444996
PROD00193,PROD00352,1,0.035486160397444996
PROD00025,PROD00165,1,0.035486160397444996
PROD00279,PROD00482,1,0.035486160397444996
PROD00279,PROD00484,1,0.035486160397444996
PROD00482,PROD00484,1,0.035486160397444996
PROD00130,PROD00157,1,0.035486160397444996
PROD00130,PROD00235,1,0.035486160397444996
PROD00130,PROD00262,1,0.035486160397444996
PROD00157,PROD00235,1,0.035486160397444996
PROD00157,PROD00262,1,0.035486160397444996
PROD00235,PROD00262,1,0.035486160397444996
PROD00114,PROD00372,1,0.035486160397444996
PROD00114,PROD00399,1,0.035486160397444996
PROD00011,PROD00317,1,0.035486160397444996
PROD00276,PROD00464,1,0.035486160397444996
PROD00111,PROD00386,1,0.035486160397444996
PROD00048,PROD00306,1,0.035486160397444996
PROD00048,PROD00337,1,0.035486160397444996
PROD00048,PROD00455,1,0.035486160397444996
PROD00306,PROD00337,1,0.035486160397444996
PROD00306,PROD00455,1,0.035486160397444996
PROD00337,PROD00455,1,0.035486160397444996
PROD00113,PROD00255,1,0.035486160397444996
PROD00118,PROD00142,1,0.035486160397444996
PROD00138,PROD00220,1,0.035486160397444996
PROD00054,PROD00382,1,0.035486160397444996
PROD00011,PROD00050,1,0.035486160397444996
PROD00046,PROD00317,1,0.035486160397444996
PROD00046,PROD00371,1,0.035486160397444996
PROD00317,PROD00371,1,0.035486160397444996
PROD00240,PROD00447,1,0.035486160397444996
PROD00240,PROD00490,1,0.035486160397444996
PROD00447,PROD00490,1,0.035486160397444996
PROD00002,PROD00012,1,0.035486160397444996
PROD00002,PROD00340,1,0.035486160397444996
PROD00012,PROD00121,1,0.035486160397444996
PROD00012,PROD00340,1,0.035486160397444996
PROD00107,PROD00426,1,0.035486160397444996
PROD00027,PROD00407,1,0.035486160397444996
PROD00027,PROD00495,1,0.035486160397444996
PROD00407,PROD00495,1,0.035486160397444996
PROD00178,PROD00415,1,0.035486160397444996
PROD00066,PROD00212,1,0.035486160397444996
PROD00066,PROD00277,1,0.035486160397444996
PROD00212,PROD00277,1,0.035486160397444996
PROD00164,PROD00306,1,0.035486160397444996
PROD00164,PROD00473,1,0.035486160397444996
PROD00306,PROD00473,1,0.035486160397444996
PROD00139,PROD00319,1,0.035486160397444996
PROD00171,PROD00224,1,0.035486160397444996
PROD00171,PROD00344,1,0.035486160397444996
PROD00329,PROD00349,1,0.035486160397444996
PROD00329,PROD00398,1,0.035486160397444996
PROD00349,PROD00398,1,0.035486160397444996
PROD00273,PROD00294,1,0.035486160397444996
PROD00273,PROD00371,1,0.035486160397444996
PROD00273,PROD00488,1,0.035486160397444996
PROD00294,PROD00371,1,0.035486160397444996
PROD00294,PROD00488,1,0.035486160397444996
PROD00371,PROD00488,1,0.035486160397444996
PROD00040,PROD00466,1,0.035486160397444996
PROD00341,PROD00466,1,0.035486160397444996
PROD00214,PROD00306,1,0.035486160397444996
PROD00214,PROD00417,1,0.035486160397444996
PROD00214,PROD00441,1,0.035486160397444996
PROD00306,PROD00417,1,0.035486160397444996
PROD00306,PROD00441,1,0.035486160397444996
PROD00417,PROD00441,1,0.035486160397444996
PROD00059,PROD00066,1,0.035486160397444996
PROD00064,PROD00348,1,0.035486160397444996
PROD00099,PROD00368,1,0.035486160397444996
PROD00041,PROD00308,1,0.035486160397444996
PROD00112,PROD00269,1,0.035486160397444996
PROD00112,PROD00290,1,0.035486160397444996
PROD00112,PROD00342,1,0.035486160397444996
PROD00269,PROD00290,1,0.035486160397444996
PROD00269,PROD00342,1,0.035486160397444996
PROD00290,PROD00342,1,0.035486160397444996
PROD00010,PROD00041,1,0.035486160397444996
PROD00002,PROD00150,1,0.035486160397444996
PROD00083,PROD00367,1,0.035486160397444996
PROD00070,PROD00156,1,0.035486160397444996
PROD00070,PROD00232,1,0.035486160397444996
PROD00156,PROD00232,1,0.035486160397444996
PROD00014,PROD00065,1,0.035486160397444996
PROD00014,PROD00130,1,0.035486160397444996
PROD00065,PROD00130,1,0.035486160397444996
PROD00051,PROD00281,1,0.035486160397444996
PROD00047,PROD00183,1,0.035486160397444996
PROD00047,PROD00213,1,0.035486160397444996
PROD00047,PROD00305,1,0.035486160397444996
PROD00183,PROD00213,1,0.035486160397444996
PROD00183,PROD00305,1,0.035486160397444996
PROD00213,PROD00305,1,0.035486160397444996
PROD00155,PROD00383,1,0.035486160397444996
PROD00155,PROD00476,1,0.035486160397444996
PROD00383,PROD00476,1,0.035486160397444996
PROD00148,PROD00222,1,0.035486160397444996
PROD00148,PROD00489,1,0.035486160397444996
PROD00222,PROD00489,1,0.035486160397444996
PROD00168,PROD00486,1,0.035486160397444996
PROD00248,PROD00490,1,0.035486160397444996
PROD00035,PROD00055,1,0.035486160397444996
PROD00278,PROD00422,1,0.035486160397444996
PROD00064,PROD00315,1,0.035486160397444996
PROD00064,PROD00321,1,0.035486160397444996
PROD00315,PROD00321,1,0.035486160397444996
PROD00112,PROD00332,1,0.035486160397444996
PROD00112,PROD00473,1,0.035486160397444996
PROD00332,PROD00473,1,0.035486160397444996
PROD00100,PROD00128,1,0.035486160397444996
PROD00100,PROD00458,1,0.035486160397444996
PROD00128,PROD00458,1,0.035486160397444996
PROD00050,PROD00226,1,0.035486160397444996
PROD00043,PROD00180,1,0.035486160397444996
PROD00043,PROD00411,1,0.035486160397444996
PROD00180,PROD00411,1,0.035486160397444996
PROD00141,PROD00246,1,0.035486160397444996
PROD00141,PROD00413,1,0.035486160397444996
PROD00246,PROD00413,1,0.035486160397444996
PROD00051,PROD00430,1,0.035486160397444996
PROD00256,PROD00343,1,0.035486160397444996
PROD00131,PROD00460,1,0.035486160397444996
PROD00293,PROD00400,1,0.035486160397444996
PROD00140,PROD00300,1,0.035486160397444996
PROD00125,PROD00225,1,0.035486160397444996
PROD00125,PROD00419,1,0.035486160397444996
PROD00225,PROD00419,1,0.035486160397444996
PROD00046,PROD00424,1,0.035486160397444996
PROD00220,PROD00349,1,0.035486160397444996
PROD00221,PROD00345,1,0.035486160397444996
PROD00083,PROD00304,1,0.035486160397444996
PROD00034,PROD00365,1,0.035486160397444996
PROD00272,PROD00387,1,0.035486160397444996
PROD00344,PROD00495,1,0.035486160397444996
PROD00133,PROD00168,1,0.035486160397444996
PROD00042,PROD00153,1,0.035486160397444996
PROD00152,PROD00398,1,0.035486160397444996
PROD00325,PROD00475,1,0.035486160397444996
PROD00207,PROD00374,1,0.035486160397444996
PROD00014,PROD00073,1,0.035486160397444996
PROD00014,PROD00270,1,0.035486160397444996
PROD00073,PROD00270,1,0.035486160397444996
PROD00177,PROD00219,1,0.035486160397444996
PROD00177,PROD00436,1,0.035486160397444996
PROD00219,PROD00436,1,0.035486160397444996
PROD00111,PROD00427,1,0.035486160397444996
PROD00215,PROD00333,1,0.035486160397444996
PROD00202,PROD00421,1,0.035486160397444996
PROD00066,PROD00349,1,0.035486160397444996
PROD00209,PROD00482,1,0.035486160397444996
PROD00208,PROD00370,1,0.035486160397444996
PROD00208,PROD00440,1,0.035486160397444996
PROD00370,PROD00440,1,0.035486160397444996
PROD00257,PROD00329,1,0.035486160397444996
PROD00418,PROD00460,1,0.035486160397444996
PROD00192,PROD00462,1,0.035486160397444996
PROD00192,PROD00490,1,0.035486160397444996
PROD00462,PROD00490,1,0.035486160397444996
PROD00059,PROD00123,1,0.035486160397444996
PROD00059,PROD00195,1,0.035486160397444996
PROD00059,PROD00279,1,0.035486160397444996
PROD00123,PROD00195,1,0.035486160397444996
PROD00123,PROD00279,1,0.035486160397444996
PROD00195,PROD00279,1,0.035486160397444996
PROD00290,PROD00303,1,0.035486160397444996
PROD00290,PROD00473,1,0.035486160397444996
PROD00303,PROD00473,1,0.035486160397444996
PROD00094,PROD00491,1,0.035486160397444996
PROD00017,PROD00143,1,0.035486160397444996
PROD00029,PROD00121,1,0.035486160397444996
PROD00101,PROD00257,1,0.035486160397444996
PROD00101,PROD00267,1,0.035486160397444996
PROD00101,PROD00315,1,0.035486160397444996
PROD00257,PROD00267,1,0.035486160397444996
PROD00257,PROD00315,1,0.035486160397444996
PROD00267,PROD00315,1,0.035486160397444996
PROD00235,PROD00256,1,0.035486160397444996
PROD00036,PROD00225,1,0.035486160397444996
PROD00036,PROD00494,1,0.035486160397444996
PROD00225,PROD00494,1,0.035486160397444996
PROD00144,PROD00293,1,0.035486160397444996
PROD00144,PROD00485,1,0.035486160397444996
PROD00293,PROD00485,1,0.035486160397444996
PROD00018,PROD00180,1,0.035486160397444996
PROD00062,PROD00442,1,0.035486160397444996
PROD00220,PROD00368,1,0.035486160397444996
PROD00080,PROD00433,1,0.035486160397444996
PROD00080,PROD00465,1,0.035486160397444996
PROD00433,PROD00465,1,0.035486160397444996
PROD00115,PROD00247,1,0.035486160397444996
PROD00224,PROD00418,1,0.035486160397444996
PROD00321,PROD00489,1,0.035486160397444996
PROD00200,PROD00494,1,0.035486160397444996
PROD00010,PROD00258,1,0.035486160397444996
PROD00159,PROD00482,1,0.035486160397444996
PROD00282,PROD00482,1,0.035486160397444996
PROD00290,PROD00424,1,0.035486160397444996
PROD00001,PROD00315,1,0.035486160397444996
PROD00001,PROD00384,1,0.035486160397444996
PROD00315,PROD00384,1,0.035486160397444996
PROD00297,PROD00443,1,0.035486160397444996
PROD00283,PROD00360,1,0.035486160397444996
PROD00283,PROD00363,1,0.035486160397444996
PROD00360,PROD00363,1,0.035486160397444996
PROD00120,PROD00179,1,0.035486160397444996
PROD00120,PROD00432,1,0.035486160397444996
PROD00179,PROD00432,1,0.035486160397444996
PROD00046,PROD00198,1,0.035486160397444996
PROD00046,PROD00340,1,0.035486160397444996
PROD00034,PROD00140,1,0.035486160397444996
PROD00034,PROD00258,1,0.035486160397444996
PROD00034,PROD00315,1,0.035486160397444996
PROD00140,PROD00315,1,0.035486160397444996
PROD00192,PROD00463,1,0.035486160397444996
PROD00095,PROD00345,1,0.035486160397444996
PROD00095,PROD00358,1,0.035486160397444996
PROD00345,PROD00358,1,0.035486160397444996
PROD00099,PROD00336,1,0.035486160397444996
PROD00099,PROD00375,1,0.035486160397444996
PROD00336,PROD00375,1,0.035486160397444996
PROD00204,PROD00317,1,0.035486160397444996
PROD00204,PROD00388,1,0.035486160397444996
PROD00317,PROD00388,1,0.035486160397444996
PROD00041,PROD00151,1,0.035486160397444996
PROD00041,PROD00320,1,0.035486160397444996
PROD00151,PROD00320,1,0.035486160397444996
PROD00226,PROD00387,1,0.035486160397444996
PROD00361,PROD00387,1,0.035486160397444996
PROD00201,PROD00396,1,0.035486160397444996
PROD00201,PROD00494,1,0.035486160397444996
PROD00396,PROD00494,1,0.035486160397444996
PROD00191,PROD00437,1,0.035486160397444996
PROD00191,PROD00448,1,0.035486160397444996
PROD00437,PROD00448,1,0.035486160397444996
PROD00094,PROD00413,1,0.035486160397444996
PROD00013,PROD00470,1,0.035486160397444996
PROD00107,PROD00307,1,0.035486160397444996
PROD00107,PROD00481,1,0.035486160397444996
PROD00307,PROD00481,1,0.035486160397444996
PROD00347,PROD00377,1,0.035486160397444996
PROD00073,PROD00314,1,0.035486160397444996
PROD00220,PROD00388,1,0.035486160397444996
PROD00220,PROD00427,1,0.035486160397444996
PROD00073,PROD00367,1,0.035486160397444996
PROD00004,PROD00143,1,0.035486160397444996
PROD00143,PROD00373,1,0.035486160397444996
PROD00288,PROD00307,1,0.035486160397444996
PROD00007,PROD00120,1,0.035486160397444996
PROD00083,PROD00490,1,0.035486160397444996
PROD00219,PROD00322,1,0.035486160397444996
PROD00155,PROD00225,1,0.035486160397444996
PROD00155,PROD00344,1,0.035486160397444996
PROD00097,PROD00113,1,0.035486160397444996
PROD00174,PROD00491,1,0.035486160397444996
PROD00419,PROD00476,1,0.035486160397444996
PROD00075,PROD00440,1,0.035486160397444996
PROD00306,PROD00364,1,0.035486160397444996
PROD00202,PROD00335,1,0.035486160397444996
PROD00001,PROD00359,1,0.035486160397444996
PROD00309,PROD00366,1,0.035486160397444996
PROD00241,PROD00302,1,0.035486160397444996
PROD00241,PROD00492,1,0.035486160397444996
PROD00302,PROD00492,1,0.035486160397444996
PROD00167,PROD00412,1,0.035486160397444996
PROD00183,PROD00354,1,0.035486160397444996
PROD00132,PROD00171,1,0.035486160397444996
PROD00031,PROD00042,1,0.035486160397444996
PROD00332,PROD00380,1,0.035486160397444996
PROD00367,PROD00380,1,0.035486160397444996
PROD00048,PROD00162,1,0.035486160397444996
PROD00048,PROD00255,1,0.035486160397444996
PROD00162,PROD00255,1,0.035486160397444996
PROD00033,PROD00131,1,0.035486160397444996
PROD00301,PROD00450,1,0.035486160397444996
PROD00112,PROD00299,1,0.035486160397444996
PROD00112,PROD00407,1,0.035486160397444996
PROD00225,PROD00243,1,0.035486160397444996
PROD00225,PROD00408,1,0.035486160397444996
PROD00243,PROD00408,1,0.035486160397444996
PROD00089,PROD00440,1,0.035486160397444996
PROD00134,PROD00336,1,0.035486160397444996
PROD00134,PROD00407,1,0.035486160397444996
PROD00336,PROD00407,1,0.035486160397444996
PROD00397,PROD00435,1,0.035486160397444996
PROD00205,PROD00242,1,0.035486160397444996
PROD00040,PROD00058,1,0.035486160397444996
PROD00040,PROD00390,1,0.035486160397444996
PROD00058,PROD00390,1,0.035486160397444996
PROD00057,PROD00078,1,0.035486160397444996
PROD00057,PROD00148,1,0.035486160397444996
PROD00057,PROD00289,1,0.035486160397444996
PROD00078,PROD00148,1,0.035486160397444996
PROD00078,PROD00289,1,0.035486160397444996
PROD00068,PROD00107,1,0.035486160397444996
PROD00135,PROD00416,1,0.035486160397444996
PROD00067,PROD00119,1,0.035486160397444996
PROD00067,PROD00492,1,0.035486160397444996
PROD00119,PROD00492,1,0.035486160397444996
PROD00307,PROD00416,1,0.035486160397444996
PROD00039,PROD00126,1,0.035486160397444996
PROD00039,PROD00442,1,0.035486160397444996
PROD00126,PROD00442,1,0.035486160397444996
PROD00160,PROD00175,1,0.035486160397444996
PROD00160,PROD00300,1,0.035486160397444996
PROD00175,PROD00300,1,0.035486160397444996
PROD00279,PROD00349,1,0.035486160397444996
PROD00143,PROD00233,1,0.035486160397444996
PROD00393,PROD00483,1,0.035486160397444996
PROD00347,PROD00493,1,0.035486160397444996
PROD00241,PROD00362,1,0.035486160397444996
PROD00241,PROD00479,1,0.035486160397444996
PROD00241,PROD00481,1,0.035486160397444996
PROD00362,PROD00479,1,0.035486160397444996
PROD00362,PROD00481,1,0.035486160397444996
PROD00479,PROD00481,1,0.035486160397444996
PROD00013,PROD00290,1,0.035486160397444996
PROD00219,PROD00256,1,0.035486160397444996
PROD00219,PROD00415,1,0.035486160397444996
PROD00256,PROD00415,1,0.035486160397444996
PROD00307,PROD00484,1,0.035486160397444996
PROD00307,PROD00425,1,0.035486160397444996
PROD00114,PROD00130,1,0.035486160397444996
PROD00114,PROD00174,1,0.035486160397444996
PROD00114,PROD00351,1,0.035486160397444996
PROD00130,PROD00174,1,0.035486160397444996
PROD00130,PROD00351,1,0.035486160397444996
PROD00174,PROD00351,1,0.035486160397444996
PROD00377,PROD00415,1,0.035486160397444996
PROD00377,PROD00480,1,0.035486160397444996
PROD00415,PROD00480,1,0.035486160397444996
PROD00273,PROD00287,1,0.035486160397444996
PROD00273,PROD00325,1,0.035486160397444996
PROD00273,PROD00424,1,0.035486160397444996
PROD00287,PROD00325,1,0.035486160397444996
PROD00287,PROD00424,1,0.035486160397444996
PROD00325,PROD00424,1,0.035486160397444996
PROD00392,PROD00445,1,0.035486160397444996
PROD00392,PROD00485,1,0.035486160397444996
PROD00445,PROD00485,1,0.035486160397444996
PROD00229,PROD00285,1,0.035486160397444996
PROD00229,PROD00388,1,0.035486160397444996
PROD00285,PROD00388,1,0.035486160397444996
PROD00302,PROD00313,1,0.035486160397444996
PROD00204,PROD00284,1,0.035486160397444996
PROD00161,PROD00463,1,0.035486160397444996
PROD00006,PROD00045,1,0.035486160397444996
PROD00006,PROD00063,1,0.035486160397444996
PROD00045,PROD00063,1,0.035486160397444996
PROD00050,PROD00224,1,0.035486160397444996
PROD00224,PROD00302,1,0.035486160397444996
PROD00092,PROD00347,1,0.035486160397444996
PROD00068,PROD00402,1,0.035486160397444996
PROD00124,PROD00355,1,0.035486160397444996
PROD00124,PROD00483,1,0.035486160397444996
PROD00355,PROD00483,1,0.035486160397444996
PROD00011,PROD00335,1,0.035486160397444996
PROD00011,PROD00458,1,0.035486160397444996
PROD00335,PROD00458,1,0.035486160397444996
PROD00368,PROD00465,1,0.035486160397444996
PROD00138,PROD00217,1,0.035486160397444996
PROD00397,PROD00464,1,0.035486160397444996
PROD00300,PROD00332,1,0.035486160397444996
PROD00258,PROD00481,1,0.035486160397444996
PROD00131,PROD00135,1,0.035486160397444996
PROD00131,PROD00396,1,0.035486160397444996
PROD00131,PROD00411,1,0.035486160397444996
PROD00135,PROD00396,1,0.035486160397444996
PROD00135,PROD00411,1,0.035486160397444996
PROD00396,PROD00411,1,0.035486160397444996
PROD00138,PROD00430,1,0.035486160397444996
PROD00377,PROD00467,1,0.035486160397444996
PROD00029,PROD00168,1,0.035486160397444996
PROD00029,PROD00346,1,0.035486160397444996
PROD00029,PROD00401,1,0.035486160397444996
PROD00168,PROD00346,1,0.035486160397444996
PROD00168,PROD00401,1,0.035486160397444996
PROD00346,PROD00401,1,0.035486160397444996
PROD00126,PROD00367,1,0.035486160397444996
PROD00022,PROD00289,1,0.035486160397444996
PROD00106,PROD00138,1,0.035486160397444996
PROD00015,PROD00397,1,0.035486160397444996
PROD00015,PROD00407,1,0.035486160397444996
PROD00397,PROD00407,1,0.035486160397444996
PROD00117,PROD00237,1,0.035486160397444996
PROD00329,PROD00375,1,0.035486160397444996
PROD00206,PROD00388,1,0.035486160397444996
PROD00320,PROD00346,1,0.035486160397444996
PROD00039,PROD00223,1,0.035486160397444996
PROD00039,PROD00245,1,0.035486160397444996
PROD00223,PROD00245,1,0.035486160397444996
PROD00061,PROD00079,1,0.035486160397444996
PROD00050,PROD00099,1,0.035486160397444996
PROD00213,PROD00250,1,0.035486160397444996
PROD00213,PROD00454,1,0.035486160397444996
PROD00250,PROD00454,1,0.035486160397444996
PROD00052,PROD00440,1,0.035486160397444996
PROD00110,PROD00434,1,0.035486160397444996
PROD00312,PROD00317,1,0.035486160397444996
PROD00312,PROD00417,1,0.035486160397444996
PROD00317,PROD00417,1,0.035486160397444996
PROD00087,PROD00138,1,0.035486160397444996
PROD00087,PROD00191,1,0.035486160397444996
PROD00138,PROD00191,1,0.035486160397444996
PROD00007,PROD00312,1,0.035486160397444996
PROD00007,PROD00356,1,0.035486160397444996
PROD00312,PROD00356,1,0.035486160397444996
PROD00348,PROD00368,1,0.035486160397444996
PROD00144,PROD00287,1,0.035486160397444996
PROD00054,PROD00358,1,0.035486160397444996
PROD00172,PROD00185,1,0.035486160397444996
PROD00043,PROD00244,1,0.035486160397444996
PROD00043,PROD00328,1,0.035486160397444996
PROD00244,PROD00328,1,0.035486160397444996
PROD00213,PROD00442,1,0.035486160397444996
PROD00372,PROD00423,1,0.035486160397444996
PROD00135,PROD00298,1,0.035486160397444996
PROD00090,PROD00382,1,0.035486160397444996
PROD00208,PROD00423,1,0.035486160397444996
PROD00044,PROD00079,1,0.035486160397444996
PROD00044,PROD00389,1,0.035486160397444996
PROD00079,PROD00389,1,0.035486160397444996
PROD00038,PROD00491,1,0.035486160397444996
PROD00304,PROD00491,1,0.035486160397444996
PROD00387,PROD00470,1,0.035486160397444996
PROD00166,PROD00381,1,0.035486160397444996
PROD00250,PROD00381,1,0.035486160397444996
PROD00017,PROD00082,1,0.035486160397444996
PROD00042,PROD00415,1,0.035486160397444996
PROD00122,PROD00484,1,0.035486160397444996
PROD00244,PROD00342,1,0.035486160397444996
PROD00021,PROD00460,1,0.035486160397444996
PROD00110,PROD00255,1,0.035486160397444996
PROD00088,PROD00128,1,0.035486160397444996
PROD00088,PROD00449,1,0.035486160397444996
PROD00088,PROD00450,1,0.035486160397444996
PROD00128,PROD00450,1,0.035486160397444996
PROD00449,PROD00450,1,0.035486160397444996
PROD00131,PROD00420,1,0.035486160397444996
PROD00096,PROD00440,1,0.035486160397444996
PROD00141,PROD00312,1,0.035486160397444996
PROD00256,PROD00452,1,0.035486160397444996
PROD00096,PROD00374,1,0.035486160397444996
PROD00025,PROD00200,1,0.035486160397444996
PROD00127,PROD00137,1,0.035486160397444996
PROD00127,PROD00176,1,0.035486160397444996
PROD00137,PROD00171,1,0.035486160397444996
PROD00137,PROD00176,1,0.035486160397444996
PROD00171,PROD00176,1,0.035486160397444996
PROD00123,PROD00416,1,0.035486160397444996
PROD00129,PROD00365,1,0.035486160397444996
PROD00276,PROD00290,1,0.035486160397444996
PROD00055,PROD00056,1,0.035486160397444996
PROD00055,PROD00281,1,0.035486160397444996
PROD00301,PROD00323,1,0.035486160397444996
PROD00129,PROD00374,1,0.035486160397444996
PROD00129,PROD00436,1,0.035486160397444996
PROD00374,PROD00436,1,0.035486160397444996
PROD00170,PROD00228,1,0.035486160397444996
PROD00133,PROD00234,1,0.035486160397444996
PROD00133,PROD00290,1,0.035486160397444996
PROD00133,PROD00437,1,0.035486160397444996
PROD00234,PROD00290,1,0.035486160397444996
PROD00234,PROD00437,1,0.035486160397444996
PROD00290,PROD00437,1,0.035486160397444996
PROD00004,PROD00099,1,0.035486160397444996
PROD00004,PROD00297,1,0.035486160397444996
PROD00004,PROD00328,1,0.035486160397444996
PROD00099,PROD00297,1,0.035486160397444996
PROD00099,PROD00328,1,0.035486160397444996
PROD00297,PROD00328,1,0.035486160397444996
PROD00280,PROD00424,1,0.035486160397444996
PROD00348,PROD00424,1,0.035486160397444996
PROD00246,PROD00278,1,0.035486160397444996
PROD00246,PROD00296,1,0.035486160397444996
PROD00246,PROD00356,1,0.035486160397444996
PROD00278,PROD00296,1,0.035486160397444996
PROD00278,PROD00356,1,0.035486160397444996
PROD00296,PROD00356,1,0.035486160397444996
PROD00258,PROD00279,1,0.035486160397444996
PROD00258,PROD00332,1,0.035486160397444996
PROD00279,PROD00332,1,0.035486160397444996
PROD00050,PROD00174,1,0.035486160397444996
PROD00220,PROD00447,1,0.035486160397444996
PROD00220,PROD00484,1,0.035486160397444996
PROD00447,PROD00484,1,0.035486160397444996
PROD00056,PROD00172,1,0.035486160397444996
PROD00328,PROD00334,1,0.035486160397444996
PROD00034,PROD00040,1,0.035486160397444996
PROD00034,PROD00296,1,0.035486160397444996
PROD00040,PROD00296,1,0.035486160397444996
PROD00247,PROD00469,1,0.035486160397444996
PROD00398,PROD00466,1,0.035486160397444996
PROD00285,PROD00291,1,0.035486160397444996
PROD00185,PROD00292,1,0.035486160397444996
PROD00185,PROD00437,1,0.035486160397444996
PROD00292,PROD00437,1,0.035486160397444996
PROD00356,PROD00478,1,0.035486160397444996
PROD00023,PROD00494,1,0.035486160397444996
PROD00406,PROD00413,1,0.035486160397444996
PROD00212,PROD00390,1,0.035486160397444996
PROD00212,PROD00471,1,0.035486160397444996
PROD00390,PROD00471,1,0.035486160397444996
PROD00022,PROD00117,1,0.035486160397444996
PROD00005,PROD00346,1,0.035486160397444996
PROD00163,PROD00223,1,0.035486160397444996
PROD00107,PROD00470,1,0.035486160397444996
PROD00016,PROD00155,1,0.035486160397444996
PROD00016,PROD00463,1,0.035486160397444996
PROD00155,PROD00463,1,0.035486160397444996
PROD00178,PROD00306,1,0.035486160397444996
PROD00178,PROD00378,1,0.035486160397444996
PROD00026,PROD00474,1,0.035486160397444996
PROD00032,PROD00146,1,0.035486160397444996
PROD00032,PROD00369,1,0.035486160397444996
PROD00032,PROD00483,1,0.035486160397444996
PROD00146,PROD00369,1,0.035486160397444996
PROD00146,PROD00483,1,0.035486160397444996
PROD00369,PROD00483,1,0.035486160397444996
PROD00108,PROD00268,1,0.035486160397444996
PROD00108,PROD00298,1,0.035486160397444996
PROD00268,PROD00298,1,0.035486160397444996
PROD00122,PROD00226,1,0.035486160397444996
PROD00122,PROD00266,1,0.035486160397444996
PROD00226,PROD00266,1,0.035486160397444996
PROD00244,PROD00384,1,0.035486160397444996
PROD00222,PROD00345,1,0.035486160397444996
PROD00222,PROD00427,1,0.035486160397444996
PROD00345,PROD00404,1,0.035486160397444996
PROD00345,PROD00427,1,0.035486160397444996
PROD00404,PROD00427,1,0.035486160397444996
PROD00253,PROD00301,1,0.035486160397444996
PROD00253,PROD00394,1,0.035486160397444996
PROD00301,PROD00394,1,0.035486160397444996
PROD00065,PROD00133,1,0.035486160397444996
PROD00065,PROD00469,1,0.035486160397444996
PROD00133,PROD00469,1,0.035486160397444996
PROD00083,PROD00115,1,0.035486160397444996
PROD00083,PROD00198,1,0.035486160397444996
PROD00115,PROD00198,1,0.035486160397444996
PROD00332,PROD00386,1,0.035486160397444996
PROD00367,PROD00386,1,0.035486160397444996
PROD00185,PROD00487,1,0.035486160397444996
PROD00005,PROD00071,1,0.035486160397444996
PROD00005,PROD00457,1,0.035486160397444996
PROD00071,PROD00457,1,0.035486160397444996
PROD00039,PROD00280,1,0.035486160397444996
PROD00021,PROD00136,1,0.035486160397444996
PROD00352,PROD00411,1,0.035486160397444996
PROD00316,PROD00436,1,0.035486160397444996
PROD00265,PROD00370,1,0.035486160397444996
PROD00120,PROD00482,1,0.035486160397444996
PROD00075,PROD00271,1,0.035486160397444996
PROD00075,PROD00284,1,0.035486160397444996
PROD00271,PROD00284,1,0.035486160397444996
PROD00080,PROD00115,1,0.035486160397444996
PROD00080,PROD00386,1,0.035486160397444996
PROD00115,PROD00386,1,0.035486160397444996
PROD00115,PROD00392,1,0.035486160397444996
PROD00386,PROD00392,1,0.035486160397444996
PROD00051,PROD00259,1,0.035486160397444996
PROD00051,PROD00260,1,0.035486160397444996
PROD00259,PROD00260,1,0.035486160397444996
PROD00077,PROD00209,1,0.035486160397444996
PROD00058,PROD00093,1,0.035486160397444996
PROD00058,PROD00254,1,0.035486160397444996
PROD00093,PROD00254,1,0.035486160397444996
PROD00150,PROD00309,1,0.035486160397444996
PROD00144,PROD00201,1,0.035486160397444996
PROD00144,PROD00244,1,0.035486160397444996
PROD00201,PROD00244,1,0.035486160397444996
PROD00111,PROD00328,1,0.035486160397444996
PROD00111,PROD00395,1,0.035486160397444996
PROD00328,PROD00395,1,0.035486160397444996
PROD00039,PROD00056,1,0.035486160397444996
PROD00056,PROD00258,1,0.035486160397444996
PROD00345,PROD00379,1,0.035486160397444996
PROD00163,PROD00236,1,0.035486160397444996
PROD00248,PROD00437,1,0.035486160397444996
PROD00068,PROD00456,1,0.035486160397444996
PROD00023,PROD00210,1,0.035486160397444996
PROD00023,PROD00277,1,0.035486160397444996
PROD00210,PROD00277,1,0.035486160397444996
PROD00067,PROD00158,1,0.035486160397444996
PROD00067,PROD00396,1,0.035486160397444996
PROD00158,PROD00396,1,0.035486160397444996
PROD00031,PROD00156,1,0.035486160397444996
PROD00031,PROD00297,1,0.035486160397444996
PROD00156,PROD00297,1,0.035486160397444996
PROD00278,PROD00381,1,0.035486160397444996
PROD00160,PROD00455,1,0.035486160397444996
PROD00090,PROD00357,1,0.035486160397444996
PROD00090,PROD00465,1,0.035486160397444996
PROD00357,PROD00465,1,0.035486160397444996
PROD00225,PROD00331,1,0.035486160397444996
PROD00205,PROD00357,1,0.035486160397444996
PROD00205,PROD00359,1,0.035486160397444996
PROD00205,PROD00415,1,0.035486160397444996
PROD00357,PROD00359,1,0.035486160397444996
PROD00357,PROD00415,1,0.035486160397444996
PROD00359,PROD00415,1,0.035486160397444996
PROD00080,PROD00108,1,0.035486160397444996
PROD00080,PROD00251,1,0.035486160397444996
PROD00108,PROD00251,1,0.035486160397444996
PROD00210,PROD00264,1,0.035486160397444996
PROD00064,PROD00172,1,0.035486160397444996
PROD00201,PROD00369,1,0.035486160397444996
PROD00163,PROD00397,1,0.035486160397444996
PROD00163,PROD00477,1,0.035486160397444996
PROD00397,PROD00402,1,0.035486160397444996
PROD00397,PROD00477,1,0.035486160397444996
PROD00402,PROD00477,1,0.035486160397444996
PROD00184,PROD00428,1,0.035486160397444996
PROD00026,PROD00157,1,0.035486160397444996
PROD00199,PROD00297,1,0.035486160397444996
PROD00199,PROD00404,1,0.035486160397444996
PROD00297,PROD00404,1,0.035486160397444996
PROD00001,PROD00010,1,0.035486160397444996
PROD00001,PROD00096,1,0.035486160397444996
PROD00001,PROD00469,1,0.035486160397444996
PROD00010,PROD00096,1,0.035486160397444996
PROD00010,PROD00469,1,0.035486160397444996
PROD00096,PROD00469,1,0.035486160397444996
PROD00054,PROD00115,1,0.035486160397444996
PROD00054,PROD00324,1,0.035486160397444996
PROD00054,PROD00404,1,0.035486160397444996
PROD00115,PROD00324,1,0.035486160397444996
PROD00115,PROD00404,1,0.035486160397444996
PROD00324,PROD00404,1,0.035486160397444996
PROD00089,PROD00217,1,0.035486160397444996
PROD00156,PROD00362,1,0.035486160397444996
PROD00336,PROD00461,1,0.035486160397444996
PROD00058,PROD00195,1,0.035486160397444996
PROD00058,PROD00476,1,0.035486160397444996
PROD00195,PROD00476,1,0.035486160397444996
PROD00237,PROD00276,1,0.035486160397444996
PROD00110,PROD00486,1,0.035486160397444996
PROD00315,PROD00331,1,0.035486160397444996
PROD00439,PROD00465,1,0.035486160397444996
PROD00014,PROD00153,1,0.035486160397444996
PROD00127,PROD00153,1,0.035486160397444996
PROD00037,PROD00112,1,0.035486160397444996
PROD00037,PROD00316,1,0.035486160397444996
PROD00037,PROD00431,1,0.035486160397444996
PROD00112,PROD00316,1,0.035486160397444996
PROD00112,PROD00431,1,0.035486160397444996
PROD00316,PROD00431,1,0.035486160397444996
PROD00100,PROD00316,1,0.035486160397444996
PROD00100,PROD00323,1,0.035486160397444996
PROD00316,PROD00323,1,0.035486160397444996
PROD00004,PROD00059,1,0.035486160397444996
PROD00004,PROD00216,1,0.035486160397444996
PROD00059,PROD00216,1,0.035486160397444996
PROD00199,PROD00484,1,0.035486160397444996
PROD00160,PROD00185,1,0.035486160397444996
PROD00160,PROD00280,1,0.035486160397444996
PROD00185,PROD00280,1,0.035486160397444996
PROD00030,PROD00143,1,0.035486160397444996
PROD00247,PROD00283,1,0.035486160397444996
PROD00045,PROD00380,1,0.035486160397444996
PROD00045,PROD00412,1,0.035486160397444996
PROD00380,PROD00412,1,0.035486160397444996
PROD00281,PROD00383,1,0.035486160397444996
PROD00116,PROD00432,1,0.035486160397444996
PROD00177,PROD00477,1,0.035486160397444996
PROD00349,PROD00356,1,0.035486160397444996
PROD00295,PROD00464,1,0.035486160397444996
PROD00246,PROD00473,1,0.035486160397444996
PROD00107,PROD00195,1,0.035486160397444996
PROD00107,PROD00473,1,0.035486160397444996
PROD00195,PROD00473,1,0.035486160397444996
PROD00317,PROD00424,1,0.035486160397444996
PROD00317,PROD00485,1,0.035486160397444996
PROD00424,PROD00485,1,0.035486160397444996
PROD00250,PROD00352,1,0.035486160397444996
PROD00017,PROD00026,1,0.035486160397444996
PROD00017,PROD00134,1,0.035486160397444996
PROD00026,PROD00134,1,0.035486160397444996
PROD00157,PROD00232,1,0.035486160397444996
PROD00157,PROD00332,1,0.035486160397444996
PROD00232,PROD00332,1,0.035486160397444996
PROD00015,PROD00144,1,0.035486160397444996
PROD00015,PROD00428,1,0.035486160397444996
PROD00144,PROD00428,1,0.035486160397444996
PROD00199,PROD00313,1,0.035486160397444996
PROD00324,PROD00346,1,0.035486160397444996
PROD00084,PROD00360,1,0.035486160397444996
PROD00155,PROD00228,1,0.035486160397444996
PROD00155,PROD00357,1,0.035486160397444996
PROD00228,PROD00357,1,0.035486160397444996
PROD00088,PROD00121,1,0.035486160397444996
PROD00021,PROD00043,1,0.035486160397444996
PROD00021,PROD00392,1,0.035486160397444996
PROD00043,PROD00392,1,0.035486160397444996
PROD00006,PROD00067,1,0.035486160397444996
PROD00006,PROD00139,1,0.035486160397444996
PROD00067,PROD00139,1,0.035486160397444996
PROD00322,PROD00365,1,0.035486160397444996
PROD00205,PROD00381,1,0.035486160397444996
PROD00252,PROD00424,1,0.035486160397444996
PROD00173,PROD00412,1,0.035486160397444996
PROD00173,PROD00451,1,0.035486160397444996
PROD00412,PROD00451,1,0.035486160397444996
PROD00028,PROD00075,1,0.035486160397444996
PROD00028,PROD00078,1,0.035486160397444996
PROD00075,PROD00078,1,0.035486160397444996
PROD00035,PROD00432,1,0.035486160397444996
PROD00028,PROD00247,1,0.035486160397444996
PROD00028,PROD00421,1,0.035486160397444996
PROD00247,PROD00421,1,0.035486160397444996
PROD00021,PROD00073,1,0.035486160397444996
PROD00021,PROD00155,1,0.035486160397444996
PROD00021,PROD00437,1,0.035486160397444996
PROD00073,PROD00155,1,0.035486160397444996
PROD00073,PROD00437,1,0.035486160397444996
PROD00155,PROD00437,1,0.035486160397444996
PROD00236,PROD00368,1,0.035486160397444996
PROD00254,PROD00256,1,0.035486160397444996
PROD00254,PROD00443,1,0.035486160397444996
PROD00256,PROD00443,1,0.035486160397444996
PROD00041,PROD00269,1,0.035486160397444996
PROD00267,PROD00292,1,0.035486160397444996
PROD00267,PROD00446,1,0.035486160397444996
PROD00292,PROD00446,1,0.035486160397444996
PROD00013,PROD00195,1,0.035486160397444996
PROD00432,PROD00470,1,0.035486160397444996
PROD00102,PROD00468,1,0.035486160397444996
PROD00140,PROD00372,1,0.035486160397444996
PROD00145,PROD00476,1,0.035486160397444996
PROD00001,PROD00214,1,0.035486160397444996
PROD00220,PROD00342,1,0.035486160397444996
PROD00253,PROD00330,1,0.035486160397444996
PROD00033,PROD00199,1,0.035486160397444996
PROD00069,PROD00337,1,0.035486160397444996
PROD00069,PROD00456,1,0.035486160397444996
PROD00337,PROD00456,1,0.035486160397444996
PROD00006,PROD00480,1,0.035486160397444996
PROD00091,PROD00334,1,0.035486160397444996
PROD00158,PROD00250,1,0.035486160397444996
PROD00158,PROD00313,1,0.035486160397444996
PROD00250,PROD00313,1,0.035486160397444996
PROD00030,PROD00160,1,0.035486160397444996
PROD00014,PROD00452,1,0.035486160397444996
PROD00051,PROD00076,1,0.035486160397444996
PROD00076,PROD00382,1,0.035486160397444996
PROD00281,PROD00307,1,0.035486160397444996
PROD00281,PROD00335,1,0.035486160397444996
PROD00281,PROD00345,1,0.035486160397444996
PROD00307,PROD00335,1,0.035486160397444996
PROD00307,PROD00345,1,0.035486160397444996
PROD00335,PROD00345,1,0.035486160397444996
PROD00051,PROD00109,1,0.035486160397444996
PROD00051,PROD00327,1,0.035486160397444996
PROD00109,PROD00327,1,0.035486160397444996
PROD00154,PROD00378,1,0.035486160397444996
PROD00122,PROD00142,1,0.035486160397444996
PROD00091,PROD00454,1,0.035486160397444996
PROD00080,PROD00449,1,0.035486160397444996
PROD00467,PROD00474,1,0.035486160397444996
PROD00114,PROD00413,1,0.035486160397444996
PROD00103,PROD00153,1,0.035486160397444996
PROD00153,PROD00477,1,0.035486160397444996
PROD00311,PROD00383,1,0.035486160397444996
PROD00420,PROD00468,1,0.035486160397444996
PROD00275,PROD00337,1,0.035486160397444996
PROD00275,PROD00492,1,0.035486160397444996
PROD00337,PROD00492,1,0.035486160397444996
PROD00048,PROD00279,1,0.035486160397444996
PROD00071,PROD00215,1,0.035486160397444996
PROD00071,PROD00406,1,0.035486160397444996
PROD00215,PROD00406,1,0.035486160397444996
PROD00165,PROD00475,1,0.035486160397444996
PROD00077,PROD00174,1,0.035486160397444996
PROD00077,PROD00252,1,0.035486160397444996
PROD00174,PROD00252,1,0.035486160397444996
PROD00069,PROD00451,1,0.035486160397444996
PROD00130,PROD00324,1,0.035486160397444996
PROD00130,PROD00394,1,0.035486160397444996
PROD00130,PROD00461,1,0.035486160397444996
PROD00324,PROD00394,1,0.035486160397444996
PROD00324,PROD00461,1,0.035486160397444996
PROD00394,PROD00461,1,0.035486160397444996
PROD00057,PROD00224,1,0.035486160397444996
PROD00057,PROD00246,1,0.035486160397444996
PROD00224,PROD00246,1,0.035486160397444996
PROD00045,PROD00158,1,0.035486160397444996
PROD00309,PROD00473,1,0.035486160397444996
PROD00043,PROD00051,1,0.035486160397444996
PROD00180,PROD00387,1,0.035486160397444996
PROD00180,PROD00453,1,0.035486160397444996
PROD00387,PROD00453,1,0.035486160397444996
PROD00089,PROD00283,1,0.035486160397444996
PROD00048,PROD00345,1,0.035486160397444996
PROD00345,PROD00476,1,0.035486160397444996
PROD00278,PROD00407,1,0.035486160397444996
PROD00026,PROD00346,1,0.035486160397444996
PROD00010,PROD00205,1,0.035486160397444996
PROD00010,PROD00482,1,0.035486160397444996
PROD00205,PROD00482,1,0.035486160397444996
PROD00192,PROD00232,1,0.035486160397444996
PROD00378,PROD00468,1,0.035486160397444996
PROD00093,PROD00103,1,0.035486160397444996
PROD00093,PROD00367,1,0.035486160397444996
PROD00103,PROD00367,1,0.035486160397444996
PROD00296,PROD00481,1,0.035486160397444996
PROD00032,PROD00460,1,0.035486160397444996
PROD00063,PROD00438,1,0.035486160397444996
PROD00264,PROD00302,1,0.035486160397444996
PROD00264,PROD00407,1,0.035486160397444996
PROD00279,PROD00307,1,0.035486160397444996
PROD00279,PROD00455,1,0.035486160397444996
PROD00307,PROD00455,1,0.035486160397444996
PROD00005,PROD00156,1,0.035486160397444996
PROD00005,PROD00209,1,0.035486160397444996
PROD00156,PROD00209,1,0.035486160397444996
PROD00077,PROD00139,1,0.035486160397444996
PROD00077,PROD00468,1,0.035486160397444996
PROD00139,PROD00468,1,0.035486160397444996
PROD00052,PROD00054,1,0.035486160397444996
PROD00052,PROD00354,1,0.035486160397444996
PROD00054,PROD00354,1,0.035486160397444996
PROD00048,PROD00093,1,0.035486160397444996
PROD00048,PROD00193,1,0.035486160397444996
PROD00048,PROD00288,1,0.035486160397444996
PROD00093,PROD00193,1,0.035486160397444996
PROD00193,PROD00288,1,0.035486160397444996
PROD00089,PROD00393,1,0.035486160397444996
PROD00252,PROD00292,1,0.035486160397444996
PROD00061,PROD00135,1,0.035486160397444996
PROD00061,PROD00137,1,0.035486160397444996
PROD00135,PROD00137,1,0.035486160397444996
PROD00182,PROD00479,1,0.035486160397444996
PROD00182,PROD00486,1,0.035486160397444996
PROD00479,PROD00486,1,0.035486160397444996
PROD00217,PROD00338,1,0.035486160397444996
PROD00086,PROD00109,1,0.035486160397444996
PROD00296,PROD00385,1,0.035486160397444996
PROD00140,PROD00493,1,0.035486160397444996
PROD00463,PROD00493,1,0.035486160397444996
PROD00008,PROD00245,1,0.035486160397444996
PROD00046,PROD00073,1,0.035486160397444996
PROD00022,PROD00306,1,0.035486160397444996
PROD00022,PROD00360,1,0.035486160397444996
PROD00022,PROD00378,1,0.035486160397444996
PROD00306,PROD00360,1,0.035486160397444996
PROD00360,PROD00378,1,0.035486160397444996
PROD00309,PROD00388,1,0.035486160397444996
PROD00088,PROD00263,1,0.035486160397444996
PROD00117,PROD00153,1,0.035486160397444996
PROD00117,PROD00205,1,0.035486160397444996
PROD00153,PROD00205,1,0.035486160397444996
PROD00015,PROD00434,1,0.035486160397444996
PROD00056,PROD00060,1,0.035486160397444996
PROD00056,PROD00083,1,0.035486160397444996
PROD00060,PROD00083,1,0.035486160397444996
PROD00392,PROD00421,1,0.035486160397444996
PROD00097,PROD00221,1,0.035486160397444996
PROD00097,PROD00407,1,0.035486160397444996
PROD00221,PROD00407,1,0.035486160397444996
PROD00139,PROD00408,1,0.035486160397444996
PROD00125,PROD00490,1,0.035486160397444996
PROD00171,PROD00479,1,0.035486160397444996
PROD00137,PROD00219,1,0.035486160397444996
PROD00219,PROD00486,1,0.035486160397444996
PROD00039,PROD00057,1,0.035486160397444996
PROD00135,PROD00168,1,0.035486160397444996
PROD00380,PROD00463,1,0.035486160397444996
PROD00015,PROD00149,1,0.035486160397444996
PROD00015,PROD00182,1,0.035486160397444996
PROD00149,PROD00182,1,0.035486160397444996
PROD00149,PROD00334,1,0.035486160397444996
PROD00149,PROD00364,1,0.035486160397444996
PROD00334,PROD00364,1,0.035486160397444996
PROD00190,PROD00277,1,0.035486160397444996
PROD00262,PROD00323,1,0.035486160397444996
PROD00262,PROD00435,1,0.035486160397444996
PROD00323,PROD00435,1,0.035486160397444996
PROD00093,PROD00495,1,0.035486160397444996
PROD00039,PROD00491,1,0.035486160397444996
PROD00148,PROD00182,1,0.035486160397444996
PROD00148,PROD00275,1,0.035486160397444996
PROD00182,PROD00275,1,0.035486160397444996
PROD00021,PROD00312,1,0.035486160397444996
PROD00021,PROD00370,1,0.035486160397444996
PROD00164,PROD00338,1,0.035486160397444996
PROD00152,PROD00321,1,0.035486160397444996
PROD00235,PROD00301,1,0.035486160397444996
PROD00110,PROD00241,1,0.035486160397444996
PROD00110,PROD00488,1,0.035486160397444996
PROD00241,PROD00488,1,0.035486160397444996
PROD00270,PROD00295,1,0.035486160397444996
PROD00108,PROD00167,1,0.035486160397444996
PROD00108,PROD00245,1,0.035486160397444996
PROD00108,PROD00310,1,0.035486160397444996
PROD00167,PROD00245,1,0.035486160397444996
PROD00167,PROD00310,1,0.035486160397444996
PROD00245,PROD00310,1,0.035486160397444996
PROD00050,PROD00150,1,0.035486160397444996
PROD00050,PROD00461,1,0.035486160397444996
PROD00150,PROD00461,1,0.035486160397444996
PROD00032,PROD00114,1,0.035486160397444996
PROD00021,PROD00466,1,0.035486160397444996
PROD00032,PROD00046,1,0.035486160397444996
PROD00150,PROD00354,1,0.035486160397444996
PROD00309,PROD00369,1,0.035486160397444996
PROD00309,PROD00489,1,0.035486160397444996
PROD00369,PROD00489,1,0.035486160397444996
PROD00086,PROD00146,1,0.035486160397444996
PROD00009,PROD00024,1,0.035486160397444996
PROD00009,PROD00106,1,0.035486160397444996
PROD00024,PROD00106,1,0.035486160397444996
PROD00117,PROD00240,1,0.035486160397444996
PROD00117,PROD00381,1,0.035486160397444996
PROD00240,PROD00381,1,0.035486160397444996
PROD00012,PROD00482,1,0.035486160397444996
PROD00444,PROD00473,1,0.035486160397444996
PROD00051,PROD00414,1,0.035486160397444996
PROD00381,PROD00488,1,0.035486160397444996
PROD00040,PROD00054,1,0.035486160397444996
PROD00040,PROD00265,1,0.035486160397444996
PROD00040,PROD00300,1,0.035486160397444996
PROD00054,PROD00265,1,0.035486160397444996
PROD00054,PROD00300,1,0.035486160397444996
PROD00265,PROD00300,1,0.035486160397444996
PROD00333,PROD00413,1,0.035486160397444996
PROD00389,PROD00440,1,0.035486160397444996
PROD00062,PROD00121,1,0.035486160397444996
PROD00062,PROD00137,1,0.035486160397444996
PROD00121,PROD00137,1,0.035486160397444996
PROD00304,PROD00420,1,0.035486160397444996
PROD00304,PROD00488,1,0.035486160397444996
PROD00420,PROD00488,1,0.035486160397444996
PROD00015,PROD00354,1,0.035486160397444996
PROD00015,PROD00372,1,0.035486160397444996
PROD00354,PROD00372,1,0.035486160397444996
PROD00408,PROD00425,1,0.035486160397444996
PROD00408,PROD00476,1,0.035486160397444996
PROD00425,PROD00476,1,0.035486160397444996
PROD00269,PROD00347,1,0.035486160397444996
PROD00045,PROD00413,1,0.035486160397444996
PROD00181,PROD00438,1,0.035486160397444996
PROD00010,PROD00223,1,0.035486160397444996
PROD00034,PROD00391,1,0.035486160397444996
PROD00141,PROD00240,1,0.035486160397444996
PROD00239,PROD00240,1,0.035486160397444996
PROD00041,PROD00238,1,0.035486160397444996
PROD00087,PROD00276,1,0.035486160397444996
PROD00087,PROD00379,1,0.035486160397444996
PROD00276,PROD00379,1,0.035486160397444996
PROD00242,PROD00495,1,0.035486160397444996
PROD00136,PROD00346,1,0.035486160397444996
PROD00136,PROD00482,1,0.035486160397444996
PROD00346,PROD00381,1,0.035486160397444996
PROD00346,PROD00482,1,0.035486160397444996
PROD00381,PROD00482,1,0.035486160397444996
PROD00043,PROD00111,1,0.035486160397444996
PROD00043,PROD00203,1,0.035486160397444996
PROD00111,PROD00203,1,0.035486160397444996
PROD00174,PROD00388,1,0.035486160397444996
PROD00174,PROD00483,1,0.035486160397444996
PROD00388,PROD00483,1,0.035486160397444996
PROD00249,PROD00267,1,0.035486160397444996
PROD00249,PROD00303,1,0.035486160397444996
PROD00249,PROD00357,1,0.035486160397444996
PROD00267,PROD00303,1,0.035486160397444996
PROD00267,PROD00357,1,0.035486160397444996
PROD00303,PROD00357,1,0.035486160397444996
PROD00256,PROD00338,1,0.035486160397444996
PROD00256,PROD00464,1,0.035486160397444996
PROD00338,PROD00464,1,0.035486160397444996
PROD00003,PROD00144,1,0.035486160397444996
PROD00003,PROD00260,1,0.035486160397444996
PROD00003,PROD00381,1,0.035486160397444996
PROD00144,PROD00260,1,0.035486160397444996
PROD00144,PROD00381,1,0.035486160397444996
PROD00260,PROD00381,1,0.035486160397444996
PROD00371,PROD00373,1,0.035486160397444996
PROD00371,PROD00430,1,0.035486160397444996
PROD00373,PROD00430,1,0.035486160397444996
PROD00237,PROD00444,1,0.035486160397444996
PROD00237,PROD00471,1,0.035486160397444996
PROD00444,PROD00471,1,0.035486160397444996
PROD00163,PROD00252,1,0.035486160397444996
PROD00007,PROD00071,1,0.035486160397444996
PROD00007,PROD00249,1,0.035486160397444996
PROD00071,PROD00249,1,0.035486160397444996
PROD00098,PROD00274,1,0.035486160397444996
PROD00098,PROD00439,1,0.035486160397444996
PROD00238,PROD00274,1,0.035486160397444996
PROD00238,PROD00439,1,0.035486160397444996
PROD00274,PROD00439,1,0.035486160397444996
PROD00062,PROD00458,1,0.035486160397444996
PROD00240,PROD00484,1,0.035486160397444996
PROD00223,PROD00417,1,0.035486160397444996
PROD00179,PROD00195,1,0.035486160397444996
PROD00233,PROD00299,1,0.035486160397444996
PROD00233,PROD00413,1,0.035486160397444996
PROD00299,PROD00413,1,0.035486160397444996
PROD00091,PROD00365,1,0.035486160397444996
PROD00005,PROD00269,1,0.035486160397444996
PROD00155,PROD00444,1,0.035486160397444996
PROD00155,PROD00446,1,0.035486160397444996
PROD00444,PROD00446,1,0.035486160397444996
PROD00035,PROD00146,1,0.035486160397444996
PROD00100,PROD00348,1,0.035486160397444996
PROD00100,PROD00370,1,0.035486160397444996
PROD00100,PROD00428,1,0.035486160397444996
PROD00348,PROD00370,1,0.035486160397444996
PROD00348,PROD00428,1,0.035486160397444996
PROD00370,PROD00428,1,0.035486160397444996
PROD00184,PROD00197,1,0.035486160397444996
PROD00116,PROD00307,1,0.035486160397444996
PROD00116,PROD00316,1,0.035486160397444996
PROD00307,PROD00316,1,0.035486160397444996
PROD00159,PROD00313,1,0.035486160397444996
PROD00159,PROD00472,1,0.035486160397444996
PROD00313,PROD00472,1,0.035486160397444996
PROD00074,PROD00092,1,0.035486160397444996
PROD00074,PROD00208,1,0.035486160397444996
PROD00092,PROD00208,1,0.035486160397444996
PROD00082,PROD00255,1,0.035486160397444996
PROD00082,PROD00463,1,0.035486160397444996
PROD00255,PROD00463,1,0.035486160397444996
PROD00181,PROD00211,1,0.035486160397444996
PROD00181,PROD00355,1,0.035486160397444996
PROD00181,PROD00411,1,0.035486160397444996
PROD00211,PROD00355,1,0.035486160397444996
PROD00211,PROD00411,1,0.035486160397444996
PROD00355,PROD00411,1,0.035486160397444996
PROD00095,PROD00466,1,0.035486160397444996
PROD00245,PROD00263,1,0.035486160397444996
PROD00245,PROD00414,1,0.035486160397444996
PROD00263,PROD00414,1,0.035486160397444996
PROD00021,PROD00273,1,0.035486160397444996
PROD00022,PROD00432,1,0.035486160397444996
PROD00149,PROD00264,1,0.035486160397444996
PROD00149,PROD00402,1,0.035486160397444996
PROD00264,PROD00402,1,0.035486160397444996
PROD00185,PROD00249,1,0.035486160397444996
PROD00035,PROD00424,1,0.035486160397444996
PROD00138,PROD00352,1,0.035486160397444996
PROD00025,PROD00223,1,0.035486160397444996
PROD00110,PROD00223,1,0.035486160397444996
PROD00113,PROD00328,1,0.035486160397444996
PROD00301,PROD00415,1,0.035486160397444996
PROD00009,PROD00385,1,0.035486160397444996
PROD00022,PROD00211,1,0.035486160397444996
PROD00286,PROD00369,1,0.035486160397444996
PROD00136,PROD00262,1,0.035486160397444996
PROD00136,PROD00382,1,0.035486160397444996
PROD00262,PROD00382,1,0.035486160397444996
PROD00119,PROD00129,1,0.035486160397444996
PROD00119,PROD00228,1,0.035486160397444996
PROD00129,PROD00228,1,0.035486160397444996
PROD00260,PROD00294,1,0.035486160397444996
PROD00132,PROD00374,1,0.035486160397444996
PROD00132,PROD00412,1,0.035486160397444996
PROD00374,PROD00412,1,0.035486160397444996
PROD00350,PROD00377,1,0.035486160397444996
PROD00350,PROD00386,1,0.035486160397444996
PROD00350,PROD00465,1,0.035486160397444996
PROD00377,PROD00386,1,0.035486160397444996
PROD00377,PROD00465,1,0.035486160397444996
PROD00386,PROD00465,1,0.035486160397444996
PROD00043,PROD00220,1,0.035486160397444996
PROD00229,PROD00363,1,0.035486160397444996
PROD00037,PROD00189,1,0.035486160397444996
PROD00037,PROD00258,1,0.035486160397444996
PROD00189,PROD00258,1,0.035486160397444996
PROD00057,PROD00451,1,0.035486160397444996
PROD00400,PROD00451,1,0.035486160397444996
PROD00067,PROD00223,1,0.035486160397444996
PROD00067,PROD00429,1,0.035486160397444996
PROD00223,PROD00329,1,0.035486160397444996
PROD00223,PROD00429,1,0.035486160397444996
PROD00329,PROD00429,1,0.035486160397444996
PROD00032,PROD00157,1,0.035486160397444996
PROD00050,PROD00267,1,0.035486160397444996
PROD00072,PROD00120,1,0.035486160397444996
PROD00072,PROD00240,1,0.035486160397444996
PROD00072,PROD00408,1,0.035486160397444996
PROD00120,PROD00240,1,0.035486160397444996
PROD00120,PROD00408,1,0.035486160397444996
PROD00240,PROD00408,1,0.035486160397444996
PROD00262,PROD00454,1,0.035486160397444996
PROD00244,PROD00332,1,0.035486160397444996
PROD00033,PROD00055,1,0.035486160397444996
PROD00033,PROD00353,1,0.035486160397444996
PROD00055,PROD00353,1,0.035486160397444996
PROD00302,PROD00404,1,0.035486160397444996
PROD00112,PROD00242,1,0.035486160397444996
PROD00057,PROD00258,1,0.035486160397444996
PROD00099,PROD00379,1,0.035486160397444996
PROD00272,PROD00359,1,0.035486160397444996
PROD00272,PROD00442,1,0.035486160397444996
PROD00359,PROD00442,1,0.035486160397444996
PROD00359,PROD00361,1,0.035486160397444996
PROD00018,PROD00408,1,0.035486160397444996
PROD00018,PROD00436,1,0.035486160397444996
PROD00408,PROD00436,1,0.035486160397444996
PROD00236,PROD00264,1,0.035486160397444996
PROD00103,PROD00231,1,0.035486160397444996
PROD00449,PROD00474,1,0.035486160397444996
PROD00280,PROD00465,1,0.035486160397444996
PROD00010,PROD00039,1,0.035486160397444996
PROD00125,PROD00354,1,0.035486160397444996
PROD00125,PROD00382,1,0.035486160397444996
PROD00354,PROD00382,1,0.035486160397444996
PROD00284,PROD00441,1,0.035486160397444996
PROD00157,PROD00304,1,0.035486160397444996
PROD00157,PROD00322,1,0.035486160397444996
PROD00304,PROD00322,1,0.035486160397444996
PROD00039,PROD00178,1,0.035486160397444996
PROD00120,PROD00213,1,0.035486160397444996
PROD00227,PROD00328,1,0.035486160397444996
PROD00227,PROD00411,1,0.035486160397444996
PROD00328,PROD00411,1,0.035486160397444996
PROD00258,PROD00464,1,0.035486160397444996
PROD00124,PROD00489,1,0.035486160397444996
PROD00172,PROD00240,1,0.035486160397444996
PROD00172,PROD00449,1,0.035486160397444996
PROD00240,PROD00449,1,0.035486160397444996
PROD00194,PROD00477,1,0.035486160397444996
PROD00038,PROD00052,1,0.035486160397444996
PROD00222,PROD00460,1,0.035486160397444996
PROD00122,PROD00391,1,0.035486160397444996
PROD00050,PROD00300,1,0.035486160397444996
PROD00042,PROD00054,1,0.035486160397444996
PROD00042,PROD00060,1,0.035486160397444996
PROD00042,PROD00105,1,0.035486160397444996
PROD00054,PROD00060,1,0.035486160397444996
PROD00054,PROD00105,1,0.035486160397444996
PROD00060,PROD00105,1,0.035486160397444996
PROD00329,PROD00434,1,0.035486160397444996
PROD00062,PROD00138,1,0.035486160397444996
PROD00062,PROD00421,1,0.035486160397444996
PROD00138,PROD00421,1,0.035486160397444996
PROD00433,PROD00435,1,0.035486160397444996
PROD00043,PROD00128,1,0.035486160397444996
PROD00043,PROD00400,1,0.035486160397444996
PROD00128,PROD00400,1,0.035486160397444996
PROD00051,PROD00243,1,0.035486160397444996
PROD00051,PROD00421,1,0.035486160397444996
PROD00243,PROD00421,1,0.035486160397444996
PROD00076,PROD00437,1,0.035486160397444996
PROD00102,PROD00253,1,0.035486160397444996
PROD00102,PROD00263,1,0.035486160397444996
PROD00102,PROD00413,1,0.035486160397444996
PROD00253,PROD00263,1,0.035486160397444996
PROD00253,PROD00413,1,0.035486160397444996
PROD00263,PROD00413,1,0.035486160397444996
PROD00060,PROD00313,1,0.035486160397444996
PROD00232,PROD00234,1,0.035486160397444996
PROD00240,PROD00493,1,0.035486160397444996
PROD00135,PROD00293,1,0.035486160397444996
PROD00196,PROD00349,1,0.035486160397444996
PROD00473,PROD00491,1,0.035486160397444996
PROD00360,PROD00447,1,0.035486160397444996
PROD00095,PROD00331,1,0.035486160397444996
PROD00095,PROD00485,1,0.035486160397444996
PROD00331,PROD00485,1,0.035486160397444996
PROD00214,PROD00423,1,0.035486160397444996
PROD00136,PROD00407,1,0.035486160397444996
PROD00121,PROD00157,1,0.035486160397444996
PROD00121,PROD00383,1,0.035486160397444996
PROD00157,PROD00383,1,0.035486160397444996
PROD00043,PROD00375,1,0.035486160397444996
PROD00043,PROD00406,1,0.035486160397444996
PROD00375,PROD00406,1,0.035486160397444996
PROD00224,PROD00307,1,0.035486160397444996
PROD00318,PROD00390,1,0.035486160397444996
PROD00119,PROD00209,1,0.035486160397444996
PROD00076,PROD00251,1,0.035486160397444996
PROD00285,PROD00323,1,0.035486160397444996
PROD00285,PROD00447,1,0.035486160397444996
PROD00323,PROD00447,1,0.035486160397444996
PROD00209,PROD00411,1,0.035486160397444996
PROD00066,PROD00317,1,0.035486160397444996
PROD00066,PROD00480,1,0.035486160397444996
PROD00317,PROD00480,1,0.035486160397444996
PROD00199,PROD00311,1,0.035486160397444996
PROD00199,PROD00317,1,0.035486160397444996
PROD00199,PROD00369,1,0.035486160397444996
PROD00311,PROD00317,1,0.035486160397444996
PROD00311,PROD00369,1,0.035486160397444996
PROD00317,PROD00369,1,0.035486160397444996
PROD00343,PROD00397,1,0.035486160397444996
PROD00098,PROD00468,1,0.035486160397444996
PROD00083,PROD00140,1,0.035486160397444996
PROD00083,PROD00258,1,0.035486160397444996
PROD00346,PROD00481,1,0.035486160397444996
PROD00124,PROD00344,1,0.035486160397444996
PROD00124,PROD00422,1,0.035486160397444996
PROD00344,PROD00422,1,0.035486160397444996
PROD00069,PROD00110,1,0.035486160397444996
PROD00069,PROD00469,1,0.035486160397444996
PROD00110,PROD00469,1,0.035486160397444996
PROD00402,PROD00423,1,0.035486160397444996
PROD00347,PROD00438,1,0.035486160397444996
PROD00347,PROD00446,1,0.035486160397444996
PROD00438,PROD00446,1,0.035486160397444996
PROD00287,PROD00381,1,0.035486160397444996
PROD00374,PROD00380,1,0.035486160397444996
PROD00026,PROD00099,1,0.035486160397444996
PROD00027,PROD00064,1,0.035486160397444996
PROD00027,PROD00197,1,0.035486160397444996
PROD00064,PROD00197,1,0.035486160397444996
PROD00072,PROD00326,1,0.035486160397444996
PROD00121,PROD00231,1,0.035486160397444996
PROD00121,PROD00285,1,0.035486160397444996
PROD00231,PROD00285,1,0.035486160397444996
PROD00023,PROD00047,1,0.035486160397444996
PROD00023,PROD00124,1,0.035486160397444996
PROD00047,PROD00124,1,0.035486160397444996
PROD00172,PROD00303,1,0.035486160397444996
PROD00035,PROD00312,1,0.035486160397444996
PROD00035,PROD00334,1,0.035486160397444996
PROD00312,PROD00334,1,0.035486160397444996
PROD00312,PROD00335,1,0.035486160397444996
PROD00334,PROD00335,1,0.035486160397444996
PROD00156,PROD00229,1,0.035486160397444996
PROD00156,PROD00455,1,0.035486160397444996
PROD00229,PROD00455,1,0.035486160397444996
PROD00013,PROD00197,1,0.035486160397444996
PROD00198,PROD00389,1,0.035486160397444996
PROD00056,PROD00186,1,0.035486160397444996
PROD00156,PROD00216,1,0.035486160397444996
PROD00156,PROD00408,1,0.035486160397444996
PROD00216,PROD00408,1,0.035486160397444996
PROD00258,PROD00374,1,0.035486160397444996
PROD00258,PROD00480,1,0.035486160397444996
PROD00374,PROD00480,1,0.035486160397444996
PROD00114,PROD00353,1,0.035486160397444996
PROD00114,PROD00397,1,0.035486160397444996
PROD00353,PROD00397,1,0.035486160397444996
PROD00121,PROD00279,1,0.035486160397444996
PROD00279,PROD00340,1,0.035486160397444996
PROD00160,PROD00447,1,0.035486160397444996
PROD00040,PROD00476,1,0.035486160397444996
PROD00386,PROD00427,1,0.035486160397444996
PROD00215,PROD00221,1,0.035486160397444996
PROD00215,PROD00465,1,0.035486160397444996
PROD00221,PROD00465,1,0.035486160397444996
PROD00223,PROD00253,1,0.035486160397444996
PROD00223,PROD00350,1,0.035486160397444996
PROD00223,PROD00456,1,0.035486160397444996
PROD00253,PROD00350,1,0.035486160397444996
PROD00253,PROD00456,1,0.035486160397444996
PROD00350,PROD00456,1,0.035486160397444996
PROD00366,PROD00398,1,0.035486160397444996
PROD00152,PROD00347,1,0.035486160397444996
PROD00152,PROD00451,1,0.035486160397444996
PROD00347,PROD00451,1,0.035486160397444996
PROD00294,PROD00434,1,0.035486160397444996
PROD00343,PROD00461,1,0.035486160397444996
PROD00077,PROD00245,1,0.035486160397444996
PROD00077,PROD00409,1,0.035486160397444996
PROD00245,PROD00409,1,0.035486160397444996
PROD00001,PROD00043,1,0.035486160397444996
PROD00001,PROD00098,1,0.035486160397444996
PROD00043,PROD00050,1,0.035486160397444996
PROD00043,PROD00098,1,0.035486160397444996
PROD00050,PROD00098,1,0.035486160397444996
PROD00128,PROD00155,1,0.035486160397444996
PROD00128,PROD00165,1,0.035486160397444996
PROD00128,PROD00337,1,0.035486160397444996
PROD00155,PROD00165,1,0.035486160397444996
PROD00155,PROD00337,1,0.035486160397444996
PROD00165,PROD00337,1,0.035486160397444996
PROD00036,PROD00170,1,0.035486160397444996
PROD00036,PROD00266,1,0.035486160397444996
PROD00170,PROD00266,1,0.035486160397444996
PROD00187,PROD00230,1,0.035486160397444996
PROD00187,PROD00493,1,0.035486160397444996
PROD00230,PROD00493,1,0.035486160397444996
PROD00254,PROD00420,1,0.035486160397444996
PROD00420,PROD00480,1,0.035486160397444996
PROD00398,PROD00435,1,0.035486160397444996
PROD00298,PROD00382,1,0.035486160397444996
PROD00298,PROD00452,1,0.035486160397444996
PROD00382,PROD00452,1,0.035486160397444996
PROD00060,PROD00153,1,0.035486160397444996
PROD00213,PROD00386,1,0.035486160397444996
PROD00242,PROD00312,1,0.035486160397444996
PROD00242,PROD00490,1,0.035486160397444996
PROD00127,PROD00256,1,0.035486160397444996
PROD00127,PROD00487,1,0.035486160397444996
PROD00256,PROD00273,1,0.035486160397444996
PROD00256,PROD00487,1,0.035486160397444996
PROD00273,PROD00487,1,0.035486160397444996
PROD00093,PROD00314,1,0.035486160397444996
PROD00216,PROD00257,1,0.035486160397444996
PROD00018,PROD00069,1,0.035486160397444996
PROD00018,PROD00241,1,0.035486160397444996
PROD00069,PROD00241,1,0.035486160397444996
PROD00310,PROD00476,1,0.035486160397444996
PROD00038,PROD00055,1,0.035486160397444996
PROD00038,PROD00184,1,0.035486160397444996
PROD00038,PROD00377,1,0.035486160397444996
PROD00055,PROD00184,1,0.035486160397444996
PROD00055,PROD00377,1,0.035486160397444996
PROD00184,PROD00377,1,0.035486160397444996
PROD00317,PROD00347,1,0.035486160397444996
PROD00382,PROD00432,1,0.035486160397444996
PROD00120,PROD00260,1,0.035486160397444996
PROD00120,PROD00306,1,0.035486160397444996
PROD00260,PROD00306,1,0.035486160397444996
PROD00194,PROD00338,1,0.035486160397444996
PROD00194,PROD00467,1,0.035486160397444996
PROD00338,PROD00467,1,0.035486160397444996
PROD00135,PROD00474,1,0.035486160397444996
PROD00133,PROD00247,1,0.035486160397444996
PROD00382,PROD00427,1,0.035486160397444996
PROD00166,PROD00244,1,0.035486160397444996
PROD00193,PROD00353,1,0.035486160397444996
PROD00193,PROD00462,1,0.035486160397444996
PROD00353,PROD00462,1,0.035486160397444996
PROD00110,PROD00385,1,0.035486160397444996
PROD00012,PROD00372,1,0.035486160397444996
PROD00081,PROD00216,1,0.035486160397444996
PROD00081,PROD00317,1,0.035486160397444996
PROD00216,PROD00317,1,0.035486160397444996
PROD00196,PROD00286,1,0.035486160397444996
PROD00196,PROD00333,1,0.035486160397444996
PROD00196,PROD00475,1,0.035486160397444996
PROD00286,PROD00475,1,0.035486160397444996
PROD00333,PROD00475,1,0.035486160397444996
PROD00007,PROD00348,1,0.035486160397444996
PROD00095,PROD00240,1,0.035486160397444996
PROD00172,PROD00299,1,0.035486160397444996
PROD00172,PROD00418,1,0.035486160397444996
PROD00299,PROD00418,1,0.035486160397444996
PROD00078,PROD00369,1,0.035486160397444996
PROD00011,PROD00413,1,0.035486160397444996
PROD00017,PROD00090,1,0.035486160397444996
PROD00017,PROD00312,1,0.035486160397444996
PROD00090,PROD00312,1,0.035486160397444996
PROD00373,PROD00402,1,0.035486160397444996
PROD00005,PROD00318,1,0.035486160397444996
PROD00168,PROD00229,1,0.035486160397444996
PROD00214,PROD00255,1,0.035486160397444996
PROD00318,PROD00425,1,0.035486160397444996
PROD00392,PROD00422,1,0.035486160397444996
PROD00018,PROD00416,1,0.035486160397444996
PROD00029,PROD00046,1,0.035486160397444996
PROD00029,PROD00261,1,0.035486160397444996
PROD00046,PROD00261,1,0.035486160397444996
PROD00146,PROD00395,1,0.035486160397444996
PROD00048,PROD00225,1,0.035486160397444996
PROD00048,PROD00294,1,0.035486160397444996
PROD00048,PROD00407,1,0.035486160397444996
PROD00225,PROD00294,1,0.035486160397444996
PROD00225,PROD00407,1,0.035486160397444996
PROD00294,PROD00407,1,0.035486160397444996
PROD00158,PROD00408,1,0.035486160397444996
PROD00105,PROD00370,1,0.035486160397444996
PROD00014,PROD00117,1,0.035486160397444996
PROD00014,PROD00426,1,0.035486160397444996
PROD00014,PROD00492,1,0.035486160397444996
PROD00117,PROD00426,1,0.035486160397444996
PROD00117,PROD00492,1,0.035486160397444996
PROD00426,PROD00492,1,0.035486160397444996
PROD00220,PROD00276,1,0.035486160397444996
PROD00019,PROD00251,1,0.035486160397444996
PROD00102,PROD00489,1,0.035486160397444996
PROD00160,PROD00170,1,0.035486160397444996
PROD00160,PROD00431,1,0.035486160397444996
PROD00170,PROD00431,1,0.035486160397444996
PROD00038,PROD00256,1,0.035486160397444996
PROD00084,PROD00198,1,0.035486160397444996
PROD00085,PROD00227,1,0.035486160397444996
PROD00107,PROD00460,1,0.035486160397444996
PROD00103,PROD00373,1,0.035486160397444996
PROD00113,PROD00477,1,0.035486160397444996
PROD00273,PROD00413,1,0.035486160397444996
PROD00073,PROD00335,1,0.035486160397444996
PROD00073,PROD00414,1,0.035486160397444996
PROD00073,PROD00478,1,0.035486160397444996
PROD00335,PROD00414,1,0.035486160397444996
PROD00335,PROD00478,1,0.035486160397444996
PROD00414,PROD00478,1,0.035486160397444996
PROD00268,PROD00269,1,0.035486160397444996
PROD00268,PROD00286,1,0.035486160397444996
PROD00269,PROD00286,1,0.035486160397444996
PROD00245,PROD00461,1,0.035486160397444996
PROD00075,PROD00232,1,0.035486160397444996
PROD00120,PROD00180,1,0.035486160397444996
PROD00120,PROD00277,1,0.035486160397444996
PROD00180,PROD00277,1,0.035486160397444996
PROD00207,PROD00351,1,0.035486160397444996
PROD00159,PROD00160,1,0.035486160397444996
PROD00270,PROD00422,1,0.035486160397444996
PROD00392,PROD00494,1,0.035486160397444996
PROD00353,PROD00408,1,0.035486160397444996
PROD00174,PROD00471,1,0.035486160397444996
PROD00448,PROD00471,1,0.035486160397444996
PROD00375,PROD00467,1,0.035486160397444996
PROD00214,PROD00434,1,0.035486160397444996
PROD00339,PROD00379,1,0.035486160397444996
PROD00101,PROD00298,1,0.035486160397444996
PROD00120,PROD00259,1,0.035486160397444996
PROD00120,PROD00386,1,0.035486160397444996
PROD00120,PROD00439,1,0.035486160397444996
PROD00259,PROD00386,1,0.035486160397444996
PROD00259,PROD00439,1,0.035486160397444996
PROD00386,PROD00439,1,0.035486160397444996
PROD00275,PROD00313,1,0.035486160397444996
PROD00313,PROD00450,1,0.035486160397444996
PROD00041,PROD00045,1,0.035486160397444996
PROD00044,PROD00383,1,0.035486160397444996
PROD00004,PROD00013,1,0.035486160397444996
PROD00004,PROD00096,1,0.035486160397444996
PROD00013,PROD00096,1,0.035486160397444996
PROD00127,PROD00401,1,0.035486160397444996
PROD00087,PROD00386,1,0.035486160397444996
PROD00105,PROD00444,1,0.035486160397444996
PROD00218,PROD00354,1,0.035486160397444996
PROD00043,PROD00252,1,0.035486160397444996
PROD00359,PROD00362,1,0.035486160397444996
PROD00267,PROD00430,1,0.035486160397444996
PROD00109,PROD00359,1,0.035486160397444996
PROD00210,PROD00495,1,0.035486160397444996
PROD00117,PROD00181,1,0.035486160397444996
PROD00117,PROD00318,1,0.035486160397444996
PROD00181,PROD00318,1,0.035486160397444996
PROD00050,PROD00381,1,0.035486160397444996
PROD00268,PROD00415,1,0.035486160397444996
PROD00118,PROD00338,1,0.035486160397444996
PROD00037,PROD00289,1,0.035486160397444996
PROD00382,PROD00467,1,0.035486160397444996
PROD00082,PROD00165,1,0.035486160397444996
PROD00082,PROD00254,1,0.035486160397444996
PROD00165,PROD00254,1,0.035486160397444996
PROD00291,PROD00495,1,0.035486160397444996
PROD00114,PROD00151,1,0.035486160397444996
PROD00114,PROD00255,1,0.035486160397444996
PROD00151,PROD00255,1,0.035486160397444996
PROD00058,PROD00240,1,0.035486160397444996
PROD00058,PROD00479,1,0.035486160397444996
PROD00240,PROD00479,1,0.035486160397444996
PROD00079,PROD00153,1,0.035486160397444996
PROD00335,PROD00485,1,0.035486160397444996
PROD00081,PROD00134,1,0.035486160397444996
PROD00153,PROD00311,1,0.035486160397444996
PROD00179,PROD00434,1,0.035486160397444996
PROD00010,PROD00108,1,0.035486160397444996
PROD00277,PROD00287,1,0.035486160397444996
PROD00048,PROD00158,1,0.035486160397444996
PROD00048,PROD00442,1,0.035486160397444996
PROD00158,PROD00442,1,0.035486160397444996
PROD00064,PROD00480,1,0.035486160397444996
PROD00096,PROD00480,1,0.035486160397444996
PROD00274,PROD00312,1,0.035486160397444996
PROD00412,PROD00415,1,0.035486160397444996
PROD00125,PROD00282,1,0.035486160397444996
PROD00225,PROD00495,1,0.035486160397444996
PROD00309,PROD00453,1,0.035486160397444996
PROD00068,PROD00360,1,0.035486160397444996
PROD00068,PROD00366,1,0.035486160397444996
PROD00360,PROD00366,1,0.035486160397444996
PROD00065,PROD00242,1,0.035486160397444996
PROD00065,PROD00252,1,0.035486160397444996
PROD00242,PROD00252,1,0.035486160397444996
PROD00114,PROD00334,1,0.035486160397444996
PROD00133,PROD00386,1,0.035486160397444996
PROD00138,PROD00418,1,0.035486160397444996
PROD00104,PROD00190,1,0.035486160397444996
PROD00026,PROD00360,1,0.035486160397444996
PROD00105,PROD00131,1,0.035486160397444996
PROD00012,PROD00054,1,0.035486160397444996
PROD00012,PROD00238,1,0.035486160397444996
PROD00054,PROD00238,1,0.035486160397444996
PROD00221,PROD00294,1,0.035486160397444996
PROD00221,PROD00491,1,0.035486160397444996
PROD00294,PROD00491,1,0.035486160397444996
PROD00229,PROD00282,1,0.035486160397444996
PROD00045,PROD00178,1,0.035486160397444996
PROD00064,PROD00098,1,0.035486160397444996
PROD00064,PROD00323,1,0.035486160397444996
PROD00098,PROD00323,1,0.035486160397444996
PROD00081,PROD00346,1,0.035486160397444996
PROD00081,PROD00489,1,0.035486160397444996
PROD00346,PROD00489,1,0.035486160397444996
PROD00098,PROD00228,1,0.035486160397444996
PROD00228,PROD00235,1,0.035486160397444996
PROD00275,PROD00283,1,0.035486160397444996
PROD00205,PROD00383,1,0.035486160397444996
PROD00205,PROD00478,1,0.035486160397444996
PROD00256,PROD00383,1,0.035486160397444996
PROD00256,PROD00478,1,0.035486160397444996
PROD00383,PROD00478,1,0.035486160397444996
PROD00121,PROD00206,1,0.035486160397444996
PROD00241,PROD00263,1,0.035486160397444996
PROD00138,PROD00384,1,0.035486160397444996
PROD00075,PROD00081,1,0.035486160397444996
PROD00075,PROD00416,1,0.035486160397444996
PROD00081,PROD00416,1,0.035486160397444996
PROD00093,PROD00372,1,0.035486160397444996
PROD00488,PROD00494,1,0.035486160397444996
PROD00203,PROD00276,1,0.035486160397444996
PROD00058,PROD00200,1,0.035486160397444996
PROD00054,PROD00123,1,0.035486160397444996
PROD00054,PROD00159,1,0.035486160397444996
PROD00123,PROD00159,1,0.035486160397444996
PROD00315,PROD00422,1,0.035486160397444996
PROD00199,PROD00239,1,0.035486160397444996
PROD00199,PROD00476,1,0.035486160397444996
PROD00239,PROD00476,1,0.035486160397444996
PROD00200,PROD00282,1,0.035486160397444996
PROD00200,PROD00305,1,0.035486160397444996
PROD00282,PROD00305,1,0.035486160397444996
PROD00069,PROD00155,1,0.035486160397444996
PROD00005,PROD00061,1,0.035486160397444996
PROD00005,PROD00204,1,0.035486160397444996
PROD00061,PROD00204,1,0.035486160397444996
PROD00255,PROD00432,1,0.035486160397444996
PROD00050,PROD00277,1,0.035486160397444996
PROD00277,PROD00302,1,0.035486160397444996
PROD00248,PROD00286,1,0.035486160397444996
PROD00248,PROD00425,1,0.035486160397444996
PROD00449,PROD00466,1,0.035486160397444996
PROD00151,PROD00316,1,0.035486160397444996
PROD00151,PROD00486,1,0.035486160397444996
PROD00316,PROD00486,1,0.035486160397444996
PROD00329,PROD00460,1,0.035486160397444996
PROD00069,PROD00258,1,0.035486160397444996
PROD00069,PROD00411,1,0.035486160397444996
PROD00258,PROD00411,1,0.035486160397444996
PROD00139,PROD00269,1,0.035486160397444996
PROD00386,PROD00494,1,0.035486160397444996
PROD00038,PROD00098,1,0.035486160397444996
PROD00007,PROD00223,1,0.035486160397444996
PROD00007,PROD00419,1,0.035486160397444996
PROD00223,PROD00419,1,0.035486160397444996
PROD00166,PROD00342,1,0.035486160397444996
PROD00250,PROD00342,1,0.035486160397444996
PROD00044,PROD00261,1,0.035486160397444996
PROD00044,PROD00471,1,0.035486160397444996
PROD00261,PROD00471,1,0.035486160397444996
PROD00090,PROD00114,1,0.035486160397444996
PROD00090,PROD00432,1,0.035486160397444996
PROD00114,PROD00432,1,0.035486160397444996
PROD00040,PROD00317,1,0.035486160397444996
PROD00027,PROD00252,1,0.035486160397444996
PROD00027,PROD00440,1,0.035486160397444996
PROD00252,PROD00440,1,0.035486160397444996
PROD00011,PROD00375,1,0.035486160397444996
PROD00234,PROD00387,1,0.035486160397444996
PROD00234,PROD00388,1,0.035486160397444996
PROD00387,PROD00388,1,0.035486160397444996
PROD00241,PROD00286,1,0.035486160397444996
PROD00286,PROD00349,1,0.035486160397444996
PROD00074,PROD00121,1,0.035486160397444996
PROD00074,PROD00425,1,0.035486160397444996
PROD00074,PROD00480,1,0.035486160397444996
PROD00425,PROD00480,1,0.035486160397444996
PROD00109,PROD00197,1,0.035486160397444996
PROD00109,PROD00227,1,0.035486160397444996
PROD00361,PROD00373,1,0.035486160397444996
PROD00361,PROD00445,1,0.035486160397444996
PROD00373,PROD00445,1,0.035486160397444996
PROD00298,PROD00464,1,0.035486160397444996
PROD00073,PROD00381,1,0.035486160397444996
PROD00054,PROD00340,1,0.035486160397444996
PROD00004,PROD00093,1,0.035486160397444996
PROD00004,PROD00333,1,0.035486160397444996
PROD00093,PROD00333,1,0.035486160397444996
PROD00028,PROD00210,1,0.035486160397444996
PROD00028,PROD00267,1,0.035486160397444996
PROD00210,PROD00267,1,0.035486160397444996
PROD00129,PROD00427,1,0.035486160397444996
PROD00350,PROD00427,1,0.035486160397444996
PROD00308,PROD00426,1,0.035486160397444996
PROD00219,PROD00332,1,0.035486160397444996
PROD00219,PROD00467,1,0.035486160397444996
PROD00332,PROD00447,1,0.035486160397444996
PROD00332,PROD00467,1,0.035486160397444996
PROD00447,PROD00467,1,0.035486160397444996
PROD00196,PROD00244,1,0.035486160397444996
PROD00196,PROD00344,1,0.035486160397444996
PROD00244,PROD00344,1,0.035486160397444996
PROD00210,PROD00212,1,0.035486160397444996
PROD00065,PROD00446,1,0.035486160397444996
PROD00075,PROD00239,1,0.035486160397444996
PROD00075,PROD00282,1,0.035486160397444996
PROD00239,PROD00282,1,0.035486160397444996
PROD00122,PROD00261,1,0.035486160397444996
PROD00064,PROD00135,1,0.035486160397444996
PROD00064,PROD00471,1,0.035486160397444996
PROD00135,PROD00471,1,0.035486160397444996
PROD00003,PROD00402,1,0.035486160397444996
PROD00370,PROD00445,1,0.035486160397444996
PROD00370,PROD00472,1,0.035486160397444996
PROD00445,PROD00472,1,0.035486160397444996
PROD00020,PROD00157,1,0.035486160397444996
PROD00020,PROD00193,1,0.035486160397444996
PROD00157,PROD00193,1,0.035486160397444996
PROD00182,PROD00193,1,0.035486160397444996
PROD00182,PROD00238,1,0.035486160397444996
PROD00193,PROD00238,1,0.035486160397444996
PROD00061,PROD00445,1,0.035486160397444996
PROD00084,PROD00153,1,0.035486160397444996
PROD00005,PROD00165,1,0.035486160397444996
PROD00411,PROD00436,1,0.035486160397444996
PROD00351,PROD00435,1,0.035486160397444996
PROD00140,PROD00369,1,0.035486160397444996
PROD00140,PROD00376,1,0.035486160397444996
PROD00140,PROD00407,1,0.035486160397444996
PROD00369,PROD00376,1,0.035486160397444996
PROD00369,PROD00407,1,0.035486160397444996
PROD00376,PROD00407,1,0.035486160397444996
PROD00057,PROD00454,1,0.035486160397444996
PROD00339,PROD00482,1,0.035486160397444996
PROD00101,PROD00331,1,0.035486160397444996
PROD00004,PROD00073,1,0.035486160397444996
PROD00004,PROD00408,1,0.035486160397444996
PROD00135,PROD00153,1,0.035486160397444996
PROD00195,PROD00423,1,0.035486160397444996
PROD00402,PROD00444,1,0.035486160397444996
PROD00070,PROD00326,1,0.035486160397444996
PROD00269,PROD00484,1,0.035486160397444996
PROD00145,PROD00155,1,0.035486160397444996
PROD00145,PROD00246,1,0.035486160397444996
PROD00155,PROD00246,1,0.035486160397444996
PROD00071,PROD00235,1,0.035486160397444996
PROD00071,PROD00337,1,0.035486160397444996
PROD00235,PROD00337,1,0.035486160397444996
PROD00119,PROD00256,1,0.035486160397444996
PROD00005,PROD00257,1,0.035486160397444996
PROD00062,PROD00477,1,0.035486160397444996
PROD00016,PROD00079,1,0.035486160397444996
PROD00016,PROD00326,1,0.035486160397444996
PROD00079,PROD00326,1,0.035486160397444996
PROD00161,PROD00422,1,0.035486160397444996
PROD00285,PROD00456,1,0.035486160397444996
PROD00436,PROD00438,1,0.035486160397444996
PROD00019,PROD00065,1,0.035486160397444996
PROD00019,PROD00179,1,0.035486160397444996
PROD00065,PROD00179,1,0.035486160397444996
PROD00333,PROD00373,1,0.035486160397444996
PROD00024,PROD00121,1,0.035486160397444996
PROD00024,PROD00400,1,0.035486160397444996
PROD00121,PROD00400,1,0.035486160397444996
PROD00088,PROD00180,1,0.035486160397444996
PROD00124,PROD00217,1,0.035486160397444996
PROD00117,PROD00198,1,0.035486160397444996
PROD00117,PROD00419,1,0.035486160397444996
PROD00198,PROD00419,1,0.035486160397444996
PROD00205,PROD00225,1,0.035486160397444996
PROD00012,PROD00079,1,0.035486160397444996
PROD00012,PROD00201,1,0.035486160397444996
PROD00079,PROD00201,1,0.035486160397444996
PROD00064,PROD00131,1,0.035486160397444996
PROD00116,PROD00439,1,0.035486160397444996
PROD00327,PROD00387,1,0.035486160397444996
PROD00201,PROD00361,1,0.035486160397444996
PROD00396,PROD00483,1,0.035486160397444996
PROD00105,PROD00436,1,0.035486160397444996
PROD00036,PROD00142,1,0.035486160397444996
PROD00098,PROD00388,1,0.035486160397444996
PROD00346,PROD00364,1,0.035486160397444996
PROD00362,PROD00382,1,0.035486160397444996
PROD00160,PROD00424,1,0.035486160397444996
PROD00073,PROD00392,1,0.035486160397444996
PROD00171,PROD00300,1,0.035486160397444996
PROD00171,PROD00392,1,0.035486160397444996
PROD00300,PROD00392,1,0.035486160397444996
PROD00021,PROD00022,1,0.035486160397444996
PROD00012,PROD00331,1,0.035486160397444996
PROD00406,PROD00435,1,0.035486160397444996
PROD00185,PROD00420,1,0.035486160397444996
PROD00100,PROD00243,1,0.035486160397444996
PROD00130,PROD00349,1,0.035486160397444996
PROD00130,PROD00352,1,0.035486160397444996
PROD00349,PROD00352,1,0.035486160397444996
PROD00364,PROD00420,1,0.035486160397444996
PROD00164,PROD00472,1,0.035486160397444996
PROD00134,PROD00276,1,0.035486160397444996
PROD00134,PROD00458,1,0.035486160397444996
PROD00276,PROD00458,1,0.035486160397444996
PROD00239,PROD00328,1,0.035486160397444996
PROD00171,PROD00253,1,0.035486160397444996
PROD00171,PROD00417,1,0.035486160397444996
PROD00253,PROD00417,1,0.035486160397444996
PROD00323,PROD00386,1,0.035486160397444996
PROD00166,PROD00267,1,0.035486160397444996
PROD00125,PROD00289,1,0.035486160397444996
PROD00144,PROD00470,1,0.035486160397444996
PROD00257,PROD00325,1,0.035486160397444996
PROD00257,PROD00481,1,0.035486160397444996
PROD00325,PROD00481,1,0.035486160397444996
PROD00089,PROD00212,1,0.035486160397444996
PROD00289,PROD00451,1,0.035486160397444996
PROD00149,PROD00330,1,0.035486160397444996
PROD00029,PROD00154,1,0.035486160397444996
PROD00437,PROD00445,1,0.035486160397444996
PROD00222,PROD00238,1,0.035486160397444996
PROD00222,PROD00461,1,0.035486160397444996
PROD00238,PROD00461,1,0.035486160397444996
PROD00375,PROD00390,1,0.035486160397444996
PROD00090,PROD00351,1,0.035486160397444996
PROD00090,PROD00478,1,0.035486160397444996
PROD00351,PROD00478,1,0.035486160397444996
PROD00018,PROD00097,1,0.035486160397444996
PROD00388,PROD00430,1,0.035486160397444996
PROD00035,PROD00458,1,0.035486160397444996
PROD00208,PROD00395,1,0.035486160397444996
PROD00055,PROD00098,1,0.035486160397444996
PROD00055,PROD00238,1,0.035486160397444996
PROD00098,PROD00288,1,0.035486160397444996
PROD00238,PROD00288,1,0.035486160397444996
PROD00064,PROD00303,1,0.035486160397444996
PROD00174,PROD00281,1,0.035486160397444996
PROD00281,PROD00448,1,0.035486160397444996
PROD00056,PROD00176,1,0.035486160397444996
PROD00056,PROD00486,1,0.035486160397444996
PROD00176,PROD00486,1,0.035486160397444996
PROD00167,PROD00494,1,0.035486160397444996
PROD00193,PROD00335,1,0.035486160397444996
PROD00088,PROD00411,1,0.035486160397444996
PROD00166,PROD00392,1,0.035486160397444996
PROD00166,PROD00467,1,0.035486160397444996
PROD00392,PROD00467,1,0.035486160397444996
PROD00012,PROD00268,1,0.035486160397444996
PROD00072,PROD00255,1,0.035486160397444996
PROD00072,PROD00318,1,0.035486160397444996
PROD00072,PROD00447,1,0.035486160397444996
PROD00255,PROD00318,1,0.035486160397444996
PROD00318,PROD00447,1,0.035486160397444996
PROD00243,PROD00489,1,0.035486160397444996
PROD00057,PROD00377,1,0.035486160397444996
PROD00187,PROD00296,1,0.035486160397444996
PROD00130,PROD00275,1,0.035486160397444996
PROD00130,PROD00344,1,0.035486160397444996
PROD00275,PROD00344,1,0.035486160397444996
PROD00118,PROD00480,1,0.035486160397444996
PROD00064,PROD00494,1,0.035486160397444996
PROD00096,PROD00494,1,0.035486160397444996
PROD00014,PROD00225,1,0.035486160397444996
PROD00127,PROD00225,1,0.035486160397444996
PROD00180,PROD00265,1,0.035486160397444996
PROD00186,PROD00200,1,0.035486160397444996
PROD00344,PROD00352,1,0.035486160397444996
PROD00096,PROD00175,1,0.035486160397444996
PROD00054,PROD00097,1,0.035486160397444996
PROD00054,PROD00312,1,0.035486160397444996
PROD00097,PROD00312,1,0.035486160397444996
PROD00269,PROD00321,1,0.035486160397444996
PROD00313,PROD00410,1,0.035486160397444996
PROD00074,PROD00134,1,0.035486160397444996
PROD00191,PROD00414,1,0.035486160397444996
PROD00028,PROD00107,1,0.035486160397444996
PROD00027,PROD00106,1,0.035486160397444996
PROD00143,PROD00382,1,0.035486160397444996
PROD00057,PROD00271,1,0.035486160397444996
PROD00057,PROD00466,1,0.035486160397444996
PROD00271,PROD00466,1,0.035486160397444996
PROD00296,PROD00463,1,0.035486160397444996
PROD00265,PROD00331,1,0.035486160397444996
PROD00120,PROD00203,1,0.035486160397444996
PROD00010,PROD00139,1,0.035486160397444996
PROD00010,PROD00201,1,0.035486160397444996
PROD00010,PROD00473,1,0.035486160397444996
PROD00139,PROD00201,1,0.035486160397444996
PROD00139,PROD00473,1,0.035486160397444996
PROD00201,PROD00473,1,0.035486160397444996
PROD00137,PROD00152,1,0.035486160397444996
PROD00137,PROD00413,1,0.035486160397444996
PROD00152,PROD00413,1,0.035486160397444996
PROD00011,PROD00101,1,0.035486160397444996
PROD00079,PROD00428,1,0.035486160397444996
PROD00250,PROD00289,1,0.035486160397444996
PROD00097,PROD00455,1,0.035486160397444996
PROD00033,PROD00185,1,0.035486160397444996
PROD00030,PROD00361,1,0.035486160397444996
PROD00390,PROD00448,1,0.035486160397444996
PROD00041,PROD00361,1,0.035486160397444996
PROD00069,PROD00363,1,0.035486160397444996
PROD00125,PROD00227,1,0.035486160397444996
PROD00125,PROD00383,1,0.035486160397444996
PROD00227,PROD00383,1,0.035486160397444996
PROD00060,PROD00156,1,0.035486160397444996
PROD00114,PROD00190,1,0.035486160397444996
PROD00084,PROD00109,1,0.035486160397444996
PROD00085,PROD00129,1,0.035486160397444996
PROD00085,PROD00161,1,0.035486160397444996
PROD00129,PROD00161,1,0.035486160397444996
PROD00181,PROD00323,1,0.035486160397444996
PROD00103,PROD00354,1,0.035486160397444996
PROD00321,PROD00437,1,0.035486160397444996
PROD00092,PROD00288,1,0.035486160397444996
PROD00081,PROD00311,1,0.035486160397444996
PROD00206,PROD00301,1,0.035486160397444996
PROD00006,PROD00384,1,0.035486160397444996
PROD00103,PROD00470,1,0.035486160397444996
PROD00063,PROD00259,1,0.035486160397444996
PROD00400,PROD00454,1,0.035486160397444996
PROD00058,PROD00101,1,0.035486160397444996
PROD00058,PROD00486,1,0.035486160397444996
PROD00101,PROD00486,1,0.035486160397444996
PROD00201,PROD00300,1,0.035486160397444996
PROD00369,PROD00436,1,0.035486160397444996
PROD00243,PROD00279,1,0.035486160397444996
PROD00046,PROD00321,1,0.035486160397444996
PROD00064,PROD00116,1,0.035486160397444996
PROD00064,PROD00157,1,0.035486160397444996
PROD00116,PROD00157,1,0.035486160397444996
PROD00259,PROD00353,1,0.035486160397444996
PROD00369,PROD00432,1,0.035486160397444996
PROD00239,PROD00419,1,0.035486160397444996
PROD00329,PROD00380,1,0.035486160397444996
PROD00040,PROD00111,1,0.035486160397444996
PROD00027,PROD00325,1,0.035486160397444996
PROD00091,PROD00374,1,0.035486160397444996
PROD00091,PROD00382,1,0.035486160397444996
PROD00374,PROD00382,1,0.035486160397444996
PROD00297,PROD00438,1,0.035486160397444996
PROD00050,PROD00217,1,0.035486160397444996
PROD00045,PROD00144,1,0.035486160397444996
PROD00045,PROD00185,1,0.035486160397444996
PROD00144,PROD00185,1,0.035486160397444996
PROD00124,PROD00270,1,0.035486160397444996
PROD00124,PROD00405,1,0.035486160397444996
PROD00124,PROD00481,1,0.035486160397444996
PROD00270,PROD00405,1,0.035486160397444996
PROD00270,PROD00481,1,0.035486160397444996
PROD00405,PROD00481,1,0.035486160397444996
PROD00010,PROD00013,1,0.035486160397444996
PROD00010,PROD00476,1,0.035486160397444996
PROD00013,PROD00476,1,0.035486160397444996
PROD00012,PROD00161,1,0.035486160397444996
PROD00060,PROD00201,1,0.035486160397444996
PROD00060,PROD00398,1,0.035486160397444996
PROD00201,PROD00398,1,0.035486160397444996
PROD00093,PROD00300,1,0.035486160397444996
PROD00120,PROD00291,1,0.035486160397444996
PROD00232,PROD00337,1,0.035486160397444996
PROD00105,PROD00261,1,0.035486160397444996
PROD00165,PROD00261,1,0.035486160397444996
PROD00200,PROD00362,1,0.035486160397444996
PROD00200,PROD00405,1,0.035486160397444996
PROD00362,PROD00405,1,0.035486160397444996
PROD00030,PROD00055,1,0.035486160397444996
PROD00030,PROD00440,1,0.035486160397444996
PROD00055,PROD00440,1,0.035486160397444996
PROD00233,PROD00242,1,0.035486160397444996
PROD00044,PROD00307,1,0.035486160397444996
PROD00220,PROD00432,1,0.035486160397444996
PROD00007,PROD00039,1,0.035486160397444996
PROD00188,PROD00206,1,0.035486160397444996
PROD00188,PROD00309,1,0.035486160397444996
PROD00206,PROD00309,1,0.035486160397444996
PROD00094,PROD00276,1,0.035486160397444996
PROD00094,PROD00375,1,0.035486160397444996
PROD00094,PROD00442,1,0.035486160397444996
PROD00276,PROD00375,1,0.035486160397444996
PROD00276,PROD00442,1,0.035486160397444996
PROD00375,PROD00442,1,0.035486160397444996
PROD00357,PROD00467,1,0.035486160397444996
PROD00306,PROD00340,1,0.035486160397444996
PROD00186,PROD00218,1,0.035486160397444996
PROD00186,PROD00245,1,0.035486160397444996
PROD00218,PROD00245,1,0.035486160397444996
PROD00085,PROD00194,1,0.035486160397444996
PROD00089,PROD00373,1,0.035486160397444996
PROD00171,PROD00373,1,0.035486160397444996
PROD00126,PROD00388,1,0.035486160397444996
PROD00014,PROD00114,1,0.035486160397444996
PROD00014,PROD00171,1,0.035486160397444996
PROD00114,PROD00171,1,0.035486160397444996
PROD00285,PROD00322,1,0.035486160397444996
PROD00285,PROD00482,1,0.035486160397444996
PROD00322,PROD00482,1,0.035486160397444996
PROD00004,PROD00212,1,0.035486160397444996
PROD00004,PROD00341,1,0.035486160397444996
PROD00212,PROD00341,1,0.035486160397444996
PROD00106,PROD00202,1,0.035486160397444996
PROD00358,PROD00414,1,0.035486160397444996
PROD00033,PROD00128,1,0.035486160397444996
PROD00033,PROD00479,1,0.035486160397444996
PROD00128,PROD00479,1,0.035486160397444996
PROD00046,PROD00426,1,0.035486160397444996
PROD00137,PROD00285,1,0.035486160397444996
PROD00223,PROD00261,1,0.035486160397444996
PROD00087,PROD00135,1,0.035486160397444996
PROD00087,PROD00270,1,0.035486160397444996
PROD00135,PROD00270,1,0.035486160397444996
PROD00220,PROD00392,1,0.035486160397444996
PROD00220,PROD00406,1,0.035486160397444996
PROD00392,PROD00406,1,0.035486160397444996
PROD00194,PROD00343,1,0.035486160397444996
PROD00024,PROD00234,1,0.035486160397444996
PROD00024,PROD00315,1,0.035486160397444996
PROD00234,PROD00315,1,0.035486160397444996
PROD00184,PROD00277,1,0.035486160397444996
PROD00184,PROD00433,1,0.035486160397444996
PROD00277,PROD00433,1,0.035486160397444996
PROD00193,PROD00388,1,0.035486160397444996
PROD00015,PROD00118,1,0.035486160397444996
PROD00015,PROD00241,1,0.035486160397444996
PROD00015,PROD00443,1,0.035486160397444996
PROD00118,PROD00241,1,0.035486160397444996
PROD00118,PROD00443,1,0.035486160397444996
PROD00241,PROD00443,1,0.035486160397444996
PROD00205,PROD00353,1,0.035486160397444996
PROD00375,PROD00384,1,0.035486160397444996
PROD00176,PROD00402,1,0.035486160397444996
PROD00167,PROD00359,1,0.035486160397444996
PROD00041,PROD00219,1,0.035486160397444996
PROD00041,PROD00328,1,0.035486160397444996
PROD00219,PROD00328,1,0.035486160397444996
PROD00205,PROD00274,1,0.035486160397444996
PROD00205,PROD00393,1,0.035486160397444996
PROD00205,PROD00434,1,0.035486160397444996
PROD00274,PROD00393,1,0.035486160397444996
PROD00274,PROD00434,1,0.035486160397444996
PROD00393,PROD00434,1,0.035486160397444996
PROD00053,PROD00327,1,0.035486160397444996
PROD00071,PROD00167,1,0.035486160397444996
PROD00071,PROD00385,1,0.035486160397444996
PROD00167,PROD00385,1,0.035486160397444996
PROD00334,PROD00338,1,0.035486160397444996
PROD00301,PROD00419,1,0.035486160397444996
PROD00133,PROD00151,1,0.035486160397444996
PROD00133,PROD00189,1,0.035486160397444996
PROD00151,PROD00189,1,0.035486160397444996
PROD00140,PROD00373,1,0.035486160397444996
PROD00299,PROD00417,1,0.035486160397444996
PROD00087,PROD00249,1,0.035486160397444996
PROD00249,PROD00259,1,0.035486160397444996
PROD00055,PROD00421,1,0.035486160397444996
PROD00001,PROD00461,1,0.035486160397444996
PROD00136,PROD00470,1,0.035486160397444996
PROD00381,PROD00470,1,0.035486160397444996
PROD00089,PROD00176,1,0.035486160397444996
PROD00089,PROD00358,1,0.035486160397444996
PROD00176,PROD00358,1,0.035486160397444996
PROD00112,PROD00442,1,0.035486160397444996
PROD00049,PROD00169,1,0.035486160397444996
PROD00049,PROD00477,1,0.035486160397444996
PROD00169,PROD00477,1,0.035486160397444996
PROD00229,PROD00485,1,0.035486160397444996
PROD00053,PROD00119,1,0.035486160397444996
PROD00053,PROD00481,1,0.035486160397444996
PROD00119,PROD00481,1,0.035486160397444996
PROD00426,PROD00435,1,0.035486160397444996
PROD00207,PROD00217,1,0.035486160397444996
PROD00249,PROD00375,1,0.035486160397444996
PROD00352,PROD00403,1,0.035486160397444996
PROD00024,PROD00468,1,0.035486160397444996
PROD00204,PROD00244,1,0.035486160397444996
PROD00029,PROD00061,1,0.035486160397444996
PROD00042,PROD00146,1,0.035486160397444996
PROD00117,PROD00312,1,0.035486160397444996
PROD00228,PROD00312,1,0.035486160397444996
PROD00173,PROD00226,1,0.035486160397444996
PROD00173,PROD00301,1,0.035486160397444996
PROD00226,PROD00301,1,0.035486160397444996
PROD00207,PROD00305,1,0.035486160397444996
PROD00275,PROD00378,1,0.035486160397444996
PROD00010,PROD00317,1,0.035486160397444996
PROD00010,PROD00382,1,0.035486160397444996
PROD00317,PROD00382,1,0.035486160397444996
PROD00052,PROD00211,1,0.035486160397444996
PROD00052,PROD00360,1,0.035486160397444996
PROD00052,PROD00470,1,0.035486160397444996
PROD00211,PROD00360,1,0.035486160397444996
PROD00211,PROD00470,1,0.035486160397444996
PROD00024,PROD00105,1,0.035486160397444996
PROD00024,PROD00406,1,0.035486160397444996
PROD00105,PROD00406,1,0.035486160397444996
PROD00346,PROD00353,1,0.035486160397444996
PROD00091,PROD00272,1,0.035486160397444996
PROD00408,PROD00465,1,0.035486160397444996
PROD00202,PROD00367,1,0.035486160397444996
PROD00270,PROD00319,1,0.035486160397444996
PROD00069,PROD00230,1,0.035486160397444996
PROD00069,PROD00408,1,0.035486160397444996
PROD00230,PROD00408,1,0.035486160397444996
PROD00312,PROD00341,1,0.035486160397444996
PROD00036,PROD00090,1,0.035486160397444996
PROD00034,PROD00211,1,0.035486160397444996
PROD00250,PROD00447,1,0.035486160397444996
PROD00007,PROD00431,1,0.035486160397444996
PROD00007,PROD00462,1,0.035486160397444996
PROD00431,PROD00462,1,0.035486160397444996
PROD00248,PROD00492,1,0.035486160397444996
PROD00081,PROD00129,1,0.035486160397444996
PROD00024,PROD00345,1,0.035486160397444996
PROD00116,PROD00228,1,0.035486160397444996
PROD00120,PROD00224,1,0.035486160397444996
PROD00247,PROD00272,1,0.035486160397444996
PROD00247,PROD00432,1,0.035486160397444996
PROD00247,PROD00472,1,0.035486160397444996
PROD00272,PROD00432,1,0.035486160397444996
PROD00272,PROD00472,1,0.035486160397444996
PROD00432,PROD00472,1,0.035486160397444996
PROD00150,PROD00473,1,0.035486160397444996
PROD00376,PROD00447,1,0.035486160397444996
PROD00066,PROD00217,1,0.035486160397444996
PROD00164,PROD00290,1,0.035486160397444996
PROD00391,PROD00441,1,0.035486160397444996
PROD00083,PROD00183,1,0.035486160397444996
PROD00171,PROD00260,1,0.035486160397444996
PROD00323,PROD00472,1,0.035486160397444996
PROD00323,PROD00477,1,0.035486160397444996
PROD00472,PROD00477,1,0.035486160397444996
PROD00096,PROD00155,1,0.035486160397444996
PROD00168,PROD00185,1,0.035486160397444996
PROD00060,PROD00352,1,0.035486160397444996
PROD00054,PROD00106,1,0.035486160397444996
PROD00054,PROD00237,1,0.035486160397444996
PROD00106,PROD00237,1,0.035486160397444996
PROD00242,PROD00384,1,0.035486160397444996
PROD00193,PROD00412,1,0.035486160397444996
PROD00374,PROD00403,1,0.035486160397444996
PROD00374,PROD00439,1,0.035486160397444996
PROD00403,PROD00439,1,0.035486160397444996
PROD00337,PROD00397,1,0.035486160397444996
PROD00337,PROD00475,1,0.035486160397444996
PROD00397,PROD00475,1,0.035486160397444996
PROD00181,PROD00312,1,0.035486160397444996
PROD00121,PROD00459,1,0.035486160397444996
PROD00015,PROD00029,1,0.035486160397444996
PROD00015,PROD00111,1,0.035486160397444996
PROD00015,PROD00282,1,0.035486160397444996
PROD00029,PROD00111,1,0.035486160397444996
PROD00029,PROD00282,1,0.035486160397444996
PROD00111,PROD00282,1,0.035486160397444996
PROD00170,PROD00213,1,0.035486160397444996
PROD00433,PROD00493,1,0.035486160397444996
PROD00181,PROD00290,1,0.035486160397444996
PROD00089,PROD00190,1,0.035486160397444996
PROD00256,PROD00287,1,0.035486160397444996
PROD00051,PROD00287,1,0.035486160397444996
PROD00026,PROD00246,1,0.035486160397444996
PROD00112,PROD00168,1,0.035486160397444996
PROD00200,PROD00366,1,0.035486160397444996
PROD00140,PROD00330,1,0.035486160397444996
PROD00140,PROD00468,1,0.035486160397444996
PROD00330,PROD00468,1,0.035486160397444996
PROD00030,PROD00415,1,0.035486160397444996
PROD00045,PROD00415,1,0.035486160397444996
PROD00061,PROD00109,1,0.035486160397444996
PROD00061,PROD00139,1,0.035486160397444996
PROD00109,PROD00139,1,0.035486160397444996
PROD00133,PROD00492,1,0.035486160397444996
PROD00030,PROD00178,1,0.035486160397444996
PROD00106,PROD00458,1,0.035486160397444996
PROD00051,PROD00361,1,0.035486160397444996
PROD00035,PROD00107,1,0.035486160397444996
PROD00165,PROD00238,1,0.035486160397444996
PROD00309,PROD00494,1,0.035486160397444996
PROD00211,PROD00265,1,0.035486160397444996
PROD00211,PROD00275,1,0.035486160397444996
PROD00211,PROD00450,1,0.035486160397444996
PROD00265,PROD00275,1,0.035486160397444996
PROD00265,PROD00450,1,0.035486160397444996
PROD00241,PROD00308,1,0.035486160397444996
PROD00207,PROD00310,1,0.035486160397444996
PROD00144,PROD00447,1,0.035486160397444996
PROD00039,PROD00100,1,0.035486160397444996
PROD00039,PROD00399,1,0.035486160397444996
PROD00100,PROD00399,1,0.035486160397444996
PROD00149,PROD00320,1,0.035486160397444996
PROD00149,PROD00474,1,0.035486160397444996
PROD00320,PROD00474,1,0.035486160397444996
PROD00408,PROD00452,1,0.035486160397444996
PROD00028,PROD00323,1,0.035486160397444996
PROD00028,PROD00442,1,0.035486160397444996
PROD00323,PROD00442,1,0.035486160397444996
PROD00008,PROD00360,1,0.035486160397444996
PROD00047,PROD00111,1,0.035486160397444996
PROD00047,PROD00288,1,0.035486160397444996
PROD00047,PROD00400,1,0.035486160397444996
PROD00111,PROD00288,1,0.035486160397444996
PROD00111,PROD00400,1,0.035486160397444996
PROD00288,PROD00400,1,0.035486160397444996
PROD00207,PROD00409,1,0.035486160397444996
PROD00357,PROD00360,1,0.035486160397444996
PROD00180,PROD00420,1,0.035486160397444996
PROD00404,PROD00426,1,0.035486160397444996
PROD00082,PROD00188,1,0.035486160397444996
PROD00107,PROD00221,1,0.035486160397444996
PROD00081,PROD00204,1,0.035486160397444996
PROD00081,PROD00278,1,0.035486160397444996
PROD00081,PROD00449,1,0.035486160397444996
PROD00204,PROD00278,1,0.035486160397444996
PROD00204,PROD00449,1,0.035486160397444996
PROD00278,PROD00449,1,0.035486160397444996
PROD00006,PROD00059,1,0.035486160397444996
PROD00006,PROD00078,1,0.035486160397444996
PROD00006,PROD00468,1,0.035486160397444996
PROD00059,PROD00078,1,0.035486160397444996
PROD00059,PROD00468,1,0.035486160397444996
PROD00078,PROD00468,1,0.035486160397444996
PROD00412,PROD00416,1,0.035486160397444996
PROD00132,PROD00371,1,0.035486160397444996
PROD00132,PROD00385,1,0.035486160397444996
PROD00371,PROD00385,1,0.035486160397444996
PROD00057,PROD00221,1,0.035486160397444996
PROD00046,PROD00236,1,0.035486160397444996
PROD00095,PROD00167,1,0.035486160397444996
PROD00120,PROD00409,1,0.035486160397444996
PROD00225,PROD00277,1,0.035486160397444996
PROD00327,PROD00467,1,0.035486160397444996
PROD00327,PROD00494,1,0.035486160397444996
PROD00467,PROD00494,1,0.035486160397444996
PROD00059,PROD00134,1,0.035486160397444996
PROD00008,PROD00178,1,0.035486160397444996
PROD00008,PROD00194,1,0.035486160397444996
PROD00008,PROD00351,1,0.035486160397444996
PROD00178,PROD00194,1,0.035486160397444996
PROD00178,PROD00351,1,0.035486160397444996
PROD00194,PROD00351,1,0.035486160397444996
PROD00128,PROD00178,1,0.035486160397444996
PROD00128,PROD00333,1,0.035486160397444996
PROD00178,PROD00333,1,0.035486160397444996
PROD00027,PROD00208,1,0.035486160397444996
PROD00080,PROD00368,1,0.035486160397444996
PROD00080,PROD00420,1,0.035486160397444996
PROD00368,PROD00420,1,0.035486160397444996
PROD00193,PROD00320,1,0.035486160397444996
PROD00193,PROD00359,1,0.035486160397444996
PROD00193,PROD00370,1,0.035486160397444996
PROD00320,PROD00370,1,0.035486160397444996
PROD00359,PROD00370,1,0.035486160397444996
PROD00198,PROD00434,1,0.035486160397444996
PROD00240,PROD00326,1,0.035486160397444996
PROD00005,PROD00378,1,0.035486160397444996
PROD00054,PROD00309,1,0.035486160397444996
PROD00129,PROD00418,1,0.035486160397444996
PROD00113,PROD00489,1,0.035486160397444996
PROD00077,PROD00243,1,0.035486160397444996
PROD00044,PROD00310,1,0.035486160397444996
PROD00068,PROD00176,1,0.035486160397444996
PROD00177,PROD00372,1,0.035486160397444996
PROD00177,PROD00399,1,0.035486160397444996
PROD00048,PROD00059,1,0.035486160397444996
PROD00071,PROD00467,1,0.035486160397444996
PROD00092,PROD00256,1,0.035486160397444996
PROD00092,PROD00351,1,0.035486160397444996
PROD00256,PROD00351,1,0.035486160397444996
PROD00007,PROD00169,1,0.035486160397444996
PROD00079,PROD00136,1,0.035486160397444996
PROD00096,PROD00240,1,0.035486160397444996
PROD00024,PROD00120,1,0.035486160397444996
PROD00024,PROD00312,1,0.035486160397444996
PROD00024,PROD00473,1,0.035486160397444996
PROD00120,PROD00312,1,0.035486160397444996
PROD00312,PROD00473,1,0.035486160397444996
PROD00367,PROD00448,1,0.035486160397444996
PROD00014,PROD00189,1,0.035486160397444996
PROD00014,PROD00215,1,0.035486160397444996
PROD00189,PROD00215,1,0.035486160397444996
PROD00256,PROD00372,1,0.035486160397444996
PROD00256,PROD00493,1,0.035486160397444996
PROD00372,PROD00493,1,0.035486160397444996
PROD00197,PROD00466,1,0.035486160397444996
PROD00148,PROD00345,1,0.035486160397444996
PROD00006,PROD00095,1,0.035486160397444996
PROD00006,PROD00341,1,0.035486160397444996
PROD00095,PROD00341,1,0.035486160397444996
PROD00337,PROD00394,1,0.035486160397444996
PROD00007,PROD00342,1,0.035486160397444996
PROD00268,PROD00312,1,0.035486160397444996
PROD00173,PROD00190,1,0.035486160397444996
PROD00162,PROD00412,1,0.035486160397444996
PROD00162,PROD00466,1,0.035486160397444996
PROD00412,PROD00466,1,0.035486160397444996
PROD00084,PROD00419,1,0.035486160397444996
PROD00144,PROD00177,1,0.035486160397444996
PROD00424,PROD00484,1,0.035486160397444996
PROD00117,PROD00167,1,0.035486160397444996
PROD00094,PROD00231,1,0.035486160397444996
PROD00154,PROD00289,1,0.035486160397444996
PROD00095,PROD00111,1,0.035486160397444996
PROD00397,PROD00441,1,0.035486160397444996
PROD00004,PROD00107,1,0.035486160397444996
PROD00058,PROD00257,1,0.035486160397444996
PROD00367,PROD00411,1,0.035486160397444996
PROD00060,PROD00438,1,0.035486160397444996
PROD00121,PROD00202,1,0.035486160397444996
PROD00121,PROD00253,1,0.035486160397444996
PROD00202,PROD00253,1,0.035486160397444996
PROD00290,PROD00453,1,0.035486160397444996
PROD00235,PROD00350,1,0.035486160397444996
PROD00235,PROD00395,1,0.035486160397444996
PROD00350,PROD00395,1,0.035486160397444996
PROD00119,PROD00263,1,0.035486160397444996
PROD00119,PROD00383,1,0.035486160397444996
PROD00119,PROD00490,1,0.035486160397444996
PROD00263,PROD00383,1,0.035486160397444996
PROD00263,PROD00490,1,0.035486160397444996
PROD00383,PROD00490,1,0.035486160397444996
PROD00120,PROD00431,1,0.035486160397444996
PROD00120,PROD00481,1,0.035486160397444996
PROD00431,PROD00481,1,0.035486160397444996
PROD00248,PROD00494,1,0.035486160397444996
PROD00228,PROD00259,1,0.035486160397444996
PROD00228,PROD00356,1,0.035486160397444996
PROD00259,PROD00356,1,0.035486160397444996
PROD00066,PROD00114,1,0.035486160397444996
PROD00138,PROD00139,1,0.035486160397444996
PROD00111,PROD00170,1,0.035486160397444996
PROD00126,PROD00484,1,0.035486160397444996
PROD00108,PROD00476,1,0.035486160397444996
PROD00115,PROD00226,1,0.035486160397444996
PROD00115,PROD00421,1,0.035486160397444996
PROD00226,PROD00421,1,0.035486160397444996
PROD00047,PROD00485,1,0.035486160397444996
PROD00469,PROD00495,1,0.035486160397444996
PROD00261,PROD00476,1,0.035486160397444996
PROD00128,PROD00211,1,0.035486160397444996
PROD00141,PROD00324,1,0.035486160397444996
PROD00239,PROD00324,1,0.035486160397444996
PROD00366,PROD00431,1,0.035486160397444996
PROD00174,PROD00242,1,0.035486160397444996
PROD00174,PROD00256,1,0.035486160397444996
PROD00242,PROD00256,1,0.035486160397444996
PROD00108,PROD00389,1,0.035486160397444996
PROD00093,PROD00236,1,0.035486160397444996
PROD00093,PROD00278,1,0.035486160397444996
PROD00236,PROD00278,1,0.035486160397444996
PROD00151,PROD00357,1,0.035486160397444996
PROD00330,PROD00462,1,0.035486160397444996
PROD00288,PROD00291,1,0.035486160397444996
PROD00288,PROD00471,1,0.035486160397444996
PROD00291,PROD00471,1,0.035486160397444996
PROD00117,PROD00146,1,0.035486160397444996
PROD00146,PROD00228,1,0.035486160397444996
PROD00110,PROD00306,1,0.035486160397444996
PROD00204,PROD00222,1,0.035486160397444996
PROD00053,PROD00206,1,0.035486160397444996
PROD00025,PROD00208,1,0.035486160397444996
PROD00110,PROD00208,1,0.035486160397444996
PROD00279,PROD00411,1,0.035486160397444996
PROD00279,PROD00445,1,0.035486160397444996
PROD00411,PROD00445,1,0.035486160397444996
PROD00286,PROD00473,1,0.035486160397444996
PROD00317,PROD00457,1,0.035486160397444996
PROD00103,PROD00393,1,0.035486160397444996
PROD00268,PROD00299,1,0.035486160397444996
PROD00268,PROD00446,1,0.035486160397444996
PROD00268,PROD00473,1,0.035486160397444996
PROD00299,PROD00446,1,0.035486160397444996
PROD00299,PROD00473,1,0.035486160397444996
PROD00446,PROD00473,1,0.035486160397444996
PROD00026,PROD00153,1,0.035486160397444996
PROD00026,PROD00389,1,0.035486160397444996
PROD00153,PROD00389,1,0.035486160397444996
PROD00224,PROD00441,1,0.035486160397444996
PROD00185,PROD00297,1,0.035486160397444996
PROD00279,PROD00377,1,0.035486160397444996
PROD00216,PROD00364,1,0.035486160397444996
PROD00061,PROD00116,1,0.035486160397444996
PROD00230,PROD00455,1,0.035486160397444996
PROD00010,PROD00133,1,0.035486160397444996
PROD00142,PROD00357,1,0.035486160397444996
PROD00043,PROD00159,1,0.035486160397444996
PROD00062,PROD00187,1,0.035486160397444996
PROD00062,PROD00215,1,0.035486160397444996
PROD00187,PROD00215,1,0.035486160397444996
PROD00276,PROD00446,1,0.035486160397444996
PROD00117,PROD00300,1,0.035486160397444996
PROD00105,PROD00438,1,0.035486160397444996
PROD00105,PROD00478,1,0.035486160397444996
PROD00438,PROD00478,1,0.035486160397444996
PROD00071,PROD00377,1,0.035486160397444996
PROD00179,PROD00316,1,0.035486160397444996
PROD00385,PROD00435,1,0.035486160397444996
PROD00385,PROD00480,1,0.035486160397444996
PROD00435,PROD00480,1,0.035486160397444996
PROD00041,PROD00091,1,0.035486160397444996
PROD00126,PROD00193,1,0.035486160397444996
PROD00126,PROD00255,1,0.035486160397444996
PROD00193,PROD00255,1,0.035486160397444996
PROD00081,PROD00276,1,0.035486160397444996
PROD00301,PROD00387,1,0.035486160397444996
PROD00044,PROD00131,1,0.035486160397444996
PROD00044,PROD00418,1,0.035486160397444996
PROD00131,PROD00418,1,0.035486160397444996
PROD00093,PROD00407,1,0.035486160397444996
PROD00051,PROD00114,1,0.035486160397444996
PROD00051,PROD00298,1,0.035486160397444996
PROD00114,PROD00298,1,0.035486160397444996
PROD00084,PROD00457,1,0.035486160397444996
PROD00084,PROD00093,1,0.035486160397444996
PROD00084,PROD00288,1,0.035486160397444996
PROD00189,PROD00344,1,0.035486160397444996
PROD00231,PROD00238,1,0.035486160397444996
PROD00231,PROD00342,1,0.035486160397444996
PROD00238,PROD00342,1,0.035486160397444996
PROD00354,PROD00411,1,0.035486160397444996
PROD00068,PROD00132,1,0.035486160397444996
PROD00029,PROD00184,1,0.035486160397444996
PROD00029,PROD00230,1,0.035486160397444996
PROD00184,PROD00230,1,0.035486160397444996
PROD00147,PROD00328,1,0.035486160397444996
PROD00028,PROD00435,1,0.035486160397444996
PROD00289,PROD00296,1,0.035486160397444996
PROD00206,PROD00458,1,0.035486160397444996
PROD00206,PROD00492,1,0.035486160397444996
PROD00458,PROD00492,1,0.035486160397444996
PROD00139,PROD00264,1,0.035486160397444996
PROD00204,PROD00322,1,0.035486160397444996
PROD00093,PROD00118,1,0.035486160397444996
PROD00093,PROD00245,1,0.035486160397444996
PROD00093,PROD00478,1,0.035486160397444996
PROD00118,PROD00245,1,0.035486160397444996
PROD00118,PROD00478,1,0.035486160397444996
PROD00245,PROD00478,1,0.035486160397444996
PROD00149,PROD00324,1,0.035486160397444996
PROD00149,PROD00477,1,0.035486160397444996
PROD00324,PROD00477,1,0.035486160397444996
PROD00446,PROD00475,1,0.035486160397444996
PROD00064,PROD00126,1,0.035486160397444996
PROD00064,PROD00144,1,0.035486160397444996
PROD00064,PROD00163,1,0.035486160397444996
PROD00126,PROD00144,1,0.035486160397444996
PROD00126,PROD00163,1,0.035486160397444996
PROD00144,PROD00163,1,0.035486160397444996
PROD00058,PROD00352,1,0.035486160397444996
PROD00068,PROD00486,1,0.035486160397444996
PROD00124,PROD00171,1,0.035486160397444996
PROD00024,PROD00026,1,0.035486160397444996
PROD00024,PROD00083,1,0.035486160397444996
PROD00026,PROD00083,1,0.035486160397444996
PROD00060,PROD00422,1,0.035486160397444996
PROD00060,PROD00494,1,0.035486160397444996
PROD00422,PROD00494,1,0.035486160397444996
PROD00067,PROD00260,1,0.035486160397444996
PROD00129,PROD00288,1,0.035486160397444996
PROD00129,PROD00408,1,0.035486160397444996
PROD00288,PROD00408,1,0.035486160397444996
PROD00125,PROD00224,1,0.035486160397444996
PROD00125,PROD00316,1,0.035486160397444996
PROD00125,PROD00427,1,0.035486160397444996
PROD00224,PROD00316,1,0.035486160397444996
PROD00316,PROD00427,1,0.035486160397444996
PROD00343,PROD00387,1,0.035486160397444996
PROD00343,PROD00469,1,0.035486160397444996
PROD00387,PROD00469,1,0.035486160397444996
PROD00337,PROD00446,1,0.035486160397444996
PROD00007,PROD00053,1,0.035486160397444996
PROD00007,PROD00142,1,0.035486160397444996
PROD00007,PROD00484,1,0.035486160397444996
PROD00053,PROD00484,1,0.035486160397444996
PROD00142,PROD00484,1,0.035486160397444996
PROD00050,PROD00489,1,0.035486160397444996
PROD00008,PROD00348,1,0.035486160397444996
PROD00008,PROD00390,1,0.035486160397444996
PROD00348,PROD00390,1,0.035486160397444996
PROD00035,PROD00056,1,0.035486160397444996
PROD00035,PROD00387,1,0.035486160397444996
PROD00056,PROD00387,1,0.035486160397444996
PROD00060,PROD00144,1,0.035486160397444996
PROD00234,PROD00347,1,0.035486160397444996
PROD00003,PROD00299,1,0.035486160397444996
PROD00044,PROD00206,1,0.035486160397444996
PROD00080,PROD00370,1,0.035486160397444996
PROD00003,PROD00093,1,0.035486160397444996
PROD00003,PROD00235,1,0.035486160397444996
PROD00003,PROD00307,1,0.035486160397444996
PROD00093,PROD00235,1,0.035486160397444996
PROD00093,PROD00307,1,0.035486160397444996
PROD00235,PROD00307,1,0.035486160397444996
PROD00072,PROD00248,1,0.035486160397444996
PROD00309,PROD00380,1,0.035486160397444996
PROD00338,PROD00436,1,0.035486160397444996
PROD00338,PROD00456,1,0.035486160397444996
PROD00436,PROD00456,1,0.035486160397444996
PROD00116,PROD00117,1,0.035486160397444996
PROD00273,PROD00378,1,0.035486160397444996
PROD00198,PROD00395,1,0.035486160397444996
PROD00198,PROD00439,1,0.035486160397444996
PROD00395,PROD00439,1,0.035486160397444996
PROD00043,PROD00372,1,0.035486160397444996
PROD00041,PROD00150,1,0.035486160397444996
PROD00041,PROD00425,1,0.035486160397444996
PROD00150,PROD00425,1,0.035486160397444996
PROD00008,PROD00215,1,0.035486160397444996
PROD00073,PROD00332,1,0.035486160397444996
PROD00042,PROD00284,1,0.035486160397444996
PROD00482,PROD00492,1,0.035486160397444996
PROD00242,PROD00326,1,0.035486160397444996
PROD00084,PROD00231,1,0.035486160397444996
PROD00084,PROD00334,1,0.035486160397444996
PROD00231,PROD00334,1,0.035486160397444996
PROD00262,PROD00378,1,0.035486160397444996
PROD00076,PROD00377,1,0.035486160397444996
PROD00155,PROD00457,1,0.035486160397444996
PROD00026,PROD00206,1,0.035486160397444996
PROD00219,PROD00283,1,0.035486160397444996
PROD00219,PROD00437,1,0.035486160397444996
PROD00283,PROD00419,1,0.035486160397444996
PROD00283,PROD00437,1,0.035486160397444996
PROD00419,PROD00437,1,0.035486160397444996
PROD00096,PROD00310,1,0.035486160397444996
PROD00278,PROD00399,1,0.035486160397444996
PROD00250,PROD00273,1,0.035486160397444996
PROD00297,PROD00317,1,0.035486160397444996
PROD00020,PROD00110,1,0.035486160397444996
PROD00053,PROD00110,1,0.035486160397444996
PROD00072,PROD00101,1,0.035486160397444996
PROD00072,PROD00302,1,0.035486160397444996
PROD00101,PROD00302,1,0.035486160397444996
PROD00179,PROD00442,1,0.035486160397444996
PROD00338,PROD00457,1,0.035486160397444996
PROD00238,PROD00280,1,0.035486160397444996
PROD00266,PROD00351,1,0.035486160397444996
PROD00085,PROD00385,1,0.035486160397444996
PROD00241,PROD00325,1,0.035486160397444996
PROD00325,PROD00349,1,0.035486160397444996
PROD00265,PROD00434,1,0.035486160397444996
PROD00034,PROD00203,1,0.035486160397444996
PROD00150,PROD00255,1,0.035486160397444996
PROD00242,PROD00385,1,0.035486160397444996
PROD00086,PROD00307,1,0.035486160397444996
PROD00250,PROD00355,1,0.035486160397444996
PROD00264,PROD00379,1,0.035486160397444996
PROD00351,PROD00366,1,0.035486160397444996
PROD00213,PROD00492,1,0.035486160397444996
PROD00135,PROD00239,1,0.035486160397444996
PROD00135,PROD00365,1,0.035486160397444996
PROD00135,PROD00373,1,0.035486160397444996
PROD00239,PROD00365,1,0.035486160397444996
PROD00239,PROD00373,1,0.035486160397444996
PROD00365,PROD00373,1,0.035486160397444996
PROD00009,PROD00042,1,0.035486160397444996
PROD00125,PROD00214,1,0.035486160397444996
PROD00125,PROD00335,1,0.035486160397444996
PROD00125,PROD00469,1,0.035486160397444996
PROD00214,PROD00469,1,0.035486160397444996
PROD00335,PROD00469,1,0.035486160397444996
PROD00218,PROD00395,1,0.035486160397444996
PROD00218,PROD00475,1,0.035486160397444996
PROD00078,PROD00300,1,0.035486160397444996
PROD00078,PROD00415,1,0.035486160397444996
PROD00300,PROD00415,1,0.035486160397444996
PROD00013,PROD00398,1,0.035486160397444996
PROD00005,PROD00081,1,0.035486160397444996
PROD00009,PROD00334,1,0.035486160397444996
PROD00139,PROD00211,1,0.035486160397444996
PROD00334,PROD00486,1,0.035486160397444996
PROD00090,PROD00116,1,0.035486160397444996
PROD00090,PROD00372,1,0.035486160397444996
PROD00116,PROD00372,1,0.035486160397444996
PROD00077,PROD00334,1,0.035486160397444996
PROD00390,PROD00421,1,0.035486160397444996
PROD00390,PROD00465,1,0.035486160397444996
PROD00421,PROD00465,1,0.035486160397444996
PROD00128,PROD00219,1,0.035486160397444996
PROD00011,PROD00396,1,0.035486160397444996
PROD00306,PROD00444,1,0.035486160397444996
PROD00365,PROD00444,1,0.035486160397444996
PROD00047,PROD00466,1,0.035486160397444996
PROD00162,PROD00350,1,0.035486160397444996
PROD00175,PROD00185,1,0.035486160397444996
PROD00098,PROD00368,1,0.035486160397444996
PROD00256,PROD00474,1,0.035486160397444996
PROD00179,PROD00395,1,0.035486160397444996
PROD00179,PROD00474,1,0.035486160397444996
PROD00395,PROD00474,1,0.035486160397444996
PROD00347,PROD00413,1,0.035486160397444996
PROD00210,PROD00429,1,0.035486160397444996
PROD00404,PROD00443,1,0.035486160397444996
PROD00259,PROD00421,1,0.035486160397444996
PROD00259,PROD00493,1,0.035486160397444996
PROD00421,PROD00493,1,0.035486160397444996
PROD00065,PROD00379,1,0.035486160397444996
PROD00219,PROD00366,1,0.035486160397444996
PROD00312,PROD00322,1,0.035486160397444996
PROD00024,PROD00098,1,0.035486160397444996
PROD00133,PROD00171,1,0.035486160397444996
PROD00133,PROD00178,1,0.035486160397444996
PROD00133,PROD00401,1,0.035486160397444996
PROD00171,PROD00178,1,0.035486160397444996
PROD00178,PROD00401,1,0.035486160397444996
PROD00230,PROD00328,1,0.035486160397444996
PROD00061,PROD00266,1,0.035486160397444996
PROD00061,PROD00280,1,0.035486160397444996
PROD00266,PROD00280,1,0.035486160397444996
PROD00008,PROD00433,1,0.035486160397444996
PROD00085,PROD00269,1,0.035486160397444996
PROD00085,PROD00314,1,0.035486160397444996
PROD00269,PROD00314,1,0.035486160397444996
PROD00199,PROD00326,1,0.035486160397444996
PROD00362,PROD00415,1,0.035486160397444996
PROD00136,PROD00298,1,0.035486160397444996
PROD00068,PROD00079,1,0.035486160397444996
PROD00242,PROD00406,1,0.035486160397444996
PROD00009,PROD00169,1,0.035486160397444996
PROD00009,PROD00397,1,0.035486160397444996
PROD00169,PROD00397,1,0.035486160397444996
PROD00057,PROD00062,1,0.035486160397444996
PROD00062,PROD00400,1,0.035486160397444996
PROD00027,PROD00051,1,0.035486160397444996
PROD00027,PROD00101,1,0.035486160397444996
PROD00027,PROD00396,1,0.035486160397444996
PROD00051,PROD00101,1,0.035486160397444996
PROD00051,PROD00396,1,0.035486160397444996
PROD00101,PROD00396,1,0.035486160397444996
PROD00051,PROD00130,1,0.035486160397444996
PROD00051,PROD00220,1,0.035486160397444996
PROD00051,PROD00334,1,0.035486160397444996
PROD00130,PROD00220,1,0.035486160397444996
PROD00130,PROD00334,1,0.035486160397444996
PROD00220,PROD00334,1,0.035486160397444996
PROD00098,PROD00291,1,0.035486160397444996
PROD00098,PROD00420,1,0.035486160397444996
PROD00291,PROD00420,1,0.035486160397444996
PROD00333,PROD00411,1,0.035486160397444996
PROD00333,PROD00443,1,0.035486160397444996
PROD00411,PROD00443,1,0.035486160397444996
PROD00076,PROD00482,1,0.035486160397444996
PROD00383,PROD00428,1,0.035486160397444996
PROD00176,PROD00450,1,0.035486160397444996
PROD00176,PROD00492,1,0.035486160397444996
PROD00450,PROD00492,1,0.035486160397444996
PROD00001,PROD00355,1,0.035486160397444996
PROD00006,PROD00211,1,0.035486160397444996
PROD00006,PROD00258,1,0.035486160397444996
PROD00006,PROD00305,1,0.035486160397444996
PROD00211,PROD00258,1,0.035486160397444996
PROD00258,PROD00305,1,0.035486160397444996
PROD00207,PROD00494,1,0.035486160397444996
PROD00207,PROD00432,1,0.035486160397444996
PROD00203,PROD00338,1,0.035486160397444996
PROD00281,PROD00366,1,0.035486160397444996
PROD00091,PROD00458,1,0.035486160397444996
PROD00188,PROD00303,1,0.035486160397444996
PROD00010,PROD00101,1,0.035486160397444996
PROD00010,PROD00224,1,0.035486160397444996
PROD00010,PROD00228,1,0.035486160397444996
PROD00101,PROD00224,1,0.035486160397444996
PROD00101,PROD00228,1,0.035486160397444996
PROD00224,PROD00228,1,0.035486160397444996
PROD00172,PROD00184,1,0.035486160397444996
PROD00314,PROD00425,1,0.035486160397444996
PROD00379,PROD00492,1,0.035486160397444996
PROD00178,PROD00311,1,0.035486160397444996
PROD00222,PROD00436,1,0.035486160397444996
PROD00404,PROD00436,1,0.035486160397444996
PROD00044,PROD00061,1,0.035486160397444996
PROD00044,PROD00265,1,0.035486160397444996
PROD00061,PROD00265,1,0.035486160397444996
PROD00058,PROD00391,1,0.035486160397444996
PROD00058,PROD00400,1,0.035486160397444996
PROD00391,PROD00400,1,0.035486160397444996
PROD00059,PROD00101,1,0.035486160397444996
PROD00123,PROD00348,1,0.035486160397444996
PROD00056,PROD00122,1,0.035486160397444996
PROD00407,PROD00474,1,0.035486160397444996
PROD00073,PROD00362,1,0.035486160397444996
PROD00130,PROD00187,1,0.035486160397444996
PROD00130,PROD00354,1,0.035486160397444996
PROD00187,PROD00354,1,0.035486160397444996
PROD00292,PROD00470,1,0.035486160397444996
PROD00122,PROD00186,1,0.035486160397444996
PROD00122,PROD00283,1,0.035486160397444996
PROD00122,PROD00417,1,0.035486160397444996
PROD00186,PROD00283,1,0.035486160397444996
PROD00186,PROD00417,1,0.035486160397444996
PROD00283,PROD00417,1,0.035486160397444996
PROD00227,PROD00465,1,0.035486160397444996
PROD00413,PROD00490,1,0.035486160397444996
PROD00233,PROD00470,1,0.035486160397444996
PROD00260,PROD00349,1,0.035486160397444996
PROD00260,PROD00489,1,0.035486160397444996
PROD00349,PROD00489,1,0.035486160397444996
PROD00101,PROD00472,1,0.035486160397444996
PROD00082,PROD00398,1,0.035486160397444996
PROD00140,PROD00280,1,0.035486160397444996
PROD00140,PROD00285,1,0.035486160397444996
PROD00140,PROD00414,1,0.035486160397444996
PROD00280,PROD00285,1,0.035486160397444996
PROD00280,PROD00414,1,0.035486160397444996
PROD00285,PROD00414,1,0.035486160397444996
PROD00163,PROD00276,1,0.035486160397444996
PROD00064,PROD00272,1,0.035486160397444996
PROD00064,PROD00343,1,0.035486160397444996
PROD00272,PROD00343,1,0.035486160397444996
PROD00040,PROD00262,1,0.035486160397444996
PROD00356,PROD00388,1,0.035486160397444996
PROD00045,PROD00295,1,0.035486160397444996
PROD00293,PROD00490,1,0.035486160397444996
PROD00058,PROD00436,1,0.035486160397444996
PROD00021,PROD00490,1,0.035486160397444996
PROD00161,PROD00291,1,0.035486160397444996
PROD00254,PROD00277,1,0.035486160397444996
PROD00254,PROD00458,1,0.035486160397444996
PROD00277,PROD00458,1,0.035486160397444996
PROD00019,PROD00095,1,0.035486160397444996
PROD00019,PROD00248,1,0.035486160397444996
PROD00019,PROD00399,1,0.035486160397444996
PROD00095,PROD00248,1,0.035486160397444996
PROD00095,PROD00399,1,0.035486160397444996
PROD00248,PROD00399,1,0.035486160397444996
PROD00229,PROD00337,1,0.035486160397444996
PROD00045,PROD00230,1,0.035486160397444996
PROD00201,PROD00293,1,0.035486160397444996
PROD00201,PROD00349,1,0.035486160397444996
PROD00293,PROD00349,1,0.035486160397444996
PROD00026,PROD00136,1,0.035486160397444996
PROD00026,PROD00138,1,0.035486160397444996
PROD00136,PROD00138,1,0.035486160397444996
PROD00006,PROD00265,1,0.035486160397444996
PROD00232,PROD00237,1,0.035486160397444996
PROD00251,PROD00302,1,0.035486160397444996
PROD00259,PROD00282,1,0.035486160397444996
PROD00338,PROD00423,1,0.035486160397444996
PROD00116,PROD00222,1,0.035486160397444996
PROD00116,PROD00393,1,0.035486160397444996
PROD00222,PROD00393,1,0.035486160397444996
PROD00357,PROD00486,1,0.035486160397444996
PROD00054,PROD00313,1,0.035486160397444996
PROD00116,PROD00312,1,0.035486160397444996
PROD00109,PROD00183,1,0.035486160397444996
PROD00109,PROD00356,1,0.035486160397444996
PROD00183,PROD00356,1,0.035486160397444996
PROD00080,PROD00395,1,0.035486160397444996
PROD00080,PROD00419,1,0.035486160397444996
PROD00395,PROD00419,1,0.035486160397444996
PROD00360,PROD00427,1,0.035486160397444996
PROD00157,PROD00164,1,0.035486160397444996
PROD00157,PROD00449,1,0.035486160397444996
PROD00164,PROD00449,1,0.035486160397444996
PROD00276,PROD00429,1,0.035486160397444996
PROD00177,PROD00263,1,0.035486160397444996
PROD00150,PROD00199,1,0.035486160397444996
PROD00249,PROD00274,1,0.035486160397444996
PROD00024,PROD00116,1,0.035486160397444996
PROD00024,PROD00273,1,0.035486160397444996
PROD00024,PROD00291,1,0.035486160397444996
PROD00116,PROD00273,1,0.035486160397444996
PROD00116,PROD00291,1,0.035486160397444996
PROD00273,PROD00291,1,0.035486160397444996
PROD00051,PROD00104,1,0.035486160397444996
PROD00231,PROD00371,1,0.035486160397444996
PROD00231,PROD00493,1,0.035486160397444996
PROD00371,PROD00493,1,0.035486160397444996
PROD00272,PROD00471,1,0.035486160397444996
PROD00031,PROD00318,1,0.035486160397444996
PROD00031,PROD00433,1,0.035486160397444996
PROD00318,PROD00433,1,0.035486160397444996
PROD00112,PROD00184,1,0.035486160397444996
PROD00177,PROD00288,1,0.035486160397444996
PROD00177,PROD00468,1,0.035486160397444996
PROD00288,PROD00468,1,0.035486160397444996
PROD00236,PROD00256,1,0.035486160397444996
PROD00135,PROD00437,1,0.035486160397444996
PROD00171,PROD00308,1,0.035486160397444996
PROD00164,PROD00228,1,0.035486160397444996
PROD00164,PROD00372,1,0.035486160397444996
PROD00228,PROD00372,1,0.035486160397444996
PROD00063,PROD00262,1,0.035486160397444996
PROD00046,PROD00111,1,0.035486160397444996
PROD00046,PROD00299,1,0.035486160397444996
PROD00132,PROD00248,1,0.035486160397444996
PROD00122,PROD00315,1,0.035486160397444996
PROD00053,PROD00459,1,0.035486160397444996
PROD00387,PROD00473,1,0.035486160397444996
PROD00253,PROD00346,1,0.035486160397444996
PROD00036,PROD00133,1,0.035486160397444996
PROD00153,PROD00289,1,0.035486160397444996
PROD00027,PROD00100,1,0.035486160397444996
PROD00033,PROD00267,1,0.035486160397444996
PROD00027,PROD00049,1,0.035486160397444996
PROD00027,PROD00344,1,0.035486160397444996
PROD00049,PROD00344,1,0.035486160397444996
PROD00260,PROD00431,1,0.035486160397444996
PROD00431,PROD00443,1,0.035486160397444996
PROD00217,PROD00284,1,0.035486160397444996
PROD00257,PROD00262,1,0.035486160397444996
PROD00257,PROD00321,1,0.035486160397444996
PROD00262,PROD00321,1,0.035486160397444996
PROD00034,PROD00152,1,0.035486160397444996
PROD00292,PROD00383,1,0.035486160397444996
PROD00006,PROD00140,1,0.035486160397444996
PROD00006,PROD00162,1,0.035486160397444996
PROD00140,PROD00162,1,0.035486160397444996
PROD00250,PROD00322,1,0.035486160397444996
PROD00164,PROD00494,1,0.035486160397444996
PROD00043,PROD00260,1,0.035486160397444996
PROD00043,PROD00301,1,0.035486160397444996
PROD00260,PROD00301,1,0.035486160397444996
PROD00038,PROD00232,1,0.035486160397444996
PROD00038,PROD00434,1,0.035486160397444996
PROD00038,PROD00436,1,0.035486160397444996
PROD00232,PROD00434,1,0.035486160397444996
PROD00232,PROD00436,1,0.035486160397444996
PROD00434,PROD00436,1,0.035486160397444996
PROD00039,PROD00138,1,0.035486160397444996
PROD00039,PROD00411,1,0.035486160397444996
PROD00039,PROD00477,1,0.035486160397444996
PROD00138,PROD00411,1,0.035486160397444996
PROD00138,PROD00477,1,0.035486160397444996
PROD00411,PROD00477,1,0.035486160397444996
PROD00121,PROD00331,1,0.035486160397444996
PROD00405,PROD00457,1,0.035486160397444996
PROD00165,PROD00404,1,0.035486160397444996
PROD00286,PROD00379,1,0.035486160397444996
PROD00096,PROD00170,1,0.035486160397444996
PROD00096,PROD00414,1,0.035486160397444996
PROD00170,PROD00414,1,0.035486160397444996
PROD00095,PROD00483,1,0.035486160397444996
PROD00070,PROD00392,1,0.035486160397444996
PROD00448,PROD00492,1,0.035486160397444996
PROD00273,PROD00314,1,0.035486160397444996
PROD00065,PROD00373,1,0.035486160397444996
PROD00065,PROD00381,1,0.035486160397444996
PROD00373,PROD00381,1,0.035486160397444996
PROD00028,PROD00133,1,0.035486160397444996
PROD00040,PROD00298,1,0.035486160397444996
PROD00040,PROD00303,1,0.035486160397444996
PROD00298,PROD00303,1,0.035486160397444996
PROD00058,PROD00247,1,0.035486160397444996
PROD00124,PROD00193,1,0.035486160397444996
PROD00124,PROD00293,1,0.035486160397444996
PROD00193,PROD00293,1,0.035486160397444996
PROD00049,PROD00185,1,0.035486160397444996
PROD00049,PROD00282,1,0.035486160397444996
PROD00049,PROD00458,1,0.035486160397444996
PROD00185,PROD00282,1,0.035486160397444996
PROD00185,PROD00458,1,0.035486160397444996
PROD00282,PROD00458,1,0.035486160397444996
PROD00092,PROD00098,1,0.035486160397444996
PROD00297,PROD00332,1,0.035486160397444996
PROD00032,PROD00132,1,0.035486160397444996
PROD00032,PROD00383,1,0.035486160397444996
PROD00132,PROD00383,1,0.035486160397444996
PROD00082,PROD00202,1,0.035486160397444996
PROD00082,PROD00479,1,0.035486160397444996
PROD00202,PROD00479,1,0.035486160397444996
PROD00031,PROD00067,1,0.035486160397444996
PROD00007,PROD00329,1,0.035486160397444996
PROD00101,PROD00318,1,0.035486160397444996
PROD00101,PROD00319,1,0.035486160397444996
PROD00101,PROD00384,1,0.035486160397444996
PROD00318,PROD00319,1,0.035486160397444996
PROD00318,PROD00384,1,0.035486160397444996
PROD00319,PROD00384,1,0.035486160397444996
PROD00027,PROD00154,1,0.035486160397444996
PROD00157,PROD00253,1,0.035486160397444996
PROD00121,PROD00227,1,0.035486160397444996
PROD00091,PROD00434,1,0.035486160397444996
PROD00113,PROD00358,1,0.035486160397444996
PROD00113,PROD00380,1,0.035486160397444996
PROD00358,PROD00380,1,0.035486160397444996
PROD00110,PROD00174,1,0.035486160397444996
PROD00110,PROD00266,1,0.035486160397444996
PROD00174,PROD00266,1,0.035486160397444996
PROD00177,PROD00478,1,0.035486160397444996
PROD00352,PROD00358,1,0.035486160397444996
PROD00352,PROD00374,1,0.035486160397444996
PROD00352,PROD00466,1,0.035486160397444996
PROD00358,PROD00374,1,0.035486160397444996
PROD00358,PROD00466,1,0.035486160397444996
PROD00374,PROD00466,1,0.035486160397444996
PROD00332,PROD00336,1,0.035486160397444996
PROD00079,PROD00459,1,0.035486160397444996
PROD00198,PROD00355,1,0.035486160397444996
PROD00169,PROD00309,1,0.035486160397444996
PROD00313,PROD00429,1,0.035486160397444996
PROD00130,PROD00285,1,0.035486160397444996
PROD00130,PROD00400,1,0.035486160397444996
PROD00285,PROD00400,1,0.035486160397444996
PROD00365,PROD00388,1,0.035486160397444996
PROD00004,PROD00031,1,0.035486160397444996
PROD00004,PROD00495,1,0.035486160397444996
PROD00031,PROD00399,1,0.035486160397444996
PROD00031,PROD00495,1,0.035486160397444996
PROD00399,PROD00495,1,0.035486160397444996
PROD00176,PROD00295,1,0.035486160397444996
PROD00140,PROD00333,1,0.035486160397444996
PROD00303,PROD00391,1,0.035486160397444996
PROD00303,PROD00460,1,0.035486160397444996
PROD00303,PROD00477,1,0.035486160397444996
PROD00391,PROD00460,1,0.035486160397444996
PROD00391,PROD00477,1,0.035486160397444996
PROD00460,PROD00477,1,0.035486160397444996
PROD00189,PROD00232,1,0.035486160397444996
PROD00189,PROD00239,1,0.035486160397444996
PROD00232,PROD00239,1,0.035486160397444996
PROD00125,PROD00150,1,0.035486160397444996
PROD00005,PROD00181,1,0.035486160397444996
PROD00374,PROD00418,1,0.035486160397444996
PROD00110,PROD00248,1,0.035486160397444996
PROD00110,PROD00474,1,0.035486160397444996
PROD00248,PROD00474,1,0.035486160397444996
PROD00013,PROD00164,1,0.035486160397444996
PROD00094,PROD00357,1,0.035486160397444996
PROD00119,PROD00285,1,0.035486160397444996
PROD00119,PROD00398,1,0.035486160397444996
PROD00018,PROD00388,1,0.035486160397444996
PROD00018,PROD00417,1,0.035486160397444996
PROD00388,PROD00417,1,0.035486160397444996
PROD00010,PROD00175,1,0.035486160397444996
PROD00026,PROD00065,1,0.035486160397444996
PROD00026,PROD00490,1,0.035486160397444996
PROD00065,PROD00490,1,0.035486160397444996
PROD00092,PROD00444,1,0.035486160397444996
PROD00053,PROD00308,1,0.035486160397444996
PROD00010,PROD00305,1,0.035486160397444996
PROD00082,PROD00328,1,0.035486160397444996
PROD00082,PROD00352,1,0.035486160397444996
PROD00328,PROD00352,1,0.035486160397444996
PROD00424,PROD00476,1,0.035486160397444996
PROD00056,PROD00246,1,0.035486160397444996
PROD00072,PROD00136,1,0.035486160397444996
PROD00182,PROD00279,1,0.035486160397444996
PROD00078,PROD00265,1,0.035486160397444996
PROD00078,PROD00334,1,0.035486160397444996
PROD00265,PROD00334,1,0.035486160397444996
PROD00252,PROD00296,1,0.035486160397444996
PROD00039,PROD00076,1,0.035486160397444996
PROD00230,PROD00456,1,0.035486160397444996
PROD00158,PROD00479,1,0.035486160397444996
PROD00333,PROD00479,1,0.035486160397444996
PROD00093,PROD00210,1,0.035486160397444996
PROD00111,PROD00292,1,0.035486160397444996
PROD00281,PROD00380,1,0.035486160397444996
PROD00008,PROD00369,1,0.035486160397444996
PROD00063,PROD00254,1,0.035486160397444996
PROD00170,PROD00215,1,0.035486160397444996
PROD00301,PROD00435,1,0.035486160397444996
PROD00032,PROD00035,1,0.035486160397444996
PROD00225,PROD00379,1,0.035486160397444996
PROD00279,PROD00412,1,0.035486160397444996
PROD00166,PROD00167,1,0.035486160397444996
PROD00052,PROD00277,1,0.035486160397444996
PROD00052,PROD00366,1,0.035486160397444996
PROD00277,PROD00366,1,0.035486160397444996
PROD00068,PROD00164,1,0.035486160397444996
PROD00145,PROD00374,1,0.035486160397444996
PROD00019,PROD00125,1,0.035486160397444996
PROD00019,PROD00198,1,0.035486160397444996
PROD00019,PROD00256,1,0.035486160397444996
PROD00125,PROD00198,1,0.035486160397444996
PROD00125,PROD00256,1,0.035486160397444996
PROD00198,PROD00256,1,0.035486160397444996
PROD00254,PROD00324,1,0.035486160397444996
PROD00005,PROD00056,1,0.035486160397444996
PROD00005,PROD00291,1,0.035486160397444996
PROD00056,PROD00291,1,0.035486160397444996
PROD00308,PROD00407,1,0.035486160397444996
PROD00084,PROD00392,1,0.035486160397444996
PROD00009,PROD00060,1,0.035486160397444996
PROD00009,PROD00333,1,0.035486160397444996
PROD00060,PROD00333,1,0.035486160397444996
PROD00133,PROD00342,1,0.035486160397444996
PROD00111,PROD00285,1,0.035486160397444996
PROD00111,PROD00290,1,0.035486160397444996
PROD00111,PROD00406,1,0.035486160397444996
PROD00285,PROD00290,1,0.035486160397444996
PROD00285,PROD00406,1,0.035486160397444996
PROD00290,PROD00406,1,0.035486160397444996
PROD00013,PROD00113,1,0.035486160397444996
PROD00086,PROD00251,1,0.035486160397444996
PROD00086,PROD00492,1,0.035486160397444996
PROD00251,PROD00492,1,0.035486160397444996
PROD00203,PROD00294,1,0.035486160397444996
PROD00034,PROD00377,1,0.035486160397444996
PROD00097,PROD00192,1,0.035486160397444996
PROD00097,PROD00225,1,0.035486160397444996
PROD00192,PROD00225,1,0.035486160397444996
PROD00286,PROD00384,1,0.035486160397444996
PROD00157,PROD00218,1,0.035486160397444996
PROD00418,PROD00462,1,0.035486160397444996
PROD00054,PROD00096,1,0.035486160397444996
PROD00054,PROD00146,1,0.035486160397444996
PROD00096,PROD00146,1,0.035486160397444996
PROD00164,PROD00231,1,0.035486160397444996
PROD00164,PROD00418,1,0.035486160397444996
PROD00231,PROD00418,1,0.035486160397444996
PROD00152,PROD00163,1,0.035486160397444996
PROD00152,PROD00311,1,0.035486160397444996
PROD00152,PROD00360,1,0.035486160397444996
PROD00163,PROD00311,1,0.035486160397444996
PROD00163,PROD00360,1,0.035486160397444996
PROD00311,PROD00360,1,0.035486160397444996
PROD00053,PROD00067,1,0.035486160397444996
PROD00053,PROD00135,1,0.035486160397444996
PROD00053,PROD00493,1,0.035486160397444996
PROD00067,PROD00135,1,0.035486160397444996
PROD00067,PROD00493,1,0.035486160397444996
PROD00135,PROD00493,1,0.035486160397444996
PROD00111,PROD00404,1,0.035486160397444996
PROD00299,PROD00404,1,0.035486160397444996
PROD00087,PROD00434,1,0.035486160397444996
PROD00385,PROD00417,1,0.035486160397444996
PROD00004,PROD00119,1,0.035486160397444996
PROD00014,PROD00063,1,0.035486160397444996
PROD00014,PROD00245,1,0.035486160397444996
PROD00063,PROD00245,1,0.035486160397444996
PROD00132,PROD00322,1,0.035486160397444996
PROD00132,PROD00421,1,0.035486160397444996
PROD00322,PROD00421,1,0.035486160397444996
PROD00288,PROD00431,1,0.035486160397444996
PROD00288,PROD00451,1,0.035486160397444996
PROD00431,PROD00451,1,0.035486160397444996
PROD00173,PROD00334,1,0.035486160397444996
PROD00152,PROD00244,1,0.035486160397444996
PROD00152,PROD00339,1,0.035486160397444996
PROD00152,PROD00421,1,0.035486160397444996
PROD00244,PROD00339,1,0.035486160397444996
PROD00244,PROD00421,1,0.035486160397444996
PROD00339,PROD00421,1,0.035486160397444996
PROD00310,PROD00315,1,0.035486160397444996
PROD00001,PROD00025,1,0.035486160397444996
PROD00199,PROD00356,1,0.035486160397444996
PROD00199,PROD00381,1,0.035486160397444996
PROD00356,PROD00381,1,0.035486160397444996
PROD00058,PROD00136,1,0.035486160397444996
PROD00058,PROD00394,1,0.035486160397444996
PROD00136,PROD00394,1,0.035486160397444996
PROD00137,PROD00419,1,0.035486160397444996
PROD00419,PROD00442,1,0.035486160397444996
PROD00055,PROD00268,1,0.035486160397444996
PROD00055,PROD00338,1,0.035486160397444996
PROD00268,PROD00338,1,0.035486160397444996
PROD00230,PROD00448,1,0.035486160397444996
PROD00382,PROD00401,1,0.035486160397444996
PROD00078,PROD00297,1,0.035486160397444996
PROD00191,PROD00323,1,0.035486160397444996
PROD00180,PROD00342,1,0.035486160397444996
PROD00078,PROD00150,1,0.035486160397444996
PROD00351,PROD00412,1,0.035486160397444996
PROD00320,PROD00446,1,0.035486160397444996
PROD00054,PROD00181,1,0.035486160397444996
PROD00037,PROD00262,1,0.035486160397444996
PROD00051,PROD00184,1,0.035486160397444996
PROD00310,PROD00313,1,0.035486160397444996
PROD00213,PROD00439,1,0.035486160397444996
PROD00302,PROD00465,1,0.035486160397444996
PROD00407,PROD00465,1,0.035486160397444996
PROD00462,PROD00480,1,0.035486160397444996
PROD00004,PROD00255,1,0.035486160397444996
PROD00128,PROD00140,1,0.035486160397444996
PROD00140,PROD00449,1,0.035486160397444996
PROD00034,PROD00113,1,0.035486160397444996
PROD00034,PROD00357,1,0.035486160397444996
PROD00113,PROD00357,1,0.035486160397444996
PROD00107,PROD00118,1,0.035486160397444996
PROD00301,PROD00427,1,0.035486160397444996
PROD00396,PROD00488,1,0.035486160397444996
PROD00197,PROD00304,1,0.035486160397444996
PROD00233,PROD00318,1,0.035486160397444996
PROD00123,PROD00269,1,0.035486160397444996
PROD00004,PROD00170,1,0.035486160397444996
PROD00004,PROD00342,1,0.035486160397444996
PROD00170,PROD00342,1,0.035486160397444996
PROD00061,PROD00200,1,0.035486160397444996
PROD00138,PROD00158,1,0.035486160397444996
PROD00138,PROD00333,1,0.035486160397444996
PROD00150,PROD00214,1,0.035486160397444996
PROD00150,PROD00464,1,0.035486160397444996
PROD00214,PROD00464,1,0.035486160397444996
PROD00088,PROD00314,1,0.035486160397444996
PROD00221,PROD00478,1,0.035486160397444996
PROD00024,PROD00209,1,0.035486160397444996
PROD00036,PROD00074,1,0.035486160397444996
PROD00036,PROD00101,1,0.035486160397444996
PROD00036,PROD00154,1,0.035486160397444996
PROD00074,PROD00101,1,0.035486160397444996
PROD00074,PROD00154,1,0.035486160397444996
PROD00101,PROD00154,1,0.035486160397444996
PROD00209,PROD00330,1,0.035486160397444996
PROD00191,PROD00231,1,0.035486160397444996
PROD00280,PROD00456,1,0.035486160397444996
PROD00174,PROD00211,1,0.035486160397444996
PROD00297,PROD00435,1,0.035486160397444996
PROD00024,PROD00243,1,0.035486160397444996
PROD00024,PROD00342,1,0.035486160397444996
PROD00243,PROD00342,1,0.035486160397444996
PROD00057,PROD00488,1,0.035486160397444996
PROD00083,PROD00181,1,0.035486160397444996
PROD00180,PROD00316,1,0.035486160397444996
PROD00180,PROD00479,1,0.035486160397444996
PROD00316,PROD00479,1,0.035486160397444996
PROD00037,PROD00313,1,0.035486160397444996
PROD00037,PROD00366,1,0.035486160397444996
PROD00037,PROD00372,1,0.035486160397444996
PROD00313,PROD00366,1,0.035486160397444996
PROD00313,PROD00372,1,0.035486160397444996
PROD00366,PROD00372,1,0.035486160397444996
PROD00026,PROD00463,1,0.035486160397444996
PROD00258,PROD00463,1,0.035486160397444996
PROD00011,PROD00379,1,0.035486160397444996
PROD00108,PROD00422,1,0.035486160397444996
PROD00108,PROD00464,1,0.035486160397444996
PROD00422,PROD00464,1,0.035486160397444996
PROD00008,PROD00170,1,0.035486160397444996
PROD00008,PROD00223,1,0.035486160397444996
PROD00170,PROD00223,1,0.035486160397444996
PROD00164,PROD00189,1,0.035486160397444996
PROD00164,PROD00234,1,0.035486160397444996
PROD00189,PROD00234,1,0.035486160397444996
PROD00036,PROD00161,1,0.035486160397444996
PROD00314,PROD00362,1,0.035486160397444996
PROD00026,PROD00489,1,0.035486160397444996
PROD00138,PROD00372,1,0.035486160397444996
PROD00306,PROD00375,1,0.035486160397444996
PROD00306,PROD00454,1,0.035486160397444996
PROD00365,PROD00375,1,0.035486160397444996
PROD00365,PROD00454,1,0.035486160397444996
PROD00375,PROD00454,1,0.035486160397444996
PROD00086,PROD00450,1,0.035486160397444996
PROD00086,PROD00488,1,0.035486160397444996
PROD00450,PROD00488,1,0.035486160397444996
PROD00016,PROD00163,1,0.035486160397444996
PROD00045,PROD00188,1,0.035486160397444996
PROD00045,PROD00398,1,0.035486160397444996
PROD00045,PROD00480,1,0.035486160397444996
PROD00188,PROD00480,1,0.035486160397444996
PROD00398,PROD00480,1,0.035486160397444996
PROD00035,PROD00280,1,0.035486160397444996
PROD00035,PROD00421,1,0.035486160397444996
PROD00280,PROD00421,1,0.035486160397444996
PROD00201,PROD00233,1,0.035486160397444996
PROD00017,PROD00149,1,0.035486160397444996
PROD00017,PROD00294,1,0.035486160397444996
PROD00149,PROD00294,1,0.035486160397444996
PROD00272,PROD00306,1,0.035486160397444996
PROD00283,PROD00454,1,0.035486160397444996
PROD00048,PROD00173,1,0.035486160397444996
PROD00048,PROD00483,1,0.035486160397444996
PROD00173,PROD00483,1,0.035486160397444996
PROD00013,PROD00149,1,0.035486160397444996
PROD00022,PROD00056,1,0.035486160397444996
PROD00022,PROD00220,1,0.035486160397444996
PROD00056,PROD00220,1,0.035486160397444996
PROD00214,PROD00368,1,0.035486160397444996
PROD00288,PROD00299,1,0.035486160397444996
PROD00069,PROD00433,1,0.035486160397444996
PROD00238,PROD00251,1,0.035486160397444996
PROD00238,PROD00428,1,0.035486160397444996
PROD00251,PROD00428,1,0.035486160397444996
PROD00174,PROD00479,1,0.035486160397444996
PROD00192,PROD00278,1,0.035486160397444996
PROD00192,PROD00287,1,0.035486160397444996
PROD00278,PROD00287,1,0.035486160397444996
PROD00133,PROD00245,1,0.035486160397444996
PROD00133,PROD00274,1,0.035486160397444996
PROD00245,PROD00274,1,0.035486160397444996
PROD00086,PROD00199,1,0.035486160397444996
PROD00101,PROD00166,1,0.035486160397444996
PROD00105,PROD00382,1,0.035486160397444996
PROD00220,PROD00240,1,0.035486160397444996
PROD00069,PROD00150,1,0.035486160397444996
PROD00032,PROD00248,1,0.035486160397444996
PROD00061,PROD00063,1,0.035486160397444996
PROD00110,PROD00328,1,0.035486160397444996
PROD00128,PROD00379,1,0.035486160397444996
PROD00034,PROD00242,1,0.035486160397444996
PROD00034,PROD00335,1,0.035486160397444996
PROD00242,PROD00335,1,0.035486160397444996
PROD00299,PROD00393,1,0.035486160397444996
PROD00295,PROD00373,1,0.035486160397444996
PROD00295,PROD00494,1,0.035486160397444996
PROD00373,PROD00494,1,0.035486160397444996
PROD00273,PROD00318,1,0.035486160397444996
PROD00273,PROD00423,1,0.035486160397444996
PROD00318,PROD00423,1,0.035486160397444996
PROD00143,PROD00401,1,0.035486160397444996
PROD00070,PROD00317,1,0.035486160397444996
PROD00070,PROD00459,1,0.035486160397444996
PROD00317,PROD00459,1,0.035486160397444996
PROD00138,PROD00188,1,0.035486160397444996
PROD00419,PROD00483,1,0.035486160397444996
PROD00009,PROD00166,1,0.035486160397444996
PROD00009,PROD00328,1,0.035486160397444996
PROD00166,PROD00328,1,0.035486160397444996
PROD00118,PROD00153,1,0.035486160397444996
PROD00118,PROD00312,1,0.035486160397444996
PROD00118,PROD00357,1,0.035486160397444996
PROD00153,PROD00312,1,0.035486160397444996
PROD00153,PROD00357,1,0.035486160397444996
PROD00312,PROD00357,1,0.035486160397444996
PROD00424,PROD00482,1,0.035486160397444996
PROD00079,PROD00085,1,0.035486160397444996
PROD00079,PROD00396,1,0.035486160397444996
PROD00079,PROD00456,1,0.035486160397444996
PROD00085,PROD00396,1,0.035486160397444996
PROD00085,PROD00456,1,0.035486160397444996
PROD00396,PROD00456,1,0.035486160397444996
PROD00439,PROD00457,1,0.035486160397444996
PROD00207,PROD00433,1,0.035486160397444996
PROD00028,PROD00246,1,0.035486160397444996
PROD00223,PROD00394,1,0.035486160397444996
PROD00144,PROD00207,1,0.035486160397444996
PROD00144,PROD00390,1,0.035486160397444996
PROD00207,PROD00390,1,0.035486160397444996
PROD00083,PROD00188,1,0.035486160397444996
PROD00083,PROD00356,1,0.035486160397444996
PROD00188,PROD00356,1,0.035486160397444996
PROD00102,PROD00426,1,0.035486160397444996
PROD00087,PROD00148,1,0.035486160397444996
PROD00087,PROD00431,1,0.035486160397444996
PROD00148,PROD00431,1,0.035486160397444996
PROD00027,PROD00245,1,0.035486160397444996
PROD00027,PROD00450,1,0.035486160397444996
PROD00245,PROD00450,1,0.035486160397444996
PROD00246,PROD00365,1,0.035486160397444996
PROD00246,PROD00394,1,0.035486160397444996
PROD00365,PROD00394,1,0.035486160397444996
PROD00061,PROD00092,1,0.035486160397444996
PROD00061,PROD00268,1,0.035486160397444996
PROD00061,PROD00459,1,0.035486160397444996
PROD00092,PROD00268,1,0.035486160397444996
PROD00092,PROD00459,1,0.035486160397444996
PROD00268,PROD00459,1,0.035486160397444996
PROD00175,PROD00310,1,0.035486160397444996
PROD00031,PROD00319,1,0.035486160397444996
PROD00078,PROD00459,1,0.035486160397444996
PROD00034,PROD00462,1,0.035486160397444996
PROD00034,PROD00379,1,0.035486160397444996
PROD00073,PROD00221,1,0.035486160397444996
PROD00167,PROD00333,1,0.035486160397444996
PROD00213,PROD00259,1,0.035486160397444996
PROD00019,PROD00122,1,0.035486160397444996
PROD00042,PROD00422,1,0.035486160397444996
PROD00422,PROD00451,1,0.035486160397444996
PROD00303,PROD00398,1,0.035486160397444996
PROD00303,PROD00422,1,0.035486160397444996
PROD00398,PROD00422,1,0.035486160397444996
PROD00195,PROD00221,1,0.035486160397444996
PROD00323,PROD00422,1,0.035486160397444996
PROD00061,PROD00198,1,0.035486160397444996
PROD00061,PROD00371,1,0.035486160397444996
PROD00198,PROD00371,1,0.035486160397444996
PROD00185,PROD00277,1,0.035486160397444996
PROD00054,PROD00257,1,0.035486160397444996
PROD00083,PROD00378,1,0.035486160397444996
PROD00142,PROD00193,1,0.035486160397444996
PROD00054,PROD00230,1,0.035486160397444996
PROD00089,PROD00329,1,0.035486160397444996
PROD00089,PROD00427,1,0.035486160397444996
PROD00329,PROD00427,1,0.035486160397444996
PROD00033,PROD00104,1,0.035486160397444996
PROD00033,PROD00480,1,0.035486160397444996
PROD00104,PROD00480,1,0.035486160397444996
PROD00212,PROD00394,1,0.035486160397444996
PROD00212,PROD00463,1,0.035486160397444996
PROD00394,PROD00463,1,0.035486160397444996
PROD00173,PROD00247,1,0.035486160397444996
PROD00168,PROD00290,1,0.035486160397444996
PROD00168,PROD00340,1,0.035486160397444996
PROD00290,PROD00340,1,0.035486160397444996
PROD00093,PROD00209,1,0.035486160397444996
PROD00096,PROD00134,1,0.035486160397444996
PROD00096,PROD00457,1,0.035486160397444996
PROD00134,PROD00457,1,0.035486160397444996
PROD00013,PROD00324,1,0.035486160397444996
PROD00038,PROD00238,1,0.035486160397444996
PROD00238,PROD00393,1,0.035486160397444996
PROD00092,PROD00310,1,0.035486160397444996
PROD00325,PROD00375,1,0.035486160397444996
PROD00325,PROD00431,1,0.035486160397444996
PROD00375,PROD00431,1,0.035486160397444996
PROD00065,PROD00295,1,0.035486160397444996
PROD00167,PROD00477,1,0.035486160397444996
PROD00123,PROD00165,1,0.035486160397444996
PROD00123,PROD00472,1,0.035486160397444996
PROD00123,PROD00492,1,0.035486160397444996
PROD00165,PROD00472,1,0.035486160397444996
PROD00165,PROD00492,1,0.035486160397444996
PROD00472,PROD00492,1,0.035486160397444996
PROD00273,PROD00485,1,0.035486160397444996
PROD00155,PROD00327,1,0.035486160397444996
PROD00155,PROD00435,1,0.035486160397444996
PROD00327,PROD00435,1,0.035486160397444996
PROD00286,PROD00295,1,0.035486160397444996
PROD00174,PROD00292,1,0.035486160397444996
PROD00174,PROD00459,1,0.035486160397444996
PROD00292,PROD00459,1,0.035486160397444996
PROD00226,PROD00333,1,0.035486160397444996
PROD00226,PROD00341,1,0.035486160397444996
PROD00333,PROD00341,1,0.035486160397444996
PROD00124,PROD00462,1,0.035486160397444996
PROD00124,PROD00487,1,0.035486160397444996
PROD00462,PROD00487,1,0.035486160397444996
PROD00414,PROD00455,1,0.035486160397444996
PROD00069,PROD00310,1,0.035486160397444996
PROD00069,PROD00364,1,0.035486160397444996
PROD00310,PROD00364,1,0.035486160397444996
PROD00129,PROD00305,1,0.035486160397444996
PROD00216,PROD00447,1,0.035486160397444996
PROD00163,PROD00283,1,0.035486160397444996
PROD00163,PROD00373,1,0.035486160397444996
PROD00283,PROD00373,1,0.035486160397444996
PROD00126,PROD00159,1,0.035486160397444996
PROD00126,PROD00240,1,0.035486160397444996
PROD00159,PROD00240,1,0.035486160397444996
PROD00072,PROD00126,1,0.035486160397444996
PROD00002,PROD00170,1,0.035486160397444996
PROD00002,PROD00296,1,0.035486160397444996
PROD00170,PROD00296,1,0.035486160397444996
PROD00034,PROD00041,1,0.035486160397444996
PROD00034,PROD00107,1,0.035486160397444996
PROD00034,PROD00396,1,0.035486160397444996
PROD00041,PROD00107,1,0.035486160397444996
PROD00041,PROD00396,1,0.035486160397444996
PROD00107,PROD00396,1,0.035486160397444996
PROD00015,PROD00043,1,0.035486160397444996
PROD00015,PROD00238,1,0.035486160397444996
PROD00043,PROD00238,1,0.035486160397444996
PROD00051,PROD00212,1,0.035486160397444996
PROD00193,PROD00210,1,0.035486160397444996
PROD00193,PROD00227,1,0.035486160397444996
PROD00210,PROD00227,1,0.035486160397444996
PROD00348,PROD00358,1,0.035486160397444996
PROD00333,PROD00421,1,0.035486160397444996
PROD00014,PROD00449,1,0.035486160397444996
PROD00105,PROD00271,1,0.035486160397444996
PROD00127,PROD00163,1,0.035486160397444996
PROD00127,PROD00402,1,0.035486160397444996
PROD00008,PROD00044,1,0.035486160397444996
PROD00355,PROD00383,1,0.035486160397444996
PROD00181,PROD00227,1,0.035486160397444996
PROD00260,PROD00317,1,0.035486160397444996
PROD00260,PROD00362,1,0.035486160397444996
PROD00317,PROD00362,1,0.035486160397444996
PROD00102,PROD00281,1,0.035486160397444996
PROD00104,PROD00128,1,0.035486160397444996
PROD00104,PROD00246,1,0.035486160397444996
PROD00104,PROD00422,1,0.035486160397444996
PROD00128,PROD00246,1,0.035486160397444996
PROD00128,PROD00422,1,0.035486160397444996
PROD00246,PROD00422,1,0.035486160397444996
PROD00410,PROD00471,1,0.035486160397444996
PROD00197,PROD00333,1,0.035486160397444996
PROD00059,PROD00136,1,0.035486160397444996
PROD00291,PROD00315,1,0.035486160397444996
PROD00291,PROD00403,1,0.035486160397444996
PROD00315,PROD00403,1,0.035486160397444996
PROD00114,PROD00327,1,0.035486160397444996
PROD00114,PROD00430,1,0.035486160397444996
PROD00327,PROD00430,1,0.035486160397444996
PROD00033,PROD00453,1,0.035486160397444996
PROD00133,PROD00146,1,0.035486160397444996
PROD00157,PROD00334,1,0.035486160397444996
PROD00166,PROD00287,1,0.035486160397444996
PROD00168,PROD00177,1,0.035486160397444996
PROD00106,PROD00246,1,0.035486160397444996
PROD00106,PROD00330,1,0.035486160397444996
PROD00246,PROD00330,1,0.035486160397444996
PROD00205,PROD00385,1,0.035486160397444996
PROD00205,PROD00493,1,0.035486160397444996
PROD00385,PROD00493,1,0.035486160397444996
PROD00094,PROD00488,1,0.035486160397444996
PROD00152,PROD00314,1,0.035486160397444996
PROD00117,PROD00234,1,0.035486160397444996
PROD00126,PROD00167,1,0.035486160397444996
PROD00126,PROD00323,1,0.035486160397444996
PROD00167,PROD00323,1,0.035486160397444996
PROD00393,PROD00486,1,0.035486160397444996
PROD00009,PROD00258,1,0.035486160397444996
PROD00188,PROD00435,1,0.035486160397444996
PROD00222,PROD00276,1,0.035486160397444996
PROD00222,PROD00358,1,0.035486160397444996
PROD00222,PROD00359,1,0.035486160397444996
PROD00276,PROD00358,1,0.035486160397444996
PROD00276,PROD00359,1,0.035486160397444996
PROD00358,PROD00359,1,0.035486160397444996
PROD00320,PROD00387,1,0.035486160397444996
PROD00104,PROD00265,1,0.035486160397444996
PROD00189,PROD00283,1,0.035486160397444996
PROD00189,PROD00332,1,0.035486160397444996
PROD00283,PROD00332,1,0.035486160397444996
PROD00179,PROD00374,1,0.035486160397444996
PROD00059,PROD00309,1,0.035486160397444996
PROD00414,PROD00483,1,0.035486160397444996
PROD00066,PROD00483,1,0.035486160397444996
PROD00336,PROD00341,1,0.035486160397444996
PROD00270,PROD00302,1,0.035486160397444996
PROD00305,PROD00368,1,0.035486160397444996
PROD00305,PROD00378,1,0.035486160397444996
PROD00305,PROD00402,1,0.035486160397444996
PROD00368,PROD00378,1,0.035486160397444996
PROD00368,PROD00402,1,0.035486160397444996
PROD00378,PROD00402,1,0.035486160397444996
PROD00043,PROD00264,1,0.035486160397444996
PROD00043,PROD00330,1,0.035486160397444996
PROD00264,PROD00330,1,0.035486160397444996
PROD00184,PROD00426,1,0.035486160397444996
PROD00322,PROD00414,1,0.035486160397444996
PROD00106,PROD00193,1,0.035486160397444996
PROD00074,PROD00165,1,0.035486160397444996
PROD00074,PROD00178,1,0.035486160397444996
PROD00074,PROD00436,1,0.035486160397444996
PROD00165,PROD00178,1,0.035486160397444996
PROD00178,PROD00436,1,0.035486160397444996
PROD00048,PROD00058,1,0.035486160397444996
PROD00048,PROD00323,1,0.035486160397444996
PROD00058,PROD00323,1,0.035486160397444996
PROD00068,PROD00177,1,0.035486160397444996
PROD00068,PROD00476,1,0.035486160397444996
PROD00177,PROD00476,1,0.035486160397444996
PROD00049,PROD00075,1,0.035486160397444996
PROD00134,PROD00338,1,0.035486160397444996
PROD00167,PROD00224,1,0.035486160397444996
PROD00167,PROD00427,1,0.035486160397444996
PROD00029,PROD00041,1,0.035486160397444996
PROD00172,PROD00327,1,0.035486160397444996
PROD00003,PROD00473,1,0.035486160397444996
PROD00036,PROD00358,1,0.035486160397444996
PROD00103,PROD00246,1,0.035486160397444996
PROD00148,PROD00179,1,0.035486160397444996
PROD00148,PROD00223,1,0.035486160397444996
PROD00179,PROD00223,1,0.035486160397444996
PROD00099,PROD00128,1,0.035486160397444996
PROD00099,PROD00289,1,0.035486160397444996
PROD00128,PROD00289,1,0.035486160397444996
PROD00121,PROD00483,1,0.035486160397444996
PROD00113,PROD00264,1,0.035486160397444996
PROD00113,PROD00462,1,0.035486160397444996
PROD00264,PROD00462,1,0.035486160397444996
PROD00142,PROD00384,1,0.035486160397444996
PROD00067,PROD00408,1,0.035486160397444996
PROD00012,PROD00226,1,0.035486160397444996
PROD00012,PROD00229,1,0.035486160397444996
PROD00226,PROD00229,1,0.035486160397444996
PROD00031,PROD00338,1,0.035486160397444996
PROD00006,PROD00097,1,0.035486160397444996
PROD00006,PROD00326,1,0.035486160397444996
PROD00097,PROD00326,1,0.035486160397444996
PROD00104,PROD00152,1,0.035486160397444996
PROD00351,PROD00421,1,0.035486160397444996
PROD00305,PROD00467,1,0.035486160397444996
PROD00021,PROD00430,1,0.035486160397444996
PROD00020,PROD00077,1,0.035486160397444996
PROD00020,PROD00179,1,0.035486160397444996
PROD00077,PROD00179,1,0.035486160397444996
PROD00028,PROD00182,1,0.035486160397444996
PROD00125,PROD00206,1,0.035486160397444996
PROD00125,PROD00425,1,0.035486160397444996
PROD00206,PROD00425,1,0.035486160397444996
PROD00232,PROD00367,1,0.035486160397444996
PROD00213,PROD00446,1,0.035486160397444996
PROD00066,PROD00122,1,0.035486160397444996
PROD00066,PROD00459,1,0.035486160397444996
PROD00122,PROD00459,1,0.035486160397444996
PROD00215,PROD00323,1,0.035486160397444996
PROD00261,PROD00296,1,0.035486160397444996
PROD00187,PROD00403,1,0.035486160397444996
PROD00250,PROD00477,1,0.035486160397444996
PROD00250,PROD00489,1,0.035486160397444996
PROD00477,PROD00489,1,0.035486160397444996
PROD00161,PROD00247,1,0.035486160397444996
PROD00026,PROD00060,1,0.035486160397444996
PROD00034,PROD00261,1,0.035486160397444996
PROD00187,PROD00344,1,0.035486160397444996
PROD00187,PROD00373,1,0.035486160397444996
PROD00187,PROD00456,1,0.035486160397444996
PROD00344,PROD00373,1,0.035486160397444996
PROD00344,PROD00456,1,0.035486160397444996
PROD00373,PROD00456,1,0.035486160397444996
PROD00255,PROD00436,1,0.035486160397444996
PROD00234,PROD00308,1,0.035486160397444996
PROD00135,PROD00330,1,0.035486160397444996
PROD00257,PROD00330,1,0.035486160397444996
PROD00316,PROD00335,1,0.035486160397444996
PROD00152,PROD00332,1,0.035486160397444996
PROD00113,PROD00135,1,0.035486160397444996
PROD00250,PROD00268,1,0.035486160397444996
PROD00250,PROD00285,1,0.035486160397444996
PROD00268,PROD00285,1,0.035486160397444996
PROD00227,PROD00450,1,0.035486160397444996
PROD00127,PROD00426,1,0.035486160397444996
PROD00292,PROD00316,1,0.035486160397444996
PROD00246,PROD00392,1,0.035486160397444996
PROD00002,PROD00048,1,0.035486160397444996
PROD00002,PROD00123,1,0.035486160397444996
PROD00002,PROD00149,1,0.035486160397444996
PROD00048,PROD00123,1,0.035486160397444996
PROD00048,PROD00149,1,0.035486160397444996
PROD00123,PROD00149,1,0.035486160397444996
PROD00011,PROD00412,1,0.035486160397444996
PROD00098,PROD00304,1,0.035486160397444996
PROD00362,PROD00429,1,0.035486160397444996
PROD00107,PROD00120,1,0.035486160397444996
PROD00107,PROD00211,1,0.035486160397444996
PROD00120,PROD00211,1,0.035486160397444996
PROD00068,PROD00143,1,0.035486160397444996
PROD00068,PROD00267,1,0.035486160397444996
PROD00068,PROD00296,1,0.035486160397444996
PROD00143,PROD00267,1,0.035486160397444996
PROD00143,PROD00296,1,0.035486160397444996
PROD00267,PROD00296,1,0.035486160397444996
PROD00093,PROD00479,1,0.035486160397444996
PROD00047,PROD00363,1,0.035486160397444996
PROD00101,PROD00301,1,0.035486160397444996
PROD00101,PROD00464,1,0.035486160397444996
PROD00301,PROD00464,1,0.035486160397444996
PROD00021,PROD00244,1,0.035486160397444996
PROD00221,PROD00448,1,0.035486160397444996
PROD00246,PROD00293,1,0.035486160397444996
PROD00246,PROD00414,1,0.035486160397444996
PROD00293,PROD00414,1,0.035486160397444996
PROD00016,PROD00115,1,0.035486160397444996
PROD00012,PROD00089,1,0.035486160397444996
PROD00012,PROD00286,1,0.035486160397444996
PROD00089,PROD00286,1,0.035486160397444996
PROD00144,PROD00402,1,0.035486160397444996
PROD00092,PROD00454,1,0.035486160397444996
PROD00078,PROD00216,1,0.035486160397444996
PROD00078,PROD00262,1,0.035486160397444996
PROD00216,PROD00262,1,0.035486160397444996
PROD00137,PROD00185,1,0.035486160397444996
PROD00185,PROD00486,1,0.035486160397444996
PROD00102,PROD00224,1,0.035486160397444996
PROD00138,PROD00193,1,0.035486160397444996
PROD00235,PROD00448,1,0.035486160397444996
PROD00193,PROD00277,1,0.035486160397444996
PROD00281,PROD00451,1,0.035486160397444996
PROD00044,PROD00290,1,0.035486160397444996
PROD00044,PROD00464,1,0.035486160397444996
PROD00290,PROD00464,1,0.035486160397444996
PROD00077,PROD00465,1,0.035486160397444996
PROD00107,PROD00172,1,0.035486160397444996
PROD00107,PROD00258,1,0.035486160397444996
PROD00172,PROD00258,1,0.035486160397444996
PROD00152,PROD00327,1,0.035486160397444996
PROD00355,PROD00441,1,0.035486160397444996
PROD00037,PROD00146,1,0.035486160397444996
PROD00037,PROD00266,1,0.035486160397444996
PROD00146,PROD00266,1,0.035486160397444996
PROD00254,PROD00345,1,0.035486160397444996
PROD00179,PROD00207,1,0.035486160397444996
PROD00165,PROD00186,1,0.035486160397444996
PROD00263,PROD00298,1,0.035486160397444996
PROD00263,PROD00483,1,0.035486160397444996
PROD00298,PROD00483,1,0.035486160397444996
PROD00224,PROD00283,1,0.035486160397444996
PROD00224,PROD00353,1,0.035486160397444996
PROD00283,PROD00353,1,0.035486160397444996
PROD00207,PROD00477,1,0.035486160397444996
PROD00260,PROD00277,1,0.035486160397444996
PROD00260,PROD00463,1,0.035486160397444996
PROD00277,PROD00463,1,0.035486160397444996
PROD00206,PROD00328,1,0.035486160397444996
PROD00022,PROD00081,1,0.035486160397444996
PROD00081,PROD00305,1,0.035486160397444996
PROD00134,PROD00161,1,0.035486160397444996
PROD00015,PROD00163,1,0.035486160397444996
PROD00048,PROD00393,1,0.035486160397444996
PROD00269,PROD00393,1,0.035486160397444996
PROD00269,PROD00476,1,0.035486160397444996
PROD00393,PROD00476,1,0.035486160397444996
PROD00033,PROD00107,1,0.035486160397444996
PROD00033,PROD00390,1,0.035486160397444996
PROD00033,PROD00424,1,0.035486160397444996
PROD00107,PROD00390,1,0.035486160397444996
PROD00107,PROD00424,1,0.035486160397444996
PROD00390,PROD00424,1,0.035486160397444996
PROD00218,PROD00419,1,0.035486160397444996
PROD00006,PROD00396,1,0.035486160397444996
PROD00189,PROD00386,1,0.035486160397444996
PROD00087,PROD00458,1,0.035486160397444996
PROD00049,PROD00483,1,0.035486160397444996
PROD00051,PROD00147,1,0.035486160397444996
PROD00051,PROD00312,1,0.035486160397444996
PROD00147,PROD00312,1,0.035486160397444996
PROD00062,PROD00397,1,0.035486160397444996
PROD00202,PROD00406,1,0.035486160397444996
PROD00183,PROD00443,1,0.035486160397444996
PROD00064,PROD00452,1,0.035486160397444996
PROD00284,PROD00427,1,0.035486160397444996
PROD00284,PROD00431,1,0.035486160397444996
PROD00427,PROD00431,1,0.035486160397444996
PROD00011,PROD00145,1,0.035486160397444996
PROD00072,PROD00420,1,0.035486160397444996
PROD00072,PROD00471,1,0.035486160397444996
PROD00420,PROD00471,1,0.035486160397444996
PROD00155,PROD00174,1,0.035486160397444996
PROD00032,PROD00403,1,0.035486160397444996
PROD00188,PROD00199,1,0.035486160397444996
PROD00188,PROD00207,1,0.035486160397444996
PROD00199,PROD00207,1,0.035486160397444996
PROD00171,PROD00258,1,0.035486160397444996
PROD00069,PROD00372,1,0.035486160397444996
PROD00145,PROD00357,1,0.035486160397444996
PROD00089,PROD00454,1,0.035486160397444996
PROD00048,PROD00187,1,0.035486160397444996
PROD00160,PROD00480,1,0.035486160397444996
PROD00146,PROD00328,1,0.035486160397444996
PROD00154,PROD00337,1,0.035486160397444996
PROD00112,PROD00131,1,0.035486160397444996
PROD00112,PROD00296,1,0.035486160397444996
PROD00131,PROD00296,1,0.035486160397444996
PROD00119,PROD00127,1,0.035486160397444996
PROD00119,PROD00180,1,0.035486160397444996
PROD00119,PROD00375,1,0.035486160397444996
PROD00127,PROD00180,1,0.035486160397444996
PROD00127,PROD00375,1,0.035486160397444996
PROD00180,PROD00375,1,0.035486160397444996
PROD00045,PROD00223,1,0.035486160397444996
PROD00441,PROD00458,1,0.035486160397444996
PROD00201,PROD00492,1,0.035486160397444996
PROD00074,PROD00096,1,0.035486160397444996
PROD00074,PROD00103,1,0.035486160397444996
PROD00096,PROD00103,1,0.035486160397444996
PROD00420,PROD00434,1,0.035486160397444996
PROD00149,PROD00266,1,0.035486160397444996
PROD00429,PROD00490,1,0.035486160397444996
PROD00128,PROD00435,1,0.035486160397444996
PROD00287,PROD00331,1,0.035486160397444996
PROD00114,PROD00168,1,0.035486160397444996
PROD00073,PROD00277,1,0.035486160397444996
PROD00073,PROD00334,1,0.035486160397444996
PROD00277,PROD00334,1,0.035486160397444996
PROD00266,PROD00361,1,0.035486160397444996
PROD00266,PROD00441,1,0.035486160397444996
PROD00361,PROD00441,1,0.035486160397444996
PROD00239,PROD00441,1,0.035486160397444996
PROD00157,PROD00208,1,0.035486160397444996
PROD00157,PROD00465,1,0.035486160397444996
PROD00157,PROD00478,1,0.035486160397444996
PROD00208,PROD00465,1,0.035486160397444996
PROD00208,PROD00478,1,0.035486160397444996
PROD00465,PROD00478,1,0.035486160397444996
PROD00029,PROD00251,1,0.035486160397444996
PROD00029,PROD00462,1,0.035486160397444996
PROD00251,PROD00462,1,0.035486160397444996
PROD00033,PROD00248,1,0.035486160397444996
PROD00033,PROD00330,1,0.035486160397444996
PROD00248,PROD00330,1,0.035486160397444996
PROD00071,PROD00205,1,0.035486160397444996
PROD00173,PROD00186,1,0.035486160397444996
PROD00173,PROD00440,1,0.035486160397444996
PROD00186,PROD00440,1,0.035486160397444996
PROD00018,PROD00237,1,0.035486160397444996
PROD00080,PROD00220,1,0.035486160397444996
PROD00186,PROD00269,1,0.035486160397444996
PROD00013,PROD00126,1,0.035486160397444996
PROD00013,PROD00156,1,0.035486160397444996
PROD00013,PROD00390,1,0.035486160397444996
PROD00126,PROD00156,1,0.035486160397444996
PROD00126,PROD00390,1,0.035486160397444996
PROD00156,PROD00390,1,0.035486160397444996
PROD00274,PROD00286,1,0.035486160397444996
PROD00078,PROD00187,1,0.035486160397444996
PROD00078,PROD00250,1,0.035486160397444996
PROD00078,PROD00299,1,0.035486160397444996
PROD00187,PROD00250,1,0.035486160397444996
PROD00187,PROD00299,1,0.035486160397444996
PROD00250,PROD00299,1,0.035486160397444996
PROD00300,PROD00422,1,0.035486160397444996
PROD00144,PROD00387,1,0.035486160397444996
PROD00047,PROD00073,1,0.035486160397444996
PROD00047,PROD00408,1,0.035486160397444996
PROD00305,PROD00358,1,0.035486160397444996
PROD00312,PROD00454,1,0.035486160397444996
PROD00370,PROD00454,1,0.035486160397444996
PROD00370,PROD00490,1,0.035486160397444996
PROD00454,PROD00490,1,0.035486160397444996
PROD00213,PROD00394,1,0.035486160397444996
PROD00133,PROD00181,1,0.035486160397444996
PROD00133,PROD00428,1,0.035486160397444996
PROD00133,PROD00471,1,0.035486160397444996
PROD00181,PROD00428,1,0.035486160397444996
PROD00181,PROD00471,1,0.035486160397444996
PROD00428,PROD00471,1,0.035486160397444996
PROD00357,PROD00391,1,0.035486160397444996
PROD00193,PROD00205,1,0.035486160397444996
PROD00193,PROD00355,1,0.035486160397444996
PROD00193,PROD00362,1,0.035486160397444996
PROD00205,PROD00355,1,0.035486160397444996
PROD00205,PROD00362,1,0.035486160397444996
PROD00355,PROD00362,1,0.035486160397444996
PROD00173,PROD00193,1,0.035486160397444996
PROD00173,PROD00332,1,0.035486160397444996
PROD00193,PROD00332,1,0.035486160397444996
PROD00026,PROD00438,1,0.035486160397444996
PROD00072,PROD00467,1,0.035486160397444996
PROD00019,PROD00478,1,0.035486160397444996
PROD00129,PROD00298,1,0.035486160397444996
PROD00027,PROD00212,1,0.035486160397444996
PROD00102,PROD00405,1,0.035486160397444996
PROD00029,PROD00069,1,0.035486160397444996
PROD00029,PROD00244,1,0.035486160397444996
PROD00069,PROD00244,1,0.035486160397444996
PROD00173,PROD00433,1,0.035486160397444996
PROD00099,PROD00408,1,0.035486160397444996
PROD00099,PROD00488,1,0.035486160397444996
PROD00408,PROD00488,1,0.035486160397444996
PROD00226,PROD00242,1,0.035486160397444996
PROD00085,PROD00238,1,0.035486160397444996
PROD00218,PROD00223,1,0.035486160397444996
PROD00218,PROD00313,1,0.035486160397444996
PROD00218,PROD00436,1,0.035486160397444996
PROD00223,PROD00313,1,0.035486160397444996
PROD00223,PROD00436,1,0.035486160397444996
PROD00313,PROD00436,1,0.035486160397444996
PROD00055,PROD00232,1,0.035486160397444996
PROD00224,PROD00293,1,0.035486160397444996
PROD00025,PROD00302,1,0.035486160397444996
PROD00034,PROD00229,1,0.035486160397444996
PROD00034,PROD00469,1,0.035486160397444996
PROD00229,PROD00469,1,0.035486160397444996
PROD00012,PROD00403,1,0.035486160397444996
