customer_id,recency,frequency,monetary,R_score,F_score,M_score,RFM_score,RFM_total,segment,city,state,acquisition_channel
CUST00002,8,3,125663.5,5,4,4,544,13,Champions,Chennai,Tamil Nadu,Direct
CUST00004,120,2,45998.48,3,3,3,333,9,Promising,Bangalore,Karnataka,Paid Search
CUST00007,157,1,39782.06,2,1,2,212,5,Need Attention,Mumbai,Maharashtra,Direct
CUST00009,74,2,124605.56999999999,3,3,4,334,10,Promising,Mysore,Karnataka,Organic
CUST00011,0,4,104137.0,5,5,4,554,14,Champions,Mysore,Karnataka,Organic
CUST00013,57,1,178517.88,4,1,5,415,10,New Customers,Nagpur,Maharashtra,Paid Search
CUST00016,313,2,52465.28,1,3,3,133,7,At Risk,Agra,Uttar Pradesh,Direct
CUST00018,24,3,93116.29999999999,4,4,4,444,12,Champions,Agra,Uttar Pradesh,Direct
CUST00020,137,1,17360.08,2,1,2,212,5,Need Attention,Siliguri,West Bengal,Organic
CUST00021,84,1,84246.77,3,1,4,314,8,Promising,Ahmedabad,Gujarat,Direct
CUST00023,27,3,117004.81999999999,4,4,4,444,12,Champions,Agra,Uttar Pradesh,Email
CUST00025,56,5,39486.299999999996,4,5,2,452,11,Loyal,Jaipur,Rajasthan,Organic
CUST00031,242,1,116640.07,1,1,4,114,6,Cannot Lose,Agra,Uttar Pradesh,Paid Search
CUST00035,1,1,46668.67,5,1,3,513,9,New Customers,Mysore,Karnataka,Social Media
CUST00036,141,2,39729.09,2,3,2,232,7,Need Attention,Madurai,Tamil Nadu,Organic
CUST00037,6,4,372536.09,5,5,5,555,15,Champions,Jaipur,Rajasthan,Email
CUST00038,107,7,299658.3,3,5,5,355,13,Loyal,Udaipur,Rajasthan,Paid Search
CUST00039,6,8,318925.99,5,5,5,555,15,Champions,Kolkata,West Bengal,Email
CUST00040,18,1,85637.42,5,1,4,514,10,New Customers,Madurai,Tamil Nadu,Social Media
CUST00043,6,3,96778.47,5,4,4,544,13,Champions,Madurai,Tamil Nadu,Paid Search
CUST00044,4,1,5208.75,5,1,1,511,7,New Customers,Mumbai,Maharashtra,Organic
CUST00046,93,2,95302.03,3,3,4,334,10,Promising,Jaipur,Rajasthan,Email
CUST00048,24,1,32275.550000000003,4,1,2,412,7,New Customers,Bangalore,Karnataka,Direct
CUST00049,285,1,48642.41,1,1,3,113,5,Hibernating,Siliguri,West Bengal,Referral
CUST00050,1,2,17536.86,5,3,2,532,10,Potential Loyalist,Bangalore,Karnataka,Referral
CUST00052,141,2,31308.5,2,3,2,232,7,Need Attention,Jaipur,Rajasthan,Referral
CUST00055,0,2,119073.88999999998,5,3,4,534,12,Potential Loyalist,Bangalore,Karnataka,Paid Search
CUST00056,121,3,156945.82,2,4,5,245,11,Loyal,Jaipur,Rajasthan,Referral
CUST00057,4,6,197817.7,5,5,5,555,15,Champions,Kolkata,West Bengal,Referral
CUST00058,309,2,54932.66,1,3,3,133,7,At Risk,Kanpur,Uttar Pradesh,Direct
CUST00062,29,1,16762.3,4,1,1,411,6,New Customers,New Delhi,Delhi,Email
CUST00064,39,1,11209.81,4,1,1,411,6,New Customers,Kolkata,West Bengal,Email
CUST00065,189,3,220357.43,2,4,5,245,11,Loyal,Nagpur,Maharashtra,Organic
CUST00066,133,2,61822.03999999999,2,3,3,233,8,Need Attention,Surat,Gujarat,Paid Search
CUST00067,276,2,29605.269999999997,1,3,2,132,6,At Risk,Ahmedabad,Gujarat,Social Media
CUST00068,35,9,248517.89,4,5,5,455,14,Champions,Kanpur,Uttar Pradesh,Social Media
CUST00070,4,2,88898.97,5,3,4,534,12,Potential Loyalist,Madurai,Tamil Nadu,Social Media
CUST00071,114,2,24402.03,3,3,2,332,8,Need Attention,Bangalore,Karnataka,Social Media
CUST00072,22,3,181040.24,4,4,5,445,13,Champions,Udaipur,Rajasthan,Direct
CUST00075,269,1,7662.73,1,1,1,111,3,Hibernating,Delhi,Delhi,Social Media
CUST00077,149,2,11891.81,2,3,1,231,6,Need Attention,Jodhpur,Rajasthan,Organic
CUST00078,27,5,138303.07,4,5,4,454,13,Champions,Siliguri,West Bengal,Organic
CUST00081,88,1,19586.05,3,1,2,312,6,Need Attention,New Delhi,Delhi,Social Media
CUST00082,87,1,21439.57,3,1,2,312,6,Need Attention,Delhi,Delhi,Paid Search
CUST00086,169,1,46473.13,2,1,3,213,6,Need Attention,Kolkata,West Bengal,Paid Search
CUST00087,216,3,154202.15000000002,2,4,5,245,11,Loyal,Kolkata,West Bengal,Social Media
CUST00088,111,1,23106.86,3,1,2,312,6,Need Attention,Mysore,Karnataka,Organic
CUST00089,29,1,87109.22,4,1,4,414,9,New Customers,Coimbatore,Tamil Nadu,Social Media
CUST00090,14,2,283074.87,5,3,5,535,13,Potential Loyalist,Chennai,Tamil Nadu,Direct
CUST00095,12,1,23369.6,5,1,2,512,8,New Customers,Mysore,Karnataka,Email
CUST00096,53,3,100926.25,4,4,4,444,12,Champions,Nagpur,Maharashtra,Referral
CUST00102,79,2,11692.46,3,3,1,331,7,Need Attention,Delhi,Delhi,Referral
CUST00104,89,4,551237.45,3,5,5,355,13,Loyal,Surat,Gujarat,Referral
CUST00108,37,3,194321.15000000002,4,4,5,445,13,Champions,Chennai,Tamil Nadu,Paid Search
CUST00112,0,2,74607.62,5,3,3,533,11,Potential Loyalist,Mumbai,Maharashtra,Referral
CUST00115,86,3,189303.48,3,4,5,345,12,Loyal,Surat,Gujarat,Email
CUST00118,15,1,43279.17,5,1,3,513,9,New Customers,Udaipur,Rajasthan,Paid Search
CUST00122,204,1,18878.65,2,1,2,212,5,Need Attention,Chennai,Tamil Nadu,Referral
CUST00123,136,2,24674.53,2,3,2,232,7,Need Attention,Jodhpur,Rajasthan,Organic
CUST00125,100,2,90586.58000000002,3,3,4,334,10,Promising,Pune,Maharashtra,Social Media
CUST00127,18,4,295023.26,5,5,5,555,15,Champions,Jaipur,Rajasthan,Referral
CUST00130,10,5,155562.63,5,5,5,555,15,Champions,Mumbai,Maharashtra,Direct
CUST00133,251,1,24590.74,1,1,2,112,4,Hibernating,Siliguri,West Bengal,Referral
CUST00135,296,3,124298.5,1,4,4,144,9,Loyal,Ahmedabad,Gujarat,Direct
CUST00140,267,1,26701.99,1,1,2,112,4,Hibernating,Bangalore,Karnataka,Social Media
CUST00142,27,2,21385.019999999997,4,3,2,432,9,Potential Loyalist,Kolkata,West Bengal,Organic
CUST00143,62,5,179147.90000000002,3,5,5,355,13,Loyal,Chennai,Tamil Nadu,Direct
CUST00145,213,2,3697.4300000000003,2,3,1,231,6,Need Attention,Siliguri,West Bengal,Organic
CUST00146,69,1,93566.44,3,1,4,314,8,Promising,Ahmedabad,Gujarat,Referral
CUST00147,89,1,75548.72,3,1,3,313,7,Promising,Siliguri,West Bengal,Direct
CUST00148,170,2,45880.130000000005,2,3,3,233,8,Need Attention,Delhi,Delhi,Paid Search
CUST00149,300,1,1082.53,1,1,1,111,3,Hibernating,Agra,Uttar Pradesh,Email
CUST00151,54,2,60566.840000000004,4,3,3,433,10,Potential Loyalist,Kanpur,Uttar Pradesh,Paid Search
CUST00152,487,1,1671.95,1,1,1,111,3,Hibernating,Siliguri,West Bengal,Organic
CUST00153,143,2,8938.24,2,3,1,231,6,Need Attention,Delhi,Delhi,Paid Search
CUST00154,16,1,17114.71,5,1,2,512,8,New Customers,Surat,Gujarat,Email
CUST00158,137,2,29862.230000000003,2,3,2,232,7,Need Attention,Mumbai,Maharashtra,Social Media
CUST00161,15,2,310621.82,5,3,5,535,13,Potential Loyalist,Surat,Gujarat,Direct
CUST00162,57,2,6086.5599999999995,4,3,1,431,8,Potential Loyalist,Kanpur,Uttar Pradesh,Paid Search
CUST00163,223,1,3533.74,2,1,1,211,4,Need Attention,Coimbatore,Tamil Nadu,Organic
CUST00165,7,4,91763.94,5,5,4,554,14,Champions,Agra,Uttar Pradesh,Email
CUST00168,59,2,92050.45000000001,4,3,4,434,11,Potential Loyalist,Delhi,Delhi,Organic
CUST00169,179,1,15024.78,2,1,1,211,4,Need Attention,Agra,Uttar Pradesh,Paid Search
CUST00170,526,1,22918.63,1,1,2,112,4,Hibernating,Bangalore,Karnataka,Email
CUST00171,50,5,115684.15999999999,4,5,4,454,13,Champions,Jodhpur,Rajasthan,Social Media
CUST00172,66,2,45570.649999999994,3,3,3,333,9,Promising,Kanpur,Uttar Pradesh,Organic
CUST00174,18,5,170739.52000000002,5,5,5,555,15,Champions,Mumbai,Maharashtra,Paid Search
CUST00175,482,1,18115.0,1,1,2,112,4,Hibernating,Bangalore,Karnataka,Organic
CUST00176,13,1,35204.24,5,1,2,512,8,New Customers,Madurai,Tamil Nadu,Referral
CUST00178,5,2,88554.14,5,3,4,534,12,Potential Loyalist,Nagpur,Maharashtra,Direct
CUST00180,45,3,40735.05,4,4,2,442,10,Loyal,Chennai,Tamil Nadu,Email
CUST00183,91,3,36929.46,3,4,2,342,9,Loyal,Agra,Uttar Pradesh,Referral
CUST00185,5,1,10289.09,5,1,1,511,7,New Customers,Coimbatore,Tamil Nadu,Organic
CUST00187,66,1,780.31,3,1,1,311,5,Need Attention,Delhi,Delhi,Email
CUST00188,276,1,3357.72,1,1,1,111,3,Hibernating,Kanpur,Uttar Pradesh,Organic
CUST00190,204,2,19853.920000000002,2,3,2,232,7,Need Attention,Jodhpur,Rajasthan,Organic
CUST00193,133,2,31335.98,2,3,2,232,7,Need Attention,Nagpur,Maharashtra,Social Media
CUST00197,46,2,43873.86,4,3,3,433,10,Potential Loyalist,Surat,Gujarat,Direct
CUST00198,452,2,101318.06,1,3,4,134,8,At Risk,Surat,Gujarat,Direct
CUST00201,195,2,61495.229999999996,2,3,3,233,8,Need Attention,Nagpur,Maharashtra,Email
CUST00202,146,1,113680.41,2,1,4,214,7,Need Attention,Mumbai,Maharashtra,Email
CUST00203,43,2,57938.15,4,3,3,433,10,Potential Loyalist,Udaipur,Rajasthan,Referral
CUST00209,34,5,120206.01,4,5,4,454,13,Champions,Udaipur,Rajasthan,Social Media
CUST00212,1,2,14255.79,5,3,1,531,9,Potential Loyalist,New Delhi,Delhi,Social Media
CUST00214,0,4,39623.25,5,5,2,552,12,Loyal,Jaipur,Rajasthan,Referral
CUST00216,44,3,280769.7,4,4,5,445,13,Champions,Jodhpur,Rajasthan,Paid Search
CUST00219,151,3,49064.53999999999,2,4,3,243,9,Loyal,Delhi,Delhi,Organic
CUST00220,22,2,57340.42,4,3,3,433,10,Potential Loyalist,Ahmedabad,Gujarat,Referral
CUST00221,169,1,46176.829999999994,2,1,3,213,6,Need Attention,Jaipur,Rajasthan,Direct
CUST00222,31,2,85623.67,4,3,4,434,11,Potential Loyalist,New Delhi,Delhi,Referral
CUST00224,2,2,52638.18,5,3,3,533,11,Potential Loyalist,Siliguri,West Bengal,Direct
CUST00225,24,1,69324.08,4,1,3,413,8,New Customers,Nagpur,Maharashtra,Organic
CUST00233,27,3,92127.64000000001,4,4,4,444,12,Champions,Coimbatore,Tamil Nadu,Direct
CUST00235,131,1,1052.06,2,1,1,211,4,Need Attention,New Delhi,Delhi,Referral
CUST00236,85,1,17445.85,3,1,2,312,6,Need Attention,Agra,Uttar Pradesh,Referral
CUST00237,434,1,25420.15,1,1,2,112,4,Hibernating,Jodhpur,Rajasthan,Paid Search
CUST00241,19,2,105535.08,5,3,4,534,12,Potential Loyalist,Nagpur,Maharashtra,Direct
CUST00242,24,3,180958.59,4,4,5,445,13,Champions,Madurai,Tamil Nadu,Social Media
CUST00243,328,1,2267.67,1,1,1,111,3,Hibernating,Madurai,Tamil Nadu,Social Media
CUST00244,6,3,316390.31,5,4,5,545,14,Champions,New Delhi,Delhi,Direct
CUST00246,0,2,19564.15,5,3,2,532,10,Potential Loyalist,New Delhi,Delhi,Social Media
CUST00247,50,8,201870.78999999998,4,5,5,455,14,Champions,Kolkata,West Bengal,Paid Search
CUST00248,75,3,64715.7,3,4,3,343,10,Loyal,Vadodara,Gujarat,Email
CUST00251,49,3,71282.97,4,4,3,443,11,Loyal,Siliguri,West Bengal,Organic
CUST00253,13,2,20938.67,5,3,2,532,10,Potential Loyalist,Agra,Uttar Pradesh,Referral
CUST00254,368,2,35735.88,1,3,2,132,6,At Risk,Hubli,Karnataka,Paid Search
CUST00256,110,1,49485.83,3,1,3,313,7,Promising,Udaipur,Rajasthan,Social Media
CUST00258,88,1,134322.29,3,1,4,314,8,Promising,Jaipur,Rajasthan,Organic
CUST00259,632,1,8500.93,1,1,1,111,3,Hibernating,Delhi,Delhi,Referral
CUST00260,37,4,240094.35,4,5,5,455,14,Champions,Kolkata,West Bengal,Referral
CUST00261,9,4,45864.06,5,5,3,553,13,Loyal,Udaipur,Rajasthan,Referral
CUST00262,433,2,174968.37,1,3,5,135,9,At Risk,Ahmedabad,Gujarat,Referral
CUST00263,142,2,49617.200000000004,2,3,3,233,8,Need Attention,Ahmedabad,Gujarat,Direct
CUST00264,204,1,37811.26,2,1,2,212,5,Need Attention,Ahmedabad,Gujarat,Referral
CUST00266,61,2,67052.20999999999,3,3,3,333,9,Promising,Mumbai,Maharashtra,Social Media
CUST00268,10,1,62629.78,5,1,3,513,9,New Customers,Chennai,Tamil Nadu,Social Media
CUST00269,77,3,91177.81,3,4,4,344,11,Loyal,Pune,Maharashtra,Paid Search
CUST00270,55,1,61876.95,4,1,3,413,8,New Customers,Lucknow,Uttar Pradesh,Organic
CUST00271,269,1,14578.17,1,1,1,111,3,Hibernating,New Delhi,Delhi,Social Media
CUST00274,26,3,50013.45,4,4,3,443,11,Loyal,Mysore,Karnataka,Referral
CUST00277,35,6,151292.4,4,5,5,455,14,Champions,Udaipur,Rajasthan,Organic
CUST00278,23,2,26151.01,4,3,2,432,9,Potential Loyalist,Siliguri,West Bengal,Direct
CUST00280,32,2,55772.93,4,3,3,433,10,Potential Loyalist,New Delhi,Delhi,Paid Search
CUST00282,314,3,150388.56,1,4,5,145,10,Loyal,Udaipur,Rajasthan,Email
CUST00283,0,5,126666.06999999999,5,5,4,554,14,Champions,Hubli,Karnataka,Direct
CUST00284,105,1,67543.28,3,1,3,313,7,Promising,Coimbatore,Tamil Nadu,Referral
CUST00286,419,2,218262.46,1,3,5,135,9,At Risk,Mysore,Karnataka,Referral
CUST00288,8,5,257110.11000000002,5,5,5,555,15,Champions,Bangalore,Karnataka,Organic
CUST00289,200,2,42711.71,2,3,2,232,7,Need Attention,Hubli,Karnataka,Direct
CUST00290,306,2,55379.87,1,3,3,133,7,At Risk,Nagpur,Maharashtra,Email
CUST00292,462,1,1125.09,1,1,1,111,3,Hibernating,Pune,Maharashtra,Email
CUST00293,66,3,80587.21,3,4,4,344,11,Loyal,Hubli,Karnataka,Email
CUST00296,22,6,413468.58999999997,4,5,5,455,14,Champions,Kolkata,West Bengal,Email
CUST00298,56,3,103336.06,4,4,4,444,12,Champions,Kanpur,Uttar Pradesh,Social Media
CUST00300,80,3,137122.69,3,4,4,344,11,Loyal,Mumbai,Maharashtra,Direct
CUST00301,221,1,49092.53,2,1,3,213,6,Need Attention,Siliguri,West Bengal,Referral
CUST00302,201,3,65330.95,2,4,3,243,9,Loyal,Surat,Gujarat,Direct
CUST00303,181,2,67059.95000000001,2,3,3,233,8,Need Attention,Bangalore,Karnataka,Paid Search
CUST00308,301,1,155098.38999999998,1,1,5,115,7,Cannot Lose,Udaipur,Rajasthan,Direct
CUST00309,229,1,1831.34,2,1,1,211,4,Need Attention,Coimbatore,Tamil Nadu,Email
CUST00310,447,1,3206.28,1,1,1,111,3,Hibernating,Coimbatore,Tamil Nadu,Paid Search
CUST00311,1,5,82480.51999999999,5,5,4,554,14,Champions,Kanpur,Uttar Pradesh,Organic
CUST00312,42,1,9339.970000000001,4,1,1,411,6,New Customers,Kolkata,West Bengal,Paid Search
CUST00313,22,1,2342.68,4,1,1,411,6,New Customers,Madurai,Tamil Nadu,Email
CUST00314,199,2,23211.269999999997,2,3,2,232,7,Need Attention,Mysore,Karnataka,Direct
CUST00316,189,1,955.41,2,1,1,211,4,Need Attention,Siliguri,West Bengal,Direct
CUST00321,80,1,54250.29,3,1,3,313,7,Promising,Ahmedabad,Gujarat,Social Media
CUST00322,134,2,43895.86,2,3,3,233,8,Need Attention,Hubli,Karnataka,Email
CUST00324,290,1,75707.68999999999,1,1,3,113,5,Hibernating,Bangalore,Karnataka,Social Media
CUST00327,138,1,32173.510000000002,2,1,2,212,5,Need Attention,Vadodara,Gujarat,Social Media
CUST00330,67,3,66076.65,3,4,3,343,10,Loyal,Mysore,Karnataka,Referral
CUST00331,18,1,47553.02,5,1,3,513,9,New Customers,Pune,Maharashtra,Social Media
CUST00333,142,1,51835.59,2,1,3,213,6,Need Attention,Udaipur,Rajasthan,Email
CUST00335,69,3,40070.2,3,4,2,342,9,Loyal,Udaipur,Rajasthan,Paid Search
CUST00336,29,2,118575.36,4,3,4,434,11,Potential Loyalist,Mysore,Karnataka,Direct
CUST00338,86,1,18517.89,3,1,2,312,6,Need Attention,Udaipur,Rajasthan,Email
CUST00341,322,1,1724.58,1,1,1,111,3,Hibernating,Ahmedabad,Gujarat,Social Media
CUST00343,7,6,444058.49999999994,5,5,5,555,15,Champions,Delhi,Delhi,Organic
CUST00344,20,4,436315.59,5,5,5,555,15,Champions,Delhi,Delhi,Social Media
CUST00345,87,2,80096.63,3,3,4,334,10,Promising,Kolkata,West Bengal,Email
CUST00346,601,1,5090.77,1,1,1,111,3,Hibernating,Agra,Uttar Pradesh,Referral
CUST00350,86,1,7253.78,3,1,1,311,5,Need Attention,New Delhi,Delhi,Organic
CUST00353,176,2,38038.36,2,3,2,232,7,Need Attention,Delhi,Delhi,Organic
CUST00356,546,2,7469.400000000001,1,3,1,131,5,At Risk,Jaipur,Rajasthan,Social Media
CUST00357,3,2,15901.15,5,3,1,531,9,Potential Loyalist,Jodhpur,Rajasthan,Social Media
CUST00359,114,1,35391.39,3,1,2,312,6,Need Attention,Lucknow,Uttar Pradesh,Direct
CUST00362,20,6,245518.96000000002,5,5,5,555,15,Champions,Delhi,Delhi,Organic
CUST00363,278,3,128998.91,1,4,4,144,9,Loyal,Ahmedabad,Gujarat,Referral
CUST00364,224,2,6622.49,2,3,1,231,6,Need Attention,Ahmedabad,Gujarat,Referral
CUST00366,35,2,83998.94,4,3,4,434,11,Potential Loyalist,Ahmedabad,Gujarat,Paid Search
CUST00367,12,4,368108.38,5,5,5,555,15,Champions,Udaipur,Rajasthan,Paid Search
CUST00368,2,7,194639.8,5,5,5,555,15,Champions,Udaipur,Rajasthan,Organic
CUST00369,328,2,18858.47,1,3,2,132,6,At Risk,Lucknow,Uttar Pradesh,Paid Search
CUST00370,79,1,7375.77,3,1,1,311,5,Need Attention,Kolkata,West Bengal,Social Media
CUST00371,31,4,110515.06000000001,4,5,4,454,13,Champions,Bangalore,Karnataka,Paid Search
CUST00372,7,3,158919.14,5,4,5,545,14,Champions,Jaipur,Rajasthan,Organic
CUST00373,14,4,155479.75,5,5,5,555,15,Champions,Nagpur,Maharashtra,Email
CUST00378,75,2,49559.75,3,3,3,333,9,Promising,Siliguri,West Bengal,Social Media
CUST00379,217,2,104962.01000000001,2,3,4,234,9,Need Attention,Ahmedabad,Gujarat,Social Media
CUST00380,97,1,54157.85,3,1,3,313,7,Promising,Hubli,Karnataka,Direct
CUST00381,227,2,73720.36,2,3,3,233,8,Need Attention,Pune,Maharashtra,Email
CUST00385,89,2,46205.55,3,3,3,333,9,Promising,Pune,Maharashtra,Social Media
CUST00386,39,3,134581.85,4,4,4,444,12,Champions,Jodhpur,Rajasthan,Organic
CUST00388,62,2,85663.06,3,3,4,334,10,Promising,Lucknow,Uttar Pradesh,Social Media
CUST00389,66,3,81494.15,3,4,4,344,11,Loyal,Jodhpur,Rajasthan,Social Media
CUST00390,25,2,50040.43,4,3,3,433,10,Potential Loyalist,Jodhpur,Rajasthan,Email
CUST00391,0,5,169541.15,5,5,5,555,15,Champions,Kolkata,West Bengal,Referral
CUST00392,221,2,49551.26,2,3,3,233,8,Need Attention,Kanpur,Uttar Pradesh,Organic
CUST00397,51,1,79517.45,4,1,4,414,9,New Customers,Siliguri,West Bengal,Email
CUST00398,55,1,27732.45,4,1,2,412,7,New Customers,New Delhi,Delhi,Paid Search
CUST00400,277,1,4683.68,1,1,1,111,3,Hibernating,Surat,Gujarat,Referral
CUST00401,3,1,4714.35,5,1,1,511,7,New Customers,Delhi,Delhi,Social Media
CUST00402,150,1,1323.58,2,1,1,211,4,Need Attention,Hubli,Karnataka,Paid Search
CUST00406,244,3,345124.12,1,4,5,145,10,Loyal,Jaipur,Rajasthan,Email
CUST00407,44,2,79292.92000000001,4,3,4,434,11,Potential Loyalist,Jaipur,Rajasthan,Organic
CUST00409,11,1,5776.07,5,1,1,511,7,New Customers,Vadodara,Gujarat,Social Media
CUST00410,62,2,39902.82,3,3,2,332,8,Need Attention,Kanpur,Uttar Pradesh,Paid Search
CUST00411,197,1,30051.23,2,1,2,212,5,Need Attention,Delhi,Delhi,Email
CUST00414,195,1,1564.43,2,1,1,211,4,Need Attention,New Delhi,Delhi,Organic
CUST00415,21,8,343958.22,5,5,5,555,15,Champions,Udaipur,Rajasthan,Referral
CUST00417,90,3,216901.34999999998,3,4,5,345,12,Loyal,Jodhpur,Rajasthan,Direct
CUST00419,33,2,39938.25,4,3,2,432,9,Potential Loyalist,Mumbai,Maharashtra,Email
CUST00423,403,1,29157.829999999998,1,1,2,112,4,Hibernating,Agra,Uttar Pradesh,Email
CUST00427,251,1,50832.94,1,1,3,113,5,Hibernating,Madurai,Tamil Nadu,Referral
CUST00431,48,1,11552.119999999999,4,1,1,411,6,New Customers,Delhi,Delhi,Referral
CUST00437,30,3,279164.41000000003,4,4,5,445,13,Champions,Siliguri,West Bengal,Paid Search
CUST00438,71,1,311393.44,3,1,5,315,9,Promising,Ahmedabad,Gujarat,Paid Search
CUST00440,77,2,199158.05,3,3,5,335,11,Promising,Mysore,Karnataka,Email
CUST00444,78,2,43950.350000000006,3,3,3,333,9,Promising,Kolkata,West Bengal,Social Media
CUST00446,53,4,191602.24999999997,4,5,5,455,14,Champions,Coimbatore,Tamil Nadu,Email
CUST00447,68,4,93542.5,3,5,4,354,12,Loyal,Siliguri,West Bengal,Email
CUST00449,88,2,102923.79,3,3,4,334,10,Promising,Vadodara,Gujarat,Social Media
CUST00450,216,3,64435.03999999999,2,4,3,243,9,Loyal,Kolkata,West Bengal,Organic
CUST00453,76,1,27400.26,3,1,2,312,6,Need Attention,Siliguri,West Bengal,Email
CUST00458,39,4,242276.37,4,5,5,455,14,Champions,Madurai,Tamil Nadu,Organic
CUST00459,73,5,60748.880000000005,3,5,3,353,11,Loyal,Delhi,Delhi,Paid Search
CUST00461,316,1,2319.26,1,1,1,111,3,Hibernating,Pune,Maharashtra,Social Media
CUST00462,44,2,28240.44,4,3,2,432,9,Potential Loyalist,Kolkata,West Bengal,Referral
CUST00463,75,1,55727.59,3,1,3,313,7,Promising,Udaipur,Rajasthan,Direct
CUST00468,119,1,137385.93,3,1,4,314,8,Promising,Agra,Uttar Pradesh,Social Media
CUST00469,150,3,116113.59000000001,2,4,4,244,10,Loyal,Agra,Uttar Pradesh,Paid Search
CUST00470,269,2,66579.66,1,3,3,133,7,At Risk,Jodhpur,Rajasthan,Referral
CUST00471,0,5,120918.40000000001,5,5,4,554,14,Champions,Kanpur,Uttar Pradesh,Organic
CUST00472,16,2,39568.55,5,3,2,532,10,Potential Loyalist,Siliguri,West Bengal,Social Media
CUST00473,33,2,15757.59,4,3,1,431,8,Potential Loyalist,Pune,Maharashtra,Direct
CUST00474,303,1,113121.31999999999,1,1,4,114,6,Cannot Lose,Udaipur,Rajasthan,Social Media
CUST00477,103,4,142652.11000000002,3,5,5,355,13,Loyal,Chennai,Tamil Nadu,Organic
CUST00478,163,3,192661.57,2,4,5,245,11,Loyal,Madurai,Tamil Nadu,Paid Search
CUST00479,65,1,61803.57,3,1,3,313,7,Promising,Siliguri,West Bengal,Direct
CUST00480,7,2,59473.16,5,3,3,533,11,Potential Loyalist,New Delhi,Delhi,Email
CUST00481,16,1,1947.15,5,1,1,511,7,New Customers,Jodhpur,Rajasthan,Direct
CUST00483,85,2,27621.86,3,3,2,332,8,Need Attention,Madurai,Tamil Nadu,Direct
CUST00486,366,2,55230.76,1,3,3,133,7,At Risk,Pune,Maharashtra,Email
CUST00490,52,3,183166.43,4,4,5,445,13,Champions,Udaipur,Rajasthan,Social Media
CUST00492,33,5,162969.13,4,5,5,455,14,Champions,Chennai,Tamil Nadu,Email
CUST00496,145,2,131707.17,2,3,4,234,9,Need Attention,Jodhpur,Rajasthan,Social Media
CUST00497,373,4,35983.12,1,5,2,152,8,Loyal,Pune,Maharashtra,Direct
CUST00502,305,2,26486.78,1,3,2,132,6,At Risk,Jaipur,Rajasthan,Referral
CUST00505,102,1,31574.31,3,1,2,312,6,Need Attention,Udaipur,Rajasthan,Direct
CUST00507,19,2,96449.56,5,3,4,534,12,Potential Loyalist,New Delhi,Delhi,Social Media
CUST00508,263,1,3341.15,1,1,1,111,3,Hibernating,Hubli,Karnataka,Paid Search
CUST00510,210,3,69047.23,2,4,3,243,9,Loyal,Jaipur,Rajasthan,Email
CUST00511,64,4,307105.05,3,5,5,355,13,Loyal,Nagpur,Maharashtra,Referral
CUST00513,251,1,33397.799999999996,1,1,2,112,4,Hibernating,Madurai,Tamil Nadu,Organic
CUST00515,156,1,49944.74,2,1,3,213,6,Need Attention,Mysore,Karnataka,Organic
CUST00517,108,3,266626.15,3,4,5,345,12,Loyal,Siliguri,West Bengal,Referral
CUST00519,4,1,18929.7,5,1,2,512,8,New Customers,Delhi,Delhi,Organic
CUST00520,386,1,52225.43000000001,1,1,3,113,5,Hibernating,Kolkata,West Bengal,Direct
CUST00521,205,2,114416.34,2,3,4,234,9,Need Attention,Pune,Maharashtra,Referral
CUST00523,312,2,71083.14,1,3,3,133,7,At Risk,Ahmedabad,Gujarat,Social Media
CUST00525,77,2,228203.45,3,3,5,335,11,Promising,Mumbai,Maharashtra,Paid Search
CUST00527,239,2,8918.84,1,3,1,131,5,At Risk,Mumbai,Maharashtra,Direct
CUST00528,1,1,44924.78,5,1,3,513,9,New Customers,Jaipur,Rajasthan,Email
CUST00530,25,8,189082.55,4,5,5,455,14,Champions,Vadodara,Gujarat,Email
CUST00533,203,1,2460.04,2,1,1,211,4,Need Attention,Delhi,Delhi,Email
CUST00534,27,3,73276.48,4,4,3,443,11,Loyal,Vadodara,Gujarat,Direct
CUST00535,430,1,70087.67,1,1,3,113,5,Hibernating,Vadodara,Gujarat,Referral
CUST00544,76,3,157233.09000000003,3,4,5,345,12,Loyal,Coimbatore,Tamil Nadu,Paid Search
CUST00545,229,1,5565.54,2,1,1,211,4,Need Attention,Mumbai,Maharashtra,Paid Search
CUST00550,43,1,74890.07,4,1,3,413,8,New Customers,Jodhpur,Rajasthan,Organic
CUST00551,82,2,62454.84999999999,3,3,3,333,9,Promising,Ahmedabad,Gujarat,Social Media
CUST00553,454,1,1075.85,1,1,1,111,3,Hibernating,Pune,Maharashtra,Email
CUST00556,45,3,122339.4,4,4,4,444,12,Champions,Surat,Gujarat,Referral
CUST00557,129,2,154623.3,2,3,5,235,10,Need Attention,Jodhpur,Rajasthan,Paid Search
CUST00558,22,3,149436.85,4,4,5,445,13,Champions,New Delhi,Delhi,Direct
CUST00559,45,2,70805.56999999999,4,3,3,433,10,Potential Loyalist,New Delhi,Delhi,Email
CUST00560,538,1,30793.68,1,1,2,112,4,Hibernating,Mumbai,Maharashtra,Referral
CUST00562,104,2,178103.42,3,3,5,335,11,Promising,Madurai,Tamil Nadu,Referral
CUST00565,631,1,23495.4,1,1,2,112,4,Hibernating,Agra,Uttar Pradesh,Social Media
CUST00568,134,1,41172.72,2,1,2,212,5,Need Attention,Kanpur,Uttar Pradesh,Social Media
CUST00573,169,1,124859.29,2,1,4,214,7,Need Attention,New Delhi,Delhi,Referral
CUST00574,118,1,4476.43,3,1,1,311,5,Need Attention,Vadodara,Gujarat,Organic
CUST00577,443,1,47659.11,1,1,3,113,5,Hibernating,Mumbai,Maharashtra,Social Media
CUST00578,255,1,2707.77,1,1,1,111,3,Hibernating,Delhi,Delhi,Organic
CUST00579,5,1,17819.44,5,1,2,512,8,New Customers,Madurai,Tamil Nadu,Referral
CUST00581,249,5,275301.8,1,5,5,155,11,Loyal,Hubli,Karnataka,Direct
CUST00582,11,3,29185.69,5,4,2,542,11,Loyal,Mysore,Karnataka,Paid Search
CUST00583,190,3,81566.26000000001,2,4,4,244,10,Loyal,Siliguri,West Bengal,Organic
CUST00584,13,2,30098.690000000002,5,3,2,532,10,Potential Loyalist,Jodhpur,Rajasthan,Paid Search
CUST00586,267,1,20706.379999999997,1,1,2,112,4,Hibernating,Kolkata,West Bengal,Email
CUST00589,187,1,7480.96,2,1,1,211,4,Need Attention,Bangalore,Karnataka,Social Media
CUST00590,113,1,25250.78,3,1,2,312,6,Need Attention,Lucknow,Uttar Pradesh,Paid Search
CUST00591,120,2,160296.5,3,3,5,335,11,Promising,Siliguri,West Bengal,Email
CUST00594,288,2,290835.58999999997,1,3,5,135,9,At Risk,Pune,Maharashtra,Referral
CUST00595,213,1,42279.01,2,1,2,212,5,Need Attention,Madurai,Tamil Nadu,Email
CUST00597,303,1,2114.11,1,1,1,111,3,Hibernating,Kanpur,Uttar Pradesh,Paid Search
CUST00598,66,2,47779.61,3,3,3,333,9,Promising,Siliguri,West Bengal,Referral
CUST00599,3,4,180208.95,5,5,5,555,15,Champions,Mysore,Karnataka,Social Media
CUST00601,49,2,82279.06,4,3,4,434,11,Potential Loyalist,Bangalore,Karnataka,Social Media
CUST00602,42,5,173703.68,4,5,5,455,14,Champions,Vadodara,Gujarat,Referral
CUST00603,105,4,99877.9,3,5,4,354,12,Loyal,Surat,Gujarat,Direct
CUST00604,40,2,167753.17,4,3,5,435,12,Potential Loyalist,Kanpur,Uttar Pradesh,Email
CUST00605,66,3,138933.01,3,4,4,344,11,Loyal,Jodhpur,Rajasthan,Paid Search
CUST00607,67,2,36126.59,3,3,2,332,8,Need Attention,Coimbatore,Tamil Nadu,Referral
CUST00612,77,3,42414.24,3,4,2,342,9,Loyal,Coimbatore,Tamil Nadu,Direct
CUST00613,11,1,1099.04,5,1,1,511,7,New Customers,Siliguri,West Bengal,Organic
CUST00614,3,5,78565.17,5,5,4,554,14,Champions,Udaipur,Rajasthan,Referral
CUST00615,100,1,30077.239999999998,3,1,2,312,6,Need Attention,Kolkata,West Bengal,Social Media
CUST00618,242,2,91913.56,1,3,4,134,8,At Risk,Siliguri,West Bengal,Referral
CUST00620,65,3,161147.97,3,4,5,345,12,Loyal,Coimbatore,Tamil Nadu,Social Media
CUST00623,248,1,32197.98,1,1,2,112,4,Hibernating,Delhi,Delhi,Social Media
CUST00626,128,1,1236.33,2,1,1,211,4,Need Attention,Ahmedabad,Gujarat,Social Media
CUST00627,90,5,85214.15000000001,3,5,4,354,12,Loyal,Bangalore,Karnataka,Social Media
CUST00629,84,5,142065.68,3,5,4,354,12,Loyal,Delhi,Delhi,Email
CUST00631,9,3,79249.84,5,4,4,544,13,Champions,Siliguri,West Bengal,Organic
CUST00632,513,1,37418.68,1,1,2,112,4,Hibernating,Coimbatore,Tamil Nadu,Email
CUST00634,143,1,42510.79,2,1,2,212,5,Need Attention,Hubli,Karnataka,Organic
CUST00635,22,2,74445.65,4,3,3,433,10,Potential Loyalist,Surat,Gujarat,Paid Search
CUST00637,50,2,127073.17000000001,4,3,4,434,11,Potential Loyalist,Vadodara,Gujarat,Referral
CUST00638,246,1,61128.43,1,1,3,113,5,Hibernating,Mysore,Karnataka,Social Media
CUST00639,133,1,63306.44,2,1,3,213,6,Need Attention,Delhi,Delhi,Email
CUST00640,62,5,420284.93,3,5,5,355,13,Loyal,Delhi,Delhi,Organic
CUST00641,117,2,94391.93,3,3,4,334,10,Promising,Bangalore,Karnataka,Social Media
CUST00642,88,8,353375.88,3,5,5,355,13,Loyal,Siliguri,West Bengal,Email
CUST00643,5,6,164957.99000000002,5,5,5,555,15,Champions,Siliguri,West Bengal,Paid Search
CUST00648,21,1,46307.69,5,1,3,513,9,New Customers,Siliguri,West Bengal,Referral
CUST00650,30,1,142868.34999999998,4,1,5,415,10,New Customers,Madurai,Tamil Nadu,Social Media
CUST00651,470,5,286861.71,1,5,5,155,11,Loyal,Udaipur,Rajasthan,Email
CUST00652,16,3,200416.81,5,4,5,545,14,Champions,Mysore,Karnataka,Email
CUST00653,61,1,61155.63,3,1,3,313,7,Promising,Nagpur,Maharashtra,Referral
CUST00654,105,1,32788.57,3,1,2,312,6,Need Attention,Kolkata,West Bengal,Direct
CUST00656,16,1,4491.14,5,1,1,511,7,New Customers,Mysore,Karnataka,Organic
CUST00661,91,1,7535.46,3,1,1,311,5,Need Attention,Agra,Uttar Pradesh,Direct
CUST00662,87,1,57258.66,3,1,3,313,7,Promising,Kolkata,West Bengal,Social Media
CUST00663,18,2,174663.17,5,3,5,535,13,Potential Loyalist,New Delhi,Delhi,Paid Search
CUST00665,15,7,293671.57999999996,5,5,5,555,15,Champions,Agra,Uttar Pradesh,Referral
CUST00667,15,1,3986.19,5,1,1,511,7,New Customers,Agra,Uttar Pradesh,Social Media
CUST00670,97,4,220850.25999999998,3,5,5,355,13,Loyal,Hubli,Karnataka,Referral
CUST00672,89,2,62047.36,3,3,3,333,9,Promising,Vadodara,Gujarat,Email
CUST00676,14,4,28900.33,5,5,2,552,12,Loyal,Madurai,Tamil Nadu,Paid Search
CUST00680,531,1,17961.46,1,1,2,112,4,Hibernating,Coimbatore,Tamil Nadu,Direct
CUST00681,12,1,23362.18,5,1,2,512,8,New Customers,Bangalore,Karnataka,Paid Search
CUST00685,32,2,62948.01,4,3,3,433,10,Potential Loyalist,Kolkata,West Bengal,Direct
CUST00686,7,5,195904.38,5,5,5,555,15,Champions,Surat,Gujarat,Social Media
CUST00688,73,5,273673.13,3,5,5,355,13,Loyal,Nagpur,Maharashtra,Direct
CUST00693,275,1,20019.600000000002,1,1,2,112,4,Hibernating,Coimbatore,Tamil Nadu,Direct
CUST00694,271,2,32746.37,1,3,2,132,6,At Risk,Agra,Uttar Pradesh,Organic
CUST00695,668,1,3293.85,1,1,1,111,3,Hibernating,Madurai,Tamil Nadu,Email
CUST00700,127,2,22775.050000000003,2,3,2,232,7,Need Attention,Delhi,Delhi,Organic
CUST00701,16,5,227823.11000000002,5,5,5,555,15,Champions,Bangalore,Karnataka,Social Media
CUST00702,75,1,515.42,3,1,1,311,5,Need Attention,Pune,Maharashtra,Email
CUST00704,264,1,62968.65,1,1,3,113,5,Hibernating,Delhi,Delhi,Organic
CUST00705,338,1,5698.66,1,1,1,111,3,Hibernating,Chennai,Tamil Nadu,Email
CUST00706,6,4,79721.78,5,5,4,554,14,Champions,Mysore,Karnataka,Direct
CUST00710,7,1,26547.28,5,1,2,512,8,New Customers,New Delhi,Delhi,Organic
CUST00711,76,3,85887.28,3,4,4,344,11,Loyal,Mumbai,Maharashtra,Referral
CUST00712,406,1,44291.42,1,1,3,113,5,Hibernating,Lucknow,Uttar Pradesh,Social Media
CUST00714,228,1,29708.16,2,1,2,212,5,Need Attention,Siliguri,West Bengal,Email
CUST00720,403,2,120501.49,1,3,4,134,8,At Risk,Surat,Gujarat,Paid Search
CUST00721,217,3,114051.17,2,4,4,244,10,Loyal,Kolkata,West Bengal,Social Media
CUST00722,333,2,28836.980000000003,1,3,2,132,6,At Risk,Surat,Gujarat,Organic
CUST00723,70,5,296377.44,3,5,5,355,13,Loyal,Hubli,Karnataka,Direct
CUST00724,21,2,100194.66,5,3,4,534,12,Potential Loyalist,Madurai,Tamil Nadu,Organic
CUST00725,58,2,60793.23,4,3,3,433,10,Potential Loyalist,Jodhpur,Rajasthan,Social Media
CUST00726,233,1,33511.81,1,1,2,112,4,Hibernating,Jaipur,Rajasthan,Social Media
CUST00729,272,1,15644.24,1,1,1,111,3,Hibernating,Chennai,Tamil Nadu,Organic
CUST00730,124,2,133423.65,2,3,4,234,9,Need Attention,Madurai,Tamil Nadu,Social Media
CUST00732,319,1,126285.01,1,1,4,114,6,Cannot Lose,Lucknow,Uttar Pradesh,Paid Search
CUST00734,35,1,67775.42,4,1,3,413,8,New Customers,Lucknow,Uttar Pradesh,Organic
CUST00735,302,2,45762.76,1,3,3,133,7,At Risk,Siliguri,West Bengal,Referral
CUST00736,233,1,7018.6,1,1,1,111,3,Hibernating,Hubli,Karnataka,Paid Search
CUST00739,15,2,24865.690000000002,5,3,2,532,10,Potential Loyalist,Siliguri,West Bengal,Social Media
CUST00740,185,1,982.14,2,1,1,211,4,Need Attention,Chennai,Tamil Nadu,Paid Search
CUST00741,118,1,21856.16,3,1,2,312,6,Need Attention,Bangalore,Karnataka,Organic
CUST00743,69,1,22027.73,3,1,2,312,6,Need Attention,Ahmedabad,Gujarat,Referral
CUST00746,84,1,127914.06000000001,3,1,4,314,8,Promising,Coimbatore,Tamil Nadu,Paid Search
CUST00748,238,2,186681.33,1,3,5,135,9,At Risk,Kanpur,Uttar Pradesh,Paid Search
CUST00750,85,1,48945.42999999999,3,1,3,313,7,Promising,Mysore,Karnataka,Organic
CUST00752,135,3,78775.75,2,4,4,244,10,Loyal,Siliguri,West Bengal,Direct
CUST00753,0,6,271581.09,5,5,5,555,15,Champions,Hubli,Karnataka,Email
CUST00755,56,1,233333.41,4,1,5,415,10,New Customers,New Delhi,Delhi,Social Media
CUST00756,232,1,39901.4,1,1,2,112,4,Hibernating,Jaipur,Rajasthan,Paid Search
CUST00757,9,6,217991.11,5,5,5,555,15,Champions,Siliguri,West Bengal,Organic
CUST00763,231,1,13133.45,2,1,1,211,4,Need Attention,Madurai,Tamil Nadu,Email
CUST00766,365,1,3541.62,1,1,1,111,3,Hibernating,Vadodara,Gujarat,Paid Search
CUST00768,14,2,55470.090000000004,5,3,3,533,11,Potential Loyalist,Chennai,Tamil Nadu,Organic
CUST00770,19,2,9201.94,5,3,1,531,9,Potential Loyalist,Madurai,Tamil Nadu,Referral
CUST00773,18,4,97812.16,5,5,4,554,14,Champions,Vadodara,Gujarat,Email
CUST00779,120,5,207875.12,3,5,5,355,13,Loyal,New Delhi,Delhi,Email
CUST00780,85,1,13707.02,3,1,1,311,5,Need Attention,Vadodara,Gujarat,Direct
CUST00784,223,3,164342.73,2,4,5,245,11,Loyal,Ahmedabad,Gujarat,Direct
CUST00786,87,2,216320.61,3,3,5,335,11,Promising,New Delhi,Delhi,Direct
CUST00789,173,2,92337.63,2,3,4,234,9,Need Attention,Delhi,Delhi,Direct
CUST00793,203,2,149783.38,2,3,5,235,10,Need Attention,Hubli,Karnataka,Organic
CUST00797,12,3,129451.4,5,4,4,544,13,Champions,Chennai,Tamil Nadu,Referral
CUST00804,27,1,68876.26,4,1,3,413,8,New Customers,Agra,Uttar Pradesh,Social Media
CUST00808,503,1,102270.7,1,1,4,114,6,Cannot Lose,Jaipur,Rajasthan,Organic
CUST00809,159,2,5403.49,2,3,1,231,6,Need Attention,Delhi,Delhi,Organic
CUST00810,108,1,44375.84,3,1,3,313,7,Promising,Kanpur,Uttar Pradesh,Referral
CUST00811,396,1,46925.2,1,1,3,113,5,Hibernating,Lucknow,Uttar Pradesh,Direct
CUST00815,7,2,19537.99,5,3,2,532,10,Potential Loyalist,New Delhi,Delhi,Organic
CUST00816,112,1,10729.37,3,1,1,311,5,Need Attention,Kolkata,West Bengal,Email
CUST00817,109,1,19115.41,3,1,2,312,6,Need Attention,Siliguri,West Bengal,Email
CUST00819,24,1,12187.24,4,1,1,411,6,New Customers,New Delhi,Delhi,Referral
CUST00821,393,1,2358.02,1,1,1,111,3,Hibernating,Hubli,Karnataka,Referral
CUST00822,21,2,168492.35,5,3,5,535,13,Potential Loyalist,Delhi,Delhi,Social Media
CUST00823,179,1,4935.400000000001,2,1,1,211,4,Need Attention,Mysore,Karnataka,Email
CUST00826,117,2,85872.88,3,3,4,334,10,Promising,Bangalore,Karnataka,Email
CUST00827,84,3,37367.880000000005,3,4,2,342,9,Loyal,Surat,Gujarat,Social Media
CUST00828,161,4,113409.7,2,5,4,254,11,Loyal,Udaipur,Rajasthan,Email
CUST00830,14,1,3394.83,5,1,1,511,7,New Customers,Kolkata,West Bengal,Referral
CUST00834,81,1,74395.92,3,1,3,313,7,Promising,Chennai,Tamil Nadu,Social Media
CUST00835,40,1,3199.04,4,1,1,411,6,New Customers,Surat,Gujarat,Direct
CUST00837,11,3,159559.96000000002,5,4,5,545,14,Champions,Udaipur,Rajasthan,Social Media
CUST00842,302,1,2629.19,1,1,1,111,3,Hibernating,Coimbatore,Tamil Nadu,Social Media
CUST00844,351,1,140663.35,1,1,4,114,6,Cannot Lose,Surat,Gujarat,Email
CUST00845,17,1,15989.7,5,1,1,511,7,New Customers,Udaipur,Rajasthan,Email
CUST00847,161,3,117499.41,2,4,4,244,10,Loyal,Lucknow,Uttar Pradesh,Referral
CUST00848,56,1,74274.95,4,1,3,413,8,New Customers,Chennai,Tamil Nadu,Direct
CUST00849,7,8,418898.51,5,5,5,555,15,Champions,Coimbatore,Tamil Nadu,Direct
CUST00850,35,1,25646.9,4,1,2,412,7,New Customers,Nagpur,Maharashtra,Organic
CUST00851,33,5,330118.18,4,5,5,455,14,Champions,New Delhi,Delhi,Paid Search
CUST00852,77,3,46316.770000000004,3,4,3,343,10,Loyal,Agra,Uttar Pradesh,Direct
CUST00853,520,1,31451.379999999997,1,1,2,112,4,Hibernating,Siliguri,West Bengal,Social Media
CUST00855,190,2,99222.59,2,3,4,234,9,Need Attention,Kolkata,West Bengal,Organic
CUST00856,37,1,150206.37,4,1,5,415,10,New Customers,Vadodara,Gujarat,Direct
CUST00859,31,1,142345.42,4,1,4,414,9,New Customers,Kanpur,Uttar Pradesh,Direct
CUST00860,1,6,249192.76,5,5,5,555,15,Champions,Lucknow,Uttar Pradesh,Paid Search
CUST00862,61,1,15561.5,3,1,1,311,5,Need Attention,New Delhi,Delhi,Direct
CUST00864,81,1,146646.24,3,1,5,315,9,Promising,Nagpur,Maharashtra,Direct
CUST00866,27,2,6138.98,4,3,1,431,8,Potential Loyalist,Udaipur,Rajasthan,Social Media
CUST00870,25,3,213995.93,4,4,5,445,13,Champions,Madurai,Tamil Nadu,Social Media
CUST00875,39,2,147461.7,4,3,5,435,12,Potential Loyalist,New Delhi,Delhi,Social Media
CUST00876,8,3,381861.11000000004,5,4,5,545,14,Champions,Jaipur,Rajasthan,Social Media
CUST00877,62,3,98728.17,3,4,4,344,11,Loyal,Mysore,Karnataka,Social Media
CUST00878,32,3,325479.98,4,4,5,445,13,Champions,Vadodara,Gujarat,Organic
CUST00879,10,2,40189.380000000005,5,3,2,532,10,Potential Loyalist,Lucknow,Uttar Pradesh,Paid Search
CUST00880,79,2,57967.5,3,3,3,333,9,Promising,Jaipur,Rajasthan,Paid Search
CUST00881,83,2,243223.9,3,3,5,335,11,Promising,Siliguri,West Bengal,Referral
CUST00884,16,2,154498.07,5,3,5,535,13,Potential Loyalist,Nagpur,Maharashtra,Organic
CUST00886,4,2,36752.75,5,3,2,532,10,Potential Loyalist,New Delhi,Delhi,Referral
CUST00889,172,3,139400.16,2,4,4,244,10,Loyal,Surat,Gujarat,Direct
CUST00890,243,2,40524.66,1,3,2,132,6,At Risk,Jodhpur,Rajasthan,Paid Search
CUST00891,122,2,83333.98999999999,2,3,4,234,9,Need Attention,Mumbai,Maharashtra,Paid Search
CUST00892,55,7,240959.77000000002,4,5,5,455,14,Champions,Madurai,Tamil Nadu,Organic
CUST00893,2,1,20023.81,5,1,2,512,8,New Customers,New Delhi,Delhi,Social Media
CUST00894,9,1,67495.87,5,1,3,513,9,New Customers,Pune,Maharashtra,Direct
CUST00897,36,3,110897.78000000001,4,4,4,444,12,Champions,Jodhpur,Rajasthan,Organic
CUST00899,139,1,3458.83,2,1,1,211,4,Need Attention,Pune,Maharashtra,Referral
CUST00901,21,3,20822.04,5,4,2,542,11,Loyal,Kolkata,West Bengal,Email
CUST00905,55,2,74691.81,4,3,3,433,10,Potential Loyalist,New Delhi,Delhi,Email
CUST00909,393,2,82877.43,1,3,4,134,8,At Risk,Mysore,Karnataka,Direct
CUST00910,194,2,73510.70999999999,2,3,3,233,8,Need Attention,Kanpur,Uttar Pradesh,Referral
CUST00911,81,4,97397.38,3,5,4,354,12,Loyal,New Delhi,Delhi,Social Media
CUST00912,119,1,1142.69,3,1,1,311,5,Need Attention,Surat,Gujarat,Direct
CUST00916,63,4,222917.28,3,5,5,355,13,Loyal,New Delhi,Delhi,Referral
CUST00918,58,7,505860.37,4,5,5,455,14,Champions,New Delhi,Delhi,Paid Search
CUST00921,64,1,20993.06,3,1,2,312,6,Need Attention,Siliguri,West Bengal,Email
CUST00922,317,2,258524.41,1,3,5,135,9,At Risk,Delhi,Delhi,Referral
CUST00923,323,2,10156.82,1,3,1,131,5,At Risk,Jaipur,Rajasthan,Organic
CUST00924,143,1,48806.87,2,1,3,213,6,Need Attention,Ahmedabad,Gujarat,Direct
CUST00929,100,1,78752.57,3,1,4,314,8,Promising,Nagpur,Maharashtra,Paid Search
CUST00932,1,5,147757.84,5,5,5,555,15,Champions,Madurai,Tamil Nadu,Direct
CUST00934,295,1,2645.33,1,1,1,111,3,Hibernating,Jaipur,Rajasthan,Referral
CUST00938,213,2,55485.619999999995,2,3,3,233,8,Need Attention,Agra,Uttar Pradesh,Email
CUST00939,54,2,71383.59,4,3,3,433,10,Potential Loyalist,Jodhpur,Rajasthan,Social Media
CUST00941,5,2,14670.33,5,3,1,531,9,Potential Loyalist,Udaipur,Rajasthan,Direct
CUST00945,1,4,115102.89,5,5,4,554,14,Champions,Jaipur,Rajasthan,Direct
CUST00946,2,2,22484.73,5,3,2,532,10,Potential Loyalist,Kolkata,West Bengal,Social Media
CUST00949,584,1,3864.57,1,1,1,111,3,Hibernating,Nagpur,Maharashtra,Direct
CUST00950,0,7,223681.15,5,5,5,555,15,Champions,Jodhpur,Rajasthan,Direct
CUST00951,1,5,83365.98000000001,5,5,4,554,14,Champions,Delhi,Delhi,Organic
CUST00954,24,1,21789.97,4,1,2,412,7,New Customers,Siliguri,West Bengal,Email
CUST00957,186,1,19180.82,2,1,2,212,5,Need Attention,Agra,Uttar Pradesh,Email
CUST00958,10,2,126159.26,5,3,4,534,12,Potential Loyalist,Chennai,Tamil Nadu,Paid Search
CUST00962,44,3,172306.86,4,4,5,445,13,Champions,Siliguri,West Bengal,Referral
CUST00967,6,2,38218.42,5,3,2,532,10,Potential Loyalist,Hubli,Karnataka,Direct
CUST00970,37,4,96813.4,4,5,4,454,13,Champions,Pune,Maharashtra,Referral
CUST00972,9,3,88927.72,5,4,4,544,13,Champions,Lucknow,Uttar Pradesh,Email
CUST00973,250,1,1469.5,1,1,1,111,3,Hibernating,Vadodara,Gujarat,Email
CUST00977,103,2,32310.93,3,3,2,332,8,Need Attention,Lucknow,Uttar Pradesh,Paid Search
CUST00978,11,2,102641.08,5,3,4,534,12,Potential Loyalist,Pune,Maharashtra,Referral
CUST00983,103,2,44912.72,3,3,3,333,9,Promising,Kolkata,West Bengal,Social Media
CUST00984,93,7,162520.94,3,5,5,355,13,Loyal,Surat,Gujarat,Social Media
CUST00986,47,1,18077.94,4,1,2,412,7,New Customers,Surat,Gujarat,Paid Search
CUST00989,482,1,176280.18,1,1,5,115,7,Cannot Lose,Lucknow,Uttar Pradesh,Email
CUST00990,45,1,14292.18,4,1,1,411,6,New Customers,Jodhpur,Rajasthan,Organic
CUST00991,132,3,121931.36,2,4,4,244,10,Loyal,Coimbatore,Tamil Nadu,Email
CUST00993,37,1,13969.62,4,1,1,411,6,New Customers,Madurai,Tamil Nadu,Referral
CUST00996,70,1,5247.07,3,1,1,311,5,Need Attention,Bangalore,Karnataka,Organic
CUST00997,426,1,23420.82,1,1,2,112,4,Hibernating,Hubli,Karnataka,Paid Search
CUST01000,27,3,147637.27,4,4,5,445,13,Champions,Nagpur,Maharashtra,Direct
CUST01001,6,4,45175.55,5,5,3,553,13,Loyal,Nagpur,Maharashtra,Organic
CUST01002,31,5,175516.42,4,5,5,455,14,Champions,Mysore,Karnataka,Direct
CUST01004,53,2,27195.440000000002,4,3,2,432,9,Potential Loyalist,Pune,Maharashtra,Paid Search
CUST01005,423,1,20452.9,1,1,2,112,4,Hibernating,Delhi,Delhi,Email
CUST01008,363,1,45063.39,1,1,3,113,5,Hibernating,Bangalore,Karnataka,Organic
CUST01011,0,2,32994.31,5,3,2,532,10,Potential Loyalist,New Delhi,Delhi,Paid Search
CUST01012,364,1,11223.98,1,1,1,111,3,Hibernating,Lucknow,Uttar Pradesh,Organic
CUST01019,206,4,121134.02,2,5,4,254,11,Loyal,Agra,Uttar Pradesh,Email
CUST01020,265,3,68801.47,1,4,3,143,8,Loyal,Surat,Gujarat,Referral
CUST01021,86,3,61346.29,3,4,3,343,10,Loyal,Ahmedabad,Gujarat,Paid Search
CUST01024,340,4,248544.32,1,5,5,155,11,Loyal,Kanpur,Uttar Pradesh,Email
CUST01026,22,5,140769.48,4,5,4,454,13,Champions,Agra,Uttar Pradesh,Direct
CUST01027,28,8,269237.14,4,5,5,455,14,Champions,Bangalore,Karnataka,Email
CUST01028,211,1,2538.46,2,1,1,211,4,Need Attention,Kolkata,West Bengal,Organic
CUST01029,58,2,88232.01000000001,4,3,4,434,11,Potential Loyalist,Udaipur,Rajasthan,Paid Search
CUST01030,132,2,36878.7,2,3,2,232,7,Need Attention,Madurai,Tamil Nadu,Direct
CUST01031,11,2,55935.590000000004,5,3,3,533,11,Potential Loyalist,Udaipur,Rajasthan,Email
CUST01032,63,2,72861.26999999999,3,3,3,333,9,Promising,Vadodara,Gujarat,Organic
CUST01035,107,1,53396.75,3,1,3,313,7,Promising,Jaipur,Rajasthan,Organic
CUST01039,173,2,87409.59,2,3,4,234,9,Need Attention,Agra,Uttar Pradesh,Social Media
CUST01040,153,1,8841.28,2,1,1,211,4,Need Attention,Delhi,Delhi,Direct
CUST01041,54,2,24509.86,4,3,2,432,9,Potential Loyalist,Hubli,Karnataka,Social Media
CUST01042,10,1,9784.830000000002,5,1,1,511,7,New Customers,Siliguri,West Bengal,Social Media
CUST01043,354,6,335690.49,1,5,5,155,11,Loyal,Nagpur,Maharashtra,Paid Search
CUST01044,231,1,1144.77,2,1,1,211,4,Need Attention,Chennai,Tamil Nadu,Email
CUST01045,32,3,193659.02000000002,4,4,5,445,13,Champions,Chennai,Tamil Nadu,Paid Search
CUST01048,156,4,252615.90999999997,2,5,5,255,12,Loyal,Madurai,Tamil Nadu,Paid Search
CUST01049,119,1,67077.84,3,1,3,313,7,Promising,Mumbai,Maharashtra,Organic
CUST01050,2,4,152738.33,5,5,5,555,15,Champions,New Delhi,Delhi,Direct
CUST01052,180,2,222247.09999999998,2,3,5,235,10,Need Attention,Kolkata,West Bengal,Direct
CUST01056,152,1,10650.46,2,1,1,211,4,Need Attention,Lucknow,Uttar Pradesh,Direct
CUST01060,130,4,339475.62,2,5,5,255,12,Loyal,New Delhi,Delhi,Paid Search
CUST01063,13,3,237456.2,5,4,5,545,14,Champions,Nagpur,Maharashtra,Direct
CUST01067,217,1,3188.74,2,1,1,211,4,Need Attention,Chennai,Tamil Nadu,Social Media
CUST01069,432,1,2809.42,1,1,1,111,3,Hibernating,Nagpur,Maharashtra,Email
CUST01070,21,2,24280.3,5,3,2,532,10,Potential Loyalist,Pune,Maharashtra,Direct
CUST01071,113,3,145913.22,3,4,5,345,12,Loyal,Surat,Gujarat,Social Media
CUST01072,397,1,27989.489999999998,1,1,2,112,4,Hibernating,Siliguri,West Bengal,Social Media
CUST01073,44,1,1923.06,4,1,1,411,6,New Customers,Vadodara,Gujarat,Social Media
CUST01077,1,5,45871.07,5,5,3,553,13,Loyal,Kolkata,West Bengal,Direct
CUST01078,55,2,111960.39,4,3,4,434,11,Potential Loyalist,Coimbatore,Tamil Nadu,Direct
CUST01079,2,2,180428.58000000002,5,3,5,535,13,Potential Loyalist,Madurai,Tamil Nadu,Referral
CUST01081,258,2,100241.43,1,3,4,134,8,At Risk,Bangalore,Karnataka,Referral
CUST01083,21,3,77759.13,5,4,4,544,13,Champions,Hubli,Karnataka,Organic
CUST01084,53,1,36592.770000000004,4,1,2,412,7,New Customers,Siliguri,West Bengal,Direct
CUST01089,1,4,193547.94,5,5,5,555,15,Champions,Mysore,Karnataka,Referral
CUST01090,66,2,230539.9,3,3,5,335,11,Promising,Siliguri,West Bengal,Email
CUST01091,142,1,1533.83,2,1,1,211,4,Need Attention,Nagpur,Maharashtra,Direct
CUST01092,140,2,73764.0,2,3,3,233,8,Need Attention,Agra,Uttar Pradesh,Email
CUST01093,35,4,314847.0,4,5,5,455,14,Champions,Surat,Gujarat,Paid Search
CUST01095,89,1,66059.68000000001,3,1,3,313,7,Promising,Delhi,Delhi,Email
CUST01096,4,4,134350.33000000002,5,5,4,554,14,Champions,Hubli,Karnataka,Social Media
CUST01100,81,1,5164.95,3,1,1,311,5,Need Attention,Pune,Maharashtra,Organic
CUST01101,139,4,36681.46,2,5,2,252,9,Loyal,Kolkata,West Bengal,Direct
CUST01102,47,3,169835.46,4,4,5,445,13,Champions,Surat,Gujarat,Social Media
CUST01106,27,1,18640.82,4,1,2,412,7,New Customers,Ahmedabad,Gujarat,Email
CUST01107,172,1,38856.93,2,1,2,212,5,Need Attention,Coimbatore,Tamil Nadu,Direct
CUST01110,33,3,86560.55,4,4,4,444,12,Champions,Bangalore,Karnataka,Direct
CUST01112,2,1,7119.969999999999,5,1,1,511,7,New Customers,Surat,Gujarat,Email
CUST01116,507,1,53987.02,1,1,3,113,5,Hibernating,Delhi,Delhi,Organic
CUST01118,57,2,99352.99,4,3,4,434,11,Potential Loyalist,Coimbatore,Tamil Nadu,Email
CUST01120,320,1,55427.02,1,1,3,113,5,Hibernating,Lucknow,Uttar Pradesh,Social Media
CUST01121,76,1,115464.82,3,1,4,314,8,Promising,Surat,Gujarat,Paid Search
CUST01122,36,1,80576.40000000001,4,1,4,414,9,New Customers,Coimbatore,Tamil Nadu,Direct
CUST01124,17,2,92890.79000000001,5,3,4,534,12,Potential Loyalist,New Delhi,Delhi,Organic
CUST01126,59,1,229296.65,4,1,5,415,10,New Customers,New Delhi,Delhi,Referral
CUST01129,133,1,3088.73,2,1,1,211,4,Need Attention,Pune,Maharashtra,Organic
CUST01131,229,1,2200.69,2,1,1,211,4,Need Attention,Mysore,Karnataka,Direct
CUST01132,19,2,23251.63,5,3,2,532,10,Potential Loyalist,Surat,Gujarat,Email
CUST01134,21,1,22025.85,5,1,2,512,8,New Customers,Madurai,Tamil Nadu,Email
CUST01135,104,1,55117.12,3,1,3,313,7,Promising,Delhi,Delhi,Social Media
CUST01136,73,2,227384.93,3,3,5,335,11,Promising,Udaipur,Rajasthan,Referral
CUST01138,0,1,65484.03999999999,5,1,3,513,9,New Customers,Surat,Gujarat,Direct
CUST01139,260,3,8805.94,1,4,1,141,6,Loyal,Kolkata,West Bengal,Organic
CUST01140,175,3,61441.05,2,4,3,243,9,Loyal,Coimbatore,Tamil Nadu,Social Media
CUST01145,59,3,84303.72,4,4,4,444,12,Champions,Bangalore,Karnataka,Paid Search
CUST01148,361,1,1162.2,1,1,1,111,3,Hibernating,Agra,Uttar Pradesh,Paid Search
CUST01149,325,1,47086.030000000006,1,1,3,113,5,Hibernating,Siliguri,West Bengal,Paid Search
CUST01150,610,1,23159.46,1,1,2,112,4,Hibernating,Kanpur,Uttar Pradesh,Direct
CUST01152,433,1,3690.13,1,1,1,111,3,Hibernating,Surat,Gujarat,Referral
CUST01156,369,1,18250.74,1,1,2,112,4,Hibernating,Chennai,Tamil Nadu,Referral
CUST01157,135,1,197644.8,2,1,5,215,8,Need Attention,Siliguri,West Bengal,Paid Search
CUST01158,192,1,17667.48,2,1,2,212,5,Need Attention,Nagpur,Maharashtra,Paid Search
CUST01159,46,1,41222.47,4,1,2,412,7,New Customers,Udaipur,Rajasthan,Organic
CUST01161,269,1,4180.2,1,1,1,111,3,Hibernating,Chennai,Tamil Nadu,Email
CUST01162,33,4,49262.46000000001,4,5,3,453,12,Loyal,Siliguri,West Bengal,Referral
CUST01164,88,4,46797.66,3,5,3,353,11,Loyal,Kolkata,West Bengal,Email
CUST01166,0,3,200458.36000000002,5,4,5,545,14,Champions,Kanpur,Uttar Pradesh,Paid Search
CUST01167,352,2,32139.33,1,3,2,132,6,At Risk,Delhi,Delhi,Organic
CUST01171,122,2,25032.36,2,3,2,232,7,Need Attention,Delhi,Delhi,Direct
CUST01172,377,1,27764.95,1,1,2,112,4,Hibernating,Bangalore,Karnataka,Organic
CUST01174,242,1,72829.68000000001,1,1,3,113,5,Hibernating,Udaipur,Rajasthan,Organic
CUST01175,65,2,43219.58,3,3,3,333,9,Promising,New Delhi,Delhi,Social Media
CUST01176,1,7,174525.94,5,5,5,555,15,Champions,Jaipur,Rajasthan,Paid Search
CUST01178,5,1,69070.42,5,1,3,513,9,New Customers,Jaipur,Rajasthan,Direct
CUST01180,46,2,82676.74,4,3,4,434,11,Potential Loyalist,Coimbatore,Tamil Nadu,Referral
CUST01181,21,1,24161.09,5,1,2,512,8,New Customers,Ahmedabad,Gujarat,Direct
CUST01182,112,1,8377.31,3,1,1,311,5,Need Attention,Mysore,Karnataka,Referral
CUST01183,0,5,488098.77,5,5,5,555,15,Champions,Coimbatore,Tamil Nadu,Organic
CUST01185,90,1,21703.870000000003,3,1,2,312,6,Need Attention,Mumbai,Maharashtra,Social Media
CUST01186,25,2,103541.11,4,3,4,434,11,Potential Loyalist,Kolkata,West Bengal,Organic
CUST01189,118,1,117053.38,3,1,4,314,8,Promising,Vadodara,Gujarat,Organic
CUST01191,0,6,318287.17000000004,5,5,5,555,15,Champions,Vadodara,Gujarat,Direct
CUST01192,151,3,24508.28,2,4,2,242,8,Loyal,Chennai,Tamil Nadu,Direct
CUST01193,7,5,52945.24,5,5,3,553,13,Loyal,Delhi,Delhi,Organic
CUST01194,8,1,14109.15,5,1,1,511,7,New Customers,Udaipur,Rajasthan,Social Media
CUST01196,83,1,19625.690000000002,3,1,2,312,6,Need Attention,Surat,Gujarat,Direct
CUST01197,81,2,27407.56,3,3,2,332,8,Need Attention,New Delhi,Delhi,Email
CUST01198,97,3,127307.42,3,4,4,344,11,Loyal,Kanpur,Uttar Pradesh,Email
CUST01199,36,2,199328.14,4,3,5,435,12,Potential Loyalist,Nagpur,Maharashtra,Email
CUST01202,158,3,99765.61,2,4,4,244,10,Loyal,Kolkata,West Bengal,Email
CUST01204,357,1,23430.32,1,1,2,112,4,Hibernating,Ahmedabad,Gujarat,Organic
CUST01207,231,1,1479.48,2,1,1,211,4,Need Attention,Nagpur,Maharashtra,Direct
CUST01209,41,1,21588.43,4,1,2,412,7,New Customers,Lucknow,Uttar Pradesh,Social Media
CUST01210,2,1,21953.37,5,1,2,512,8,New Customers,Bangalore,Karnataka,Paid Search
CUST01212,52,1,119327.81,4,1,4,414,9,New Customers,Siliguri,West Bengal,Direct
CUST01213,105,1,37142.41,3,1,2,312,6,Need Attention,Agra,Uttar Pradesh,Organic
CUST01216,2,3,221943.95,5,4,5,545,14,Champions,Chennai,Tamil Nadu,Email
CUST01218,77,2,15685.800000000001,3,3,1,331,7,Need Attention,Vadodara,Gujarat,Referral
CUST01220,38,4,140962.0,4,5,4,454,13,Champions,Siliguri,West Bengal,Direct
CUST01222,67,2,8652.17,3,3,1,331,7,Need Attention,Surat,Gujarat,Direct
CUST01223,24,4,128318.67,4,5,4,454,13,Champions,Vadodara,Gujarat,Paid Search
CUST01226,4,3,76811.96999999999,5,4,4,544,13,Champions,Pune,Maharashtra,Email
CUST01229,56,3,157847.42,4,4,5,445,13,Champions,New Delhi,Delhi,Organic
CUST01232,214,3,41867.81,2,4,2,242,8,Loyal,Kolkata,West Bengal,Direct
CUST01235,240,1,43833.08,1,1,3,113,5,Hibernating,Kolkata,West Bengal,Organic
CUST01236,14,1,30184.2,5,1,2,512,8,New Customers,Siliguri,West Bengal,Organic
CUST01238,114,4,226885.38999999998,3,5,5,355,13,Loyal,Agra,Uttar Pradesh,Organic
CUST01239,88,2,64699.869999999995,3,3,3,333,9,Promising,Delhi,Delhi,Email
CUST01241,40,3,150802.46000000002,4,4,5,445,13,Champions,Udaipur,Rajasthan,Email
CUST01242,211,1,19831.08,2,1,2,212,5,Need Attention,Coimbatore,Tamil Nadu,Social Media
CUST01243,103,1,19021.68,3,1,2,312,6,Need Attention,Delhi,Delhi,Organic
CUST01244,481,2,30019.36,1,3,2,132,6,At Risk,Nagpur,Maharashtra,Referral
CUST01245,109,1,197125.89,3,1,5,315,9,Promising,Siliguri,West Bengal,Direct
CUST01246,103,2,69568.42,3,3,3,333,9,Promising,Udaipur,Rajasthan,Paid Search
CUST01247,539,1,4016.58,1,1,1,111,3,Hibernating,Madurai,Tamil Nadu,Email
CUST01248,68,2,19692.38,3,3,2,332,8,Need Attention,Chennai,Tamil Nadu,Organic
CUST01249,82,2,92508.04999999999,3,3,4,334,10,Promising,Vadodara,Gujarat,Email
CUST01250,201,3,67173.98000000001,2,4,3,243,9,Loyal,Siliguri,West Bengal,Social Media
CUST01251,39,3,116114.34,4,4,4,444,12,Champions,Surat,Gujarat,Email
CUST01253,150,1,4494.47,2,1,1,211,4,Need Attention,Delhi,Delhi,Organic
CUST01254,78,2,89505.31999999999,3,3,4,334,10,Promising,Ahmedabad,Gujarat,Direct
CUST01257,59,2,166099.11000000002,4,3,5,435,12,Potential Loyalist,Jodhpur,Rajasthan,Organic
CUST01259,220,1,7195.64,2,1,1,211,4,Need Attention,Udaipur,Rajasthan,Direct
CUST01260,91,1,32294.66,3,1,2,312,6,Need Attention,Pune,Maharashtra,Email
CUST01261,34,4,109074.37,4,5,4,454,13,Champions,Pune,Maharashtra,Paid Search
CUST01262,10,1,27778.64,5,1,2,512,8,New Customers,Madurai,Tamil Nadu,Email
CUST01263,292,3,71364.20999999999,1,4,3,143,8,Loyal,Udaipur,Rajasthan,Organic
CUST01267,17,3,107016.32,5,4,4,544,13,Champions,Bangalore,Karnataka,Paid Search
CUST01269,15,7,446131.17000000004,5,5,5,555,15,Champions,Surat,Gujarat,Referral
CUST01271,131,1,28481.839999999997,2,1,2,212,5,Need Attention,Lucknow,Uttar Pradesh,Email
CUST01273,129,1,47858.72,2,1,3,213,6,Need Attention,Chennai,Tamil Nadu,Social Media
CUST01274,19,1,19718.159999999996,5,1,2,512,8,New Customers,New Delhi,Delhi,Direct
CUST01275,44,1,18218.75,4,1,2,412,7,New Customers,Coimbatore,Tamil Nadu,Paid Search
CUST01276,82,1,79453.99,3,1,4,314,8,Promising,Siliguri,West Bengal,Email
CUST01279,31,2,25693.05,4,3,2,432,9,Potential Loyalist,Delhi,Delhi,Paid Search
CUST01280,237,1,27907.18,1,1,2,112,4,Hibernating,Delhi,Delhi,Organic
CUST01283,525,1,70195.64,1,1,3,113,5,Hibernating,Udaipur,Rajasthan,Direct
CUST01286,18,5,81835.47,5,5,4,554,14,Champions,Madurai,Tamil Nadu,Paid Search
CUST01288,58,4,77090.79000000001,4,5,4,454,13,Champions,Delhi,Delhi,Direct
CUST01290,58,3,94510.17000000001,4,4,4,444,12,Champions,New Delhi,Delhi,Paid Search
CUST01291,27,1,9536.050000000001,4,1,1,411,6,New Customers,Pune,Maharashtra,Referral
CUST01292,35,4,99129.39,4,5,4,454,13,Champions,Chennai,Tamil Nadu,Organic
CUST01293,130,1,49216.11,2,1,3,213,6,Need Attention,Udaipur,Rajasthan,Social Media
CUST01298,96,2,86489.71,3,3,4,334,10,Promising,Nagpur,Maharashtra,Referral
CUST01299,34,4,193924.98,4,5,5,455,14,Champions,Mumbai,Maharashtra,Social Media
CUST01300,366,2,56217.979999999996,1,3,3,133,7,At Risk,Kanpur,Uttar Pradesh,Referral
CUST01303,43,1,140727.03,4,1,4,414,9,New Customers,Bangalore,Karnataka,Email
CUST01304,8,1,94306.55000000002,5,1,4,514,10,New Customers,Delhi,Delhi,Referral
CUST01305,86,1,31749.550000000003,3,1,2,312,6,Need Attention,Mumbai,Maharashtra,Referral
CUST01306,24,1,1075.82,4,1,1,411,6,New Customers,Coimbatore,Tamil Nadu,Organic
CUST01308,184,2,43893.479999999996,2,3,3,233,8,Need Attention,Udaipur,Rajasthan,Social Media
CUST01309,416,1,129934.78,1,1,4,114,6,Cannot Lose,Kolkata,West Bengal,Referral
CUST01310,8,3,9672.380000000001,5,4,1,541,10,Loyal,Mumbai,Maharashtra,Social Media
CUST01311,23,4,94670.54,4,5,4,454,13,Champions,New Delhi,Delhi,Paid Search
CUST01312,193,1,26730.21,2,1,2,212,5,Need Attention,Pune,Maharashtra,Social Media
CUST01314,1,3,229675.48,5,4,5,545,14,Champions,New Delhi,Delhi,Organic
CUST01317,299,1,28980.379999999997,1,1,2,112,4,Hibernating,Jodhpur,Rajasthan,Referral
CUST01318,414,1,178404.12,1,1,5,115,7,Cannot Lose,Mumbai,Maharashtra,Email
CUST01319,222,1,29148.53,2,1,2,212,5,Need Attention,Chennai,Tamil Nadu,Paid Search
CUST01322,131,1,90812.25,2,1,4,214,7,Need Attention,Kolkata,West Bengal,Paid Search
CUST01325,54,7,67319.05,4,5,3,453,12,Loyal,Kolkata,West Bengal,Referral
CUST01326,54,3,255882.91,4,4,5,445,13,Champions,Kanpur,Uttar Pradesh,Paid Search
CUST01333,197,2,35776.479999999996,2,3,2,232,7,Need Attention,Jodhpur,Rajasthan,Paid Search
CUST01334,57,3,102260.0,4,4,4,444,12,Champions,Lucknow,Uttar Pradesh,Organic
CUST01335,5,1,28417.38,5,1,2,512,8,New Customers,Udaipur,Rajasthan,Organic
CUST01336,173,3,72759.51,2,4,3,243,9,Loyal,Siliguri,West Bengal,Organic
CUST01340,174,2,149067.13999999998,2,3,5,235,10,Need Attention,Surat,Gujarat,Direct
CUST01341,9,2,17112.97,5,3,2,532,10,Potential Loyalist,Mumbai,Maharashtra,Paid Search
CUST01343,580,1,6794.09,1,1,1,111,3,Hibernating,Jaipur,Rajasthan,Direct
CUST01345,181,2,25631.79,2,3,2,232,7,Need Attention,Agra,Uttar Pradesh,Direct
CUST01346,22,5,187094.52999999997,4,5,5,455,14,Champions,Mumbai,Maharashtra,Email
CUST01347,119,3,57465.09,3,4,3,343,10,Loyal,Ahmedabad,Gujarat,Paid Search
CUST01348,52,5,165733.58000000002,4,5,5,455,14,Champions,Surat,Gujarat,Direct
CUST01349,19,5,351719.19,5,5,5,555,15,Champions,Kolkata,West Bengal,Email
CUST01350,19,3,317205.46,5,4,5,545,14,Champions,Vadodara,Gujarat,Organic
CUST01352,6,6,179017.87,5,5,5,555,15,Champions,Lucknow,Uttar Pradesh,Email
CUST01353,505,1,2594.39,1,1,1,111,3,Hibernating,Mysore,Karnataka,Organic
CUST01355,5,4,94807.66,5,5,4,554,14,Champions,New Delhi,Delhi,Social Media
CUST01356,35,3,145212.2,4,4,5,445,13,Champions,Kanpur,Uttar Pradesh,Paid Search
CUST01363,233,2,22370.45,1,3,2,132,6,At Risk,Mysore,Karnataka,Paid Search
CUST01364,158,1,58315.34,2,1,3,213,6,Need Attention,Bangalore,Karnataka,Email
CUST01373,2,5,98994.43000000001,5,5,4,554,14,Champions,Mysore,Karnataka,Email
CUST01374,314,1,15344.16,1,1,1,111,3,Hibernating,Jaipur,Rajasthan,Referral
CUST01376,13,2,23345.869999999995,5,3,2,532,10,Potential Loyalist,Kanpur,Uttar Pradesh,Referral
CUST01377,49,1,7724.98,4,1,1,411,6,New Customers,Surat,Gujarat,Referral
CUST01378,23,4,142928.94,4,5,5,455,14,Champions,Mysore,Karnataka,Organic
CUST01379,102,2,62325.15,3,3,3,333,9,Promising,Jaipur,Rajasthan,Social Media
CUST01380,377,1,2166.05,1,1,1,111,3,Hibernating,New Delhi,Delhi,Referral
CUST01383,16,1,225584.39,5,1,5,515,11,New Customers,Madurai,Tamil Nadu,Paid Search
CUST01388,616,1,22194.44,1,1,2,112,4,Hibernating,Vadodara,Gujarat,Organic
CUST01389,48,2,71571.61,4,3,3,433,10,Potential Loyalist,Kanpur,Uttar Pradesh,Organic
CUST01390,10,1,61991.72,5,1,3,513,9,New Customers,Siliguri,West Bengal,Referral
CUST01393,603,1,9069.39,1,1,1,111,3,Hibernating,Kanpur,Uttar Pradesh,Email
CUST01394,222,3,142428.08000000002,2,4,4,244,10,Loyal,Chennai,Tamil Nadu,Direct
CUST01396,8,2,128358.19,5,3,4,534,12,Potential Loyalist,Nagpur,Maharashtra,Email
CUST01397,46,3,164241.18,4,4,5,445,13,Champions,Lucknow,Uttar Pradesh,Social Media
CUST01399,70,2,108338.42000000001,3,3,4,334,10,Promising,Lucknow,Uttar Pradesh,Paid Search
CUST01403,10,2,21083.73,5,3,2,532,10,Potential Loyalist,Siliguri,West Bengal,Referral
CUST01404,29,5,126260.59999999999,4,5,4,454,13,Champions,New Delhi,Delhi,Organic
CUST01407,167,1,19761.33,2,1,2,212,5,Need Attention,Siliguri,West Bengal,Direct
CUST01408,186,1,7365.19,2,1,1,211,4,Need Attention,Delhi,Delhi,Email
CUST01411,87,1,31358.65,3,1,2,312,6,Need Attention,Madurai,Tamil Nadu,Email
CUST01412,118,1,1948.46,3,1,1,311,5,Need Attention,Ahmedabad,Gujarat,Organic
CUST01415,100,1,11912.23,3,1,1,311,5,Need Attention,Kanpur,Uttar Pradesh,Email
CUST01416,49,1,131186.09,4,1,4,414,9,New Customers,Bangalore,Karnataka,Referral
CUST01418,331,1,12543.91,1,1,1,111,3,Hibernating,Agra,Uttar Pradesh,Organic
CUST01419,130,1,3522.14,2,1,1,211,4,Need Attention,Pune,Maharashtra,Referral
CUST01423,20,3,118998.1,5,4,4,544,13,Champions,Udaipur,Rajasthan,Paid Search
CUST01425,66,1,24988.48,3,1,2,312,6,Need Attention,Jaipur,Rajasthan,Paid Search
CUST01429,55,1,225732.57,4,1,5,415,10,New Customers,Delhi,Delhi,Direct
CUST01430,87,1,3198.0,3,1,1,311,5,Need Attention,New Delhi,Delhi,Social Media
CUST01432,216,1,3406.29,2,1,1,211,4,Need Attention,Udaipur,Rajasthan,Direct
CUST01433,437,2,18776.870000000003,1,3,2,132,6,At Risk,Ahmedabad,Gujarat,Direct
CUST01437,201,2,43463.97,2,3,3,233,8,Need Attention,Kolkata,West Bengal,Social Media
CUST01439,91,1,132693.72,3,1,4,314,8,Promising,Surat,Gujarat,Email
CUST01440,66,4,119708.14,3,5,4,354,12,Loyal,Surat,Gujarat,Social Media
CUST01445,21,1,4777.75,5,1,1,511,7,New Customers,Hubli,Karnataka,Referral
CUST01446,112,3,98069.62999999999,3,4,4,344,11,Loyal,Kanpur,Uttar Pradesh,Paid Search
CUST01447,324,1,18225.57,1,1,2,112,4,Hibernating,Bangalore,Karnataka,Email
CUST01448,329,1,22101.64,1,1,2,112,4,Hibernating,Hubli,Karnataka,Organic
CUST01449,545,2,24577.05,1,3,2,132,6,At Risk,Delhi,Delhi,Direct
CUST01450,115,2,119327.67,3,3,4,334,10,Promising,New Delhi,Delhi,Direct
CUST01451,2,4,80011.99,5,5,4,554,14,Champions,Kanpur,Uttar Pradesh,Direct
CUST01452,168,2,93313.6,2,3,4,234,9,Need Attention,Jodhpur,Rajasthan,Referral
CUST01455,30,3,237347.7,4,4,5,445,13,Champions,Kanpur,Uttar Pradesh,Paid Search
CUST01456,87,1,69866.16,3,1,3,313,7,Promising,Jaipur,Rajasthan,Email
CUST01457,373,1,11124.4,1,1,1,111,3,Hibernating,Jaipur,Rajasthan,Paid Search
CUST01459,152,1,61433.93,2,1,3,213,6,Need Attention,Lucknow,Uttar Pradesh,Organic
CUST01460,79,1,51457.05,3,1,3,313,7,Promising,Kanpur,Uttar Pradesh,Organic
CUST01461,38,1,57668.93,4,1,3,413,8,New Customers,Mumbai,Maharashtra,Direct
CUST01464,11,2,53897.08,5,3,3,533,11,Potential Loyalist,Hubli,Karnataka,Paid Search
CUST01471,279,1,34624.939999999995,1,1,2,112,4,Hibernating,Jaipur,Rajasthan,Direct
CUST01472,97,5,82769.84999999999,3,5,4,354,12,Loyal,Chennai,Tamil Nadu,Organic
CUST01473,4,4,207549.62999999998,5,5,5,555,15,Champions,Coimbatore,Tamil Nadu,Referral
CUST01474,102,1,13339.08,3,1,1,311,5,Need Attention,Kanpur,Uttar Pradesh,Email
CUST01475,105,2,9617.11,3,3,1,331,7,Need Attention,Pune,Maharashtra,Organic
CUST01481,97,3,173557.76,3,4,5,345,12,Loyal,Mumbai,Maharashtra,Direct
CUST01483,12,1,1300.55,5,1,1,511,7,New Customers,Bangalore,Karnataka,Organic
CUST01486,358,1,26995.94,1,1,2,112,4,Hibernating,Delhi,Delhi,Paid Search
CUST01488,7,2,51098.909999999996,5,3,3,533,11,Potential Loyalist,Delhi,Delhi,Paid Search
CUST01490,33,1,21539.66,4,1,2,412,7,New Customers,New Delhi,Delhi,Direct
CUST01493,56,3,34200.03,4,4,2,442,10,Loyal,Kanpur,Uttar Pradesh,Direct
CUST01497,9,6,291097.54000000004,5,5,5,555,15,Champions,Hubli,Karnataka,Social Media
CUST01500,15,1,723.82,5,1,1,511,7,New Customers,Coimbatore,Tamil Nadu,Direct
CUST01503,144,1,51317.56,2,1,3,213,6,Need Attention,Mumbai,Maharashtra,Direct
CUST01504,154,1,40103.920000000006,2,1,2,212,5,Need Attention,Coimbatore,Tamil Nadu,Social Media
CUST01506,97,2,113378.08,3,3,4,334,10,Promising,New Delhi,Delhi,Organic
CUST01508,77,3,174442.36,3,4,5,345,12,Loyal,Surat,Gujarat,Paid Search
CUST01509,257,1,4176.93,1,1,1,111,3,Hibernating,Ahmedabad,Gujarat,Organic
CUST01511,71,1,1017.71,3,1,1,311,5,Need Attention,Kolkata,West Bengal,Organic
CUST01513,118,7,271519.58,3,5,5,355,13,Loyal,Jaipur,Rajasthan,Referral
CUST01516,143,2,25180.96,2,3,2,232,7,Need Attention,Pune,Maharashtra,Paid Search
CUST01517,474,2,165910.77,1,3,5,135,9,At Risk,Jodhpur,Rajasthan,Paid Search
CUST01519,8,2,42507.08,5,3,2,532,10,Potential Loyalist,New Delhi,Delhi,Organic
CUST01520,160,1,16151.56,2,1,1,211,4,Need Attention,Jaipur,Rajasthan,Email
CUST01523,39,1,98015.74,4,1,4,414,9,New Customers,Madurai,Tamil Nadu,Paid Search
CUST01524,31,3,230394.95,4,4,5,445,13,Champions,Kolkata,West Bengal,Organic
CUST01525,98,4,232603.24,3,5,5,355,13,Loyal,Pune,Maharashtra,Email
CUST01526,155,2,5673.759999999999,2,3,1,231,6,Need Attention,Mysore,Karnataka,Referral
CUST01527,94,6,282898.58999999997,3,5,5,355,13,Loyal,Nagpur,Maharashtra,Direct
CUST01528,16,4,309848.65,5,5,5,555,15,Champions,Delhi,Delhi,Social Media
CUST01530,54,3,68168.70000000001,4,4,3,443,11,Loyal,Delhi,Delhi,Email
CUST01533,60,7,661804.26,3,5,5,355,13,Loyal,Nagpur,Maharashtra,Organic
CUST01536,1,1,3087.09,5,1,1,511,7,New Customers,Madurai,Tamil Nadu,Organic
CUST01538,160,1,28295.71,2,1,2,212,5,Need Attention,Mysore,Karnataka,Social Media
CUST01541,35,1,69791.40999999999,4,1,3,413,8,New Customers,Ahmedabad,Gujarat,Email
CUST01544,185,1,45838.119999999995,2,1,3,213,6,Need Attention,Siliguri,West Bengal,Organic
CUST01545,152,2,153774.53,2,3,5,235,10,Need Attention,Surat,Gujarat,Referral
CUST01547,18,2,117810.15000000001,5,3,4,534,12,Potential Loyalist,Kanpur,Uttar Pradesh,Email
CUST01548,8,2,82998.13,5,3,4,534,12,Potential Loyalist,Bangalore,Karnataka,Referral
CUST01549,65,2,33807.27,3,3,2,332,8,Need Attention,Kolkata,West Bengal,Social Media
CUST01553,6,2,82165.28,5,3,4,534,12,Potential Loyalist,Delhi,Delhi,Social Media
CUST01562,201,1,19344.77,2,1,2,212,5,Need Attention,New Delhi,Delhi,Paid Search
CUST01563,155,1,36011.43,2,1,2,212,5,Need Attention,Vadodara,Gujarat,Paid Search
CUST01564,160,5,251843.67,2,5,5,255,12,Loyal,Ahmedabad,Gujarat,Paid Search
CUST01566,162,3,112305.49,2,4,4,244,10,Loyal,Surat,Gujarat,Email
CUST01569,150,1,2687.5,2,1,1,211,4,Need Attention,Vadodara,Gujarat,Direct
CUST01570,52,3,214697.19,4,4,5,445,13,Champions,Agra,Uttar Pradesh,Direct
CUST01573,324,1,16653.120000000003,1,1,1,111,3,Hibernating,Mysore,Karnataka,Organic
CUST01575,35,4,109247.05,4,5,4,454,13,Champions,Nagpur,Maharashtra,Direct
CUST01579,12,2,124052.37,5,3,4,534,12,Potential Loyalist,Nagpur,Maharashtra,Social Media
CUST01580,2,1,84156.86000000002,5,1,4,514,10,New Customers,Siliguri,West Bengal,Referral
CUST01581,411,2,64801.119999999995,1,3,3,133,7,At Risk,Kanpur,Uttar Pradesh,Social Media
CUST01585,48,2,20092.38,4,3,2,432,9,Potential Loyalist,Bangalore,Karnataka,Paid Search
CUST01587,237,1,1046.09,1,1,1,111,3,Hibernating,Pune,Maharashtra,Direct
CUST01588,136,1,35427.15,2,1,2,212,5,Need Attention,Delhi,Delhi,Direct
CUST01589,519,1,16799.71,1,1,1,111,3,Hibernating,Chennai,Tamil Nadu,Referral
CUST01591,44,3,105867.99,4,4,4,444,12,Champions,Udaipur,Rajasthan,Direct
CUST01592,212,1,20035.64,2,1,2,212,5,Need Attention,Mumbai,Maharashtra,Paid Search
CUST01595,83,1,131237.42,3,1,4,314,8,Promising,Chennai,Tamil Nadu,Organic
CUST01597,93,3,92538.20000000001,3,4,4,344,11,Loyal,Udaipur,Rajasthan,Referral
CUST01598,6,4,138040.63999999998,5,5,4,554,14,Champions,Udaipur,Rajasthan,Organic
CUST01599,601,1,45703.75,1,1,3,113,5,Hibernating,Pune,Maharashtra,Paid Search
CUST01602,15,1,44255.26,5,1,3,513,9,New Customers,Siliguri,West Bengal,Organic
CUST01603,12,2,6633.33,5,3,1,531,9,Potential Loyalist,Hubli,Karnataka,Paid Search
CUST01604,390,4,110026.32,1,5,4,154,10,Loyal,Hubli,Karnataka,Paid Search
CUST01606,117,2,57327.84,3,3,3,333,9,Promising,Ahmedabad,Gujarat,Email
CUST01608,205,2,24546.75,2,3,2,232,7,Need Attention,Surat,Gujarat,Referral
CUST01610,518,1,5902.36,1,1,1,111,3,Hibernating,Madurai,Tamil Nadu,Email
CUST01611,38,2,47600.1,4,3,3,433,10,Potential Loyalist,Mysore,Karnataka,Referral
CUST01614,141,2,45884.200000000004,2,3,3,233,8,Need Attention,Ahmedabad,Gujarat,Direct
CUST01615,267,2,58968.85,1,3,3,133,7,At Risk,Bangalore,Karnataka,Paid Search
CUST01616,105,5,147948.65,3,5,5,355,13,Loyal,Coimbatore,Tamil Nadu,Paid Search
CUST01617,253,1,75473.35,1,1,3,113,5,Hibernating,Mysore,Karnataka,Direct
CUST01618,236,2,183376.47999999998,1,3,5,135,9,At Risk,Pune,Maharashtra,Referral
CUST01620,201,1,18592.44,2,1,2,212,5,Need Attention,Pune,Maharashtra,Organic
CUST01623,329,2,42227.409999999996,1,3,2,132,6,At Risk,Delhi,Delhi,Organic
CUST01624,113,2,66771.63,3,3,3,333,9,Promising,Agra,Uttar Pradesh,Social Media
CUST01627,29,2,20921.88,4,3,2,432,9,Potential Loyalist,Lucknow,Uttar Pradesh,Email
CUST01628,304,2,159036.66,1,3,5,135,9,At Risk,Bangalore,Karnataka,Email
CUST01629,193,1,13079.74,2,1,1,211,4,Need Attention,Vadodara,Gujarat,Email
CUST01630,8,4,163471.54,5,5,5,555,15,Champions,Bangalore,Karnataka,Social Media
CUST01631,223,2,130204.84,2,3,4,234,9,Need Attention,Madurai,Tamil Nadu,Paid Search
CUST01633,166,3,47460.89,2,4,3,243,9,Loyal,Delhi,Delhi,Social Media
CUST01636,25,1,3156.44,4,1,1,411,6,New Customers,Agra,Uttar Pradesh,Referral
CUST01637,308,1,40686.25,1,1,2,112,4,Hibernating,Siliguri,West Bengal,Referral
CUST01638,626,1,66744.76000000001,1,1,3,113,5,Hibernating,Udaipur,Rajasthan,Social Media
CUST01640,167,1,17840.07,2,1,2,212,5,Need Attention,Bangalore,Karnataka,Paid Search
CUST01642,41,1,50526.920000000006,4,1,3,413,8,New Customers,Coimbatore,Tamil Nadu,Paid Search
CUST01643,144,5,131203.01,2,5,4,254,11,Loyal,Bangalore,Karnataka,Referral
CUST01646,39,1,4953.79,4,1,1,411,6,New Customers,Siliguri,West Bengal,Email
CUST01648,34,1,2092.28,4,1,1,411,6,New Customers,Jaipur,Rajasthan,Direct
CUST01651,517,2,5616.0,1,3,1,131,5,At Risk,Ahmedabad,Gujarat,Social Media
CUST01653,145,3,128716.06,2,4,4,244,10,Loyal,Jaipur,Rajasthan,Social Media
CUST01656,43,4,202488.26,4,5,5,455,14,Champions,Jodhpur,Rajasthan,Referral
CUST01658,446,3,201280.15,1,4,5,145,10,Loyal,Agra,Uttar Pradesh,Paid Search
CUST01659,147,2,35519.68,2,3,2,232,7,Need Attention,Delhi,Delhi,Direct
CUST01660,147,1,1054.62,2,1,1,211,4,Need Attention,Hubli,Karnataka,Direct
CUST01663,102,1,12679.22,3,1,1,311,5,Need Attention,Siliguri,West Bengal,Social Media
CUST01664,20,2,72544.0,5,3,3,533,11,Potential Loyalist,Nagpur,Maharashtra,Organic
CUST01666,181,1,16061.26,2,1,1,211,4,Need Attention,Surat,Gujarat,Organic
CUST01668,102,1,142506.49,3,1,4,314,8,Promising,Chennai,Tamil Nadu,Paid Search
CUST01670,72,3,19583.059999999998,3,4,2,342,9,Loyal,Ahmedabad,Gujarat,Organic
CUST01674,67,2,296433.28,3,3,5,335,11,Promising,Vadodara,Gujarat,Organic
CUST01675,255,1,48350.5,1,1,3,113,5,Hibernating,Coimbatore,Tamil Nadu,Referral
CUST01678,174,1,58431.38,2,1,3,213,6,Need Attention,Coimbatore,Tamil Nadu,Social Media
CUST01679,384,1,19554.69,1,1,2,112,4,Hibernating,Kolkata,West Bengal,Email
CUST01682,294,1,78757.32,1,1,4,114,6,Cannot Lose,Agra,Uttar Pradesh,Social Media
CUST01684,366,1,58583.53,1,1,3,113,5,Hibernating,Udaipur,Rajasthan,Email
CUST01686,8,3,161818.79,5,4,5,545,14,Champions,Jodhpur,Rajasthan,Direct
CUST01688,28,1,61870.48,4,1,3,413,8,New Customers,Jaipur,Rajasthan,Paid Search
CUST01689,46,1,20698.15,4,1,2,412,7,New Customers,Kanpur,Uttar Pradesh,Referral
CUST01691,165,3,73433.55,2,4,3,243,9,Loyal,Delhi,Delhi,Direct
CUST01692,1,3,92564.18000000001,5,4,4,544,13,Champions,Kolkata,West Bengal,Organic
CUST01694,95,1,17012.35,3,1,2,312,6,Need Attention,Siliguri,West Bengal,Direct
CUST01695,573,2,92845.97,1,3,4,134,8,At Risk,Delhi,Delhi,Paid Search
CUST01697,104,1,29095.41,3,1,2,312,6,Need Attention,Nagpur,Maharashtra,Referral
CUST01698,46,2,82752.83,4,3,4,434,11,Potential Loyalist,Mysore,Karnataka,Email
CUST01699,61,2,60277.979999999996,3,3,3,333,9,Promising,Siliguri,West Bengal,Direct
CUST01700,233,4,130938.22999999998,1,5,4,154,10,Loyal,Kolkata,West Bengal,Paid Search
CUST01701,199,1,2380.28,2,1,1,211,4,Need Attention,Hubli,Karnataka,Direct
CUST01704,462,1,15228.880000000001,1,1,1,111,3,Hibernating,Kolkata,West Bengal,Referral
CUST01705,112,2,24898.55,3,3,2,332,8,Need Attention,Bangalore,Karnataka,Paid Search
CUST01707,247,2,204372.44000000003,1,3,5,135,9,At Risk,Vadodara,Gujarat,Organic
CUST01708,9,4,236756.48,5,5,5,555,15,Champions,Siliguri,West Bengal,Direct
CUST01709,14,2,3627.75,5,3,1,531,9,Potential Loyalist,Delhi,Delhi,Referral
CUST01710,163,2,169487.68,2,3,5,235,10,Need Attention,Lucknow,Uttar Pradesh,Direct
CUST01713,76,4,178466.03,3,5,5,355,13,Loyal,Hubli,Karnataka,Paid Search
CUST01714,85,3,80412.66,3,4,4,344,11,Loyal,Pune,Maharashtra,Social Media
CUST01715,123,3,155229.86000000002,2,4,5,245,11,Loyal,Coimbatore,Tamil Nadu,Paid Search
CUST01716,158,3,126752.42,2,4,4,244,10,Loyal,Vadodara,Gujarat,Referral
CUST01719,0,1,72117.95,5,1,3,513,9,New Customers,Agra,Uttar Pradesh,Organic
CUST01721,32,3,210269.52000000002,4,4,5,445,13,Champions,Delhi,Delhi,Direct
CUST01722,61,1,12624.31,3,1,1,311,5,Need Attention,Kolkata,West Bengal,Direct
CUST01724,43,3,115687.23999999999,4,4,4,444,12,Champions,Delhi,Delhi,Social Media
CUST01725,27,2,145509.05,4,3,5,435,12,Potential Loyalist,Delhi,Delhi,Paid Search
CUST01728,57,3,294615.85000000003,4,4,5,445,13,Champions,Chennai,Tamil Nadu,Organic
CUST01729,175,1,66443.75,2,1,3,213,6,Need Attention,Chennai,Tamil Nadu,Referral
CUST01730,63,2,68060.65,3,3,3,333,9,Promising,New Delhi,Delhi,Referral
CUST01731,464,1,74548.86,1,1,3,113,5,Hibernating,Lucknow,Uttar Pradesh,Organic
CUST01734,170,1,28818.67,2,1,2,212,5,Need Attention,Chennai,Tamil Nadu,Social Media
CUST01735,4,3,79414.25,5,4,4,544,13,Champions,Jodhpur,Rajasthan,Paid Search
CUST01736,362,1,62374.56,1,1,3,113,5,Hibernating,Coimbatore,Tamil Nadu,Direct
CUST01737,236,2,34676.91,1,3,2,132,6,At Risk,Kolkata,West Bengal,Referral
CUST01738,119,2,39956.61,3,3,2,332,8,Need Attention,Kanpur,Uttar Pradesh,Paid Search
CUST01743,140,1,46325.52,2,1,3,213,6,Need Attention,Bangalore,Karnataka,Email
CUST01745,26,5,73236.6,4,5,3,453,12,Loyal,Mumbai,Maharashtra,Social Media
CUST01750,26,1,1911.24,4,1,1,411,6,New Customers,Delhi,Delhi,Organic
CUST01751,503,2,54501.72,1,3,3,133,7,At Risk,Delhi,Delhi,Social Media
CUST01752,44,1,29387.25,4,1,2,412,7,New Customers,Siliguri,West Bengal,Social Media
CUST01753,45,1,43055.59,4,1,2,412,7,New Customers,Surat,Gujarat,Paid Search
CUST01756,2,3,9419.68,5,4,1,541,10,Loyal,Chennai,Tamil Nadu,Organic
CUST01759,318,1,82922.69,1,1,4,114,6,Cannot Lose,Jodhpur,Rajasthan,Referral
CUST01760,72,5,324229.5,3,5,5,355,13,Loyal,New Delhi,Delhi,Social Media
CUST01764,12,2,89970.22,5,3,4,534,12,Potential Loyalist,Bangalore,Karnataka,Referral
CUST01766,1,4,325986.39,5,5,5,555,15,Champions,Mysore,Karnataka,Social Media
CUST01770,106,1,54956.97,3,1,3,313,7,Promising,Jodhpur,Rajasthan,Direct
CUST01772,32,5,236033.7,4,5,5,455,14,Champions,Ahmedabad,Gujarat,Direct
CUST01773,134,1,3281.46,2,1,1,211,4,Need Attention,Kolkata,West Bengal,Referral
CUST01774,9,1,28582.33,5,1,2,512,8,New Customers,Coimbatore,Tamil Nadu,Organic
CUST01777,2,4,145899.43,5,5,5,555,15,Champions,Agra,Uttar Pradesh,Email
CUST01783,241,2,71055.7,1,3,3,133,7,At Risk,Madurai,Tamil Nadu,Direct
CUST01785,89,4,135482.57,3,5,4,354,12,Loyal,Mysore,Karnataka,Referral
CUST01786,1,5,202759.00999999998,5,5,5,555,15,Champions,Jodhpur,Rajasthan,Paid Search
CUST01787,32,4,100278.29999999999,4,5,4,454,13,Champions,Lucknow,Uttar Pradesh,Email
CUST01788,278,1,47114.04,1,1,3,113,5,Hibernating,Nagpur,Maharashtra,Organic
CUST01791,137,1,13177.7,2,1,1,211,4,Need Attention,Surat,Gujarat,Email
CUST01792,146,1,24873.84,2,1,2,212,5,Need Attention,Mumbai,Maharashtra,Direct
CUST01793,18,1,21426.14,5,1,2,512,8,New Customers,New Delhi,Delhi,Referral
CUST01795,6,3,24069.34,5,4,2,542,11,Loyal,Udaipur,Rajasthan,Referral
CUST01798,569,1,39289.08,1,1,2,112,4,Hibernating,Mumbai,Maharashtra,Referral
CUST01800,74,3,201812.38999999998,3,4,5,345,12,Loyal,Jodhpur,Rajasthan,Email
CUST01802,118,4,208340.16999999998,3,5,5,355,13,Loyal,Mumbai,Maharashtra,Organic
CUST01803,183,2,39357.350000000006,2,3,2,232,7,Need Attention,Chennai,Tamil Nadu,Paid Search
CUST01804,461,1,72268.58,1,1,3,113,5,Hibernating,New Delhi,Delhi,Referral
CUST01805,170,1,84920.93,2,1,4,214,7,Need Attention,Chennai,Tamil Nadu,Social Media
CUST01809,40,2,72310.37999999999,4,3,3,433,10,Potential Loyalist,Kolkata,West Bengal,Social Media
CUST01810,28,1,4273.21,4,1,1,411,6,New Customers,Siliguri,West Bengal,Referral
CUST01812,7,3,72305.87000000001,5,4,3,543,12,Loyal,Jaipur,Rajasthan,Direct
CUST01816,661,1,5446.73,1,1,1,111,3,Hibernating,Udaipur,Rajasthan,Referral
CUST01820,10,5,272099.59,5,5,5,555,15,Champions,Delhi,Delhi,Direct
CUST01821,97,4,118307.59999999999,3,5,4,354,12,Loyal,Siliguri,West Bengal,Referral
CUST01822,155,3,87217.28000000001,2,4,4,244,10,Loyal,Coimbatore,Tamil Nadu,Direct
CUST01823,169,3,54960.98,2,4,3,243,9,Loyal,Jaipur,Rajasthan,Paid Search
CUST01824,95,2,116492.50999999998,3,3,4,334,10,Promising,Jaipur,Rajasthan,Referral
CUST01825,88,5,256263.84,3,5,5,355,13,Loyal,Chennai,Tamil Nadu,Email
CUST01831,87,1,25071.23,3,1,2,312,6,Need Attention,Hubli,Karnataka,Organic
CUST01832,6,7,220315.24,5,5,5,555,15,Champions,Bangalore,Karnataka,Email
CUST01833,33,2,247402.92,4,3,5,435,12,Potential Loyalist,Nagpur,Maharashtra,Organic
CUST01834,20,2,8454.55,5,3,1,531,9,Potential Loyalist,Bangalore,Karnataka,Social Media
CUST01835,10,3,74461.8,5,4,3,543,12,Loyal,Agra,Uttar Pradesh,Referral
CUST01836,4,4,282365.84,5,5,5,555,15,Champions,Bangalore,Karnataka,Direct
CUST01837,35,2,26787.72,4,3,2,432,9,Potential Loyalist,New Delhi,Delhi,Paid Search
CUST01838,36,1,4045.21,4,1,1,411,6,New Customers,Mumbai,Maharashtra,Referral
CUST01840,107,1,77106.9,3,1,4,314,8,Promising,Siliguri,West Bengal,Direct
CUST01842,101,5,253680.31999999998,3,5,5,355,13,Loyal,Siliguri,West Bengal,Referral
CUST01843,114,3,87281.34,3,4,4,344,11,Loyal,Ahmedabad,Gujarat,Referral
CUST01846,278,1,3262.02,1,1,1,111,3,Hibernating,New Delhi,Delhi,Direct
CUST01848,361,2,76218.93,1,3,3,133,7,At Risk,Agra,Uttar Pradesh,Direct
CUST01849,119,5,425072.66,3,5,5,355,13,Loyal,Pune,Maharashtra,Email
CUST01853,443,1,13097.109999999999,1,1,1,111,3,Hibernating,Surat,Gujarat,Direct
CUST01856,563,2,74533.54,1,3,3,133,7,At Risk,Mumbai,Maharashtra,Email
CUST01858,2,2,11504.14,5,3,1,531,9,Potential Loyalist,Hubli,Karnataka,Organic
CUST01861,91,1,41509.08,3,1,2,312,6,Need Attention,Jodhpur,Rajasthan,Paid Search
CUST01863,9,1,59790.16,5,1,3,513,9,New Customers,Delhi,Delhi,Email
CUST01865,16,3,71600.5,5,4,3,543,12,Loyal,Surat,Gujarat,Organic
CUST01866,214,3,19549.39,2,4,2,242,8,Loyal,Siliguri,West Bengal,Organic
CUST01867,80,1,21622.82,3,1,2,312,6,Need Attention,Kolkata,West Bengal,Referral
CUST01870,304,1,3163.65,1,1,1,111,3,Hibernating,Siliguri,West Bengal,Direct
CUST01871,160,4,70530.87,2,5,3,253,10,Loyal,Kolkata,West Bengal,Paid Search
CUST01877,19,2,76486.65,5,3,3,533,11,Potential Loyalist,New Delhi,Delhi,Social Media
CUST01878,163,1,5705.6,2,1,1,211,4,Need Attention,Kanpur,Uttar Pradesh,Referral
CUST01879,77,2,17083.260000000002,3,3,2,332,8,Need Attention,Delhi,Delhi,Organic
CUST01883,28,2,117733.3,4,3,4,434,11,Potential Loyalist,Jodhpur,Rajasthan,Referral
CUST01884,114,1,61140.97,3,1,3,313,7,Promising,New Delhi,Delhi,Email
CUST01886,631,1,74884.0,1,1,3,113,5,Hibernating,Ahmedabad,Gujarat,Email
CUST01887,33,2,80623.74,4,3,4,434,11,Potential Loyalist,Siliguri,West Bengal,Paid Search
CUST01888,218,2,187477.48,2,3,5,235,10,Need Attention,Nagpur,Maharashtra,Referral
CUST01890,171,1,55489.46,2,1,3,213,6,Need Attention,Agra,Uttar Pradesh,Direct
CUST01891,68,3,238772.78999999998,3,4,5,345,12,Loyal,Bangalore,Karnataka,Email
CUST01892,176,2,53893.68,2,3,3,233,8,Need Attention,Nagpur,Maharashtra,Email
CUST01894,27,2,68861.72,4,3,3,433,10,Potential Loyalist,Pune,Maharashtra,Paid Search
CUST01895,169,1,40017.22,2,1,2,212,5,Need Attention,Jaipur,Rajasthan,Email
CUST01896,133,3,331341.86,2,4,5,245,11,Loyal,Kolkata,West Bengal,Referral
CUST01898,189,3,306011.76,2,4,5,245,11,Loyal,Surat,Gujarat,Social Media
CUST01899,15,3,257541.08000000002,5,4,5,545,14,Champions,Hubli,Karnataka,Paid Search
CUST01900,78,2,54761.47,3,3,3,333,9,Promising,Delhi,Delhi,Organic
CUST01903,324,2,107919.51,1,3,4,134,8,At Risk,Kolkata,West Bengal,Social Media
CUST01904,97,1,22116.42,3,1,2,312,6,Need Attention,Surat,Gujarat,Referral
CUST01905,1,4,202449.71000000002,5,5,5,555,15,Champions,Chennai,Tamil Nadu,Email
CUST01906,39,1,40018.33,4,1,2,412,7,New Customers,Udaipur,Rajasthan,Email
CUST01907,12,1,14747.36,5,1,1,511,7,New Customers,Lucknow,Uttar Pradesh,Social Media
CUST01908,316,2,85112.79000000001,1,3,4,134,8,At Risk,Kolkata,West Bengal,Referral
CUST01909,107,3,152933.72,3,4,5,345,12,Loyal,Chennai,Tamil Nadu,Social Media
CUST01913,131,1,45864.5,2,1,3,213,6,Need Attention,Madurai,Tamil Nadu,Referral
CUST01917,114,2,110955.67,3,3,4,334,10,Promising,Madurai,Tamil Nadu,Email
CUST01918,122,2,41673.63,2,3,2,232,7,Need Attention,New Delhi,Delhi,Social Media
CUST01919,132,2,114717.91,2,3,4,234,9,Need Attention,Bangalore,Karnataka,Direct
CUST01923,40,1,6355.32,4,1,1,411,6,New Customers,Coimbatore,Tamil Nadu,Email
CUST01925,123,2,85866.04000000001,2,3,4,234,9,Need Attention,Nagpur,Maharashtra,Paid Search
CUST01926,11,4,34941.69,5,5,2,552,12,Loyal,Jodhpur,Rajasthan,Email
CUST01927,58,1,12882.93,4,1,1,411,6,New Customers,Hubli,Karnataka,Organic
CUST01929,5,2,193884.66,5,3,5,535,13,Potential Loyalist,Kolkata,West Bengal,Direct
CUST01930,538,1,83056.11,1,1,4,114,6,Cannot Lose,Jodhpur,Rajasthan,Paid Search
CUST01933,135,1,40164.07,2,1,2,212,5,Need Attention,Agra,Uttar Pradesh,Paid Search
CUST01935,23,4,123446.53,4,5,4,454,13,Champions,Chennai,Tamil Nadu,Paid Search
CUST01936,86,2,84761.66,3,3,4,334,10,Promising,Mysore,Karnataka,Email
CUST01938,66,2,39168.11,3,3,2,332,8,Need Attention,New Delhi,Delhi,Email
CUST01943,40,1,26746.79,4,1,2,412,7,New Customers,Lucknow,Uttar Pradesh,Direct
CUST01945,250,1,3507.38,1,1,1,111,3,Hibernating,Chennai,Tamil Nadu,Social Media
CUST01952,368,1,52927.46,1,1,3,113,5,Hibernating,Coimbatore,Tamil Nadu,Organic
CUST01953,186,2,193710.25,2,3,5,235,10,Need Attention,Chennai,Tamil Nadu,Email
CUST01955,1,3,41860.92,5,4,2,542,11,Loyal,Bangalore,Karnataka,Organic
CUST01958,138,3,71532.62,2,4,3,243,9,Loyal,Hubli,Karnataka,Organic
CUST01959,9,1,3378.73,5,1,1,511,7,New Customers,Kanpur,Uttar Pradesh,Referral
CUST01960,23,1,3157.01,4,1,1,411,6,New Customers,Kolkata,West Bengal,Email
CUST01961,202,1,51799.1,2,1,3,213,6,Need Attention,Pune,Maharashtra,Referral
CUST01962,67,1,31838.75,3,1,2,312,6,Need Attention,Mysore,Karnataka,Direct
CUST01963,147,2,150445.26,2,3,5,235,10,Need Attention,Udaipur,Rajasthan,Social Media
CUST01964,1,5,157157.59999999998,5,5,5,555,15,Champions,Bangalore,Karnataka,Organic
CUST01965,101,2,51793.58,3,3,3,333,9,Promising,Hubli,Karnataka,Paid Search
CUST01966,117,4,114912.43,3,5,4,354,12,Loyal,Kanpur,Uttar Pradesh,Referral
CUST01967,181,1,32593.309999999998,2,1,2,212,5,Need Attention,Jaipur,Rajasthan,Paid Search
CUST01969,15,1,905.75,5,1,1,511,7,New Customers,Surat,Gujarat,Email
CUST01970,175,1,32211.85,2,1,2,212,5,Need Attention,Delhi,Delhi,Social Media
CUST01971,7,3,113035.72,5,4,4,544,13,Champions,Kanpur,Uttar Pradesh,Organic
CUST01972,342,1,47589.34,1,1,3,113,5,Hibernating,New Delhi,Delhi,Paid Search
CUST01976,8,4,161002.65,5,5,5,555,15,Champions,Vadodara,Gujarat,Email
CUST01977,43,4,45961.74,4,5,3,453,12,Loyal,Kanpur,Uttar Pradesh,Social Media
CUST01978,27,1,544.14,4,1,1,411,6,New Customers,Jaipur,Rajasthan,Referral
CUST01980,12,2,142015.69,5,3,4,534,12,Potential Loyalist,Chennai,Tamil Nadu,Referral
CUST01981,62,1,58192.99,3,1,3,313,7,Promising,Kolkata,West Bengal,Referral
CUST01982,113,1,22106.42,3,1,2,312,6,Need Attention,Ahmedabad,Gujarat,Organic
CUST01983,1,1,3128.26,5,1,1,511,7,New Customers,Bangalore,Karnataka,Social Media
CUST01985,50,1,57199.81,4,1,3,413,8,New Customers,Lucknow,Uttar Pradesh,Paid Search
CUST01986,276,1,9878.84,1,1,1,111,3,Hibernating,Delhi,Delhi,Email
CUST01988,519,2,10289.310000000001,1,3,1,131,5,At Risk,Nagpur,Maharashtra,Paid Search
CUST01989,224,2,156101.68000000002,2,3,5,235,10,Need Attention,Mysore,Karnataka,Paid Search
CUST01990,79,7,245332.78,3,5,5,355,13,Loyal,Coimbatore,Tamil Nadu,Social Media
CUST01999,99,4,321588.58,3,5,5,355,13,Loyal,Surat,Gujarat,Email
CUST02000,34,1,20315.55,4,1,2,412,7,New Customers,Vadodara,Gujarat,Social Media
CUST02001,101,6,98046.03,3,5,4,354,12,Loyal,Udaipur,Rajasthan,Referral
CUST02002,155,1,55259.26,2,1,3,213,6,Need Attention,Kolkata,West Bengal,Paid Search
CUST02004,11,3,227770.50999999998,5,4,5,545,14,Champions,Siliguri,West Bengal,Email
CUST02005,66,3,96512.37,3,4,4,344,11,Loyal,Agra,Uttar Pradesh,Organic
CUST02007,12,2,61503.21000000001,5,3,3,533,11,Potential Loyalist,Pune,Maharashtra,Email
CUST02008,182,1,4827.89,2,1,1,211,4,Need Attention,Siliguri,West Bengal,Referral
CUST02009,177,1,60486.79,2,1,3,213,6,Need Attention,Surat,Gujarat,Social Media
CUST02010,42,3,97029.81,4,4,4,444,12,Champions,Mumbai,Maharashtra,Referral
CUST02011,17,2,293971.65,5,3,5,535,13,Potential Loyalist,Mysore,Karnataka,Organic
CUST02013,107,6,113922.18,3,5,4,354,12,Loyal,Mysore,Karnataka,Organic
CUST02014,249,1,15792.54,1,1,1,111,3,Hibernating,Ahmedabad,Gujarat,Direct
CUST02015,154,1,31403.35,2,1,2,212,5,Need Attention,Agra,Uttar Pradesh,Direct
CUST02020,152,1,9140.41,2,1,1,211,4,Need Attention,Coimbatore,Tamil Nadu,Paid Search
CUST02022,139,1,139021.44,2,1,4,214,7,Need Attention,Ahmedabad,Gujarat,Referral
CUST02023,285,1,14751.64,1,1,1,111,3,Hibernating,Coimbatore,Tamil Nadu,Referral
CUST02024,17,4,129604.79,5,5,4,554,14,Champions,Ahmedabad,Gujarat,Email
CUST02025,3,2,94098.04000000001,5,3,4,534,12,Potential Loyalist,Pune,Maharashtra,Direct
CUST02027,265,2,9349.93,1,3,1,131,5,At Risk,Kanpur,Uttar Pradesh,Email
CUST02028,90,2,147164.21,3,3,5,335,11,Promising,Mumbai,Maharashtra,Paid Search
CUST02029,56,2,54182.84,4,3,3,433,10,Potential Loyalist,Siliguri,West Bengal,Paid Search
CUST02032,213,3,42838.78,2,4,2,242,8,Loyal,Hubli,Karnataka,Email
CUST02035,45,1,26081.760000000002,4,1,2,412,7,New Customers,Mysore,Karnataka,Organic
CUST02037,68,2,190533.05,3,3,5,335,11,Promising,New Delhi,Delhi,Paid Search
CUST02038,63,4,121916.52,3,5,4,354,12,Loyal,Udaipur,Rajasthan,Organic
CUST02039,119,2,15128.49,3,3,1,331,7,Need Attention,New Delhi,Delhi,Social Media
CUST02041,173,2,182485.67,2,3,5,235,10,Need Attention,Madurai,Tamil Nadu,Direct
CUST02044,29,1,94541.9,4,1,4,414,9,New Customers,Vadodara,Gujarat,Referral
CUST02045,123,1,51860.29,2,1,3,213,6,Need Attention,Nagpur,Maharashtra,Organic
CUST02046,187,2,25173.42,2,3,2,232,7,Need Attention,Jodhpur,Rajasthan,Direct
CUST02047,18,3,58654.39,5,4,3,543,12,Loyal,Kolkata,West Bengal,Referral
CUST02049,276,1,59638.84,1,1,3,113,5,Hibernating,Mysore,Karnataka,Direct
CUST02051,36,4,127337.97,4,5,4,454,13,Champions,Hubli,Karnataka,Direct
CUST02053,409,1,21947.34,1,1,2,112,4,Hibernating,Bangalore,Karnataka,Email
CUST02054,4,1,3604.51,5,1,1,511,7,New Customers,Jaipur,Rajasthan,Social Media
CUST02056,11,1,793.51,5,1,1,511,7,New Customers,Jodhpur,Rajasthan,Social Media
CUST02057,48,2,101262.92000000001,4,3,4,434,11,Potential Loyalist,Coimbatore,Tamil Nadu,Organic
CUST02059,117,1,165928.96,3,1,5,315,9,Promising,Jodhpur,Rajasthan,Referral
CUST02061,118,1,138413.04,3,1,4,314,8,Promising,Lucknow,Uttar Pradesh,Paid Search
CUST02062,17,2,72332.61,5,3,3,533,11,Potential Loyalist,Bangalore,Karnataka,Social Media
CUST02065,269,1,19148.52,1,1,2,112,4,Hibernating,Madurai,Tamil Nadu,Organic
CUST02067,142,2,193788.53,2,3,5,235,10,Need Attention,Mysore,Karnataka,Direct
CUST02070,238,2,77763.8,1,3,4,134,8,At Risk,Bangalore,Karnataka,Referral
CUST02071,89,2,138358.56,3,3,4,334,10,Promising,Ahmedabad,Gujarat,Direct
CUST02072,610,1,7140.5,1,1,1,111,3,Hibernating,Chennai,Tamil Nadu,Direct
CUST02075,530,1,22529.45,1,1,2,112,4,Hibernating,Madurai,Tamil Nadu,Referral
CUST02076,2,1,4723.53,5,1,1,511,7,New Customers,Chennai,Tamil Nadu,Organic
CUST02077,11,2,84188.76,5,3,4,534,12,Potential Loyalist,New Delhi,Delhi,Referral
CUST02079,6,1,16195.45,5,1,1,511,7,New Customers,Hubli,Karnataka,Social Media
CUST02082,31,5,182947.2,4,5,5,455,14,Champions,Delhi,Delhi,Organic
CUST02083,72,3,179436.69,3,4,5,345,12,Loyal,Kolkata,West Bengal,Social Media
CUST02084,484,1,39994.61,1,1,2,112,4,Hibernating,Vadodara,Gujarat,Referral
CUST02088,188,1,12776.28,2,1,1,211,4,Need Attention,Madurai,Tamil Nadu,Referral
CUST02090,694,1,41330.41,1,1,2,112,4,Hibernating,Lucknow,Uttar Pradesh,Paid Search
CUST02091,127,1,1430.96,2,1,1,211,4,Need Attention,Mumbai,Maharashtra,Direct
CUST02092,5,2,190693.36000000002,5,3,5,535,13,Potential Loyalist,Ahmedabad,Gujarat,Social Media
CUST02093,210,2,20837.65,2,3,2,232,7,Need Attention,Nagpur,Maharashtra,Referral
CUST02094,34,1,11413.74,4,1,1,411,6,New Customers,Mumbai,Maharashtra,Direct
CUST02095,416,1,1114.42,1,1,1,111,3,Hibernating,Chennai,Tamil Nadu,Email
CUST02096,225,1,15857.78,2,1,1,211,4,Need Attention,Madurai,Tamil Nadu,Direct
CUST02099,173,1,46954.85,2,1,3,213,6,Need Attention,Nagpur,Maharashtra,Paid Search
CUST02101,127,1,1394.33,2,1,1,211,4,Need Attention,Madurai,Tamil Nadu,Organic
CUST02102,226,4,52392.13,2,5,3,253,10,Loyal,Jodhpur,Rajasthan,Paid Search
CUST02103,42,1,13368.560000000001,4,1,1,411,6,New Customers,Coimbatore,Tamil Nadu,Paid Search
CUST02104,112,1,33914.590000000004,3,1,2,312,6,Need Attention,Kanpur,Uttar Pradesh,Email
CUST02106,3,2,29112.59,5,3,2,532,10,Potential Loyalist,Siliguri,West Bengal,Paid Search
CUST02107,2,3,193010.14,5,4,5,545,14,Champions,Siliguri,West Bengal,Paid Search
CUST02109,37,2,103092.0,4,3,4,434,11,Potential Loyalist,New Delhi,Delhi,Social Media
CUST02110,65,6,303885.62,3,5,5,355,13,Loyal,Kanpur,Uttar Pradesh,Social Media
CUST02114,9,6,164412.73,5,5,5,555,15,Champions,Jodhpur,Rajasthan,Referral
CUST02120,305,1,5324.34,1,1,1,111,3,Hibernating,Kolkata,West Bengal,Paid Search
CUST02122,49,1,4855.53,4,1,1,411,6,New Customers,Delhi,Delhi,Email
CUST02124,179,4,218268.71000000002,2,5,5,255,12,Loyal,New Delhi,Delhi,Organic
CUST02128,224,3,44610.07,2,4,3,243,9,Loyal,Agra,Uttar Pradesh,Referral
CUST02130,45,1,5233.2,4,1,1,411,6,New Customers,Agra,Uttar Pradesh,Paid Search
CUST02131,12,3,39488.979999999996,5,4,2,542,11,Loyal,Lucknow,Uttar Pradesh,Paid Search
CUST02132,8,3,74523.36,5,4,3,543,12,Loyal,Bangalore,Karnataka,Direct
CUST02134,34,2,22249.83,4,3,2,432,9,Potential Loyalist,Delhi,Delhi,Paid Search
CUST02136,249,2,56358.41,1,3,3,133,7,At Risk,Udaipur,Rajasthan,Paid Search
CUST02137,44,2,145303.57,4,3,5,435,12,Potential Loyalist,Nagpur,Maharashtra,Paid Search
CUST02142,74,1,42623.32,3,1,2,312,6,Need Attention,Mumbai,Maharashtra,Social Media
CUST02143,484,1,81031.4,1,1,4,114,6,Cannot Lose,Mumbai,Maharashtra,Paid Search
CUST02144,226,4,125879.51999999999,2,5,4,254,11,Loyal,Siliguri,West Bengal,Referral
CUST02145,289,1,32963.49,1,1,2,112,4,Hibernating,Siliguri,West Bengal,Social Media
CUST02148,202,4,77003.54999999999,2,5,4,254,11,Loyal,Pune,Maharashtra,Direct
CUST02150,14,1,20266.22,5,1,2,512,8,New Customers,Agra,Uttar Pradesh,Paid Search
CUST02151,380,1,2250.17,1,1,1,111,3,Hibernating,Udaipur,Rajasthan,Referral
CUST02152,138,3,102855.18,2,4,4,244,10,Loyal,Nagpur,Maharashtra,Social Media
CUST02154,321,1,22713.56,1,1,2,112,4,Hibernating,Jaipur,Rajasthan,Email
CUST02157,398,1,17210.51,1,1,2,112,4,Hibernating,Madurai,Tamil Nadu,Paid Search
CUST02159,353,2,22893.16,1,3,2,132,6,At Risk,Jaipur,Rajasthan,Referral
CUST02161,42,6,142314.41,4,5,4,454,13,Champions,Bangalore,Karnataka,Referral
CUST02165,103,2,130060.96,3,3,4,334,10,Promising,Madurai,Tamil Nadu,Email
CUST02167,30,5,254570.9,4,5,5,455,14,Champions,Siliguri,West Bengal,Paid Search
CUST02168,0,4,29280.079999999998,5,5,2,552,12,Loyal,Mysore,Karnataka,Organic
CUST02170,232,1,7019.46,1,1,1,111,3,Hibernating,Hubli,Karnataka,Social Media
CUST02174,289,1,1619.65,1,1,1,111,3,Hibernating,Jodhpur,Rajasthan,Paid Search
CUST02176,125,1,87732.02,2,1,4,214,7,Need Attention,Lucknow,Uttar Pradesh,Direct
CUST02177,181,2,16031.97,2,3,1,231,6,Need Attention,Nagpur,Maharashtra,Social Media
CUST02178,57,7,371985.49,4,5,5,455,14,Champions,Mysore,Karnataka,Direct
CUST02180,21,2,48454.67,5,3,3,533,11,Potential Loyalist,Pune,Maharashtra,Paid Search
CUST02181,177,1,24669.030000000002,2,1,2,212,5,Need Attention,Madurai,Tamil Nadu,Direct
CUST02183,61,2,23302.300000000003,3,3,2,332,8,Need Attention,New Delhi,Delhi,Email
CUST02184,268,1,43986.88,1,1,3,113,5,Hibernating,Siliguri,West Bengal,Social Media
CUST02187,121,4,195022.43,2,5,5,255,12,Loyal,Delhi,Delhi,Email
CUST02189,48,3,171398.54,4,4,5,445,13,Champions,Delhi,Delhi,Direct
CUST02190,69,2,3431.73,3,3,1,331,7,Need Attention,New Delhi,Delhi,Paid Search
CUST02191,0,4,75225.44,5,5,3,553,13,Loyal,Pune,Maharashtra,Direct
CUST02193,9,1,18062.16,5,1,2,512,8,New Customers,Mumbai,Maharashtra,Social Media
CUST02194,169,1,26982.5,2,1,2,212,5,Need Attention,Mumbai,Maharashtra,Email
CUST02195,6,5,40639.97,5,5,2,552,12,Loyal,Kolkata,West Bengal,Direct
CUST02197,31,1,76793.65000000001,4,1,4,414,9,New Customers,Jodhpur,Rajasthan,Direct
CUST02200,151,2,46581.85,2,3,3,233,8,Need Attention,Mumbai,Maharashtra,Organic
CUST02201,6,1,21179.48,5,1,2,512,8,New Customers,Udaipur,Rajasthan,Direct
CUST02203,57,3,65068.48,4,4,3,443,11,Loyal,Agra,Uttar Pradesh,Direct
CUST02204,644,1,49340.869999999995,1,1,3,113,5,Hibernating,Delhi,Delhi,Referral
CUST02207,96,1,25700.44,3,1,2,312,6,Need Attention,Kolkata,West Bengal,Referral
CUST02208,47,1,39914.42,4,1,2,412,7,New Customers,Jaipur,Rajasthan,Email
CUST02209,26,2,15076.68,4,3,1,431,8,Potential Loyalist,Bangalore,Karnataka,Direct
CUST02210,9,3,34094.93,5,4,2,542,11,Loyal,New Delhi,Delhi,Email
CUST02211,20,5,214411.6,5,5,5,555,15,Champions,Bangalore,Karnataka,Paid Search
CUST02212,148,3,21442.15,2,4,2,242,8,Loyal,New Delhi,Delhi,Email
CUST02213,1,1,26092.670000000002,5,1,2,512,8,New Customers,Bangalore,Karnataka,Email
CUST02214,10,6,188425.47999999998,5,5,5,555,15,Champions,Delhi,Delhi,Direct
CUST02215,221,1,54413.1,2,1,3,213,6,Need Attention,Lucknow,Uttar Pradesh,Email
CUST02216,406,2,187789.8,1,3,5,135,9,At Risk,Jaipur,Rajasthan,Email
CUST02217,136,3,29283.870000000003,2,4,2,242,8,Loyal,Vadodara,Gujarat,Social Media
CUST02219,8,1,14708.28,5,1,1,511,7,New Customers,Chennai,Tamil Nadu,Paid Search
CUST02220,129,2,83678.93,2,3,4,234,9,Need Attention,Chennai,Tamil Nadu,Email
CUST02222,274,2,37826.880000000005,1,3,2,132,6,At Risk,Kolkata,West Bengal,Email
CUST02224,19,5,271101.75,5,5,5,555,15,Champions,Agra,Uttar Pradesh,Referral
CUST02225,7,2,82199.79000000001,5,3,4,534,12,Potential Loyalist,Chennai,Tamil Nadu,Direct
CUST02226,41,1,513.44,4,1,1,411,6,New Customers,Madurai,Tamil Nadu,Social Media
CUST02227,428,1,105287.53,1,1,4,114,6,Cannot Lose,Delhi,Delhi,Paid Search
CUST02229,292,1,23038.36,1,1,2,112,4,Hibernating,Lucknow,Uttar Pradesh,Email
CUST02231,194,1,56309.92,2,1,3,213,6,Need Attention,Surat,Gujarat,Social Media
CUST02232,447,1,15232.550000000001,1,1,1,111,3,Hibernating,Lucknow,Uttar Pradesh,Organic
CUST02234,313,1,91448.35,1,1,4,114,6,Cannot Lose,Agra,Uttar Pradesh,Referral
CUST02238,3,1,69684.16,5,1,3,513,9,New Customers,Siliguri,West Bengal,Email
CUST02240,5,2,11134.88,5,3,1,531,9,Potential Loyalist,New Delhi,Delhi,Referral
CUST02241,216,2,12643.74,2,3,1,231,6,Need Attention,Lucknow,Uttar Pradesh,Direct
CUST02242,105,3,31047.05,3,4,2,342,9,Loyal,Madurai,Tamil Nadu,Email
CUST02246,334,1,14552.92,1,1,1,111,3,Hibernating,Siliguri,West Bengal,Organic
CUST02247,234,1,2579.21,1,1,1,111,3,Hibernating,Hubli,Karnataka,Paid Search
CUST02250,157,1,6428.59,2,1,1,211,4,Need Attention,Delhi,Delhi,Referral
CUST02252,257,1,25898.72,1,1,2,112,4,Hibernating,Nagpur,Maharashtra,Referral
CUST02253,13,2,341209.91,5,3,5,535,13,Potential Loyalist,Ahmedabad,Gujarat,Direct
CUST02254,9,2,83953.73999999999,5,3,4,534,12,Potential Loyalist,Nagpur,Maharashtra,Referral
CUST02255,315,1,26684.99,1,1,2,112,4,Hibernating,Chennai,Tamil Nadu,Organic
CUST02256,33,6,149120.03,4,5,5,455,14,Champions,Ahmedabad,Gujarat,Referral
CUST02259,284,2,45876.28999999999,1,3,3,133,7,At Risk,Jodhpur,Rajasthan,Social Media
CUST02260,121,2,94807.04999999999,2,3,4,234,9,Need Attention,Kolkata,West Bengal,Social Media
CUST02261,47,2,157441.18,4,3,5,435,12,Potential Loyalist,Pune,Maharashtra,Email
CUST02268,10,1,7730.93,5,1,1,511,7,New Customers,Surat,Gujarat,Social Media
CUST02272,56,1,4966.92,4,1,1,411,6,New Customers,Coimbatore,Tamil Nadu,Organic
CUST02273,1,9,659719.0499999999,5,5,5,555,15,Champions,Siliguri,West Bengal,Organic
CUST02275,59,1,4679.07,4,1,1,411,6,New Customers,Siliguri,West Bengal,Email
CUST02277,284,3,147312.97,1,4,5,145,10,Loyal,Kolkata,West Bengal,Organic
CUST02279,96,2,103024.43000000001,3,3,4,334,10,Promising,Chennai,Tamil Nadu,Direct
CUST02282,118,2,65770.42,3,3,3,333,9,Promising,New Delhi,Delhi,Paid Search
CUST02283,153,3,155990.58000000002,2,4,5,245,11,Loyal,Agra,Uttar Pradesh,Paid Search
CUST02285,14,3,16321.84,5,4,1,541,10,Loyal,New Delhi,Delhi,Email
CUST02288,65,2,114248.76,3,3,4,334,10,Promising,Nagpur,Maharashtra,Paid Search
CUST02289,18,4,211802.71000000002,5,5,5,555,15,Champions,Siliguri,West Bengal,Email
CUST02290,38,1,62908.61,4,1,3,413,8,New Customers,Chennai,Tamil Nadu,Social Media
CUST02291,67,2,199230.47999999998,3,3,5,335,11,Promising,Nagpur,Maharashtra,Referral
CUST02292,32,1,97935.73999999999,4,1,4,414,9,New Customers,Lucknow,Uttar Pradesh,Social Media
CUST02295,29,3,28920.37,4,4,2,442,10,Loyal,Ahmedabad,Gujarat,Social Media
CUST02296,64,5,144611.0,3,5,5,355,13,Loyal,Mysore,Karnataka,Paid Search
CUST02299,60,2,106238.06,3,3,4,334,10,Promising,Vadodara,Gujarat,Social Media
CUST02311,304,1,31033.010000000002,1,1,2,112,4,Hibernating,Bangalore,Karnataka,Referral
CUST02313,124,1,42903.58,2,1,2,212,5,Need Attention,New Delhi,Delhi,Paid Search
CUST02315,150,1,17544.84,2,1,2,212,5,Need Attention,Kanpur,Uttar Pradesh,Paid Search
CUST02316,17,4,152198.35,5,5,5,555,15,Champions,Agra,Uttar Pradesh,Organic
CUST02317,114,1,36062.55,3,1,2,312,6,Need Attention,Nagpur,Maharashtra,Paid Search
CUST02319,80,1,13364.61,3,1,1,311,5,Need Attention,Chennai,Tamil Nadu,Email
CUST02320,194,2,104762.87,2,3,4,234,9,Need Attention,Vadodara,Gujarat,Email
CUST02324,81,2,51004.240000000005,3,3,3,333,9,Promising,Lucknow,Uttar Pradesh,Social Media
CUST02325,197,1,68602.08,2,1,3,213,6,Need Attention,Hubli,Karnataka,Direct
CUST02327,48,1,34595.97,4,1,2,412,7,New Customers,Coimbatore,Tamil Nadu,Paid Search
CUST02329,101,1,58128.02,3,1,3,313,7,Promising,Jaipur,Rajasthan,Direct
CUST02330,139,3,166923.56,2,4,5,245,11,Loyal,Ahmedabad,Gujarat,Referral
CUST02331,1,3,226274.23,5,4,5,545,14,Champions,Delhi,Delhi,Paid Search
CUST02332,90,1,2076.95,3,1,1,311,5,Need Attention,Udaipur,Rajasthan,Paid Search
CUST02335,42,1,71781.76,4,1,3,413,8,New Customers,Coimbatore,Tamil Nadu,Direct
CUST02338,22,1,15635.08,4,1,1,411,6,New Customers,Mumbai,Maharashtra,Paid Search
CUST02339,70,6,194556.39,3,5,5,355,13,Loyal,New Delhi,Delhi,Organic
CUST02340,32,2,3149.43,4,3,1,431,8,Potential Loyalist,Vadodara,Gujarat,Organic
CUST02343,607,1,61848.42,1,1,3,113,5,Hibernating,Agra,Uttar Pradesh,Email
CUST02344,61,2,101028.73000000001,3,3,4,334,10,Promising,Mumbai,Maharashtra,Email
CUST02345,337,2,48696.84,1,3,3,133,7,At Risk,Kolkata,West Bengal,Organic
CUST02347,182,1,32245.29,2,1,2,212,5,Need Attention,Lucknow,Uttar Pradesh,Direct
CUST02349,477,1,5643.31,1,2,1,121,4,Hibernating,Mysore,Karnataka,Social Media
CUST02351,252,1,49864.06999999999,1,2,3,123,6,Hibernating,New Delhi,Delhi,Referral
CUST02353,210,2,28427.0,2,3,2,232,7,Need Attention,Agra,Uttar Pradesh,Social Media
CUST02354,28,2,113242.14,4,3,4,434,11,Potential Loyalist,Kanpur,Uttar Pradesh,Direct
CUST02355,311,1,14173.6,1,2,1,121,4,Hibernating,Bangalore,Karnataka,Paid Search
CUST02359,24,5,278478.32999999996,4,5,5,455,14,Champions,Delhi,Delhi,Social Media
CUST02361,304,4,213164.07,1,5,5,155,11,Loyal,Ahmedabad,Gujarat,Direct
CUST02363,208,1,5346.64,2,2,1,221,5,Need Attention,Coimbatore,Tamil Nadu,Organic
CUST02365,83,1,55272.479999999996,3,2,3,323,8,Promising,Ahmedabad,Gujarat,Paid Search
CUST02367,27,3,83286.53,4,4,4,444,12,Champions,Ahmedabad,Gujarat,Social Media
CUST02371,282,1,65158.99,1,2,3,123,6,Hibernating,Nagpur,Maharashtra,Organic
CUST02374,89,4,112287.12,3,5,4,354,12,Loyal,Bangalore,Karnataka,Email
CUST02376,284,3,50039.93,1,4,3,143,8,Loyal,Kanpur,Uttar Pradesh,Referral
CUST02384,462,2,52755.73,1,3,3,133,7,At Risk,Kolkata,West Bengal,Direct
CUST02385,40,1,4011.3,4,2,1,421,7,Potential Loyalist,Hubli,Karnataka,Referral
CUST02386,672,1,1160.39,1,2,1,121,4,Hibernating,Siliguri,West Bengal,Paid Search
CUST02387,584,1,8478.9,1,2,1,121,4,Hibernating,Kolkata,West Bengal,Social Media
CUST02388,58,1,2473.8,4,2,1,421,7,Potential Loyalist,Mysore,Karnataka,Email
CUST02390,575,1,14817.14,1,2,1,121,4,Hibernating,Bangalore,Karnataka,Email
CUST02391,42,3,105474.14000000001,4,4,4,444,12,Champions,Madurai,Tamil Nadu,Paid Search
CUST02393,14,3,149651.13,5,4,5,545,14,Champions,Nagpur,Maharashtra,Referral
CUST02394,72,1,27735.43,3,2,2,322,7,Need Attention,Ahmedabad,Gujarat,Social Media
CUST02396,205,1,22307.44,2,2,2,222,6,Need Attention,Siliguri,West Bengal,Paid Search
CUST02397,27,1,544.46,4,2,1,421,7,Potential Loyalist,Mysore,Karnataka,Referral
CUST02398,358,1,474.73,1,2,1,121,4,Hibernating,Hubli,Karnataka,Paid Search
CUST02399,387,2,50027.89,1,3,3,133,7,At Risk,Siliguri,West Bengal,Email
CUST02401,567,1,29854.72,1,2,2,122,5,Hibernating,Hubli,Karnataka,Paid Search
CUST02403,16,3,112844.01,5,4,4,544,13,Champions,Surat,Gujarat,Paid Search
CUST02404,88,2,86731.95000000001,3,3,4,334,10,Promising,Vadodara,Gujarat,Referral
CUST02405,37,3,182843.93,4,4,5,445,13,Champions,Kolkata,West Bengal,Paid Search
CUST02407,50,1,4242.99,4,2,1,421,7,Potential Loyalist,Bangalore,Karnataka,Paid Search
CUST02409,147,1,23867.149999999998,2,2,2,222,6,Need Attention,Delhi,Delhi,Paid Search
CUST02410,27,1,21369.22,4,2,2,422,8,Potential Loyalist,Surat,Gujarat,Organic
CUST02412,90,1,73615.35,3,2,3,323,8,Promising,New Delhi,Delhi,Email
CUST02415,16,3,120105.2,5,4,4,544,13,Champions,Surat,Gujarat,Organic
CUST02418,270,1,65022.79,1,2,3,123,6,Hibernating,Mumbai,Maharashtra,Organic
CUST02420,209,2,194462.66,2,3,5,235,10,Need Attention,Udaipur,Rajasthan,Organic
CUST02421,72,2,27483.159999999996,3,3,2,332,8,Need Attention,Udaipur,Rajasthan,Email
CUST02422,385,1,97001.61,1,2,4,124,7,Cannot Lose,Bangalore,Karnataka,Direct
CUST02426,118,2,87801.64,3,3,4,334,10,Promising,Delhi,Delhi,Paid Search
CUST02427,61,1,64942.46,3,2,3,323,8,Promising,Vadodara,Gujarat,Organic
CUST02428,81,1,5664.9,3,2,1,321,6,Need Attention,Pune,Maharashtra,Referral
CUST02430,82,1,73387.79000000001,3,2,3,323,8,Promising,Kanpur,Uttar Pradesh,Direct
CUST02431,661,1,3135.26,1,2,1,121,4,Hibernating,New Delhi,Delhi,Social Media
CUST02435,204,3,314166.82,2,4,5,245,11,Loyal,Coimbatore,Tamil Nadu,Referral
CUST02436,317,1,1249.26,1,2,1,121,4,Hibernating,Delhi,Delhi,Social Media
CUST02437,214,2,161820.11000000002,2,3,5,235,10,Need Attention,Kolkata,West Bengal,Email
CUST02438,27,2,11165.61,4,3,1,431,8,Potential Loyalist,Hubli,Karnataka,Direct
CUST02439,296,1,2135.86,1,2,1,121,4,Hibernating,Delhi,Delhi,Direct
CUST02440,113,2,26134.629999999997,3,3,2,332,8,Need Attention,Ahmedabad,Gujarat,Paid Search
CUST02445,36,3,215315.84,4,4,5,445,13,Champions,Delhi,Delhi,Paid Search
CUST02446,0,1,6125.74,5,2,1,521,8,Potential Loyalist,Madurai,Tamil Nadu,Email
CUST02449,655,1,58959.01,1,2,3,123,6,Hibernating,Siliguri,West Bengal,Social Media
CUST02450,83,2,42220.84,3,3,2,332,8,Need Attention,Siliguri,West Bengal,Organic
CUST02454,297,1,50268.45,1,2,3,123,6,Hibernating,Bangalore,Karnataka,Organic
CUST02457,21,5,164591.11000000002,5,5,5,555,15,Champions,Nagpur,Maharashtra,Social Media
CUST02463,40,5,205051.91,4,5,5,455,14,Champions,Mumbai,Maharashtra,Paid Search
CUST02466,197,1,5011.53,2,2,1,221,5,Need Attention,Kolkata,West Bengal,Email
CUST02467,269,1,1490.35,1,2,1,121,4,Hibernating,Kolkata,West Bengal,Referral
CUST02468,9,2,22689.260000000002,5,3,2,532,10,Potential Loyalist,Delhi,Delhi,Paid Search
CUST02470,161,1,9112.81,2,2,1,221,5,Need Attention,Agra,Uttar Pradesh,Paid Search
CUST02471,38,2,124118.08,4,3,4,434,11,Potential Loyalist,Bangalore,Karnataka,Organic
CUST02475,132,1,23593.95,2,2,2,222,6,Need Attention,New Delhi,Delhi,Direct
CUST02479,28,4,126671.96,4,5,4,454,13,Champions,Mysore,Karnataka,Email
CUST02481,205,1,67396.74,2,2,3,223,7,Need Attention,Mysore,Karnataka,Social Media
CUST02482,45,2,35815.17,4,3,2,432,9,Potential Loyalist,Mysore,Karnataka,Organic
CUST02485,92,1,3518.5,3,2,1,321,6,Need Attention,New Delhi,Delhi,Social Media
CUST02489,255,1,61516.450000000004,1,2,3,123,6,Hibernating,Nagpur,Maharashtra,Email
CUST02490,297,1,57461.23,1,2,3,123,6,Hibernating,Ahmedabad,Gujarat,Paid Search
CUST02495,11,3,305645.49,5,4,5,545,14,Champions,Kolkata,West Bengal,Social Media
CUST02497,246,1,42039.96,1,2,2,122,5,Hibernating,Lucknow,Uttar Pradesh,Paid Search
CUST02500,12,2,11924.529999999999,5,3,1,531,9,Potential Loyalist,Siliguri,West Bengal,Paid Search
CUST02501,0,6,239592.57,5,5,5,555,15,Champions,Vadodara,Gujarat,Organic
CUST02502,61,2,39287.51,3,3,2,332,8,Need Attention,Nagpur,Maharashtra,Social Media
CUST02505,82,4,93553.58000000002,3,5,4,354,12,Loyal,Kolkata,West Bengal,Social Media
CUST02507,33,2,71347.41,4,3,3,433,10,Potential Loyalist,Ahmedabad,Gujarat,Organic
CUST02508,332,2,96400.68,1,3,4,134,8,At Risk,Nagpur,Maharashtra,Social Media
CUST02510,2,1,14104.11,5,2,1,521,8,Potential Loyalist,Agra,Uttar Pradesh,Paid Search
CUST02511,8,3,55414.19,5,4,3,543,12,Loyal,Hubli,Karnataka,Social Media
CUST02513,205,1,25185.36,2,2,2,222,6,Need Attention,Siliguri,West Bengal,Social Media
CUST02514,58,2,6116.28,4,3,1,431,8,Potential Loyalist,Pune,Maharashtra,Referral
CUST02516,2,3,71384.29000000001,5,4,3,543,12,Loyal,Vadodara,Gujarat,Referral
CUST02517,20,3,92855.31999999999,5,4,4,544,13,Champions,Pune,Maharashtra,Organic
CUST02518,40,3,60551.0,4,4,3,443,11,Loyal,Pune,Maharashtra,Social Media
CUST02519,217,1,41345.71,2,2,2,222,6,Need Attention,Nagpur,Maharashtra,Email
CUST02520,2,1,67937.72,5,2,3,523,10,Potential Loyalist,Mumbai,Maharashtra,Referral
CUST02521,38,3,36999.76,4,4,2,442,10,Loyal,Kanpur,Uttar Pradesh,Social Media
CUST02523,10,4,75696.72,5,5,3,553,13,Loyal,Pune,Maharashtra,Social Media
CUST02524,30,2,188174.5,4,3,5,435,12,Potential Loyalist,Udaipur,Rajasthan,Organic
CUST02525,181,1,1020.83,2,2,1,221,5,Need Attention,Bangalore,Karnataka,Paid Search
CUST02526,192,1,63792.88,2,2,3,223,7,Need Attention,New Delhi,Delhi,Social Media
CUST02527,38,3,291078.69,4,4,5,445,13,Champions,Kolkata,West Bengal,Paid Search
CUST02529,320,1,46907.15,1,2,3,123,6,Hibernating,Lucknow,Uttar Pradesh,Organic
CUST02530,356,2,32361.4,1,3,2,132,6,At Risk,Mysore,Karnataka,Social Media
CUST02532,170,1,1048.43,2,2,1,221,5,Need Attention,Jaipur,Rajasthan,Paid Search
CUST02533,313,1,72554.35,1,2,3,123,6,Hibernating,Siliguri,West Bengal,Direct
CUST02534,85,3,60169.22,3,4,3,343,10,Loyal,Madurai,Tamil Nadu,Referral
CUST02535,18,1,24729.74,5,2,2,522,9,Potential Loyalist,Kanpur,Uttar Pradesh,Direct
CUST02538,240,2,45226.89,1,3,3,133,7,At Risk,Madurai,Tamil Nadu,Organic
CUST02540,245,1,24385.719999999998,1,2,2,122,5,Hibernating,Jodhpur,Rajasthan,Paid Search
CUST02541,42,6,235878.29,4,5,5,455,14,Champions,Ahmedabad,Gujarat,Email
CUST02544,72,1,18469.45,3,2,2,322,7,Need Attention,Siliguri,West Bengal,Email
CUST02546,1,3,156250.35,5,4,5,545,14,Champions,Delhi,Delhi,Email
CUST02547,415,1,59733.14,1,2,3,123,6,Hibernating,Delhi,Delhi,Organic
CUST02551,292,1,53669.1,1,2,3,123,6,Hibernating,Surat,Gujarat,Paid Search
CUST02552,32,2,202515.23,4,3,5,435,12,Potential Loyalist,Siliguri,West Bengal,Organic
CUST02554,312,2,106820.57,1,3,4,134,8,At Risk,Kolkata,West Bengal,Social Media
CUST02556,202,2,58115.8,2,3,3,233,8,Need Attention,Kolkata,West Bengal,Direct
CUST02559,46,6,129364.73,4,5,4,454,13,Champions,Mysore,Karnataka,Paid Search
CUST02560,36,2,220633.11,4,3,5,435,12,Potential Loyalist,Siliguri,West Bengal,Referral
CUST02562,22,2,83756.05,4,3,4,434,11,Potential Loyalist,Vadodara,Gujarat,Social Media
CUST02563,183,2,25699.89,2,3,2,232,7,Need Attention,Agra,Uttar Pradesh,Organic
CUST02564,138,2,57070.84,2,3,3,233,8,Need Attention,Udaipur,Rajasthan,Social Media
CUST02566,14,3,110872.1,5,4,4,544,13,Champions,Delhi,Delhi,Referral
CUST02568,169,2,82878.68,2,3,4,234,9,Need Attention,Lucknow,Uttar Pradesh,Paid Search
CUST02569,40,2,25852.5,4,3,2,432,9,Potential Loyalist,Surat,Gujarat,Email
CUST02572,144,3,26169.690000000002,2,4,2,242,8,Loyal,New Delhi,Delhi,Organic
CUST02573,7,1,55455.130000000005,5,2,3,523,10,Potential Loyalist,Surat,Gujarat,Referral
CUST02574,377,1,17966.66,1,2,2,122,5,Hibernating,Agra,Uttar Pradesh,Referral
CUST02575,2,3,142974.37,5,4,5,545,14,Champions,Jaipur,Rajasthan,Social Media
CUST02576,37,1,17689.11,4,2,2,422,8,Potential Loyalist,Vadodara,Gujarat,Direct
CUST02578,62,4,117261.12,3,5,4,354,12,Loyal,Mumbai,Maharashtra,Referral
CUST02579,65,1,67065.23,3,2,3,323,8,Promising,Delhi,Delhi,Referral
CUST02582,13,1,2315.2200000000003,5,2,1,521,8,Potential Loyalist,Udaipur,Rajasthan,Paid Search
CUST02583,268,2,123765.48000000001,1,3,4,134,8,At Risk,Surat,Gujarat,Referral
CUST02586,126,1,5319.14,2,2,1,221,5,Need Attention,Surat,Gujarat,Organic
CUST02587,43,6,282363.3,4,5,5,455,14,Champions,Delhi,Delhi,Direct
CUST02588,214,1,61359.91,2,2,3,223,7,Need Attention,Agra,Uttar Pradesh,Email
CUST02591,100,2,6398.72,3,3,1,331,7,Need Attention,Bangalore,Karnataka,Referral
CUST02592,150,3,33165.58,2,4,2,242,8,Loyal,Siliguri,West Bengal,Direct
CUST02594,25,3,96577.84,4,4,4,444,12,Champions,New Delhi,Delhi,Direct
CUST02595,23,1,103571.18,4,2,4,424,10,Potential Loyalist,Coimbatore,Tamil Nadu,Email
CUST02598,142,2,88356.79999999999,2,3,4,234,9,Need Attention,Agra,Uttar Pradesh,Social Media
CUST02600,91,5,200811.33,3,5,5,355,13,Loyal,Coimbatore,Tamil Nadu,Paid Search
CUST02601,537,2,24040.26,1,3,2,132,6,At Risk,Coimbatore,Tamil Nadu,Social Media
CUST02602,27,1,170880.69,4,2,5,425,11,Potential Loyalist,Udaipur,Rajasthan,Paid Search
CUST02604,144,2,81264.55,2,3,4,234,9,Need Attention,Vadodara,Gujarat,Direct
CUST02605,204,2,23929.31,2,3,2,232,7,Need Attention,Jodhpur,Rajasthan,Referral
CUST02609,85,5,135087.56,3,5,4,354,12,Loyal,Lucknow,Uttar Pradesh,Referral
CUST02611,4,3,50144.08,5,4,3,543,12,Loyal,Bangalore,Karnataka,Social Media
CUST02614,128,2,36072.07,2,3,2,232,7,Need Attention,Nagpur,Maharashtra,Paid Search
CUST02619,21,6,295163.3,5,5,5,555,15,Champions,Hubli,Karnataka,Organic
CUST02625,219,1,29912.9,2,2,2,222,6,Need Attention,Chennai,Tamil Nadu,Email
CUST02626,102,1,24638.19,3,2,2,322,7,Need Attention,Coimbatore,Tamil Nadu,Referral
CUST02628,19,2,128059.44,5,3,4,534,12,Potential Loyalist,Kanpur,Uttar Pradesh,Referral
CUST02631,191,1,64828.61,2,2,3,223,7,Need Attention,Nagpur,Maharashtra,Social Media
CUST02632,412,1,119805.1,1,2,4,124,7,Cannot Lose,Jaipur,Rajasthan,Social Media
CUST02633,143,3,24539.5,2,4,2,242,8,Loyal,Jodhpur,Rajasthan,Organic
CUST02634,5,2,8967.97,5,3,1,531,9,Potential Loyalist,Coimbatore,Tamil Nadu,Direct
CUST02638,349,1,97828.19,1,2,4,124,7,Cannot Lose,Siliguri,West Bengal,Email
CUST02639,63,1,55546.43,3,2,3,323,8,Promising,Lucknow,Uttar Pradesh,Direct
CUST02643,100,1,22325.74,3,2,2,322,7,Need Attention,Jodhpur,Rajasthan,Paid Search
CUST02649,16,3,85430.14000000001,5,4,4,544,13,Champions,Chennai,Tamil Nadu,Social Media
CUST02652,271,2,209314.23,1,3,5,135,9,At Risk,Bangalore,Karnataka,Organic
CUST02654,98,2,31612.609999999997,3,3,2,332,8,Need Attention,Ahmedabad,Gujarat,Direct
CUST02655,128,2,48189.91,2,3,3,233,8,Need Attention,Jaipur,Rajasthan,Paid Search
CUST02656,104,2,62092.71000000001,3,3,3,333,9,Promising,Surat,Gujarat,Email
CUST02657,42,1,7490.1,4,2,1,421,7,Potential Loyalist,Mysore,Karnataka,Referral
CUST02658,324,2,100204.73999999999,1,3,4,134,8,At Risk,Hubli,Karnataka,Organic
CUST02660,152,1,67827.01,2,2,3,223,7,Need Attention,Nagpur,Maharashtra,Email
CUST02661,136,2,48571.33,2,3,3,233,8,Need Attention,Coimbatore,Tamil Nadu,Social Media
CUST02662,31,2,49893.03,4,3,3,433,10,Potential Loyalist,Ahmedabad,Gujarat,Paid Search
CUST02663,2,3,59228.82,5,4,3,543,12,Loyal,Madurai,Tamil Nadu,Email
CUST02667,37,2,128618.82,4,3,4,434,11,Potential Loyalist,Mumbai,Maharashtra,Paid Search
CUST02669,27,1,64929.01,4,2,3,423,9,Potential Loyalist,Hubli,Karnataka,Email
CUST02670,321,2,131371.0,1,3,4,134,8,At Risk,Ahmedabad,Gujarat,Referral
CUST02672,155,7,204311.96,2,5,5,255,12,Loyal,Mumbai,Maharashtra,Organic
CUST02674,259,1,1579.7,1,2,1,121,4,Hibernating,Lucknow,Uttar Pradesh,Organic
CUST02676,74,5,220482.84,3,5,5,355,13,Loyal,Nagpur,Maharashtra,Referral
CUST02679,91,3,157306.83000000002,3,4,5,345,12,Loyal,Surat,Gujarat,Paid Search
CUST02684,642,1,1531.95,1,2,1,121,4,Hibernating,Lucknow,Uttar Pradesh,Social Media
CUST02685,144,1,36621.04,2,2,2,222,6,Need Attention,Coimbatore,Tamil Nadu,Paid Search
CUST02686,127,4,167902.86,2,5,5,255,12,Loyal,Udaipur,Rajasthan,Organic
CUST02687,41,2,16888.91,4,3,2,432,9,Potential Loyalist,Mysore,Karnataka,Email
CUST02691,168,3,239583.13,2,4,5,245,11,Loyal,Bangalore,Karnataka,Social Media
CUST02695,151,1,58361.93,2,2,3,223,7,Need Attention,Madurai,Tamil Nadu,Referral
CUST02696,5,1,17469.87,5,2,2,522,9,Potential Loyalist,Bangalore,Karnataka,Referral
CUST02698,130,2,20059.66,2,3,2,232,7,Need Attention,Pune,Maharashtra,Email
CUST02699,187,1,43119.25,2,2,2,222,6,Need Attention,Pune,Maharashtra,Referral
CUST02701,27,2,292078.0,4,3,5,435,12,Potential Loyalist,Kolkata,West Bengal,Direct
CUST02704,3,3,63385.76,5,4,3,543,12,Loyal,Siliguri,West Bengal,Direct
CUST02705,156,1,4536.29,2,2,1,221,5,Need Attention,Hubli,Karnataka,Referral
CUST02706,4,5,304784.85000000003,5,5,5,555,15,Champions,Agra,Uttar Pradesh,Referral
CUST02707,0,4,199870.01,5,5,5,555,15,Champions,Lucknow,Uttar Pradesh,Referral
CUST02713,69,1,54638.94,3,2,3,323,8,Promising,Surat,Gujarat,Paid Search
CUST02715,107,2,205350.36,3,3,5,335,11,Promising,Surat,Gujarat,Direct
CUST02722,45,1,4248.65,4,2,1,421,7,Potential Loyalist,Chennai,Tamil Nadu,Direct
CUST02725,8,2,63863.450000000004,5,3,3,533,11,Potential Loyalist,Hubli,Karnataka,Referral
CUST02726,34,2,50716.119999999995,4,3,3,433,10,Potential Loyalist,Bangalore,Karnataka,Paid Search
CUST02727,92,2,164565.25,3,3,5,335,11,Promising,Vadodara,Gujarat,Referral
CUST02728,99,4,142744.96,3,5,5,355,13,Loyal,Siliguri,West Bengal,Paid Search
CUST02730,0,1,97901.16,5,2,4,524,11,Potential Loyalist,Jodhpur,Rajasthan,Email
CUST02731,8,2,97482.84999999999,5,3,4,534,12,Potential Loyalist,Ahmedabad,Gujarat,Social Media
CUST02735,14,3,47662.53,5,4,3,543,12,Loyal,Madurai,Tamil Nadu,Email
CUST02737,163,3,140057.28,2,4,4,244,10,Loyal,Udaipur,Rajasthan,Email
CUST02738,320,1,137665.2,1,2,4,124,7,Cannot Lose,Surat,Gujarat,Paid Search
CUST02740,159,1,45844.31,2,2,3,223,7,Need Attention,Jodhpur,Rajasthan,Direct
CUST02742,11,1,1052.37,5,2,1,521,8,Potential Loyalist,Mysore,Karnataka,Email
CUST02743,464,1,2653.18,1,2,1,121,4,Hibernating,Vadodara,Gujarat,Referral
CUST02744,139,1,3518.55,2,2,1,221,5,Need Attention,Jodhpur,Rajasthan,Paid Search
CUST02745,1,5,151585.63,5,5,5,555,15,Champions,Coimbatore,Tamil Nadu,Direct
CUST02748,47,4,333159.79,4,5,5,455,14,Champions,Delhi,Delhi,Direct
CUST02749,431,1,2936.75,1,2,1,121,4,Hibernating,Jaipur,Rajasthan,Paid Search
CUST02753,5,1,3663.63,5,2,1,521,8,Potential Loyalist,Siliguri,West Bengal,Social Media
CUST02754,402,1,67766.24,1,2,3,123,6,Hibernating,Madurai,Tamil Nadu,Social Media
CUST02755,153,1,2680.51,2,2,1,221,5,Need Attention,Vadodara,Gujarat,Email
CUST02756,29,4,117573.47,4,5,4,454,13,Champions,Mumbai,Maharashtra,Direct
CUST02758,1,6,162883.6,5,5,5,555,15,Champions,Udaipur,Rajasthan,Paid Search
CUST02759,172,2,134794.05,2,3,4,234,9,Need Attention,Bangalore,Karnataka,Organic
CUST02761,260,2,57314.770000000004,1,3,3,133,7,At Risk,Surat,Gujarat,Paid Search
CUST02764,209,1,4657.93,2,2,1,221,5,Need Attention,Siliguri,West Bengal,Social Media
CUST02765,23,7,277292.76,4,5,5,455,14,Champions,New Delhi,Delhi,Organic
CUST02767,296,2,241335.44999999998,1,3,5,135,9,At Risk,Ahmedabad,Gujarat,Social Media
CUST02768,10,6,107761.88,5,5,4,554,14,Champions,Mysore,Karnataka,Social Media
CUST02770,120,2,98435.34999999999,3,3,4,334,10,Promising,Bangalore,Karnataka,Direct
CUST02775,134,4,146610.68000000002,2,5,5,255,12,Loyal,Udaipur,Rajasthan,Paid Search
CUST02776,138,1,2048.86,2,2,1,221,5,Need Attention,Hubli,Karnataka,Direct
CUST02777,208,2,4207.72,2,3,1,231,6,Need Attention,Siliguri,West Bengal,Social Media
CUST02779,32,1,19543.699999999997,4,2,2,422,8,Potential Loyalist,Hubli,Karnataka,Paid Search
CUST02783,554,2,102616.1,1,3,4,134,8,At Risk,Kolkata,West Bengal,Direct
CUST02785,157,1,19024.760000000002,2,2,2,222,6,Need Attention,Mumbai,Maharashtra,Paid Search
CUST02786,221,2,8644.18,2,3,1,231,6,Need Attention,Madurai,Tamil Nadu,Paid Search
CUST02787,42,3,25842.15,4,4,2,442,10,Loyal,Delhi,Delhi,Paid Search
CUST02791,321,1,31519.93,1,2,2,122,5,Hibernating,Agra,Uttar Pradesh,Referral
CUST02792,55,2,206640.47999999998,4,3,5,435,12,Potential Loyalist,Madurai,Tamil Nadu,Social Media
CUST02793,126,2,118894.97,2,3,4,234,9,Need Attention,Delhi,Delhi,Paid Search
CUST02794,85,1,19540.83,3,2,2,322,7,Need Attention,Jodhpur,Rajasthan,Direct
CUST02797,189,2,11113.849999999999,2,3,1,231,6,Need Attention,Ahmedabad,Gujarat,Direct
CUST02798,561,1,57180.600000000006,1,2,3,123,6,Hibernating,Delhi,Delhi,Social Media
CUST02799,7,1,65154.47,5,2,3,523,10,Potential Loyalist,Vadodara,Gujarat,Referral
CUST02800,8,1,1060.15,5,2,1,521,8,Potential Loyalist,Jodhpur,Rajasthan,Email
CUST02801,164,4,154346.77,2,5,5,255,12,Loyal,Chennai,Tamil Nadu,Social Media
CUST02802,91,1,52117.53,3,2,3,323,8,Promising,Coimbatore,Tamil Nadu,Organic
CUST02803,4,3,91243.08,5,4,4,544,13,Champions,Agra,Uttar Pradesh,Social Media
CUST02804,83,2,138061.55,3,3,4,334,10,Promising,Jodhpur,Rajasthan,Referral
CUST02805,385,1,16997.42,1,2,2,122,5,Hibernating,Kanpur,Uttar Pradesh,Direct
CUST02806,4,2,146569.32,5,3,5,535,13,Potential Loyalist,Pune,Maharashtra,Referral
CUST02808,57,2,69018.49,4,3,3,433,10,Potential Loyalist,Ahmedabad,Gujarat,Email
CUST02811,117,2,62833.96000000001,3,3,3,333,9,Promising,Coimbatore,Tamil Nadu,Email
CUST02812,73,5,108785.08,3,5,4,354,12,Loyal,Kolkata,West Bengal,Social Media
CUST02813,47,1,33616.17,4,2,2,422,8,Potential Loyalist,Surat,Gujarat,Paid Search
CUST02815,293,1,20092.17,1,2,2,122,5,Hibernating,Hubli,Karnataka,Referral
CUST02816,387,3,105275.0,1,4,4,144,9,Loyal,Delhi,Delhi,Social Media
CUST02817,5,1,9168.87,5,2,1,521,8,Potential Loyalist,Chennai,Tamil Nadu,Social Media
CUST02822,82,1,68429.86,3,2,3,323,8,Promising,Madurai,Tamil Nadu,Social Media
CUST02823,168,4,182946.0,2,5,5,255,12,Loyal,Pune,Maharashtra,Social Media
CUST02824,23,1,45439.63,4,2,3,423,9,Potential Loyalist,Mysore,Karnataka,Direct
CUST02826,135,2,80045.12000000001,2,3,4,234,9,Need Attention,Siliguri,West Bengal,Referral
CUST02828,16,2,139018.65000000002,5,3,4,534,12,Potential Loyalist,Siliguri,West Bengal,Email
CUST02829,62,2,184295.53,3,3,5,335,11,Promising,Jaipur,Rajasthan,Email
CUST02830,30,2,120617.85999999999,4,3,4,434,11,Potential Loyalist,Coimbatore,Tamil Nadu,Social Media
CUST02832,84,2,77781.35,3,3,4,334,10,Promising,Bangalore,Karnataka,Email
CUST02834,108,2,13235.29,3,3,1,331,7,Need Attention,Siliguri,West Bengal,Email
CUST02836,146,2,130101.68000000001,2,3,4,234,9,Need Attention,Agra,Uttar Pradesh,Social Media
CUST02839,22,5,174706.04,4,5,5,455,14,Champions,Udaipur,Rajasthan,Referral
CUST02840,340,1,68557.85,1,2,3,123,6,Hibernating,Coimbatore,Tamil Nadu,Referral
CUST02841,274,2,60748.41,1,3,3,133,7,At Risk,Bangalore,Karnataka,Referral
CUST02842,46,4,214935.09999999998,4,5,5,455,14,Champions,Kolkata,West Bengal,Organic
CUST02843,620,2,233470.72,1,3,5,135,9,At Risk,Bangalore,Karnataka,Paid Search
CUST02846,0,2,56215.8,5,3,3,533,11,Potential Loyalist,Kolkata,West Bengal,Social Media
CUST02848,366,1,2622.09,1,2,1,121,4,Hibernating,Vadodara,Gujarat,Social Media
CUST02849,22,1,8957.88,4,2,1,421,7,Potential Loyalist,New Delhi,Delhi,Social Media
CUST02850,52,3,122619.54,4,4,4,444,12,Champions,Madurai,Tamil Nadu,Direct
CUST02851,97,6,188976.03,3,5,5,355,13,Loyal,Kanpur,Uttar Pradesh,Referral
CUST02853,160,1,1855.95,2,2,1,221,5,Need Attention,Pune,Maharashtra,Referral
CUST02854,23,1,56157.990000000005,4,2,3,423,9,Potential Loyalist,Jaipur,Rajasthan,Organic
CUST02856,23,5,108222.63,4,5,4,454,13,Champions,Jodhpur,Rajasthan,Organic
CUST02857,295,1,44658.06,1,2,3,123,6,Hibernating,Udaipur,Rajasthan,Paid Search
CUST02858,60,4,412330.19,3,5,5,355,13,Loyal,Coimbatore,Tamil Nadu,Direct
CUST02860,540,1,56070.740000000005,1,2,3,123,6,Hibernating,Kanpur,Uttar Pradesh,Email
CUST02862,78,4,165166.91,3,5,5,355,13,Loyal,Coimbatore,Tamil Nadu,Paid Search
CUST02865,51,1,98321.45999999999,4,2,4,424,10,Potential Loyalist,Agra,Uttar Pradesh,Email
CUST02868,159,1,36823.009999999995,2,2,2,222,6,Need Attention,Jaipur,Rajasthan,Social Media
CUST02872,362,2,92349.21,1,3,4,134,8,At Risk,Surat,Gujarat,Email
CUST02874,361,1,8917.87,1,2,1,121,4,Hibernating,Agra,Uttar Pradesh,Paid Search
CUST02875,79,1,60750.29,3,2,3,323,8,Promising,Jodhpur,Rajasthan,Direct
CUST02876,212,1,18927.56,2,2,2,222,6,Need Attention,Hubli,Karnataka,Referral
CUST02879,275,2,88073.39,1,3,4,134,8,At Risk,Coimbatore,Tamil Nadu,Social Media
CUST02880,85,1,78138.1,3,2,4,324,9,Promising,Mumbai,Maharashtra,Referral
CUST02881,2,3,93801.36,5,4,4,544,13,Champions,Chennai,Tamil Nadu,Email
CUST02882,33,2,10322.41,4,3,1,431,8,Potential Loyalist,Mysore,Karnataka,Social Media
CUST02886,70,3,121449.54999999999,3,4,4,344,11,Loyal,Nagpur,Maharashtra,Referral
CUST02890,96,2,276676.08999999997,3,3,5,335,11,Promising,Bangalore,Karnataka,Referral
CUST02893,150,2,4959.51,2,3,1,231,6,Need Attention,Vadodara,Gujarat,Social Media
CUST02894,45,3,231225.55,4,4,5,445,13,Champions,Vadodara,Gujarat,Organic
CUST02895,462,1,84224.23,1,2,4,124,7,Cannot Lose,Kolkata,West Bengal,Organic
CUST02898,432,2,124493.87000000001,1,3,4,134,8,At Risk,Kolkata,West Bengal,Direct
CUST02900,376,4,188729.23,1,5,5,155,11,Loyal,Surat,Gujarat,Email
CUST02901,48,8,142110.02,4,5,4,454,13,Champions,Jaipur,Rajasthan,Organic
CUST02902,50,3,241060.44999999998,4,4,5,445,13,Champions,Bangalore,Karnataka,Social Media
CUST02903,144,1,63399.6,2,2,3,223,7,Need Attention,Mumbai,Maharashtra,Organic
CUST02905,40,5,304018.51,4,5,5,455,14,Champions,Agra,Uttar Pradesh,Direct
CUST02906,7,3,101423.86,5,4,4,544,13,Champions,Delhi,Delhi,Organic
CUST02909,17,1,8236.65,5,2,1,521,8,Potential Loyalist,Chennai,Tamil Nadu,Social Media
CUST02910,378,1,13075.07,1,2,1,121,4,Hibernating,Jodhpur,Rajasthan,Organic
CUST02911,101,3,23439.53,3,4,2,342,9,Loyal,Surat,Gujarat,Direct
CUST02912,62,2,202680.59,3,3,5,335,11,Promising,New Delhi,Delhi,Email
CUST02913,272,2,170101.75999999998,1,3,5,135,9,At Risk,Madurai,Tamil Nadu,Referral
CUST02916,52,2,307481.21,4,3,5,435,12,Potential Loyalist,Coimbatore,Tamil Nadu,Social Media
CUST02917,27,1,20279.99,4,2,2,422,8,Potential Loyalist,Delhi,Delhi,Paid Search
CUST02918,44,2,366997.74,4,3,5,435,12,Potential Loyalist,Surat,Gujarat,Email
CUST02920,55,2,12105.810000000001,4,3,1,431,8,Potential Loyalist,Ahmedabad,Gujarat,Paid Search
CUST02921,424,1,10191.26,1,2,1,121,4,Hibernating,Surat,Gujarat,Direct
CUST02922,276,3,25275.68,1,4,2,142,7,Loyal,Surat,Gujarat,Paid Search
CUST02924,24,5,253050.38,4,5,5,455,14,Champions,Siliguri,West Bengal,Referral
CUST02925,1,1,5116.36,5,2,1,521,8,Potential Loyalist,Vadodara,Gujarat,Social Media
CUST02926,52,2,105520.71,4,3,4,434,11,Potential Loyalist,Siliguri,West Bengal,Organic
CUST02930,124,2,4301.08,2,3,1,231,6,Need Attention,New Delhi,Delhi,Direct
CUST02935,45,1,3441.12,4,2,1,421,7,Potential Loyalist,Hubli,Karnataka,Paid Search
CUST02937,175,1,5505.25,2,2,1,221,5,Need Attention,Mysore,Karnataka,Email
CUST02940,346,2,72115.92000000001,1,3,3,133,7,At Risk,Delhi,Delhi,Social Media
CUST02945,0,2,131141.82,5,4,4,544,13,Champions,Kolkata,West Bengal,Direct
CUST02948,2,2,76712.28,5,4,3,543,12,Loyal,Delhi,Delhi,Paid Search
CUST02950,57,1,130955.17,4,2,4,424,10,Potential Loyalist,New Delhi,Delhi,Referral
CUST02952,100,1,118520.76,3,2,4,324,9,Promising,Hubli,Karnataka,Referral
CUST02953,152,2,19054.27,2,4,2,242,8,Loyal,Ahmedabad,Gujarat,Email
CUST02956,211,1,3067.21,2,2,1,221,5,Need Attention,Agra,Uttar Pradesh,Direct
CUST02959,154,2,7107.02,2,4,1,241,7,Loyal,Siliguri,West Bengal,Direct
CUST02960,34,1,8647.25,4,2,1,421,7,Potential Loyalist,Pune,Maharashtra,Direct
CUST02962,113,1,152450.26,3,2,5,325,10,Promising,Kolkata,West Bengal,Referral
CUST02965,7,2,34350.89,5,4,2,542,11,Loyal,Lucknow,Uttar Pradesh,Email
CUST02967,279,1,1408.18,1,2,1,121,4,Hibernating,Surat,Gujarat,Direct
CUST02970,495,1,27221.84,1,2,2,122,5,Hibernating,Bangalore,Karnataka,Direct
CUST02971,277,1,46373.14,1,2,3,123,6,Hibernating,Jodhpur,Rajasthan,Social Media
CUST02973,52,1,56098.0,4,2,3,423,9,Potential Loyalist,Mumbai,Maharashtra,Social Media
CUST02974,504,1,3549.49,1,2,1,121,4,Hibernating,New Delhi,Delhi,Referral
CUST02975,270,1,96626.12,1,2,4,124,7,Cannot Lose,Mysore,Karnataka,Direct
CUST02976,54,1,207323.8,4,2,5,425,11,Potential Loyalist,Siliguri,West Bengal,Organic
CUST02977,43,1,3963.31,4,2,1,421,7,Potential Loyalist,Agra,Uttar Pradesh,Direct
CUST02979,50,1,21613.77,4,2,2,422,8,Potential Loyalist,Agra,Uttar Pradesh,Email
CUST02980,21,2,13484.75,5,4,1,541,10,Loyal,Pune,Maharashtra,Email
CUST02982,170,1,58678.77,2,2,3,223,7,Need Attention,Agra,Uttar Pradesh,Direct
CUST02985,13,8,174396.82,5,5,5,555,15,Champions,Delhi,Delhi,Social Media
CUST02986,90,1,15615.37,3,2,1,321,6,Need Attention,Ahmedabad,Gujarat,Paid Search
CUST02988,87,3,65948.43,3,4,3,343,10,Loyal,Udaipur,Rajasthan,Referral
CUST02993,149,2,42508.39,2,4,2,242,8,Loyal,Siliguri,West Bengal,Referral
CUST02994,97,4,135107.03,3,5,4,354,12,Loyal,Hubli,Karnataka,Referral
CUST02995,311,2,11800.029999999999,1,4,1,141,6,Loyal,Bangalore,Karnataka,Direct
CUST02997,21,1,112821.87999999999,5,2,4,524,11,Potential Loyalist,Jaipur,Rajasthan,Paid Search
CUST02999,176,1,18644.0,2,2,2,222,6,Need Attention,Pune,Maharashtra,Email
CUST03000,470,5,213112.64,1,5,5,155,11,Loyal,Coimbatore,Tamil Nadu,Email
CUST03001,69,2,123760.66,3,4,4,344,11,Loyal,Bangalore,Karnataka,Referral
CUST03002,92,1,70120.53,3,2,3,323,8,Promising,Hubli,Karnataka,Social Media
CUST03008,243,1,4355.87,1,2,1,121,4,Hibernating,Nagpur,Maharashtra,Social Media
CUST03010,199,1,653.12,2,2,1,221,5,Need Attention,Siliguri,West Bengal,Referral
CUST03016,163,1,37249.62,2,2,2,222,6,Need Attention,Chennai,Tamil Nadu,Referral
CUST03019,68,1,27518.460000000003,3,2,2,322,7,Need Attention,Jaipur,Rajasthan,Paid Search
CUST03021,580,1,31461.620000000003,1,2,2,122,5,Hibernating,Udaipur,Rajasthan,Organic
CUST03022,305,3,113283.11,1,4,4,144,9,Loyal,Nagpur,Maharashtra,Direct
CUST03025,19,4,57925.21,5,5,3,553,13,Loyal,Pune,Maharashtra,Referral
CUST03026,400,1,29777.04,1,2,2,122,5,Hibernating,Kanpur,Uttar Pradesh,Direct
CUST03029,70,1,29368.59,3,2,2,322,7,Need Attention,Delhi,Delhi,Referral
CUST03030,1,4,60421.6,5,5,3,553,13,Loyal,New Delhi,Delhi,Referral
CUST03033,34,2,50302.159999999996,4,4,3,443,11,Loyal,Surat,Gujarat,Direct
CUST03034,45,3,158893.08000000002,4,4,5,445,13,Champions,Udaipur,Rajasthan,Social Media
CUST03037,38,1,32684.370000000003,4,2,2,422,8,Potential Loyalist,Kanpur,Uttar Pradesh,Direct
CUST03038,82,3,126481.06999999999,3,4,4,344,11,Loyal,Kanpur,Uttar Pradesh,Direct
CUST03039,76,3,192999.53000000003,3,4,5,345,12,Loyal,Lucknow,Uttar Pradesh,Direct
CUST03042,242,4,43149.07,1,5,2,152,8,Loyal,New Delhi,Delhi,Social Media
CUST03045,57,4,290514.63,4,5,5,455,14,Champions,Udaipur,Rajasthan,Paid Search
CUST03046,16,2,138325.65000000002,5,4,4,544,13,Champions,Delhi,Delhi,Referral
CUST03048,226,2,66355.31999999999,2,4,3,243,9,Loyal,Chennai,Tamil Nadu,Social Media
CUST03049,1,2,77626.65,5,4,4,544,13,Champions,Hubli,Karnataka,Paid Search
CUST03051,5,7,169858.01,5,5,5,555,15,Champions,Madurai,Tamil Nadu,Paid Search
CUST03055,11,3,55050.92999999999,5,4,3,543,12,Loyal,Chennai,Tamil Nadu,Social Media
CUST03056,74,2,64807.549999999996,3,4,3,343,10,Loyal,Chennai,Tamil Nadu,Direct
CUST03060,1,3,49320.520000000004,5,4,3,543,12,Loyal,Chennai,Tamil Nadu,Paid Search
CUST03062,62,1,6127.93,3,2,1,321,6,Need Attention,Vadodara,Gujarat,Organic
CUST03064,14,2,9224.26,5,4,1,541,10,Loyal,Hubli,Karnataka,Email
CUST03065,8,1,20065.35,5,2,2,522,9,Potential Loyalist,Jodhpur,Rajasthan,Email
CUST03067,4,8,356448.65,5,5,5,555,15,Champions,Madurai,Tamil Nadu,Direct
CUST03074,167,3,65350.26,2,4,3,243,9,Loyal,Jaipur,Rajasthan,Paid Search
CUST03076,14,1,70865.91,5,2,3,523,10,Potential Loyalist,New Delhi,Delhi,Organic
CUST03077,20,4,321984.13,5,5,5,555,15,Champions,Agra,Uttar Pradesh,Social Media
CUST03078,90,1,67032.37,3,2,3,323,8,Promising,Jaipur,Rajasthan,Direct
CUST03079,52,9,212383.87,4,5,5,455,14,Champions,Madurai,Tamil Nadu,Direct
CUST03081,52,1,15471.67,4,2,1,421,7,Potential Loyalist,Delhi,Delhi,Email
CUST03082,107,1,37767.56,3,2,2,322,7,Need Attention,Siliguri,West Bengal,Paid Search
CUST03083,12,1,7513.5,5,2,1,521,8,Potential Loyalist,Kanpur,Uttar Pradesh,Paid Search
CUST03086,17,1,19786.74,5,2,2,522,9,Potential Loyalist,Pune,Maharashtra,Social Media
CUST03089,34,1,3905.97,4,2,1,421,7,Potential Loyalist,Ahmedabad,Gujarat,Social Media
CUST03090,72,2,116807.93,3,4,4,344,11,Loyal,Vadodara,Gujarat,Email
CUST03091,117,5,184625.04,3,5,5,355,13,Loyal,Madurai,Tamil Nadu,Email
CUST03093,249,1,20253.63,1,2,2,122,5,Hibernating,Udaipur,Rajasthan,Email
CUST03094,55,1,20661.57,4,2,2,422,8,Potential Loyalist,Siliguri,West Bengal,Paid Search
CUST03096,21,3,36307.23,5,4,2,542,11,Loyal,Surat,Gujarat,Email
CUST03097,17,2,9110.91,5,4,1,541,10,Loyal,Lucknow,Uttar Pradesh,Referral
CUST03098,197,2,49474.25,2,4,3,243,9,Loyal,Mysore,Karnataka,Direct
CUST03099,187,2,21550.36,2,4,2,242,8,Loyal,Delhi,Delhi,Email
CUST03101,20,1,85698.1,5,2,4,524,11,Potential Loyalist,Agra,Uttar Pradesh,Email
CUST03105,289,1,7583.02,1,2,1,121,4,Hibernating,Surat,Gujarat,Paid Search
CUST03106,20,1,116659.63,5,2,4,524,11,Potential Loyalist,Kanpur,Uttar Pradesh,Email
CUST03109,240,1,7840.47,1,2,1,121,4,Hibernating,Ahmedabad,Gujarat,Email
CUST03111,267,2,38926.86,1,4,2,142,7,Loyal,Vadodara,Gujarat,Organic
CUST03113,12,2,96206.07,5,4,4,544,13,Champions,Hubli,Karnataka,Referral
CUST03121,93,2,10915.59,3,4,1,341,8,Loyal,Madurai,Tamil Nadu,Direct
CUST03127,20,1,98108.42,5,2,4,524,11,Potential Loyalist,Chennai,Tamil Nadu,Social Media
CUST03132,9,1,7697.21,5,2,1,521,8,Potential Loyalist,Coimbatore,Tamil Nadu,Email
CUST03133,39,1,10259.32,4,2,1,421,7,Potential Loyalist,New Delhi,Delhi,Paid Search
CUST03134,40,2,83375.95,4,4,4,444,12,Champions,Udaipur,Rajasthan,Email
CUST03135,22,1,3066.11,4,2,1,421,7,Potential Loyalist,Surat,Gujarat,Paid Search
CUST03137,118,1,97368.70999999999,3,2,4,324,9,Promising,Jaipur,Rajasthan,Organic
CUST03139,2,5,160117.44,5,5,5,555,15,Champions,Mysore,Karnataka,Direct
CUST03140,38,3,62389.93,4,4,3,443,11,Loyal,Hubli,Karnataka,Direct
CUST03141,432,2,138142.54,1,4,4,144,9,Loyal,Pune,Maharashtra,Direct
CUST03142,80,1,6475.11,3,2,1,321,6,Need Attention,Mumbai,Maharashtra,Paid Search
CUST03144,295,1,45464.73,1,2,3,123,6,Hibernating,Jaipur,Rajasthan,Organic
CUST03145,383,3,257156.19,1,5,5,155,11,Loyal,Kanpur,Uttar Pradesh,Email
CUST03147,4,1,18514.99,5,2,2,522,9,Potential Loyalist,Delhi,Delhi,Organic
CUST03153,42,5,152927.11,4,5,5,455,14,Champions,Chennai,Tamil Nadu,Referral
CUST03154,251,1,6092.82,1,2,1,121,4,Hibernating,Jodhpur,Rajasthan,Referral
CUST03155,230,4,224660.74999999997,2,5,5,255,12,Loyal,New Delhi,Delhi,Social Media
CUST03156,29,2,42907.69,4,4,2,442,10,Loyal,Lucknow,Uttar Pradesh,Social Media
CUST03158,544,1,2382.51,1,2,1,121,4,Hibernating,Jodhpur,Rajasthan,Direct
CUST03160,3,1,3399.08,5,2,1,521,8,Potential Loyalist,Madurai,Tamil Nadu,Organic
CUST03161,12,1,41313.06,5,2,2,522,9,Potential Loyalist,Siliguri,West Bengal,Email
CUST03164,437,1,3110.62,1,2,1,121,4,Hibernating,Lucknow,Uttar Pradesh,Social Media
CUST03165,64,7,286805.29,3,5,5,355,13,Loyal,New Delhi,Delhi,Direct
CUST03166,166,1,13901.31,2,2,1,221,5,Need Attention,Mumbai,Maharashtra,Paid Search
CUST03173,461,1,44123.11,1,2,3,123,6,Hibernating,Udaipur,Rajasthan,Referral
CUST03174,134,1,7663.52,2,2,1,221,5,Need Attention,Vadodara,Gujarat,Social Media
CUST03175,193,2,4004.32,2,4,1,241,7,Loyal,Kolkata,West Bengal,Email
CUST03176,126,1,38416.06,2,2,2,222,6,Need Attention,Coimbatore,Tamil Nadu,Organic
CUST03178,62,2,89446.37,3,4,4,344,11,Loyal,Kolkata,West Bengal,Email
CUST03179,78,2,108201.53,3,4,4,344,11,Loyal,Chennai,Tamil Nadu,Direct
CUST03180,0,2,34030.280000000006,5,4,2,542,11,Loyal,Madurai,Tamil Nadu,Direct
CUST03181,70,1,9191.64,3,2,1,321,6,Need Attention,New Delhi,Delhi,Email
CUST03182,211,2,121316.28,2,4,4,244,10,Loyal,Madurai,Tamil Nadu,Email
CUST03183,48,3,120913.45999999999,4,5,4,454,13,Champions,New Delhi,Delhi,Direct
CUST03186,55,1,6385.58,4,2,1,421,7,Potential Loyalist,Kanpur,Uttar Pradesh,Email
CUST03190,130,2,6797.88,2,4,1,241,7,Loyal,Bangalore,Karnataka,Referral
CUST03194,114,1,19895.97,3,2,2,322,7,Need Attention,Kolkata,West Bengal,Direct
CUST03195,91,1,4437.28,3,2,1,321,6,Need Attention,New Delhi,Delhi,Referral
CUST03196,8,5,296389.22,5,5,5,555,15,Champions,Kanpur,Uttar Pradesh,Organic
CUST03197,20,3,139670.0,5,5,4,554,14,Champions,Agra,Uttar Pradesh,Organic
CUST03200,71,2,51056.439999999995,3,4,3,343,10,Loyal,New Delhi,Delhi,Direct
CUST03205,80,3,154892.66,3,5,5,355,13,Loyal,Madurai,Tamil Nadu,Referral
CUST03207,104,1,75362.61,3,2,3,323,8,Promising,Kanpur,Uttar Pradesh,Direct
CUST03208,191,3,20617.7,2,5,2,252,9,Loyal,Siliguri,West Bengal,Social Media
CUST03209,100,2,52265.86000000001,3,4,3,343,10,Loyal,Hubli,Karnataka,Referral
CUST03210,1,2,76596.72,5,4,3,543,12,Loyal,Jaipur,Rajasthan,Email
CUST03211,154,1,4507.15,2,2,1,221,5,Need Attention,Lucknow,Uttar Pradesh,Direct
CUST03212,7,2,94820.0,5,4,4,544,13,Champions,Siliguri,West Bengal,Organic
CUST03213,244,2,63000.33,1,4,3,143,8,Loyal,Hubli,Karnataka,Organic
CUST03215,2,3,39859.71,5,5,2,552,12,Loyal,Siliguri,West Bengal,Direct
CUST03217,628,1,58218.43000000001,1,2,3,123,6,Hibernating,Pune,Maharashtra,Direct
CUST03218,59,1,1424.18,4,2,1,421,7,Potential Loyalist,Mumbai,Maharashtra,Email
CUST03219,245,2,87764.48,1,4,4,144,9,Loyal,Ahmedabad,Gujarat,Social Media
CUST03222,402,1,12007.76,1,2,1,121,4,Hibernating,Surat,Gujarat,Direct
CUST03225,29,2,259202.36,4,4,5,445,13,Champions,Jaipur,Rajasthan,Social Media
CUST03226,69,1,97723.14,3,2,4,324,9,Promising,Coimbatore,Tamil Nadu,Social Media
CUST03227,148,1,3540.64,2,2,1,221,5,Need Attention,Hubli,Karnataka,Referral
CUST03228,144,2,23922.52,2,4,2,242,8,Loyal,Udaipur,Rajasthan,Paid Search
CUST03230,126,2,32394.27,2,4,2,242,8,Loyal,Jodhpur,Rajasthan,Paid Search
CUST03231,215,1,9334.04,2,2,1,221,5,Need Attention,Mumbai,Maharashtra,Paid Search
CUST03233,48,1,3924.82,4,2,1,421,7,Potential Loyalist,Bangalore,Karnataka,Organic
CUST03234,177,1,16188.41,2,2,1,221,5,Need Attention,Siliguri,West Bengal,Paid Search
CUST03236,80,4,67664.9,3,5,3,353,11,Loyal,Agra,Uttar Pradesh,Email
CUST03237,9,7,359648.74,5,5,5,555,15,Champions,Coimbatore,Tamil Nadu,Organic
CUST03241,407,2,92674.43,1,4,4,144,9,Loyal,Nagpur,Maharashtra,Referral
CUST03242,203,2,78523.20000000001,2,4,4,244,10,Loyal,Coimbatore,Tamil Nadu,Paid Search
CUST03243,6,4,145290.41999999998,5,5,5,555,15,Champions,Siliguri,West Bengal,Direct
CUST03246,0,1,17309.38,5,2,2,522,9,Potential Loyalist,Delhi,Delhi,Direct
CUST03249,15,1,18335.74,5,2,2,522,9,Potential Loyalist,Vadodara,Gujarat,Direct
CUST03251,8,1,3686.65,5,2,1,521,8,Potential Loyalist,Udaipur,Rajasthan,Referral
CUST03252,0,1,186896.98,5,2,5,525,12,Potential Loyalist,Kolkata,West Bengal,Paid Search
CUST03255,406,2,40897.08,1,4,2,142,7,Loyal,Ahmedabad,Gujarat,Direct
CUST03260,3,3,238140.68,5,5,5,555,15,Champions,Kolkata,West Bengal,Email
CUST03262,309,1,38299.05,1,2,2,122,5,Hibernating,Vadodara,Gujarat,Organic
CUST03263,263,2,63263.02,1,4,3,143,8,Loyal,Hubli,Karnataka,Referral
CUST03265,70,7,323650.64,3,5,5,355,13,Loyal,Nagpur,Maharashtra,Referral
CUST03270,311,1,48168.26,1,2,3,123,6,Hibernating,Jaipur,Rajasthan,Paid Search
CUST03273,141,4,175759.18,2,5,5,255,12,Loyal,Lucknow,Uttar Pradesh,Email
CUST03274,139,1,4737.3,2,2,1,221,5,Need Attention,Nagpur,Maharashtra,Social Media
CUST03276,77,2,9831.3,3,4,1,341,8,Loyal,Siliguri,West Bengal,Organic
CUST03277,2,2,21270.870000000003,5,4,2,542,11,Loyal,Ahmedabad,Gujarat,Paid Search
CUST03279,88,2,8496.46,3,4,1,341,8,Loyal,Hubli,Karnataka,Paid Search
CUST03282,76,2,53705.63,3,4,3,343,10,Loyal,Mysore,Karnataka,Social Media
CUST03283,25,2,37658.28,4,4,2,442,10,Loyal,New Delhi,Delhi,Organic
CUST03284,21,5,84110.29999999999,5,5,4,554,14,Champions,Delhi,Delhi,Referral
CUST03285,86,1,97053.54000000001,3,2,4,324,9,Promising,Siliguri,West Bengal,Organic
CUST03287,173,2,10646.4,2,4,1,241,7,Loyal,Coimbatore,Tamil Nadu,Paid Search
CUST03288,336,1,25920.41,1,2,2,122,5,Hibernating,Ahmedabad,Gujarat,Referral
CUST03289,87,1,78685.54,3,2,4,324,9,Promising,Hubli,Karnataka,Organic
CUST03290,12,1,4456.61,5,2,1,521,8,Potential Loyalist,Vadodara,Gujarat,Email
CUST03291,90,1,18714.19,3,2,2,322,7,Need Attention,Kolkata,West Bengal,Social Media
CUST03292,28,2,24033.05,4,4,2,442,10,Loyal,Jaipur,Rajasthan,Social Media
CUST03293,110,2,28388.67,3,4,2,342,9,Loyal,Siliguri,West Bengal,Referral
CUST03296,31,2,158776.34,4,4,5,445,13,Champions,Agra,Uttar Pradesh,Direct
CUST03297,103,2,102681.5,3,4,4,344,11,Loyal,Mumbai,Maharashtra,Organic
CUST03299,236,3,236544.37000000002,1,5,5,155,11,Loyal,Mumbai,Maharashtra,Social Media
CUST03300,138,6,163554.02000000002,2,5,5,255,12,Loyal,Vadodara,Gujarat,Organic
CUST03302,32,1,192781.43,4,2,5,425,11,Potential Loyalist,Chennai,Tamil Nadu,Referral
CUST03303,4,6,65484.85,5,5,3,553,13,Loyal,Ahmedabad,Gujarat,Direct
CUST03304,189,1,6524.04,2,2,1,221,5,Need Attention,Madurai,Tamil Nadu,Direct
CUST03306,328,1,87481.22,1,2,4,124,7,Cannot Lose,Lucknow,Uttar Pradesh,Paid Search
CUST03309,78,1,3897.03,3,2,1,321,6,Need Attention,Kanpur,Uttar Pradesh,Direct
CUST03315,394,1,113024.94999999998,1,2,4,124,7,Cannot Lose,Hubli,Karnataka,Organic
CUST03318,17,5,120962.44,5,5,4,554,14,Champions,Siliguri,West Bengal,Email
CUST03319,277,1,3090.33,1,2,1,121,4,Hibernating,Lucknow,Uttar Pradesh,Organic
CUST03320,215,2,114539.84,2,4,4,244,10,Loyal,Hubli,Karnataka,Referral
CUST03325,249,1,30162.48,1,2,2,122,5,Hibernating,Nagpur,Maharashtra,Email
CUST03326,7,2,75460.78,5,4,3,543,12,Loyal,Ahmedabad,Gujarat,Email
CUST03328,7,2,71760.43000000001,5,4,3,543,12,Loyal,Madurai,Tamil Nadu,Organic
CUST03331,236,2,74719.0,1,4,3,143,8,Loyal,Jaipur,Rajasthan,Referral
CUST03336,4,1,2071.26,5,2,1,521,8,Potential Loyalist,Chennai,Tamil Nadu,Referral
CUST03337,75,1,102098.59,3,2,4,324,9,Promising,Pune,Maharashtra,Email
CUST03339,313,2,267789.02999999997,1,4,5,145,10,Loyal,Udaipur,Rajasthan,Direct
CUST03344,556,1,9327.94,1,2,1,121,4,Hibernating,Delhi,Delhi,Social Media
CUST03347,49,5,331285.89,4,5,5,455,14,Champions,Kolkata,West Bengal,Direct
CUST03348,3,6,329216.77,5,5,5,555,15,Champions,Siliguri,West Bengal,Referral
CUST03350,20,5,160045.16999999998,5,5,5,555,15,Champions,Surat,Gujarat,Direct
CUST03351,0,1,20033.17,5,2,2,522,9,Potential Loyalist,Chennai,Tamil Nadu,Paid Search
CUST03353,63,3,106537.76,3,5,4,354,12,Loyal,Udaipur,Rajasthan,Referral
CUST03355,63,1,66491.73,3,2,3,323,8,Promising,Hubli,Karnataka,Direct
CUST03358,133,2,26743.92,2,4,2,242,8,Loyal,Jaipur,Rajasthan,Direct
CUST03360,23,1,16433.18,4,2,1,421,7,Potential Loyalist,Delhi,Delhi,Email
CUST03361,606,1,3312.35,1,2,1,121,4,Hibernating,Siliguri,West Bengal,Referral
CUST03363,88,2,64886.24,3,4,3,343,10,Loyal,Nagpur,Maharashtra,Organic
CUST03364,17,6,223902.13999999998,5,5,5,555,15,Champions,Mumbai,Maharashtra,Organic
CUST03366,67,1,53964.19,3,2,3,323,8,Promising,Coimbatore,Tamil Nadu,Organic
CUST03368,15,3,142869.78999999998,5,5,5,555,15,Champions,Delhi,Delhi,Social Media
CUST03370,78,1,80515.59,3,2,4,324,9,Promising,Kolkata,West Bengal,Email
CUST03374,29,1,28528.55,4,2,2,422,8,Potential Loyalist,Jaipur,Rajasthan,Organic
CUST03376,260,2,8434.0,1,4,1,141,6,Loyal,Jaipur,Rajasthan,Referral
CUST03378,175,2,12718.070000000002,2,4,1,241,7,Loyal,New Delhi,Delhi,Email
CUST03379,129,1,68100.96,2,2,3,223,7,Need Attention,Kolkata,West Bengal,Organic
CUST03381,297,1,3082.97,1,2,1,121,4,Hibernating,Jaipur,Rajasthan,Email
CUST03382,565,1,64321.33,1,2,3,123,6,Hibernating,Delhi,Delhi,Social Media
CUST03386,181,1,4469.92,2,2,1,221,5,Need Attention,Pune,Maharashtra,Direct
CUST03388,0,6,328934.88999999996,5,5,5,555,15,Champions,Nagpur,Maharashtra,Email
CUST03392,254,1,20994.45,1,2,2,122,5,Hibernating,Siliguri,West Bengal,Paid Search
CUST03394,160,1,132129.96,2,2,4,224,8,Need Attention,Lucknow,Uttar Pradesh,Referral
CUST03396,24,4,206509.57,4,5,5,455,14,Champions,Bangalore,Karnataka,Organic
CUST03398,35,1,3244.79,4,2,1,421,7,Potential Loyalist,Bangalore,Karnataka,Direct
CUST03399,384,3,61841.7,1,5,3,153,9,Loyal,Vadodara,Gujarat,Organic
CUST03400,662,1,2390.27,1,2,1,121,4,Hibernating,Udaipur,Rajasthan,Social Media
CUST03401,144,3,164605.57,2,5,5,255,12,Loyal,Bangalore,Karnataka,Direct
CUST03404,162,2,11222.81,2,4,1,241,7,Loyal,Nagpur,Maharashtra,Organic
CUST03405,37,2,27627.02,4,4,2,442,10,Loyal,Coimbatore,Tamil Nadu,Paid Search
CUST03406,182,2,83003.91,2,4,4,244,10,Loyal,Delhi,Delhi,Social Media
CUST03407,321,1,58261.47,1,2,3,123,6,Hibernating,Pune,Maharashtra,Paid Search
CUST03408,458,1,6026.280000000001,1,2,1,121,4,Hibernating,Bangalore,Karnataka,Paid Search
CUST03411,70,2,90423.47,3,4,4,344,11,Loyal,Siliguri,West Bengal,Email
CUST03413,148,1,35691.91,2,2,2,222,6,Need Attention,Madurai,Tamil Nadu,Organic
CUST03414,16,7,368653.31,5,5,5,555,15,Champions,Kanpur,Uttar Pradesh,Paid Search
CUST03415,52,4,255656.68,4,5,5,455,14,Champions,Mysore,Karnataka,Social Media
CUST03417,406,3,209207.04,1,5,5,155,11,Loyal,Nagpur,Maharashtra,Direct
CUST03418,386,1,146450.7,1,2,5,125,8,Cannot Lose,Vadodara,Gujarat,Direct
CUST03419,50,3,108473.06000000001,4,5,4,454,13,Champions,Hubli,Karnataka,Social Media
CUST03421,54,1,59903.29,4,2,3,423,9,Potential Loyalist,Jodhpur,Rajasthan,Referral
CUST03422,88,5,112453.76000000001,3,5,4,354,12,Loyal,Chennai,Tamil Nadu,Email
CUST03424,108,3,50356.67,3,5,3,353,11,Loyal,Siliguri,West Bengal,Referral
CUST03425,420,1,41559.63,1,2,2,122,5,Hibernating,Delhi,Delhi,Referral
CUST03427,20,3,48351.619999999995,5,5,3,553,13,Loyal,Ahmedabad,Gujarat,Referral
CUST03430,58,1,97338.21,4,2,4,424,10,Potential Loyalist,Chennai,Tamil Nadu,Referral
CUST03433,8,2,25176.170000000002,5,4,2,542,11,Loyal,Kolkata,West Bengal,Referral
CUST03435,59,2,176967.21000000002,4,4,5,445,13,Champions,Udaipur,Rajasthan,Social Media
CUST03439,198,1,19978.24,2,2,2,222,6,Need Attention,Hubli,Karnataka,Paid Search
CUST03443,29,4,262500.43,4,5,5,455,14,Champions,Vadodara,Gujarat,Paid Search
CUST03444,56,1,3050.23,4,2,1,421,7,Potential Loyalist,Jodhpur,Rajasthan,Email
CUST03445,345,2,24773.91,1,4,2,142,7,Loyal,Vadodara,Gujarat,Paid Search
CUST03448,117,2,214154.9,3,4,5,345,12,Loyal,Vadodara,Gujarat,Organic
CUST03449,127,4,56070.05,2,5,3,253,10,Loyal,Ahmedabad,Gujarat,Email
CUST03450,121,3,244370.25,2,5,5,255,12,Loyal,Lucknow,Uttar Pradesh,Referral
CUST03451,257,1,3716.96,1,2,1,121,4,Hibernating,Agra,Uttar Pradesh,Paid Search
CUST03453,45,5,65267.62,4,5,3,453,12,Loyal,Surat,Gujarat,Email
CUST03455,142,2,32171.260000000002,2,4,2,242,8,Loyal,Madurai,Tamil Nadu,Paid Search
CUST03457,56,1,5951.900000000001,4,2,1,421,7,Potential Loyalist,Madurai,Tamil Nadu,Email
CUST03459,4,9,338082.18,5,5,5,555,15,Champions,Lucknow,Uttar Pradesh,Paid Search
CUST03460,3,1,26450.2,5,2,2,522,9,Potential Loyalist,Nagpur,Maharashtra,Direct
CUST03461,84,2,21037.030000000002,3,4,2,342,9,Loyal,Surat,Gujarat,Paid Search
CUST03462,88,2,103120.03,3,4,4,344,11,Loyal,Kolkata,West Bengal,Email
CUST03463,18,1,39906.69,5,2,2,522,9,Potential Loyalist,Mysore,Karnataka,Referral
CUST03464,25,1,8245.74,4,2,1,421,7,Potential Loyalist,Jodhpur,Rajasthan,Paid Search
CUST03465,2,1,55814.57,5,2,3,523,10,Potential Loyalist,Ahmedabad,Gujarat,Organic
CUST03466,78,1,65426.61,3,2,3,323,8,Promising,Jodhpur,Rajasthan,Paid Search
CUST03467,89,1,22367.98,3,2,2,322,7,Need Attention,Kolkata,West Bengal,Direct
CUST03468,134,1,95050.33,2,2,4,224,8,Need Attention,Surat,Gujarat,Paid Search
CUST03470,10,3,87384.05,5,5,4,554,14,Champions,Nagpur,Maharashtra,Organic
CUST03471,80,4,43875.420000000006,3,5,3,353,11,Loyal,Delhi,Delhi,Organic
CUST03472,77,4,330281.03,3,5,5,355,13,Loyal,New Delhi,Delhi,Email
CUST03473,54,2,100019.25,4,4,4,444,12,Champions,Chennai,Tamil Nadu,Social Media
CUST03475,38,1,5642.639999999999,4,2,1,421,7,Potential Loyalist,Kolkata,West Bengal,Email
CUST03476,329,1,6475.46,1,2,1,121,4,Hibernating,Kolkata,West Bengal,Email
CUST03477,449,2,40512.05,1,4,2,142,7,Loyal,Jaipur,Rajasthan,Organic
CUST03478,18,5,243228.3,5,5,5,555,15,Champions,Chennai,Tamil Nadu,Direct
CUST03480,83,1,80347.73,3,2,4,324,9,Promising,Jaipur,Rajasthan,Organic
CUST03482,619,1,3594.03,1,2,1,121,4,Hibernating,Siliguri,West Bengal,Organic
CUST03483,80,2,114566.45999999999,3,4,4,344,11,Loyal,Jaipur,Rajasthan,Direct
CUST03484,101,1,18918.83,3,2,2,322,7,Need Attention,Kolkata,West Bengal,Organic
CUST03486,1,2,29044.620000000003,5,4,2,542,11,Loyal,Pune,Maharashtra,Direct
CUST03489,23,3,44844.350000000006,4,5,3,453,12,Loyal,Kanpur,Uttar Pradesh,Email
CUST03491,78,3,98857.67,3,5,4,354,12,Loyal,Ahmedabad,Gujarat,Social Media
CUST03492,178,1,276001.32,2,2,5,225,9,Need Attention,Hubli,Karnataka,Social Media
CUST03493,13,4,51523.69,5,5,3,553,13,Loyal,Udaipur,Rajasthan,Direct
CUST03497,154,2,339445.64,2,4,5,245,11,Loyal,Kanpur,Uttar Pradesh,Referral
CUST03498,3,2,69672.77,5,4,3,543,12,Loyal,Madurai,Tamil Nadu,Social Media
CUST03501,122,1,75548.34,2,2,3,223,7,Need Attention,Surat,Gujarat,Referral
CUST03502,202,1,91442.13,2,2,4,224,8,Need Attention,Jodhpur,Rajasthan,Email
CUST03503,390,1,6210.06,1,2,1,121,4,Hibernating,Chennai,Tamil Nadu,Email
CUST03504,62,1,3837.6,3,2,1,321,6,Need Attention,Nagpur,Maharashtra,Organic
CUST03505,174,3,234120.91999999998,2,5,5,255,12,Loyal,Pune,Maharashtra,Referral
CUST03506,679,1,58072.57,1,2,3,123,6,Hibernating,New Delhi,Delhi,Organic
CUST03510,76,1,10562.23,3,2,1,321,6,Need Attention,Jaipur,Rajasthan,Organic
CUST03513,201,5,142604.41999999998,2,5,5,255,12,Loyal,Kanpur,Uttar Pradesh,Organic
CUST03515,91,2,50959.48,3,4,3,343,10,Loyal,Chennai,Tamil Nadu,Referral
CUST03517,341,1,1639.55,1,2,1,121,4,Hibernating,Kolkata,West Bengal,Organic
CUST03518,17,1,15367.01,5,2,1,521,8,Potential Loyalist,Mysore,Karnataka,Direct
CUST03520,135,3,15409.46,2,5,1,251,8,Loyal,Lucknow,Uttar Pradesh,Paid Search
CUST03521,230,3,61671.00000000001,2,5,3,253,10,Loyal,Nagpur,Maharashtra,Organic
CUST03522,106,1,5251.32,3,2,1,321,6,Need Attention,Jaipur,Rajasthan,Direct
CUST03523,117,1,26135.82,3,2,2,322,7,Need Attention,Kanpur,Uttar Pradesh,Organic
CUST03524,78,1,19455.52,3,2,2,322,7,Need Attention,Jodhpur,Rajasthan,Email
CUST03525,171,1,6929.25,2,2,1,221,5,Need Attention,Vadodara,Gujarat,Email
CUST03526,22,2,56671.47,4,4,3,443,11,Loyal,Vadodara,Gujarat,Direct
CUST03531,47,1,40925.61,4,2,2,422,8,Potential Loyalist,Jodhpur,Rajasthan,Email
CUST03532,19,1,47695.33,5,2,3,523,10,Potential Loyalist,Pune,Maharashtra,Email
CUST03533,328,1,50370.1,1,2,3,123,6,Hibernating,Vadodara,Gujarat,Direct
CUST03535,337,2,151556.59,1,4,5,145,10,Loyal,Kolkata,West Bengal,Email
CUST03536,84,1,12559.57,3,2,1,321,6,Need Attention,Hubli,Karnataka,Organic
CUST03538,47,4,221860.15999999997,4,5,5,455,14,Champions,Jaipur,Rajasthan,Social Media
CUST03539,2,1,92669.08,5,2,4,524,11,Potential Loyalist,Siliguri,West Bengal,Paid Search
CUST03540,0,9,376134.19,5,5,5,555,15,Champions,Kolkata,West Bengal,Paid Search
CUST03541,20,2,175884.31,5,4,5,545,14,Champions,Jaipur,Rajasthan,Direct
CUST03542,8,3,74459.04999999999,5,5,3,553,13,Loyal,Nagpur,Maharashtra,Organic
CUST03545,568,2,276413.85000000003,1,4,5,145,10,Loyal,Chennai,Tamil Nadu,Organic
CUST03546,456,1,47169.93,1,2,3,123,6,Hibernating,Bangalore,Karnataka,Paid Search
CUST03549,33,2,53063.56,4,4,3,443,11,Loyal,Kanpur,Uttar Pradesh,Referral
CUST03550,86,1,5931.25,3,2,1,321,6,Need Attention,Kanpur,Uttar Pradesh,Email
CUST03551,86,4,280467.19999999995,3,5,5,355,13,Loyal,Nagpur,Maharashtra,Referral
CUST03552,22,3,90740.10999999999,4,5,4,454,13,Champions,Surat,Gujarat,Organic
CUST03554,153,1,18978.72,2,2,2,222,6,Need Attention,Vadodara,Gujarat,Referral
CUST03558,3,3,14987.029999999999,5,5,1,551,11,Loyal,Madurai,Tamil Nadu,Referral
CUST03559,50,4,105960.8,4,5,4,454,13,Champions,Agra,Uttar Pradesh,Direct
CUST03566,255,1,64652.86,1,2,3,123,6,Hibernating,Hubli,Karnataka,Paid Search
CUST03569,188,1,75929.38,2,2,3,223,7,Need Attention,Coimbatore,Tamil Nadu,Direct
CUST03571,69,5,91239.49,3,5,4,354,12,Loyal,Bangalore,Karnataka,Paid Search
CUST03572,184,1,27481.28,2,2,2,222,6,Need Attention,Pune,Maharashtra,Referral
CUST03573,141,2,165381.18,2,4,5,245,11,Loyal,Kolkata,West Bengal,Direct
CUST03578,6,1,68459.38,5,2,3,523,10,Potential Loyalist,New Delhi,Delhi,Organic
CUST03579,154,2,9308.51,2,4,1,241,7,Loyal,New Delhi,Delhi,Referral
CUST03583,131,1,32355.6,2,2,2,222,6,Need Attention,Kolkata,West Bengal,Social Media
CUST03585,79,4,239524.82,3,5,5,355,13,Loyal,Pune,Maharashtra,Paid Search
CUST03586,268,3,94851.83,1,5,4,154,10,Loyal,Jaipur,Rajasthan,Paid Search
CUST03590,70,3,36737.79,3,5,2,352,10,Loyal,New Delhi,Delhi,Direct
CUST03592,211,1,5886.5,2,2,1,221,5,Need Attention,Kolkata,West Bengal,Social Media
CUST03594,7,4,53896.45,5,5,3,553,13,Loyal,Udaipur,Rajasthan,Paid Search
CUST03595,77,1,87603.08,3,2,4,324,9,Promising,Udaipur,Rajasthan,Email
CUST03596,61,2,90922.5,3,4,4,344,11,Loyal,New Delhi,Delhi,Email
CUST03597,242,1,31414.01,1,2,2,122,5,Hibernating,Jaipur,Rajasthan,Referral
CUST03598,104,4,183092.47,3,5,5,355,13,Loyal,Kolkata,West Bengal,Email
CUST03600,36,1,80838.87,4,2,4,424,10,Potential Loyalist,Kanpur,Uttar Pradesh,Direct
CUST03602,147,2,155337.78,2,4,5,245,11,Loyal,Kolkata,West Bengal,Referral
CUST03606,109,1,29438.25,3,2,2,322,7,Need Attention,Ahmedabad,Gujarat,Email
CUST03607,246,2,88150.69,1,4,4,144,9,Loyal,Lucknow,Uttar Pradesh,Social Media
CUST03611,32,2,213092.83000000002,4,4,5,445,13,Champions,Ahmedabad,Gujarat,Referral
CUST03614,239,2,62550.439999999995,1,4,3,143,8,Loyal,Delhi,Delhi,Social Media
CUST03616,316,1,63693.22,1,2,3,123,6,Hibernating,Ahmedabad,Gujarat,Social Media
CUST03619,226,1,6335.29,2,2,1,221,5,Need Attention,Udaipur,Rajasthan,Email
CUST03621,55,1,50108.869999999995,4,2,3,423,9,Potential Loyalist,Udaipur,Rajasthan,Organic
CUST03622,11,2,97763.29000000001,5,4,4,544,13,Champions,Siliguri,West Bengal,Organic
CUST03625,23,1,6821.5,4,2,1,421,7,Potential Loyalist,New Delhi,Delhi,Direct
CUST03626,0,4,422907.20000000007,5,5,5,555,15,Champions,Chennai,Tamil Nadu,Direct
CUST03627,443,1,34365.72,1,2,2,122,5,Hibernating,Mumbai,Maharashtra,Social Media
CUST03630,147,4,21618.53,2,5,2,252,9,Loyal,Ahmedabad,Gujarat,Paid Search
CUST03632,69,1,96626.53,3,2,4,324,9,Promising,Mumbai,Maharashtra,Organic
CUST03633,154,1,3600.28,2,2,1,221,5,Need Attention,Kanpur,Uttar Pradesh,Organic
CUST03634,6,5,188466.63,5,5,5,555,15,Champions,Kolkata,West Bengal,Paid Search
CUST03640,110,2,54501.9,3,4,3,343,10,Loyal,Lucknow,Uttar Pradesh,Direct
CUST03641,87,2,35798.18,3,4,2,342,9,Loyal,Surat,Gujarat,Organic
CUST03642,13,1,49771.48,5,2,3,523,10,Potential Loyalist,Siliguri,West Bengal,Email
CUST03644,359,2,30329.82,1,4,2,142,7,Loyal,Kolkata,West Bengal,Referral
CUST03645,6,4,84703.31,5,5,4,554,14,Champions,Surat,Gujarat,Referral
CUST03646,168,4,133133.55000000002,2,5,4,254,11,Loyal,Lucknow,Uttar Pradesh,Referral
CUST03648,216,1,89967.19,2,2,4,224,8,Need Attention,Mysore,Karnataka,Direct
CUST03650,5,2,53005.86,5,4,3,543,12,Loyal,Siliguri,West Bengal,Referral
CUST03651,159,6,133783.66,2,5,4,254,11,Loyal,Kanpur,Uttar Pradesh,Paid Search
CUST03652,3,5,273798.86,5,5,5,555,15,Champions,Kanpur,Uttar Pradesh,Paid Search
CUST03653,30,1,19901.359999999997,4,2,2,422,8,Potential Loyalist,Chennai,Tamil Nadu,Referral
CUST03654,268,4,269274.7,1,5,5,155,11,Loyal,Chennai,Tamil Nadu,Direct
CUST03658,158,1,57929.73,2,2,3,223,7,Need Attention,New Delhi,Delhi,Paid Search
CUST03660,388,1,23030.68,1,2,2,122,5,Hibernating,Agra,Uttar Pradesh,Referral
CUST03662,49,4,66730.94,4,5,3,453,12,Loyal,Bangalore,Karnataka,Organic
CUST03664,75,3,90727.97,3,5,4,354,12,Loyal,New Delhi,Delhi,Email
CUST03669,244,1,3503.01,1,2,1,121,4,Hibernating,Kanpur,Uttar Pradesh,Paid Search
CUST03670,2,4,113930.71,5,5,4,554,14,Champions,Hubli,Karnataka,Paid Search
CUST03672,76,2,21429.0,3,4,2,342,9,Loyal,Kanpur,Uttar Pradesh,Email
CUST03674,342,1,4706.03,1,2,1,121,4,Hibernating,Vadodara,Gujarat,Email
CUST03676,17,2,75764.37000000001,5,4,3,543,12,Loyal,Jaipur,Rajasthan,Organic
CUST03677,73,1,21310.33,3,2,2,322,7,Need Attention,Surat,Gujarat,Organic
CUST03679,0,3,345311.01,5,5,5,555,15,Champions,Surat,Gujarat,Paid Search
CUST03680,165,1,42741.87,2,2,2,222,6,Need Attention,Kolkata,West Bengal,Referral
CUST03681,0,2,6428.51,5,4,1,541,10,Loyal,Delhi,Delhi,Referral
CUST03682,19,2,15322.25,5,4,1,541,10,Loyal,Mumbai,Maharashtra,Referral
CUST03687,126,1,58997.45,2,2,3,223,7,Need Attention,Kolkata,West Bengal,Email
CUST03688,41,2,155534.65,4,4,5,445,13,Champions,Jaipur,Rajasthan,Referral
CUST03694,11,2,21645.93,5,4,2,542,11,Loyal,Ahmedabad,Gujarat,Email
CUST03697,419,3,89082.27,1,5,4,154,10,Loyal,Udaipur,Rajasthan,Direct
CUST03699,286,1,23297.17,1,2,2,122,5,Hibernating,Siliguri,West Bengal,Referral
CUST03700,12,1,28359.77,5,2,2,522,9,Potential Loyalist,Pune,Maharashtra,Organic
CUST03703,203,3,124627.56,2,5,4,254,11,Loyal,Pune,Maharashtra,Direct
CUST03706,572,1,8178.370000000001,1,2,1,121,4,Hibernating,Surat,Gujarat,Social Media
CUST03707,239,2,31842.93,1,4,2,142,7,Loyal,Vadodara,Gujarat,Direct
CUST03710,191,1,167416.03,2,2,5,225,9,Need Attention,Kanpur,Uttar Pradesh,Direct
CUST03711,135,1,62957.2,2,2,3,223,7,Need Attention,Kanpur,Uttar Pradesh,Organic
CUST03713,125,1,9180.35,2,2,1,221,5,Need Attention,Hubli,Karnataka,Email
CUST03718,260,1,26405.96,1,2,2,122,5,Hibernating,Jaipur,Rajasthan,Social Media
CUST03720,229,1,41303.46,2,2,2,222,6,Need Attention,Coimbatore,Tamil Nadu,Referral
CUST03722,262,1,188536.59999999998,1,2,5,125,8,Cannot Lose,Vadodara,Gujarat,Referral
CUST03723,119,1,66805.62,3,2,3,323,8,Promising,Bangalore,Karnataka,Direct
CUST03724,11,1,4411.03,5,2,1,521,8,Potential Loyalist,Siliguri,West Bengal,Organic
CUST03725,304,2,6719.86,1,4,1,141,6,Loyal,New Delhi,Delhi,Organic
CUST03726,0,2,159990.99,5,4,5,545,14,Champions,Mumbai,Maharashtra,Social Media
CUST03728,181,1,15499.68,2,2,1,221,5,Need Attention,Delhi,Delhi,Social Media
CUST03730,99,1,160807.47,3,2,5,325,10,Promising,Delhi,Delhi,Referral
CUST03732,566,1,67280.79,1,2,3,123,6,Hibernating,Lucknow,Uttar Pradesh,Organic
CUST03735,290,2,51918.88,1,4,3,143,8,Loyal,Lucknow,Uttar Pradesh,Referral
CUST03736,191,2,5968.120000000001,2,4,1,241,7,Loyal,Delhi,Delhi,Referral
CUST03738,3,1,1518.42,5,2,1,521,8,Potential Loyalist,Kolkata,West Bengal,Social Media
CUST03741,44,1,27236.54,4,2,2,422,8,Potential Loyalist,Bangalore,Karnataka,Organic
CUST03744,253,1,15658.52,1,2,1,121,4,Hibernating,Siliguri,West Bengal,Organic
CUST03745,315,1,54751.18000000001,1,2,3,123,6,Hibernating,Agra,Uttar Pradesh,Paid Search
CUST03746,105,5,240105.55000000002,3,5,5,355,13,Loyal,Pune,Maharashtra,Paid Search
CUST03748,177,2,16967.86,2,4,2,242,8,Loyal,Kolkata,West Bengal,Referral
CUST03751,106,2,7224.99,3,4,1,341,8,Loyal,Mumbai,Maharashtra,Social Media
CUST03752,140,2,75326.32,2,4,3,243,9,Loyal,Jodhpur,Rajasthan,Paid Search
CUST03754,270,1,6551.62,1,2,1,121,4,Hibernating,Madurai,Tamil Nadu,Paid Search
CUST03756,375,1,63624.43,1,2,3,123,6,Hibernating,Surat,Gujarat,Organic
CUST03757,57,4,92023.76,4,5,4,454,13,Champions,Chennai,Tamil Nadu,Paid Search
CUST03758,626,1,22118.63,1,2,2,122,5,Hibernating,Agra,Uttar Pradesh,Referral
CUST03759,27,1,79845.29000000001,4,2,4,424,10,Potential Loyalist,Coimbatore,Tamil Nadu,Direct
CUST03762,69,4,188041.24,3,5,5,355,13,Loyal,Mysore,Karnataka,Referral
CUST03765,149,3,56916.25,2,5,3,253,10,Loyal,Kanpur,Uttar Pradesh,Social Media
CUST03767,50,2,86052.15000000001,4,4,4,444,12,Champions,Kolkata,West Bengal,Referral
CUST03768,28,5,196157.64,4,5,5,455,14,Champions,Agra,Uttar Pradesh,Email
CUST03771,94,4,134559.43,3,5,4,354,12,Loyal,Bangalore,Karnataka,Referral
CUST03772,200,2,26375.11,2,4,2,242,8,Loyal,Ahmedabad,Gujarat,Email
CUST03779,29,1,10277.25,4,2,1,421,7,Potential Loyalist,Chennai,Tamil Nadu,Social Media
CUST03780,185,2,6797.51,2,4,1,241,7,Loyal,Jodhpur,Rajasthan,Organic
CUST03781,176,2,71600.47,2,4,3,243,9,Loyal,Udaipur,Rajasthan,Organic
CUST03785,183,1,21999.36,2,2,2,222,6,Need Attention,Delhi,Delhi,Paid Search
CUST03788,159,3,135955.14,2,5,4,254,11,Loyal,Kolkata,West Bengal,Paid Search
CUST03792,123,2,149179.81,2,4,5,245,11,Loyal,Mumbai,Maharashtra,Referral
CUST03794,161,1,9445.59,2,2,1,221,5,Need Attention,Surat,Gujarat,Direct
CUST03796,244,1,6672.95,1,2,1,121,4,Hibernating,Hubli,Karnataka,Paid Search
CUST03797,324,1,17372.49,1,2,2,122,5,Hibernating,Ahmedabad,Gujarat,Email
CUST03799,214,1,39503.48,2,2,2,222,6,Need Attention,Lucknow,Uttar Pradesh,Organic
CUST03800,53,3,98535.25,4,5,4,454,13,Champions,Delhi,Delhi,Referral
CUST03803,10,2,7477.48,5,4,1,541,10,Loyal,Kolkata,West Bengal,Organic
CUST03805,259,2,74917.39,1,4,3,143,8,Loyal,Mysore,Karnataka,Organic
CUST03806,92,2,64002.02999999999,3,4,3,343,10,Loyal,Surat,Gujarat,Organic
CUST03807,210,1,12400.51,2,2,1,221,5,Need Attention,Madurai,Tamil Nadu,Organic
CUST03808,23,3,135917.21,4,5,4,454,13,Champions,Kanpur,Uttar Pradesh,Email
CUST03810,235,1,3162.47,1,2,1,121,4,Hibernating,Kolkata,West Bengal,Social Media
CUST03811,10,2,34094.35,5,4,2,542,11,Loyal,Surat,Gujarat,Direct
CUST03813,335,1,1511.21,1,2,1,121,4,Hibernating,Jaipur,Rajasthan,Referral
CUST03816,121,5,166326.27000000002,2,5,5,255,12,Loyal,Hubli,Karnataka,Organic
CUST03818,644,1,43604.28,1,2,3,123,6,Hibernating,Coimbatore,Tamil Nadu,Organic
CUST03819,61,2,68897.45000000001,3,4,3,343,10,Loyal,Agra,Uttar Pradesh,Direct
CUST03820,93,3,99991.51,3,5,4,354,12,Loyal,Chennai,Tamil Nadu,Referral
CUST03822,331,2,4661.96,1,4,1,141,6,Loyal,Delhi,Delhi,Email
CUST03823,255,2,121668.97,1,4,4,144,9,Loyal,Kanpur,Uttar Pradesh,Paid Search
CUST03826,139,4,60649.18,2,5,3,253,10,Loyal,Agra,Uttar Pradesh,Paid Search
CUST03827,36,2,27493.55,4,4,2,442,10,Loyal,Hubli,Karnataka,Paid Search
CUST03829,339,1,15382.29,1,2,1,121,4,Hibernating,Hubli,Karnataka,Referral
CUST03832,2,4,216893.41000000003,5,5,5,555,15,Champions,Kolkata,West Bengal,Social Media
CUST03835,107,1,1548.02,3,2,1,321,6,Need Attention,Kanpur,Uttar Pradesh,Direct
CUST03836,23,2,65854.91,4,4,3,443,11,Loyal,New Delhi,Delhi,Referral
CUST03837,25,5,324772.38,4,5,5,455,14,Champions,Coimbatore,Tamil Nadu,Referral
CUST03840,92,1,44038.619999999995,3,2,3,323,8,Promising,Lucknow,Uttar Pradesh,Referral
CUST03841,71,3,149470.72,3,5,5,355,13,Loyal,Delhi,Delhi,Social Media
CUST03845,231,1,9025.99,2,2,1,221,5,Need Attention,Siliguri,West Bengal,Paid Search
CUST03846,6,1,54778.67,5,2,3,523,10,Potential Loyalist,Jaipur,Rajasthan,Organic
CUST03848,204,1,11269.65,2,2,1,221,5,Need Attention,New Delhi,Delhi,Social Media
CUST03855,19,7,237524.0,5,5,5,555,15,Champions,Hubli,Karnataka,Social Media
CUST03856,78,2,57040.95,3,4,3,343,10,Loyal,Agra,Uttar Pradesh,Social Media
CUST03857,120,3,287710.53,3,5,5,355,13,Loyal,Siliguri,West Bengal,Organic
CUST03858,222,2,112473.94,2,4,4,244,10,Loyal,Chennai,Tamil Nadu,Social Media
CUST03861,196,2,4975.2699999999995,2,4,1,241,7,Loyal,Bangalore,Karnataka,Email
CUST03863,88,2,56426.79,3,4,3,343,10,Loyal,Bangalore,Karnataka,Direct
CUST03866,69,2,27228.78,3,4,2,342,9,Loyal,Kolkata,West Bengal,Social Media
CUST03868,250,1,2502.43,1,2,1,121,4,Hibernating,Bangalore,Karnataka,Social Media
CUST03874,7,2,27157.62,5,4,2,542,11,Loyal,New Delhi,Delhi,Direct
CUST03877,1,4,267256.13,5,5,5,555,15,Champions,New Delhi,Delhi,Paid Search
CUST03880,42,2,11447.82,4,4,1,441,9,Loyal,Coimbatore,Tamil Nadu,Direct
CUST03883,105,1,7012.02,3,2,1,321,6,Need Attention,Nagpur,Maharashtra,Paid Search
CUST03884,101,2,48206.219999999994,3,4,3,343,10,Loyal,Bangalore,Karnataka,Paid Search
CUST03886,124,2,105046.37,2,4,4,244,10,Loyal,Delhi,Delhi,Direct
CUST03890,146,2,42692.84,2,4,2,242,8,Loyal,Madurai,Tamil Nadu,Organic
CUST03891,33,2,110010.62,4,4,4,444,12,Champions,Kanpur,Uttar Pradesh,Email
CUST03896,68,1,93010.85,3,2,4,324,9,Promising,Bangalore,Karnataka,Email
CUST03897,214,3,83805.06999999999,2,5,4,254,11,Loyal,Vadodara,Gujarat,Email
CUST03898,140,2,24055.36,2,4,2,242,8,Loyal,Kanpur,Uttar Pradesh,Email
CUST03899,8,2,19854.489999999998,5,4,2,542,11,Loyal,Pune,Maharashtra,Referral
CUST03900,20,2,6407.91,5,4,1,541,10,Loyal,Madurai,Tamil Nadu,Direct
CUST03901,111,3,128660.15999999999,3,5,4,354,12,Loyal,Delhi,Delhi,Organic
CUST03902,7,3,117539.4,5,5,4,554,14,Champions,Hubli,Karnataka,Social Media
CUST03906,146,2,126710.05,2,4,4,244,10,Loyal,Bangalore,Karnataka,Direct
CUST03907,30,3,383553.78,4,5,5,455,14,Champions,Mysore,Karnataka,Email
CUST03910,190,3,114064.19,2,5,4,254,11,Loyal,Hubli,Karnataka,Direct
CUST03911,1,9,414951.23000000004,5,5,5,555,15,Champions,Lucknow,Uttar Pradesh,Organic
CUST03912,48,1,80149.62000000001,4,2,4,424,10,Potential Loyalist,Jodhpur,Rajasthan,Referral
CUST03914,117,2,239296.45,3,4,5,345,12,Loyal,Pune,Maharashtra,Referral
CUST03916,196,3,64208.240000000005,2,5,3,253,10,Loyal,Mumbai,Maharashtra,Direct
CUST03917,209,3,65696.09,2,5,3,253,10,Loyal,Siliguri,West Bengal,Direct
CUST03918,47,2,185030.12,4,4,5,445,13,Champions,Vadodara,Gujarat,Email
CUST03920,197,4,33797.479999999996,2,5,2,252,9,Loyal,Coimbatore,Tamil Nadu,Paid Search
CUST03921,20,1,2302.93,5,2,1,521,8,Potential Loyalist,Coimbatore,Tamil Nadu,Social Media
CUST03923,11,5,206141.09999999998,5,5,5,555,15,Champions,Nagpur,Maharashtra,Direct
CUST03931,44,3,57776.74,4,5,3,453,12,Loyal,Coimbatore,Tamil Nadu,Direct
CUST03934,27,1,71465.23999999999,4,2,3,423,9,Potential Loyalist,Agra,Uttar Pradesh,Paid Search
CUST03935,177,2,93853.31,2,4,4,244,10,Loyal,Kanpur,Uttar Pradesh,Social Media
CUST03937,103,1,54026.04,3,2,3,323,8,Promising,Kolkata,West Bengal,Organic
CUST03939,31,1,2430.15,4,2,1,421,7,Potential Loyalist,Kolkata,West Bengal,Social Media
CUST03940,107,3,100864.47,3,5,4,354,12,Loyal,Mumbai,Maharashtra,Referral
CUST03941,49,2,42200.8,4,4,2,442,10,Loyal,Surat,Gujarat,Email
CUST03942,82,3,109347.31999999999,3,5,4,354,12,Loyal,Lucknow,Uttar Pradesh,Direct
CUST03943,166,1,16867.38,2,2,2,222,6,Need Attention,Mysore,Karnataka,Referral
CUST03949,96,1,51274.619999999995,3,2,3,323,8,Promising,Ahmedabad,Gujarat,Social Media
CUST03950,44,2,164399.72,4,4,5,445,13,Champions,Pune,Maharashtra,Paid Search
CUST03956,229,4,73941.26,2,5,3,253,10,Loyal,Hubli,Karnataka,Direct
CUST03959,5,1,27676.02,5,2,2,522,9,Potential Loyalist,Bangalore,Karnataka,Email
CUST03961,149,1,33723.520000000004,2,2,2,222,6,Need Attention,Kolkata,West Bengal,Organic
CUST03962,58,3,110065.66,4,5,4,454,13,Champions,Mumbai,Maharashtra,Email
CUST03967,111,1,62311.899999999994,3,2,3,323,8,Promising,Nagpur,Maharashtra,Direct
CUST03969,307,1,43436.91,1,2,3,123,6,Hibernating,Mysore,Karnataka,Email
CUST03975,22,1,131194.97999999998,4,2,4,424,10,Potential Loyalist,Surat,Gujarat,Referral
CUST03977,7,2,148094.11,5,4,5,545,14,Champions,Lucknow,Uttar Pradesh,Email
CUST03980,223,5,81532.85,2,5,4,254,11,Loyal,Nagpur,Maharashtra,Direct
CUST03981,323,2,105382.86,1,4,4,144,9,Loyal,Delhi,Delhi,Organic
CUST03983,46,1,12671.54,4,2,1,421,7,Potential Loyalist,Kolkata,West Bengal,Organic
CUST03986,34,4,367851.17,4,5,5,455,14,Champions,Ahmedabad,Gujarat,Referral
CUST03987,61,1,15160.74,3,2,1,321,6,Need Attention,Delhi,Delhi,Email
CUST03989,422,1,38670.67,1,2,2,122,5,Hibernating,Madurai,Tamil Nadu,Social Media
CUST03990,38,5,170782.42,4,5,5,455,14,Champions,Mumbai,Maharashtra,Paid Search
CUST03991,45,3,176296.66999999998,4,5,5,455,14,Champions,Nagpur,Maharashtra,Referral
CUST03993,60,1,111768.77,3,2,4,324,9,Promising,Delhi,Delhi,Organic
CUST03994,48,2,207382.01,4,4,5,445,13,Champions,Vadodara,Gujarat,Direct
CUST03996,85,2,138758.63,3,4,4,344,11,Loyal,Nagpur,Maharashtra,Organic
CUST03997,16,5,178657.2,5,5,5,555,15,Champions,Mysore,Karnataka,Social Media
CUST03999,134,1,63916.6,2,2,3,223,7,Need Attention,Delhi,Delhi,Email
CUST04000,90,3,97537.94,3,5,4,354,12,Loyal,Siliguri,West Bengal,Direct
CUST04001,5,6,119240.03,5,5,4,554,14,Champions,Jaipur,Rajasthan,Email
CUST04003,19,6,259547.7,5,5,5,555,15,Champions,Chennai,Tamil Nadu,Social Media
CUST04004,154,1,22020.690000000002,2,2,2,222,6,Need Attention,Lucknow,Uttar Pradesh,Email
CUST04008,205,2,83190.75,2,4,4,244,10,Loyal,Jaipur,Rajasthan,Referral
CUST04010,67,8,293711.47000000003,3,5,5,355,13,Loyal,New Delhi,Delhi,Social Media
CUST04011,162,1,21022.55,2,2,2,222,6,Need Attention,Madurai,Tamil Nadu,Email
CUST04013,81,1,94442.51000000001,3,2,4,324,9,Promising,Pune,Maharashtra,Organic
CUST04014,20,2,49613.700000000004,5,4,3,543,12,Loyal,Bangalore,Karnataka,Direct
CUST04016,1,4,120400.14,5,5,4,554,14,Champions,Siliguri,West Bengal,Email
CUST04017,53,2,103682.78000000001,4,4,4,444,12,Champions,Siliguri,West Bengal,Organic
CUST04018,316,1,17084.95,1,2,2,122,5,Hibernating,Siliguri,West Bengal,Referral
CUST04019,38,1,17066.37,4,2,2,422,8,Potential Loyalist,Chennai,Tamil Nadu,Email
CUST04020,14,1,62936.2,5,2,3,523,10,Potential Loyalist,Hubli,Karnataka,Direct
CUST04024,91,2,85554.87,3,4,4,344,11,Loyal,Mumbai,Maharashtra,Paid Search
CUST04027,501,1,26321.379999999997,1,2,2,122,5,Hibernating,Kolkata,West Bengal,Organic
CUST04028,276,1,112161.13,1,2,4,124,7,Cannot Lose,Madurai,Tamil Nadu,Social Media
CUST04029,20,2,24354.09,5,4,2,542,11,Loyal,Mysore,Karnataka,Email
CUST04034,96,1,64652.61,3,2,3,323,8,Promising,Nagpur,Maharashtra,Social Media
CUST04035,1,3,162727.00999999998,5,5,5,555,15,Champions,Kanpur,Uttar Pradesh,Organic
CUST04039,334,1,16871.33,1,2,2,122,5,Hibernating,Delhi,Delhi,Organic
CUST04040,7,8,232416.53999999998,5,5,5,555,15,Champions,Udaipur,Rajasthan,Direct
CUST04042,312,1,20300.32,1,2,2,122,5,Hibernating,Mysore,Karnataka,Organic
CUST04049,50,1,7707.79,4,2,1,421,7,Potential Loyalist,Kolkata,West Bengal,Paid Search
CUST04053,143,2,80714.51,2,4,4,244,10,Loyal,Kanpur,Uttar Pradesh,Email
CUST04056,468,2,140741.16999999998,1,4,4,144,9,Loyal,Kanpur,Uttar Pradesh,Organic
CUST04057,58,1,4096.59,4,2,1,421,7,Potential Loyalist,Madurai,Tamil Nadu,Social Media
CUST04058,204,1,9229.25,2,2,1,221,5,Need Attention,Udaipur,Rajasthan,Organic
CUST04061,196,1,38500.95,2,2,2,222,6,Need Attention,Udaipur,Rajasthan,Email
CUST04073,278,3,140724.38,1,5,4,154,10,Loyal,Surat,Gujarat,Direct
CUST04074,240,1,50049.33,1,2,3,123,6,Hibernating,Siliguri,West Bengal,Organic
CUST04079,207,3,31937.64,2,5,2,252,9,Loyal,Lucknow,Uttar Pradesh,Referral
CUST04082,509,2,12906.52,1,4,1,141,6,Loyal,Madurai,Tamil Nadu,Email
CUST04083,168,3,141003.16999999998,2,5,4,254,11,Loyal,Agra,Uttar Pradesh,Social Media
CUST04085,2,3,171050.59,5,5,5,555,15,Champions,Hubli,Karnataka,Organic
CUST04088,97,4,82461.94,3,5,4,354,12,Loyal,Ahmedabad,Gujarat,Paid Search
CUST04091,37,1,140099.32,4,2,4,424,10,Potential Loyalist,Kolkata,West Bengal,Email
CUST04093,380,1,19907.05,1,2,2,122,5,Hibernating,Kolkata,West Bengal,Email
CUST04095,4,2,89105.75,5,4,4,544,13,Champions,Coimbatore,Tamil Nadu,Direct
CUST04101,432,1,88501.31,1,2,4,124,7,Cannot Lose,Agra,Uttar Pradesh,Paid Search
CUST04104,37,6,90629.51999999999,4,5,4,454,13,Champions,Delhi,Delhi,Email
CUST04105,138,2,15256.849999999999,2,4,1,241,7,Loyal,Madurai,Tamil Nadu,Paid Search
CUST04106,501,3,83480.26999999999,1,5,4,154,10,Loyal,Kanpur,Uttar Pradesh,Paid Search
CUST04107,8,2,33312.72,5,4,2,542,11,Loyal,Mysore,Karnataka,Referral
CUST04109,224,1,91930.48000000001,2,2,4,224,8,Need Attention,Vadodara,Gujarat,Referral
CUST04111,4,2,129198.53,5,4,4,544,13,Champions,Madurai,Tamil Nadu,Paid Search
CUST04112,246,1,91693.15999999999,1,2,4,124,7,Cannot Lose,Ahmedabad,Gujarat,Paid Search
CUST04117,1,1,138205.97999999998,5,2,4,524,11,Potential Loyalist,Agra,Uttar Pradesh,Email
CUST04119,7,4,208899.43000000002,5,5,5,555,15,Champions,New Delhi,Delhi,Paid Search
CUST04121,15,2,92002.01000000001,5,4,4,544,13,Champions,Mysore,Karnataka,Paid Search
CUST04122,122,2,51714.65,2,4,3,243,9,Loyal,Mysore,Karnataka,Social Media
CUST04123,22,4,47770.350000000006,4,5,3,453,12,Loyal,Surat,Gujarat,Paid Search
CUST04126,63,7,232711.1,3,5,5,355,13,Loyal,Siliguri,West Bengal,Social Media
CUST04127,1,2,10258.57,5,4,1,541,10,Loyal,Lucknow,Uttar Pradesh,Direct
CUST04131,37,1,26644.190000000002,4,2,2,422,8,Potential Loyalist,Delhi,Delhi,Organic
CUST04136,399,1,5385.43,1,2,1,121,4,Hibernating,Lucknow,Uttar Pradesh,Paid Search
CUST04138,186,2,78695.33,2,4,4,244,10,Loyal,Agra,Uttar Pradesh,Direct
CUST04143,121,1,9479.78,2,2,1,221,5,Need Attention,Delhi,Delhi,Social Media
CUST04145,246,2,27301.010000000002,1,4,2,142,7,Loyal,Mysore,Karnataka,Social Media
CUST04147,57,2,30511.69,4,4,2,442,10,Loyal,Madurai,Tamil Nadu,Direct
CUST04151,188,2,192201.76,2,4,5,245,11,Loyal,Siliguri,West Bengal,Direct
CUST04152,146,2,11535.64,2,4,1,241,7,Loyal,Agra,Uttar Pradesh,Referral
CUST04153,210,1,30652.93,2,2,2,222,6,Need Attention,Mumbai,Maharashtra,Social Media
CUST04155,303,3,143811.54,1,5,5,155,11,Loyal,Chennai,Tamil Nadu,Direct
CUST04156,31,1,54048.3,4,2,3,423,9,Potential Loyalist,New Delhi,Delhi,Organic
CUST04157,211,1,6731.04,2,2,1,221,5,Need Attention,New Delhi,Delhi,Direct
CUST04159,21,3,195072.52000000002,5,5,5,555,15,Champions,Hubli,Karnataka,Paid Search
CUST04160,267,1,22178.329999999998,1,2,2,122,5,Hibernating,Jaipur,Rajasthan,Paid Search
CUST04162,543,1,167550.95,1,2,5,125,8,Cannot Lose,Jodhpur,Rajasthan,Email
CUST04163,41,4,172500.83,4,5,5,455,14,Champions,Jaipur,Rajasthan,Paid Search
CUST04166,105,2,12831.5,3,4,1,341,8,Loyal,Pune,Maharashtra,Paid Search
CUST04167,73,5,241521.22,3,5,5,355,13,Loyal,Jodhpur,Rajasthan,Direct
CUST04169,161,2,109865.56,2,4,4,244,10,Loyal,Jaipur,Rajasthan,Direct
CUST04170,3,1,2917.58,5,2,1,521,8,Potential Loyalist,Mysore,Karnataka,Direct
CUST04171,368,1,3746.09,1,2,1,121,4,Hibernating,Udaipur,Rajasthan,Direct
CUST04173,1,7,295656.69,5,5,5,555,15,Champions,New Delhi,Delhi,Direct
CUST04174,53,1,143157.59,4,2,5,425,11,Potential Loyalist,Hubli,Karnataka,Referral
CUST04175,51,6,179016.25999999998,4,5,5,455,14,Champions,Hubli,Karnataka,Social Media
CUST04176,554,1,22643.29,1,2,2,122,5,Hibernating,New Delhi,Delhi,Paid Search
CUST04178,165,1,56496.41,2,2,3,223,7,Need Attention,Coimbatore,Tamil Nadu,Email
CUST04183,33,5,548857.62,4,5,5,455,14,Champions,Bangalore,Karnataka,Referral
CUST04184,3,1,3312.0,5,2,1,521,8,Potential Loyalist,Jaipur,Rajasthan,Paid Search
CUST04187,22,2,245322.40999999997,4,4,5,445,13,Champions,Udaipur,Rajasthan,Organic
CUST04188,170,3,46127.39000000001,2,5,3,253,10,Loyal,Ahmedabad,Gujarat,Email
CUST04191,41,2,294391.82999999996,4,4,5,445,13,Champions,Nagpur,Maharashtra,Paid Search
CUST04193,225,1,8112.33,2,2,1,221,5,Need Attention,Udaipur,Rajasthan,Email
CUST04194,75,3,21219.32,3,5,2,352,10,Loyal,Jodhpur,Rajasthan,Direct
CUST04196,39,3,32773.22,4,5,2,452,11,Loyal,Madurai,Tamil Nadu,Email
CUST04197,32,4,254521.53999999998,4,5,5,455,14,Champions,Mumbai,Maharashtra,Organic
CUST04198,538,1,9305.29,1,2,1,121,4,Hibernating,Coimbatore,Tamil Nadu,Direct
CUST04200,35,3,59640.73,4,5,3,453,12,Loyal,New Delhi,Delhi,Direct
CUST04201,167,1,8465.33,2,2,1,221,5,Need Attention,Mumbai,Maharashtra,Direct
CUST04202,194,1,646.85,2,2,1,221,5,Need Attention,Vadodara,Gujarat,Organic
CUST04206,324,2,73234.86,1,4,3,143,8,Loyal,Jaipur,Rajasthan,Email
CUST04207,270,1,152172.85,1,2,5,125,8,Cannot Lose,Kolkata,West Bengal,Direct
CUST04213,31,4,149177.04,4,5,5,455,14,Champions,Pune,Maharashtra,Paid Search
CUST04214,129,3,20872.16,2,5,2,252,9,Loyal,Jaipur,Rajasthan,Paid Search
CUST04215,120,2,29228.33,3,4,2,342,9,Loyal,Chennai,Tamil Nadu,Social Media
CUST04217,27,4,309998.52999999997,4,5,5,455,14,Champions,Nagpur,Maharashtra,Paid Search
CUST04218,252,1,54881.979999999996,1,2,3,123,6,Hibernating,Agra,Uttar Pradesh,Organic
CUST04221,321,1,50367.15,1,2,3,123,6,Hibernating,Ahmedabad,Gujarat,Paid Search
CUST04223,156,2,74995.17000000001,2,4,3,243,9,Loyal,Surat,Gujarat,Direct
CUST04224,162,1,45047.509999999995,2,2,3,223,7,Need Attention,Mumbai,Maharashtra,Direct
CUST04225,329,1,22878.96,1,2,2,122,5,Hibernating,Ahmedabad,Gujarat,Direct
CUST04227,33,4,187557.24,4,5,5,455,14,Champions,Delhi,Delhi,Paid Search
CUST04230,5,4,126828.84999999999,5,5,4,554,14,Champions,New Delhi,Delhi,Paid Search
CUST04232,48,1,71944.1,4,2,3,423,9,Potential Loyalist,Jaipur,Rajasthan,Email
CUST04233,4,1,49899.06,5,2,3,523,10,Potential Loyalist,Mumbai,Maharashtra,Email
CUST04237,32,5,180873.96,4,5,5,455,14,Champions,Surat,Gujarat,Social Media
CUST04238,24,3,36067.38,4,5,2,452,11,Loyal,Mumbai,Maharashtra,Direct
CUST04239,0,3,49742.229999999996,5,5,3,553,13,Loyal,Mumbai,Maharashtra,Organic
CUST04242,4,5,151659.78,5,5,5,555,15,Champions,Mysore,Karnataka,Referral
CUST04245,6,4,232227.11,5,5,5,555,15,Champions,Kanpur,Uttar Pradesh,Referral
CUST04247,3,2,4441.889999999999,5,4,1,541,10,Loyal,Bangalore,Karnataka,Paid Search
CUST04248,96,1,44383.19,3,2,3,323,8,Promising,Kolkata,West Bengal,Organic
CUST04253,562,1,16603.74,1,2,1,121,4,Hibernating,Pune,Maharashtra,Organic
CUST04254,164,1,37827.969999999994,2,2,2,222,6,Need Attention,Pune,Maharashtra,Referral
CUST04255,481,1,34505.88,1,2,2,122,5,Hibernating,Pune,Maharashtra,Direct
CUST04256,193,3,36678.79,2,5,2,252,9,Loyal,Bangalore,Karnataka,Social Media
CUST04257,343,1,2664.94,1,2,1,121,4,Hibernating,Kanpur,Uttar Pradesh,Social Media
CUST04260,207,1,25680.5,2,2,2,222,6,Need Attention,Surat,Gujarat,Referral
CUST04262,10,3,77090.58999999998,5,5,4,554,14,Champions,Pune,Maharashtra,Paid Search
CUST04267,189,2,80874.25,2,4,4,244,10,Loyal,Siliguri,West Bengal,Referral
CUST04268,211,1,18838.5,2,2,2,222,6,Need Attention,Vadodara,Gujarat,Email
CUST04271,154,2,19627.67,2,4,2,242,8,Loyal,Agra,Uttar Pradesh,Paid Search
CUST04273,161,1,1097.5,2,2,1,221,5,Need Attention,Agra,Uttar Pradesh,Organic
CUST04274,2,3,131514.41,5,5,4,554,14,Champions,Mysore,Karnataka,Paid Search
CUST04275,57,4,351364.95999999996,4,5,5,455,14,Champions,Nagpur,Maharashtra,Social Media
CUST04276,235,1,173733.77,1,2,5,125,8,Cannot Lose,Jodhpur,Rajasthan,Email
CUST04277,11,5,324578.0,5,5,5,555,15,Champions,Madurai,Tamil Nadu,Organic
CUST04281,40,7,403671.11,4,5,5,455,14,Champions,Jodhpur,Rajasthan,Email
CUST04283,307,1,5307.12,1,2,1,121,4,Hibernating,Madurai,Tamil Nadu,Direct
CUST04284,687,1,64041.5,1,2,3,123,6,Hibernating,Agra,Uttar Pradesh,Email
CUST04285,4,1,3943.54,5,2,1,521,8,Potential Loyalist,Jaipur,Rajasthan,Organic
CUST04286,3,3,199732.83000000002,5,5,5,555,15,Champions,Delhi,Delhi,Direct
CUST04290,12,4,93865.7,5,5,4,554,14,Champions,Lucknow,Uttar Pradesh,Email
CUST04292,222,1,58675.509999999995,2,2,3,223,7,Need Attention,Jaipur,Rajasthan,Organic
CUST04293,24,1,9073.62,4,2,1,421,7,Potential Loyalist,Nagpur,Maharashtra,Email
CUST04296,91,2,85561.03,3,4,4,344,11,Loyal,New Delhi,Delhi,Referral
CUST04301,33,2,80450.26,4,4,4,444,12,Champions,New Delhi,Delhi,Referral
CUST04302,0,7,352809.14,5,5,5,555,15,Champions,Agra,Uttar Pradesh,Referral
CUST04303,160,2,62535.25,2,4,3,243,9,Loyal,Bangalore,Karnataka,Email
CUST04304,48,1,250791.38,4,2,5,425,11,Potential Loyalist,Lucknow,Uttar Pradesh,Email
CUST04305,277,1,63502.21,1,2,3,123,6,Hibernating,Delhi,Delhi,Direct
CUST04306,261,3,100737.20999999999,1,5,4,154,10,Loyal,Udaipur,Rajasthan,Direct
CUST04307,15,2,48188.22,5,4,3,543,12,Loyal,Nagpur,Maharashtra,Social Media
CUST04308,23,1,3132.22,4,2,1,421,7,Potential Loyalist,Mysore,Karnataka,Organic
CUST04309,532,1,28356.630000000005,1,2,2,122,5,Hibernating,Mysore,Karnataka,Referral
CUST04310,47,5,188876.93,4,5,5,455,14,Champions,Chennai,Tamil Nadu,Referral
CUST04312,97,4,192217.83,3,5,5,355,13,Loyal,Mysore,Karnataka,Email
CUST04316,182,4,154149.34,2,5,5,255,12,Loyal,Pune,Maharashtra,Referral
CUST04317,517,1,29298.99,1,2,2,122,5,Hibernating,New Delhi,Delhi,Referral
CUST04318,138,1,2361.35,2,2,1,221,5,Need Attention,Ahmedabad,Gujarat,Referral
CUST04319,442,1,12342.53,1,2,1,121,4,Hibernating,Vadodara,Gujarat,Paid Search
CUST04321,17,5,150130.62,5,5,5,555,15,Champions,Coimbatore,Tamil Nadu,Email
CUST04322,4,6,351186.83999999997,5,5,5,555,15,Champions,Madurai,Tamil Nadu,Organic
CUST04327,64,2,93912.95,3,4,4,344,11,Loyal,Coimbatore,Tamil Nadu,Direct
CUST04329,190,1,86592.19,2,2,4,224,8,Need Attention,Chennai,Tamil Nadu,Referral
CUST04332,14,4,123205.57,5,5,4,554,14,Champions,Siliguri,West Bengal,Direct
CUST04333,44,5,194289.31,4,5,5,455,14,Champions,Surat,Gujarat,Social Media
CUST04337,12,1,22272.08,5,2,2,522,9,Potential Loyalist,Kolkata,West Bengal,Referral
CUST04340,9,1,18032.13,5,2,2,522,9,Potential Loyalist,Siliguri,West Bengal,Email
CUST04342,12,2,23394.98,5,4,2,542,11,Loyal,Bangalore,Karnataka,Social Media
CUST04343,19,1,2431.05,5,2,1,521,8,Potential Loyalist,Siliguri,West Bengal,Social Media
CUST04344,99,1,32285.54,3,2,2,322,7,Need Attention,Madurai,Tamil Nadu,Email
CUST04347,349,1,21683.55,1,2,2,122,5,Hibernating,Kanpur,Uttar Pradesh,Direct
CUST04349,22,2,32783.57,4,4,2,442,10,Loyal,New Delhi,Delhi,Direct
CUST04350,182,2,65113.590000000004,2,4,3,243,9,Loyal,Madurai,Tamil Nadu,Referral
CUST04351,17,3,87963.81,5,5,4,554,14,Champions,Ahmedabad,Gujarat,Organic
CUST04354,229,1,25557.94,2,2,2,222,6,Need Attention,Kolkata,West Bengal,Organic
CUST04355,2,1,49088.25,5,2,3,523,10,Potential Loyalist,Kanpur,Uttar Pradesh,Social Media
CUST04358,202,1,3567.45,2,2,1,221,5,Need Attention,Lucknow,Uttar Pradesh,Organic
CUST04359,130,2,16325.28,2,4,1,241,7,Loyal,Siliguri,West Bengal,Direct
CUST04360,293,1,4940.48,1,2,1,121,4,Hibernating,Siliguri,West Bengal,Referral
CUST04361,34,2,51586.990000000005,4,4,3,443,11,Loyal,Surat,Gujarat,Social Media
CUST04368,65,1,65650.70000000001,3,2,3,323,8,Promising,Mumbai,Maharashtra,Referral
CUST04369,43,1,4207.36,4,2,1,421,7,Potential Loyalist,Ahmedabad,Gujarat,Organic
CUST04371,55,2,179411.25,4,4,5,445,13,Champions,Delhi,Delhi,Paid Search
CUST04374,68,1,11956.57,3,2,1,321,6,Need Attention,Kolkata,West Bengal,Organic
CUST04376,11,2,126345.23000000001,5,4,4,544,13,Champions,Agra,Uttar Pradesh,Email
CUST04377,97,6,205419.56,3,5,5,355,13,Loyal,Mumbai,Maharashtra,Email
CUST04379,41,5,137167.59,4,5,4,454,13,Champions,Udaipur,Rajasthan,Paid Search
CUST04380,60,2,99010.53,3,4,4,344,11,Loyal,Delhi,Delhi,Referral
CUST04381,103,2,6538.1900000000005,3,4,1,341,8,Loyal,Jaipur,Rajasthan,Direct
CUST04384,262,1,1056.58,1,2,1,121,4,Hibernating,Lucknow,Uttar Pradesh,Direct
CUST04386,63,3,59130.39,3,5,3,353,11,Loyal,Kolkata,West Bengal,Referral
CUST04390,259,1,3073.88,1,2,1,121,4,Hibernating,Lucknow,Uttar Pradesh,Organic
CUST04391,22,4,170461.2,4,5,5,455,14,Champions,Kanpur,Uttar Pradesh,Direct
CUST04393,604,1,5550.82,1,2,1,121,4,Hibernating,Bangalore,Karnataka,Paid Search
CUST04394,250,1,26628.94,1,2,2,122,5,Hibernating,Jodhpur,Rajasthan,Email
CUST04397,62,3,39811.24,3,5,2,352,10,Loyal,Agra,Uttar Pradesh,Direct
CUST04398,703,1,92139.20000000001,1,2,4,124,7,Cannot Lose,Delhi,Delhi,Paid Search
CUST04402,15,4,74191.23000000001,5,5,3,553,13,Loyal,Chennai,Tamil Nadu,Referral
CUST04405,361,3,83829.51,1,5,4,154,10,Loyal,Lucknow,Uttar Pradesh,Organic
CUST04406,221,1,161948.2,2,2,5,225,9,Need Attention,Hubli,Karnataka,Organic
CUST04407,140,3,116400.54000000001,2,5,4,254,11,Loyal,Jodhpur,Rajasthan,Email
CUST04408,40,2,119901.16,4,4,4,444,12,Champions,Mysore,Karnataka,Social Media
CUST04411,197,2,18296.32,2,4,2,242,8,Loyal,Vadodara,Gujarat,Organic
CUST04412,269,3,62215.75,1,5,3,153,9,Loyal,Coimbatore,Tamil Nadu,Direct
CUST04413,5,1,13600.25,5,2,1,521,8,Potential Loyalist,Nagpur,Maharashtra,Direct
CUST04414,347,3,189776.25,1,5,5,155,11,Loyal,Ahmedabad,Gujarat,Direct
CUST04416,243,2,85560.34999999999,1,4,4,144,9,Loyal,Agra,Uttar Pradesh,Direct
CUST04424,196,1,77591.36,2,2,4,224,8,Need Attention,Jaipur,Rajasthan,Email
CUST04425,60,3,91756.06000000001,3,5,4,354,12,Loyal,Bangalore,Karnataka,Organic
CUST04426,40,3,146073.3,4,5,5,455,14,Champions,Jaipur,Rajasthan,Referral
CUST04429,126,2,45006.95,2,4,3,243,9,Loyal,Bangalore,Karnataka,Paid Search
CUST04430,38,1,3110.21,4,2,1,421,7,Potential Loyalist,Mumbai,Maharashtra,Organic
CUST04433,11,2,69385.5,5,4,3,543,12,Loyal,Udaipur,Rajasthan,Referral
CUST04435,47,6,126812.72,4,5,4,454,13,Champions,Mysore,Karnataka,Organic
CUST04436,316,1,65096.159999999996,1,2,3,123,6,Hibernating,Kanpur,Uttar Pradesh,Direct
CUST04437,56,1,9053.45,4,2,1,421,7,Potential Loyalist,Hubli,Karnataka,Email
CUST04438,275,1,25541.79,1,2,2,122,5,Hibernating,Kanpur,Uttar Pradesh,Email
CUST04439,1,2,97078.47,5,4,4,544,13,Champions,Coimbatore,Tamil Nadu,Social Media
CUST04440,92,1,38005.17,3,2,2,322,7,Need Attention,Vadodara,Gujarat,Organic
CUST04441,54,1,80920.48000000001,4,2,4,424,10,Potential Loyalist,Madurai,Tamil Nadu,Organic
CUST04443,68,2,157869.31999999998,3,4,5,345,12,Loyal,Siliguri,West Bengal,Organic
CUST04444,24,2,66542.83,4,4,3,443,11,Loyal,Pune,Maharashtra,Referral
CUST04445,202,1,5041.72,2,2,1,221,5,Need Attention,Siliguri,West Bengal,Organic
CUST04446,93,3,25071.91,3,5,2,352,10,Loyal,Siliguri,West Bengal,Social Media
CUST04448,208,1,3859.11,2,2,1,221,5,Need Attention,Udaipur,Rajasthan,Social Media
CUST04450,248,2,46079.950000000004,1,4,3,143,8,Loyal,Pune,Maharashtra,Email
CUST04451,38,12,365822.57999999996,4,5,5,455,14,Champions,Kolkata,West Bengal,Social Media
CUST04452,279,1,13733.03,1,2,1,121,4,Hibernating,Siliguri,West Bengal,Paid Search
CUST04453,12,1,25639.28,5,2,2,522,9,Potential Loyalist,Jaipur,Rajasthan,Email
CUST04454,223,1,47344.4,2,2,3,223,7,Need Attention,Kolkata,West Bengal,Referral
CUST04455,329,1,32557.22,1,2,2,122,5,Hibernating,Udaipur,Rajasthan,Organic
CUST04456,347,1,1058.05,1,2,1,121,4,Hibernating,Vadodara,Gujarat,Referral
CUST04459,17,2,84608.64,5,4,4,544,13,Champions,Mumbai,Maharashtra,Paid Search
CUST04461,108,2,107312.97,3,4,4,344,11,Loyal,Delhi,Delhi,Organic
CUST04465,76,1,25848.57,3,2,2,322,7,Need Attention,Hubli,Karnataka,Direct
CUST04467,10,3,97147.07,5,5,4,554,14,Champions,Hubli,Karnataka,Direct
CUST04468,13,2,47113.22,5,4,3,543,12,Loyal,Delhi,Delhi,Organic
CUST04470,123,2,27925.75,2,4,2,242,8,Loyal,New Delhi,Delhi,Email
CUST04471,549,1,11992.35,1,2,1,121,4,Hibernating,Mysore,Karnataka,Organic
CUST04472,95,1,86133.2,3,2,4,324,9,Promising,Surat,Gujarat,Paid Search
CUST04474,319,1,18028.510000000002,1,2,2,122,5,Hibernating,Pune,Maharashtra,Referral
CUST04475,58,1,78121.26000000001,4,2,4,424,10,Potential Loyalist,Nagpur,Maharashtra,Paid Search
CUST04476,166,3,212031.68000000002,2,5,5,255,12,Loyal,Jaipur,Rajasthan,Direct
CUST04480,7,2,6680.96,5,4,1,541,10,Loyal,New Delhi,Delhi,Email
CUST04483,61,1,118413.6,3,2,4,324,9,Promising,Jaipur,Rajasthan,Organic
CUST04486,63,1,26912.920000000002,3,2,2,322,7,Need Attention,Mumbai,Maharashtra,Organic
CUST04487,45,2,74620.04,4,4,3,443,11,Loyal,Nagpur,Maharashtra,Paid Search
CUST04489,10,1,680.26,5,2,1,521,8,Potential Loyalist,Nagpur,Maharashtra,Social Media
CUST04493,675,1,3676.37,1,2,1,121,4,Hibernating,Agra,Uttar Pradesh,Direct
CUST04494,312,2,46668.69,1,4,3,143,8,Loyal,Agra,Uttar Pradesh,Direct
CUST04495,396,1,7988.84,1,2,1,121,4,Hibernating,Lucknow,Uttar Pradesh,Direct
CUST04496,146,5,177019.25,2,5,5,255,12,Loyal,Jodhpur,Rajasthan,Email
CUST04497,257,3,93044.17,1,5,4,154,10,Loyal,Coimbatore,Tamil Nadu,Social Media
CUST04500,81,1,47295.69,3,2,3,323,8,Promising,Jaipur,Rajasthan,Social Media
CUST04501,59,2,94712.92,4,4,4,444,12,Champions,Madurai,Tamil Nadu,Organic
CUST04502,121,1,7192.57,2,2,1,221,5,Need Attention,Ahmedabad,Gujarat,Paid Search
CUST04505,29,3,105837.66,4,5,4,454,13,Champions,Jodhpur,Rajasthan,Email
CUST04506,33,2,61468.16,4,4,3,443,11,Loyal,Delhi,Delhi,Email
CUST04509,82,1,10003.71,3,2,1,321,6,Need Attention,Madurai,Tamil Nadu,Social Media
CUST04512,104,7,255702.40000000002,3,5,5,355,13,Loyal,New Delhi,Delhi,Social Media
CUST04513,32,2,105974.09,4,4,4,444,12,Champions,Jodhpur,Rajasthan,Social Media
CUST04514,154,2,77955.45,2,4,4,244,10,Loyal,Siliguri,West Bengal,Referral
CUST04516,90,3,228836.5,3,5,5,355,13,Loyal,Madurai,Tamil Nadu,Paid Search
CUST04517,79,3,256368.69,3,5,5,355,13,Loyal,Nagpur,Maharashtra,Social Media
CUST04518,88,1,3267.1,3,2,1,321,6,Need Attention,Pune,Maharashtra,Direct
CUST04521,11,1,17773.8,5,2,2,522,9,Potential Loyalist,Kolkata,West Bengal,Email
CUST04522,10,1,68223.49,5,2,3,523,10,Potential Loyalist,Delhi,Delhi,Social Media
CUST04523,40,1,52466.03,4,2,3,423,9,Potential Loyalist,Kolkata,West Bengal,Direct
CUST04525,274,2,34509.17,1,4,2,142,7,Loyal,Ahmedabad,Gujarat,Social Media
CUST04528,27,3,72905.18000000001,4,5,3,453,12,Loyal,Ahmedabad,Gujarat,Organic
CUST04529,156,2,89742.01999999999,2,4,4,244,10,Loyal,Mumbai,Maharashtra,Social Media
CUST04530,29,2,225621.02000000002,4,4,5,445,13,Champions,Madurai,Tamil Nadu,Paid Search
CUST04531,14,5,206404.47,5,5,5,555,15,Champions,Kanpur,Uttar Pradesh,Direct
CUST04534,4,1,15157.17,5,2,1,521,8,Potential Loyalist,Udaipur,Rajasthan,Email
CUST04535,36,2,110784.39,4,4,4,444,12,Champions,Vadodara,Gujarat,Organic
CUST04536,12,1,1303.54,5,2,1,521,8,Potential Loyalist,Bangalore,Karnataka,Organic
CUST04537,20,2,65825.19,5,4,3,543,12,Loyal,Coimbatore,Tamil Nadu,Direct
CUST04542,26,1,32045.07,4,2,2,422,8,Potential Loyalist,Delhi,Delhi,Social Media
CUST04543,47,4,159628.5,4,5,5,455,14,Champions,Ahmedabad,Gujarat,Organic
CUST04545,17,2,92719.55,5,4,4,544,13,Champions,Nagpur,Maharashtra,Organic
CUST04546,419,2,87715.98,1,4,4,144,9,Loyal,Kolkata,West Bengal,Organic
CUST04547,29,2,90375.68,4,4,4,444,12,Champions,Jodhpur,Rajasthan,Social Media
CUST04550,276,1,8606.119999999999,1,2,1,121,4,Hibernating,Kanpur,Uttar Pradesh,Email
CUST04551,20,3,69278.36,5,5,3,553,13,Loyal,Chennai,Tamil Nadu,Organic
CUST04552,105,1,59138.09,3,2,3,323,8,Promising,Jodhpur,Rajasthan,Paid Search
CUST04554,111,2,143560.65,3,4,5,345,12,Loyal,Mumbai,Maharashtra,Referral
CUST04555,52,1,12777.9,4,2,1,421,7,Potential Loyalist,Surat,Gujarat,Paid Search
CUST04556,98,3,90612.31,3,5,4,354,12,Loyal,Lucknow,Uttar Pradesh,Referral
CUST04557,6,1,2246.27,5,2,1,521,8,Potential Loyalist,New Delhi,Delhi,Direct
CUST04558,280,1,36373.81,1,2,2,122,5,Hibernating,New Delhi,Delhi,Paid Search
CUST04562,335,2,141258.5,1,4,4,144,9,Loyal,Siliguri,West Bengal,Paid Search
CUST04564,42,1,24361.58,4,2,2,422,8,Potential Loyalist,Chennai,Tamil Nadu,Email
CUST04566,56,4,173693.41999999998,4,5,5,455,14,Champions,Jodhpur,Rajasthan,Email
CUST04567,280,1,7563.46,1,2,1,121,4,Hibernating,Delhi,Delhi,Social Media
CUST04569,71,1,74686.45999999999,3,2,3,323,8,Promising,New Delhi,Delhi,Direct
CUST04570,30,2,148458.69999999998,4,4,5,445,13,Champions,Surat,Gujarat,Email
CUST04571,250,1,15218.58,1,2,1,121,4,Hibernating,Kanpur,Uttar Pradesh,Referral
CUST04572,246,1,2102.54,1,2,1,121,4,Hibernating,New Delhi,Delhi,Referral
CUST04573,35,1,1415.87,4,2,1,421,7,Potential Loyalist,Ahmedabad,Gujarat,Paid Search
CUST04575,189,1,6713.46,2,2,1,221,5,Need Attention,New Delhi,Delhi,Direct
CUST04577,12,1,60652.85,5,2,3,523,10,Potential Loyalist,Udaipur,Rajasthan,Organic
CUST04578,9,4,66170.24,5,5,3,553,13,Loyal,Mysore,Karnataka,Organic
CUST04580,33,1,59877.130000000005,4,2,3,423,9,Potential Loyalist,Hubli,Karnataka,Email
CUST04582,338,1,24765.19,1,2,2,122,5,Hibernating,Mysore,Karnataka,Email
CUST04584,58,3,63982.28,4,5,3,453,12,Loyal,Chennai,Tamil Nadu,Email
CUST04588,44,1,4416.69,4,2,1,421,7,Potential Loyalist,Mumbai,Maharashtra,Paid Search
CUST04590,151,2,156241.22,2,4,5,245,11,Loyal,New Delhi,Delhi,Organic
CUST04591,17,3,26455.06,5,5,2,552,12,Loyal,Kanpur,Uttar Pradesh,Referral
CUST04598,114,2,164462.43,3,4,5,345,12,Loyal,Jodhpur,Rajasthan,Paid Search
CUST04599,520,1,79559.85,1,2,4,124,7,Cannot Lose,Coimbatore,Tamil Nadu,Direct
CUST04600,46,6,287495.58,4,5,5,455,14,Champions,New Delhi,Delhi,Referral
CUST04601,214,1,38306.47,2,2,2,222,6,Need Attention,Siliguri,West Bengal,Referral
CUST04602,19,1,18286.21,5,2,2,522,9,Potential Loyalist,Pune,Maharashtra,Direct
CUST04603,51,1,2954.16,4,2,1,421,7,Potential Loyalist,Jodhpur,Rajasthan,Referral
CUST04605,335,2,18444.940000000002,1,4,2,142,7,Loyal,Hubli,Karnataka,Organic
CUST04606,607,1,4694.18,1,2,1,121,4,Hibernating,Mysore,Karnataka,Direct
CUST04607,58,1,24908.18,4,2,2,422,8,Potential Loyalist,Mysore,Karnataka,Social Media
CUST04609,34,1,69347.28,4,2,3,423,9,Potential Loyalist,Chennai,Tamil Nadu,Organic
CUST04610,497,1,3972.18,1,2,1,121,4,Hibernating,Lucknow,Uttar Pradesh,Email
CUST04612,1,2,133406.21,5,4,4,544,13,Champions,Mysore,Karnataka,Referral
CUST04613,18,6,162207.31,5,5,5,555,15,Champions,Pune,Maharashtra,Referral
CUST04614,205,2,34920.86,2,4,2,242,8,Loyal,Siliguri,West Bengal,Referral
CUST04615,7,5,348441.57999999996,5,5,5,555,15,Champions,Madurai,Tamil Nadu,Referral
CUST04616,29,5,128090.23000000001,4,5,4,454,13,Champions,Siliguri,West Bengal,Social Media
CUST04622,618,1,2928.13,1,2,1,121,4,Hibernating,Delhi,Delhi,Paid Search
CUST04623,81,2,123909.38,3,4,4,344,11,Loyal,Mysore,Karnataka,Paid Search
CUST04624,9,1,58691.85,5,3,3,533,11,Potential Loyalist,Kolkata,West Bengal,Direct
CUST04625,99,2,212314.27,3,4,5,345,12,Loyal,Surat,Gujarat,Direct
CUST04631,179,3,24395.63,2,5,2,252,9,Loyal,Jaipur,Rajasthan,Social Media
CUST04632,82,1,47735.95,3,3,3,333,9,Promising,Vadodara,Gujarat,Paid Search
CUST04633,85,1,87937.79000000001,3,3,4,334,10,Promising,Lucknow,Uttar Pradesh,Organic
CUST04634,335,2,7348.42,1,4,1,141,6,Loyal,Bangalore,Karnataka,Direct
CUST04636,30,2,125056.25,4,4,4,444,12,Champions,Kanpur,Uttar Pradesh,Referral
CUST04638,1,1,8721.89,5,3,1,531,9,Potential Loyalist,Agra,Uttar Pradesh,Direct
CUST04639,0,8,426953.85000000003,5,5,5,555,15,Champions,Ahmedabad,Gujarat,Referral
CUST04640,41,2,171285.89,4,4,5,445,13,Champions,Jodhpur,Rajasthan,Referral
CUST04642,144,1,4508.86,2,3,1,231,6,Need Attention,New Delhi,Delhi,Paid Search
CUST04643,256,1,2048.04,1,3,1,131,5,At Risk,Ahmedabad,Gujarat,Email
CUST04644,215,1,4760.61,2,3,1,231,6,Need Attention,Vadodara,Gujarat,Social Media
CUST04645,4,1,1478.2,5,3,1,531,9,Potential Loyalist,Ahmedabad,Gujarat,Referral
CUST04646,201,2,98617.97,2,4,4,244,10,Loyal,Surat,Gujarat,Email
CUST04648,127,2,58677.74,2,4,3,243,9,Loyal,Pune,Maharashtra,Social Media
CUST04649,186,1,11300.66,2,3,1,231,6,Need Attention,Vadodara,Gujarat,Email
CUST04652,301,3,191910.95,1,5,5,155,11,Loyal,Chennai,Tamil Nadu,Referral
CUST04655,588,1,60186.14,1,3,3,133,7,At Risk,Jaipur,Rajasthan,Organic
CUST04656,40,5,108859.75,4,5,4,454,13,Champions,Nagpur,Maharashtra,Direct
CUST04659,20,2,36326.090000000004,5,4,2,542,11,Loyal,Jaipur,Rajasthan,Email
CUST04661,20,5,277693.6,5,5,5,555,15,Champions,Delhi,Delhi,Email
CUST04663,628,1,89262.54,1,3,4,134,8,At Risk,Mumbai,Maharashtra,Referral
CUST04667,0,1,46388.78,5,3,3,533,11,Potential Loyalist,Siliguri,West Bengal,Referral
CUST04668,192,1,65218.98,2,3,3,233,8,Need Attention,Jaipur,Rajasthan,Organic
CUST04669,326,2,63812.490000000005,1,4,3,143,8,Loyal,Nagpur,Maharashtra,Direct
CUST04670,94,1,54087.130000000005,3,3,3,333,9,Promising,Udaipur,Rajasthan,Organic
CUST04672,4,1,128535.06999999999,5,3,4,534,12,Potential Loyalist,Mumbai,Maharashtra,Paid Search
CUST04673,11,3,121295.15,5,5,4,554,14,Champions,New Delhi,Delhi,Organic
CUST04674,29,3,233420.32,4,5,5,455,14,Champions,Surat,Gujarat,Direct
CUST04675,30,1,89947.76,4,3,4,434,11,Potential Loyalist,Kolkata,West Bengal,Email
CUST04677,14,2,47237.25,5,4,3,543,12,Loyal,Mysore,Karnataka,Paid Search
CUST04678,82,2,164817.64,3,4,5,345,12,Loyal,Bangalore,Karnataka,Referral
CUST04679,61,2,26392.5,3,4,2,342,9,Loyal,Vadodara,Gujarat,Paid Search
CUST04681,29,2,84140.08,4,4,4,444,12,Champions,Jaipur,Rajasthan,Social Media
CUST04683,105,2,9846.43,3,4,1,341,8,Loyal,Chennai,Tamil Nadu,Paid Search
CUST04684,30,4,193022.91,4,5,5,455,14,Champions,Jaipur,Rajasthan,Direct
CUST04685,205,1,3231.3,2,3,1,231,6,Need Attention,New Delhi,Delhi,Social Media
CUST04686,213,1,2040.55,2,3,1,231,6,Need Attention,Coimbatore,Tamil Nadu,Paid Search
CUST04690,154,2,70278.14,2,4,3,243,9,Loyal,Jaipur,Rajasthan,Email
CUST04692,275,1,3299.16,1,3,1,131,5,At Risk,Bangalore,Karnataka,Referral
CUST04693,27,1,49713.53,4,3,3,433,10,Potential Loyalist,Madurai,Tamil Nadu,Direct
CUST04695,30,2,84725.33,4,4,4,444,12,Champions,Siliguri,West Bengal,Email
CUST04696,11,2,66098.03,5,4,3,543,12,Loyal,Jaipur,Rajasthan,Social Media
CUST04697,10,1,66900.59,5,3,3,533,11,Potential Loyalist,New Delhi,Delhi,Paid Search
CUST04699,322,2,50800.96,1,4,3,143,8,Loyal,Nagpur,Maharashtra,Organic
CUST04700,282,1,16440.74,1,3,1,131,5,At Risk,Lucknow,Uttar Pradesh,Social Media
CUST04701,6,1,3939.15,5,3,1,531,9,Potential Loyalist,New Delhi,Delhi,Paid Search
CUST04702,281,3,57580.9,1,5,3,153,9,Loyal,Kolkata,West Bengal,Referral
CUST04704,89,2,145907.63,3,4,5,345,12,Loyal,Kolkata,West Bengal,Direct
CUST04706,77,1,97042.04,3,3,4,334,10,Promising,Pune,Maharashtra,Referral
CUST04708,151,1,130869.33,2,3,4,234,9,Need Attention,Ahmedabad,Gujarat,Email
CUST04709,63,4,223867.28000000003,3,5,5,355,13,Loyal,Ahmedabad,Gujarat,Organic
CUST04710,70,1,62352.229999999996,3,3,3,333,9,Promising,Coimbatore,Tamil Nadu,Paid Search
CUST04715,101,1,34481.009999999995,3,3,2,332,8,Need Attention,Agra,Uttar Pradesh,Organic
CUST04716,17,2,96996.74999999999,5,4,4,544,13,Champions,Mysore,Karnataka,Organic
CUST04718,14,1,13460.64,5,3,1,531,9,Potential Loyalist,Surat,Gujarat,Referral
CUST04719,103,2,57967.95,3,4,3,343,10,Loyal,Hubli,Karnataka,Direct
CUST04720,2,2,61261.56,5,4,3,543,12,Loyal,Madurai,Tamil Nadu,Social Media
CUST04721,23,8,390267.0,4,5,5,455,14,Champions,Jodhpur,Rajasthan,Paid Search
CUST04724,356,1,23363.37,1,3,2,132,6,At Risk,Jaipur,Rajasthan,Paid Search
CUST04725,243,3,258299.4,1,5,5,155,11,Loyal,Bangalore,Karnataka,Social Media
CUST04726,8,2,139825.2,5,4,4,544,13,Champions,Madurai,Tamil Nadu,Referral
CUST04728,84,5,133272.82,3,5,4,354,12,Loyal,Kolkata,West Bengal,Email
CUST04732,14,1,119657.5,5,3,4,534,12,Potential Loyalist,Pune,Maharashtra,Social Media
CUST04733,54,2,94732.06999999999,4,4,4,444,12,Champions,Udaipur,Rajasthan,Email
CUST04736,27,3,72823.73,4,5,3,453,12,Loyal,Siliguri,West Bengal,Social Media
CUST04741,7,5,206516.76,5,5,5,555,15,Champions,Kanpur,Uttar Pradesh,Organic
CUST04743,353,1,7238.98,1,3,1,131,5,At Risk,Siliguri,West Bengal,Social Media
CUST04747,16,5,160628.88,5,5,5,555,15,Champions,Pune,Maharashtra,Social Media
CUST04748,28,1,524.44,4,3,1,431,8,Potential Loyalist,Kolkata,West Bengal,Social Media
CUST04753,88,5,229457.97,3,5,5,355,13,Loyal,Coimbatore,Tamil Nadu,Paid Search
CUST04757,71,3,47313.71,3,5,3,353,11,Loyal,Siliguri,West Bengal,Paid Search
CUST04758,54,1,24706.17,4,3,2,432,9,Potential Loyalist,Agra,Uttar Pradesh,Email
CUST04759,1,7,435162.01999999996,5,5,5,555,15,Champions,Vadodara,Gujarat,Referral
CUST04763,96,1,1582.4,3,3,1,331,7,Need Attention,Kolkata,West Bengal,Email
CUST04767,285,2,11415.119999999999,1,4,1,141,6,Loyal,New Delhi,Delhi,Paid Search
CUST04768,78,1,22795.17,3,3,2,332,8,Need Attention,Vadodara,Gujarat,Referral
CUST04769,348,2,81625.37,1,4,4,144,9,Loyal,Udaipur,Rajasthan,Paid Search
CUST04770,607,1,3077.35,1,3,1,131,5,At Risk,Lucknow,Uttar Pradesh,Paid Search
CUST04775,59,3,155762.7,4,5,5,455,14,Champions,Surat,Gujarat,Email
CUST04776,100,1,54054.25,3,3,3,333,9,Promising,Mumbai,Maharashtra,Organic
CUST04777,293,3,148024.72,1,5,5,155,11,Loyal,Agra,Uttar Pradesh,Referral
CUST04780,4,1,29410.75,5,3,2,532,10,Potential Loyalist,Bangalore,Karnataka,Organic
CUST04781,52,3,219769.59,4,5,5,455,14,Champions,Jodhpur,Rajasthan,Referral
CUST04783,338,1,66396.32,1,3,3,133,7,At Risk,Jaipur,Rajasthan,Email
CUST04785,20,2,38370.97,5,4,2,542,11,Loyal,Lucknow,Uttar Pradesh,Social Media
CUST04789,176,1,45970.16,2,3,3,233,8,Need Attention,New Delhi,Delhi,Organic
CUST04790,2,3,62620.64,5,5,3,553,13,Loyal,Kanpur,Uttar Pradesh,Social Media
CUST04791,94,1,493.22,3,3,1,331,7,Need Attention,Kolkata,West Bengal,Direct
CUST04792,50,3,126343.98,4,5,4,454,13,Champions,Lucknow,Uttar Pradesh,Direct
CUST04798,440,1,63782.52,1,3,3,133,7,At Risk,Pune,Maharashtra,Paid Search
CUST04800,208,2,25493.660000000003,2,4,2,242,8,Loyal,New Delhi,Delhi,Email
CUST04801,118,1,8516.039999999999,3,3,1,331,7,Need Attention,Siliguri,West Bengal,Social Media
CUST04803,73,1,56349.88,3,3,3,333,9,Promising,New Delhi,Delhi,Email
CUST04804,400,2,96345.03,1,4,4,144,9,Loyal,New Delhi,Delhi,Paid Search
CUST04806,78,1,4174.49,3,3,1,331,7,Need Attention,Mumbai,Maharashtra,Paid Search
CUST04808,56,2,45041.43,4,4,3,443,11,Loyal,Hubli,Karnataka,Referral
CUST04810,146,1,62694.11,2,3,3,233,8,Need Attention,Surat,Gujarat,Paid Search
CUST04815,150,2,114726.95000000001,2,4,4,244,10,Loyal,Delhi,Delhi,Referral
CUST04817,37,1,67636.57,4,3,3,433,10,Potential Loyalist,New Delhi,Delhi,Social Media
CUST04819,154,3,258342.37,2,5,5,255,12,Loyal,Udaipur,Rajasthan,Organic
CUST04821,215,1,24556.15,2,3,2,232,7,Need Attention,Delhi,Delhi,Organic
CUST04823,70,2,75149.36,3,4,3,343,10,Loyal,Udaipur,Rajasthan,Paid Search
CUST04826,35,5,299885.48,4,5,5,455,14,Champions,Siliguri,West Bengal,Direct
CUST04827,23,2,38981.58,4,4,2,442,10,Loyal,New Delhi,Delhi,Referral
CUST04830,31,1,64938.55,4,3,3,433,10,Potential Loyalist,Hubli,Karnataka,Referral
CUST04831,15,3,62490.41,5,5,3,553,13,Loyal,Madurai,Tamil Nadu,Social Media
CUST04836,96,7,232388.93,3,5,5,355,13,Loyal,Vadodara,Gujarat,Organic
CUST04841,0,3,56313.41,5,5,3,553,13,Loyal,Siliguri,West Bengal,Direct
CUST04842,54,2,48530.44,4,4,3,443,11,Loyal,Kolkata,West Bengal,Paid Search
CUST04845,10,3,90880.48,5,5,4,554,14,Champions,Agra,Uttar Pradesh,Email
CUST04847,10,2,38705.850000000006,5,4,2,542,11,Loyal,New Delhi,Delhi,Social Media
CUST04850,191,1,15879.77,2,3,1,231,6,Need Attention,Delhi,Delhi,Referral
CUST04851,112,1,54321.990000000005,3,3,3,333,9,Promising,Chennai,Tamil Nadu,Email
CUST04853,122,4,93022.57,2,5,4,254,11,Loyal,Jodhpur,Rajasthan,Social Media
CUST04854,235,1,8468.02,1,3,1,131,5,At Risk,Vadodara,Gujarat,Paid Search
CUST04856,77,3,49277.25000000001,3,5,3,353,11,Loyal,New Delhi,Delhi,Organic
CUST04858,103,1,13751.84,3,3,1,331,7,Need Attention,Mysore,Karnataka,Referral
CUST04861,4,3,148617.51,5,5,5,555,15,Champions,Delhi,Delhi,Paid Search
CUST04862,129,1,67922.86,2,3,3,233,8,Need Attention,Agra,Uttar Pradesh,Paid Search
CUST04863,49,2,224070.95,4,4,5,445,13,Champions,Kolkata,West Bengal,Social Media
CUST04864,187,2,23424.4,2,4,2,242,8,Loyal,Nagpur,Maharashtra,Direct
CUST04865,10,12,643480.2,5,5,5,555,15,Champions,Bangalore,Karnataka,Paid Search
CUST04866,231,2,152559.99,2,4,5,245,11,Loyal,Madurai,Tamil Nadu,Email
CUST04868,46,4,102166.98,4,5,4,454,13,Champions,New Delhi,Delhi,Direct
CUST04869,83,1,4647.9,3,3,1,331,7,Need Attention,New Delhi,Delhi,Paid Search
CUST04871,16,2,97325.90999999999,5,4,4,544,13,Champions,Vadodara,Gujarat,Paid Search
CUST04872,385,1,52818.07,1,3,3,133,7,At Risk,Siliguri,West Bengal,Referral
CUST04873,22,1,35691.990000000005,4,3,2,432,9,Potential Loyalist,Hubli,Karnataka,Organic
CUST04876,352,1,43180.1,1,3,2,132,6,At Risk,Pune,Maharashtra,Paid Search
CUST04878,346,2,26343.120000000003,1,4,2,142,7,Loyal,Coimbatore,Tamil Nadu,Email
CUST04884,39,4,137884.39,4,5,4,454,13,Champions,Pune,Maharashtra,Direct
CUST04885,359,2,267255.91,1,4,5,145,10,Loyal,Lucknow,Uttar Pradesh,Email
CUST04886,48,2,43427.850000000006,4,4,3,443,11,Loyal,Chennai,Tamil Nadu,Social Media
CUST04890,4,5,105279.66,5,5,4,554,14,Champions,New Delhi,Delhi,Organic
CUST04892,2,2,3954.9399999999996,5,4,1,541,10,Loyal,Kolkata,West Bengal,Direct
CUST04895,50,2,72412.81999999999,4,4,3,443,11,Loyal,Madurai,Tamil Nadu,Referral
CUST04898,242,2,65800.83,1,4,3,143,8,Loyal,Pune,Maharashtra,Email
CUST04900,15,6,246220.13,5,5,5,555,15,Champions,Mumbai,Maharashtra,Referral
CUST04901,107,3,96961.84,3,5,4,354,12,Loyal,Kolkata,West Bengal,Referral
CUST04903,40,3,155593.28,4,5,5,455,14,Champions,Kolkata,West Bengal,Paid Search
CUST04904,138,1,11913.75,2,3,1,231,6,Need Attention,Hubli,Karnataka,Social Media
CUST04905,303,2,41292.59,1,4,2,142,7,Loyal,Kolkata,West Bengal,Referral
CUST04906,21,1,22169.22,5,3,2,532,10,Potential Loyalist,Coimbatore,Tamil Nadu,Email
CUST04909,92,1,8544.5,3,3,1,331,7,Need Attention,New Delhi,Delhi,Direct
CUST04911,426,1,28611.8,1,3,2,132,6,At Risk,Hubli,Karnataka,Referral
CUST04912,208,2,16452.260000000002,2,4,1,241,7,Loyal,Pune,Maharashtra,Referral
CUST04914,159,1,62384.24,2,3,3,233,8,Need Attention,Vadodara,Gujarat,Paid Search
CUST04916,64,5,61926.590000000004,3,5,3,353,11,Loyal,Delhi,Delhi,Email
CUST04918,99,2,96116.96,3,4,4,344,11,Loyal,Vadodara,Gujarat,Referral
CUST04920,22,1,803.13,4,3,1,431,8,Potential Loyalist,Jaipur,Rajasthan,Direct
CUST04923,65,2,49126.88,3,4,3,343,10,Loyal,Bangalore,Karnataka,Social Media
CUST04924,32,5,247967.8,4,5,5,455,14,Champions,Agra,Uttar Pradesh,Email
CUST04925,20,3,139825.63,5,5,4,554,14,Champions,Delhi,Delhi,Social Media
CUST04927,166,3,66843.17,2,5,3,253,10,Loyal,Pune,Maharashtra,Direct
CUST04931,72,1,22826.45,3,3,2,332,8,Need Attention,Jaipur,Rajasthan,Email
CUST04933,371,1,39178.73,1,3,2,132,6,At Risk,Agra,Uttar Pradesh,Social Media
CUST04936,159,1,7823.78,2,3,1,231,6,Need Attention,Siliguri,West Bengal,Paid Search
CUST04937,86,1,46943.9,3,3,3,333,9,Promising,Ahmedabad,Gujarat,Referral
CUST04940,171,2,50147.61,2,4,3,243,9,Loyal,Delhi,Delhi,Organic
CUST04942,218,2,72352.11,2,4,3,243,9,Loyal,Jaipur,Rajasthan,Referral
CUST04943,126,1,32011.11,2,3,2,232,7,Need Attention,Mumbai,Maharashtra,Email
CUST04946,17,3,52783.95,5,5,3,553,13,Loyal,Madurai,Tamil Nadu,Organic
CUST04947,51,1,24944.64,4,3,2,432,9,Potential Loyalist,Agra,Uttar Pradesh,Email
CUST04950,69,1,80869.16,3,3,4,334,10,Promising,Jodhpur,Rajasthan,Organic
CUST04951,114,1,2877.73,3,3,1,331,7,Need Attention,Chennai,Tamil Nadu,Direct
CUST04952,557,1,2777.79,1,3,1,131,5,At Risk,Siliguri,West Bengal,Organic
CUST04953,115,2,104392.99,3,4,4,344,11,Loyal,Vadodara,Gujarat,Paid Search
CUST04956,59,3,148845.38,4,5,5,455,14,Champions,Siliguri,West Bengal,Email
CUST04958,317,1,58855.77,1,3,3,133,7,At Risk,Jaipur,Rajasthan,Referral
CUST04959,6,2,178024.58,5,4,5,545,14,Champions,Mumbai,Maharashtra,Direct
CUST04960,35,4,229675.78,4,5,5,455,14,Champions,Vadodara,Gujarat,Organic
CUST04961,28,3,134774.54,4,5,4,454,13,Champions,Kanpur,Uttar Pradesh,Social Media
CUST04963,64,3,150387.2,3,5,5,355,13,Loyal,Surat,Gujarat,Email
CUST04964,85,1,29348.28,3,3,2,332,8,Need Attention,Delhi,Delhi,Organic
CUST04966,3,1,131020.13,5,3,4,534,12,Potential Loyalist,Siliguri,West Bengal,Paid Search
CUST04968,306,1,144495.55,1,3,5,135,9,At Risk,Pune,Maharashtra,Paid Search
CUST04969,52,2,12342.53,4,4,1,441,9,Loyal,Kanpur,Uttar Pradesh,Organic
CUST04970,11,1,34377.09,5,3,2,532,10,Potential Loyalist,Kanpur,Uttar Pradesh,Referral
CUST04976,63,2,124704.01,3,4,4,344,11,Loyal,New Delhi,Delhi,Organic
CUST04977,3,3,235293.28,5,5,5,555,15,Champions,Kolkata,West Bengal,Direct
CUST04979,59,4,118338.73999999999,4,5,4,454,13,Champions,Delhi,Delhi,Referral
CUST04980,116,1,265906.5,3,3,5,335,11,Promising,Agra,Uttar Pradesh,Direct
CUST04983,38,1,192194.93,4,3,5,435,12,Potential Loyalist,Lucknow,Uttar Pradesh,Direct
CUST04984,86,1,1101.98,3,3,1,331,7,Need Attention,Ahmedabad,Gujarat,Referral
CUST04987,332,1,4260.38,1,3,1,131,5,At Risk,Pune,Maharashtra,Social Media
CUST04991,442,1,46046.78,1,3,3,133,7,At Risk,Lucknow,Uttar Pradesh,Referral
CUST04992,2,2,64974.41,5,4,3,543,12,Loyal,Agra,Uttar Pradesh,Email
CUST04995,68,6,194086.55000000002,3,5,5,355,13,Loyal,Mumbai,Maharashtra,Paid Search
CUST04996,12,7,312815.5,5,5,5,555,15,Champions,Coimbatore,Tamil Nadu,Organic
CUST04998,131,7,301311.76,2,5,5,255,12,Loyal,Delhi,Delhi,Organic
CUST04999,340,1,10012.39,1,3,1,131,5,At Risk,New Delhi,Delhi,Social Media
CUST05000,373,2,17605.97,1,4,2,142,7,Loyal,Jaipur,Rajasthan,Organic
