customer_id,signup_date,city,state,acquisition_channel,age,gender
CUST00001,2023-10-28,Bangalore,Karnataka,Direct,35,M
CUST00002,2024-08-26,Chennai,Tamil Nadu,Direct,24,Other
CUST00003,2023-04-14,Hubli,Karnataka,Referral,20,M
CUST00004,2023-11-04,Bangalore,Karnataka,Paid Search,50,Other
CUST00005,2024-11-07,Nagpur,Maharashtra,Paid Search,63,Other
CUST00006,2023-02-16,Kolkata,West Bengal,Referral,55,F
CUST00007,2023-02-06,Mumbai,Maharashtra,Direct,45,F
CUST00008,2023-08-08,Lucknow,Uttar Pradesh,Paid Search,39,M
CUST00009,2024-02-16,Mysore,Karnataka,Organic,40,F
CUST00010,2023-05-17,Lucknow,Uttar Pradesh,Direct,47,Other
CUST00011,2023-06-21,Mysore,Karnataka,Organic,53,F
CUST00012,2023-10-30,Vadodara,Gujarat,Paid Search,63,M
CUST00013,2023-07-09,Nagpur,Maharashtra,Paid Search,36,M
CUST00014,2023-05-03,Chennai,Tamil Nadu,Referral,35,F
CUST00015,2023-10-28,Ahmedabad,Gujarat,Social Media,40,M
CUST00016,2023-06-29,Agra,Uttar Pradesh,Direct,59,M
CUST00017,2023-01-09,New Delhi,Delhi,Paid Search,47,F
CUST00018,2024-07-18,Agra,Uttar Pradesh,Direct,53,M
CUST00019,2024-03-14,Ahmedabad,Gujarat,Paid Search,20,F
CUST00020,2023-10-18,Siliguri,West Bengal,Organic,31,Other
CUST00021,2024-08-14,Ahmedabad,Gujarat,Direct,49,F
CUST00022,2023-09-11,Jaipur,Rajasthan,Social Media,26,M
CUST00023,2024-08-13,Agra,Uttar Pradesh,Email,45,Other
CUST00024,2023-08-01,Siliguri,West Bengal,Paid Search,26,Other
CUST00025,2023-05-13,Jaipur,Rajasthan,Organic,25,M
CUST00026,2024-11-05,Delhi,Delhi,Email,22,F
CUST00027,2024-02-20,Siliguri,West Bengal,Email,34,Other
CUST00028,2023-03-30,Nagpur,Maharashtra,Direct,25,Other
CUST00029,2024-10-25,Agra,Uttar Pradesh,Social Media,25,F
CUST00030,2024-10-24,Kolkata,West Bengal,Referral,18,Other
CUST00031,2023-04-28,Agra,Uttar Pradesh,Paid Search,50,M
CUST00032,2023-11-20,Agra,Uttar Pradesh,Email,56,M
CUST00033,2024-09-09,Delhi,Delhi,Paid Search,52,Other
CUST00034,2023-11-13,Nagpur,Maharashtra,Social Media,49,M
CUST00035,2024-12-28,Mysore,Karnataka,Social Media,33,M
CUST00036,2024-04-28,Madurai,Tamil Nadu,Organic,23,Other
CUST00037,2024-06-04,Jaipur,Rajasthan,Email,26,M
CUST00038,2024-03-04,Udaipur,Rajasthan,Paid Search,34,Other
CUST00039,2024-04-08,Kolkata,West Bengal,Email,64,Other
CUST00040,2024-10-24,Madurai,Tamil Nadu,Social Media,43,Other
CUST00041,2024-07-08,Surat,Gujarat,Email,46,M
CUST00042,2023-11-16,Chennai,Tamil Nadu,Organic,39,M
CUST00043,2024-05-15,Madurai,Tamil Nadu,Paid Search,18,M
CUST00044,2023-08-15,Mumbai,Maharashtra,Organic,20,F
CUST00045,2023-01-07,Hubli,Karnataka,Paid Search,35,Other
CUST00046,2024-06-23,Jaipur,Rajasthan,Email,26,Other
CUST00047,2024-04-17,Jaipur,Rajasthan,Referral,44,M
CUST00048,2024-11-04,Bangalore,Karnataka,Direct,45,F
CUST00049,2023-09-14,Siliguri,West Bengal,Referral,64,M
CUST00050,2024-11-25,Bangalore,Karnataka,Referral,64,F
CUST00051,2023-10-11,Bangalore,Karnataka,Paid Search,30,Other
CUST00052,2023-01-19,Jaipur,Rajasthan,Referral,29,F
CUST00053,2024-01-27,Jaipur,Rajasthan,Organic,46,Other
CUST00054,2023-05-13,Bangalore,Karnataka,Direct,52,M
CUST00055,2024-10-13,Bangalore,Karnataka,Paid Search,44,F
CUST00056,2023-10-19,Jaipur,Rajasthan,Referral,21,M
CUST00057,2023-08-04,Kolkata,West Bengal,Referral,34,F
CUST00058,2023-04-16,Kanpur,Uttar Pradesh,Direct,64,Other
CUST00059,2024-02-17,Jaipur,Rajasthan,Paid Search,36,M
CUST00060,2023-10-05,Nagpur,Maharashtra,Direct,52,M
CUST00061,2024-05-20,Ahmedabad,Gujarat,Organic,55,F
CUST00062,2023-11-11,New Delhi,Delhi,Email,23,M
CUST00063,2023-02-18,Hubli,Karnataka,Organic,61,M
CUST00064,2024-01-31,Kolkata,West Bengal,Email,33,Other
CUST00065,2023-08-21,Nagpur,Maharashtra,Organic,44,Other
CUST00066,2024-04-19,Surat,Gujarat,Paid Search,60,Other
CUST00067,2023-11-19,Ahmedabad,Gujarat,Social Media,43,M
CUST00068,2023-11-16,Kanpur,Uttar Pradesh,Social Media,22,M
CUST00069,2024-03-22,Udaipur,Rajasthan,Email,24,M
CUST00070,2024-10-07,Madurai,Tamil Nadu,Social Media,26,F
CUST00071,2024-06-28,Bangalore,Karnataka,Social Media,36,M
CUST00072,2024-07-25,Udaipur,Rajasthan,Direct,37,Other
CUST00073,2024-12-16,Nagpur,Maharashtra,Email,37,Other
CUST00074,2024-03-18,Bangalore,Karnataka,Social Media,25,M
CUST00075,2023-03-10,Delhi,Delhi,Social Media,56,M
CUST00076,2023-10-15,Ahmedabad,Gujarat,Direct,58,F
CUST00077,2023-06-09,Jodhpur,Rajasthan,Organic,23,Other
CUST00078,2023-11-26,Siliguri,West Bengal,Organic,18,F
CUST00079,2023-12-16,Delhi,Delhi,Paid Search,65,F
CUST00080,2023-02-23,Kolkata,West Bengal,Organic,22,Other
CUST00081,2024-01-31,New Delhi,Delhi,Social Media,55,Other
CUST00082,2024-05-23,Delhi,Delhi,Paid Search,20,F
CUST00083,2023-12-19,Ahmedabad,Gujarat,Social Media,31,Other
CUST00084,2024-10-05,Madurai,Tamil Nadu,Organic,40,Other
CUST00085,2024-12-01,Kolkata,West Bengal,Paid Search,28,M
CUST00086,2024-04-17,Kolkata,West Bengal,Paid Search,65,F
CUST00087,2023-01-19,Kolkata,West Bengal,Social Media,28,Other
CUST00088,2023-09-22,Mysore,Karnataka,Organic,48,M
CUST00089,2024-08-30,Coimbatore,Tamil Nadu,Social Media,37,M
CUST00090,2024-11-10,Chennai,Tamil Nadu,Direct,30,F
CUST00091,2024-01-26,Surat,Gujarat,Organic,35,F
CUST00092,2024-07-03,Siliguri,West Bengal,Organic,25,F
CUST00093,2024-06-07,Delhi,Delhi,Organic,24,Other
CUST00094,2024-02-19,Siliguri,West Bengal,Direct,38,F
CUST00095,2024-05-19,Mysore,Karnataka,Email,30,F
CUST00096,2024-03-22,Nagpur,Maharashtra,Referral,18,Other
CUST00097,2024-11-04,Coimbatore,Tamil Nadu,Referral,22,Other
CUST00098,2024-03-16,Vadodara,Gujarat,Social Media,60,M
CUST00099,2023-08-09,Agra,Uttar Pradesh,Social Media,60,F
CUST00100,2023-12-19,Surat,Gujarat,Direct,36,Other
CUST00101,2024-07-10,New Delhi,Delhi,Referral,60,F
CUST00102,2024-03-20,Delhi,Delhi,Referral,53,M
CUST00103,2024-12-01,Kanpur,Uttar Pradesh,Paid Search,45,Other
CUST00104,2023-03-09,Surat,Gujarat,Referral,46,Other
CUST00105,2023-04-09,Madurai,Tamil Nadu,Referral,65,M
CUST00106,2023-12-24,Mysore,Karnataka,Email,60,Other
CUST00107,2023-03-13,Ahmedabad,Gujarat,Paid Search,61,F
CUST00108,2024-10-07,Chennai,Tamil Nadu,Paid Search,19,M
CUST00109,2024-11-29,Coimbatore,Tamil Nadu,Email,22,F
CUST00110,2023-06-16,Kolkata,West Bengal,Direct,62,F
CUST00111,2024-07-24,Jodhpur,Rajasthan,Paid Search,27,Other
CUST00112,2024-01-31,Mumbai,Maharashtra,Referral,32,M
CUST00113,2024-08-14,Jaipur,Rajasthan,Email,33,M
CUST00114,2023-12-23,Jaipur,Rajasthan,Referral,60,Other
CUST00115,2023-09-05,Surat,Gujarat,Email,64,Other
CUST00116,2023-10-17,Siliguri,West Bengal,Paid Search,65,F
CUST00117,2024-02-07,Jodhpur,Rajasthan,Paid Search,58,F
CUST00118,2023-10-11,Udaipur,Rajasthan,Paid Search,35,F
CUST00119,2023-04-03,Hubli,Karnataka,Social Media,33,F
CUST00120,2024-04-01,Surat,Gujarat,Email,23,M
CUST00121,2024-09-02,New Delhi,Delhi,Referral,62,M
CUST00122,2024-04-28,Chennai,Tamil Nadu,Referral,44,F
CUST00123,2023-08-12,Jodhpur,Rajasthan,Organic,31,F
CUST00124,2024-02-09,Kolkata,West Bengal,Email,42,F
CUST00125,2024-02-05,Pune,Maharashtra,Social Media,42,F
CUST00126,2024-08-01,Coimbatore,Tamil Nadu,Paid Search,35,F
CUST00127,2023-02-05,Jaipur,Rajasthan,Referral,39,Other
CUST00128,2023-06-11,Kolkata,West Bengal,Referral,26,Other
CUST00129,2023-01-26,Pune,Maharashtra,Email,54,Other
CUST00130,2023-06-30,Mumbai,Maharashtra,Direct,45,M
CUST00131,2024-08-24,Jaipur,Rajasthan,Organic,34,F
CUST00132,2023-02-15,Ahmedabad,Gujarat,Referral,38,F
CUST00133,2024-02-15,Siliguri,West Bengal,Referral,34,M
CUST00134,2023-02-12,Jaipur,Rajasthan,Direct,52,M
CUST00135,2023-10-26,Ahmedabad,Gujarat,Direct,22,Other
CUST00136,2023-08-18,Mumbai,Maharashtra,Paid Search,30,M
CUST00137,2024-06-24,New Delhi,Delhi,Paid Search,48,Other
CUST00138,2024-07-18,Hubli,Karnataka,Paid Search,47,Other
CUST00139,2023-03-28,Kanpur,Uttar Pradesh,Paid Search,56,Other
CUST00140,2023-11-17,Bangalore,Karnataka,Social Media,24,Other
CUST00141,2023-08-22,Pune,Maharashtra,Email,61,F
CUST00142,2024-01-03,Kolkata,West Bengal,Organic,55,Other
CUST00143,2024-05-18,Chennai,Tamil Nadu,Direct,37,Other
CUST00144,2024-04-25,Hubli,Karnataka,Organic,40,Other
CUST00145,2024-02-19,Siliguri,West Bengal,Organic,50,Other
CUST00146,2024-07-23,Ahmedabad,Gujarat,Referral,49,M
CUST00147,2024-08-21,Siliguri,West Bengal,Direct,47,Other
CUST00148,2024-04-29,Delhi,Delhi,Paid Search,64,Other
CUST00149,2023-04-13,Agra,Uttar Pradesh,Email,48,F
CUST00150,2023-07-25,Siliguri,West Bengal,Social Media,33,M
CUST00151,2024-10-07,Kanpur,Uttar Pradesh,Paid Search,47,Other
CUST00152,2023-02-22,Siliguri,West Bengal,Organic,49,F
CUST00153,2023-04-17,Delhi,Delhi,Paid Search,40,F
CUST00154,2024-06-10,Surat,Gujarat,Email,62,F
CUST00155,2023-05-21,Nagpur,Maharashtra,Paid Search,23,M
CUST00156,2023-06-04,Siliguri,West Bengal,Email,33,Other
CUST00157,2024-12-04,Udaipur,Rajasthan,Direct,49,F
CUST00158,2023-06-23,Mumbai,Maharashtra,Social Media,32,F
CUST00159,2023-03-26,Coimbatore,Tamil Nadu,Direct,55,F
CUST00160,2023-11-29,Udaipur,Rajasthan,Email,40,F
CUST00161,2023-05-09,Surat,Gujarat,Direct,47,F
CUST00162,2024-07-24,Kanpur,Uttar Pradesh,Paid Search,25,Other
CUST00163,2024-02-12,Coimbatore,Tamil Nadu,Organic,65,Other
CUST00164,2024-09-20,New Delhi,Delhi,Paid Search,65,F
CUST00165,2023-10-23,Agra,Uttar Pradesh,Email,51,Other
CUST00166,2023-06-08,Lucknow,Uttar Pradesh,Paid Search,36,M
CUST00167,2023-10-13,Ahmedabad,Gujarat,Social Media,18,Other
CUST00168,2023-04-27,Delhi,Delhi,Organic,21,Other
CUST00169,2023-08-02,Agra,Uttar Pradesh,Paid Search,58,F
CUST00170,2023-06-11,Bangalore,Karnataka,Email,36,F
CUST00171,2024-03-17,Jodhpur,Rajasthan,Social Media,29,M
CUST00172,2023-08-29,Kanpur,Uttar Pradesh,Organic,22,F
CUST00173,2023-09-16,Jaipur,Rajasthan,Email,58,Other
CUST00174,2024-08-07,Mumbai,Maharashtra,Paid Search,54,F
CUST00175,2023-06-20,Bangalore,Karnataka,Organic,53,F
CUST00176,2024-11-27,Madurai,Tamil Nadu,Referral,46,F
CUST00177,2023-08-16,Agra,Uttar Pradesh,Referral,37,Other
CUST00178,2024-12-14,Nagpur,Maharashtra,Direct,24,M
CUST00179,2024-05-03,Coimbatore,Tamil Nadu,Direct,23,M
CUST00180,2023-11-17,Chennai,Tamil Nadu,Email,22,M
CUST00181,2023-06-23,Pune,Maharashtra,Referral,62,Other
CUST00182,2024-07-31,Jodhpur,Rajasthan,Organic,32,F
CUST00183,2023-10-11,Agra,Uttar Pradesh,Referral,22,Other
CUST00184,2024-12-12,Coimbatore,Tamil Nadu,Direct,55,Other
CUST00185,2024-07-18,Coimbatore,Tamil Nadu,Organic,52,M
CUST00186,2024-09-24,Delhi,Delhi,Paid Search,22,M
CUST00187,2024-06-25,Delhi,Delhi,Email,65,Other
CUST00188,2024-01-13,Kanpur,Uttar Pradesh,Organic,47,Other
CUST00189,2023-03-11,Agra,Uttar Pradesh,Referral,35,Other
CUST00190,2023-01-19,Jodhpur,Rajasthan,Organic,56,M
CUST00191,2024-08-10,Siliguri,West Bengal,Email,34,M
CUST00192,2024-04-29,Bangalore,Karnataka,Direct,54,Other
CUST00193,2023-07-24,Nagpur,Maharashtra,Social Media,54,M
CUST00194,2023-08-22,Delhi,Delhi,Email,59,F
CUST00195,2023-11-17,Lucknow,Uttar Pradesh,Email,45,Other
CUST00196,2023-03-27,Jaipur,Rajasthan,Referral,40,F
CUST00197,2024-05-28,Surat,Gujarat,Direct,24,M
CUST00198,2023-06-17,Surat,Gujarat,Direct,49,F
CUST00199,2023-08-09,Kolkata,West Bengal,Referral,23,F
CUST00200,2024-12-28,Kanpur,Uttar Pradesh,Organic,43,Other
CUST00201,2023-05-06,Nagpur,Maharashtra,Email,47,F
CUST00202,2024-02-14,Mumbai,Maharashtra,Email,41,Other
CUST00203,2024-10-31,Udaipur,Rajasthan,Referral,21,M
CUST00204,2023-09-12,Agra,Uttar Pradesh,Paid Search,36,F
CUST00205,2023-03-11,Jaipur,Rajasthan,Organic,58,Other
CUST00206,2024-07-22,Madurai,Tamil Nadu,Paid Search,37,Other
CUST00207,2024-07-01,Nagpur,Maharashtra,Referral,23,M
CUST00208,2024-09-10,Mysore,Karnataka,Organic,59,M
CUST00209,2024-01-16,Udaipur,Rajasthan,Social Media,50,Other
CUST00210,2023-07-23,Kanpur,Uttar Pradesh,Referral,48,M
CUST00211,2023-12-08,Udaipur,Rajasthan,Paid Search,42,M
CUST00212,2024-12-28,New Delhi,Delhi,Social Media,44,F
CUST00213,2024-11-05,Lucknow,Uttar Pradesh,Social Media,64,F
CUST00214,2024-12-25,Jaipur,Rajasthan,Referral,52,F
CUST00215,2024-02-03,Surat,Gujarat,Email,52,F
CUST00216,2023-06-13,Jodhpur,Rajasthan,Paid Search,62,M
CUST00217,2023-03-23,Kolkata,West Bengal,Referral,20,F
CUST00218,2023-02-26,Udaipur,Rajasthan,Referral,42,Other
CUST00219,2023-01-24,Delhi,Delhi,Organic,26,Other
CUST00220,2024-10-14,Ahmedabad,Gujarat,Referral,24,Other
CUST00221,2023-12-09,Jaipur,Rajasthan,Direct,27,F
CUST00222,2023-06-19,New Delhi,Delhi,Referral,34,F
CUST00223,2024-08-20,Kolkata,West Bengal,Social Media,61,Other
CUST00224,2024-09-23,Siliguri,West Bengal,Direct,63,F
CUST00225,2024-05-24,Nagpur,Maharashtra,Organic,33,Other
CUST00226,2024-06-12,Lucknow,Uttar Pradesh,Direct,23,F
CUST00227,2023-02-28,Hubli,Karnataka,Direct,24,F
CUST00228,2024-05-04,Delhi,Delhi,Organic,20,F
CUST00229,2024-01-14,Pune,Maharashtra,Social Media,41,F
CUST00230,2023-07-24,New Delhi,Delhi,Email,44,Other
CUST00231,2023-05-28,New Delhi,Delhi,Paid Search,23,Other
CUST00232,2024-08-26,Kolkata,West Bengal,Referral,55,M
CUST00233,2023-01-18,Coimbatore,Tamil Nadu,Direct,34,F
CUST00234,2024-12-22,Agra,Uttar Pradesh,Organic,47,F
CUST00235,2023-08-31,New Delhi,Delhi,Referral,40,Other
CUST00236,2024-01-19,Agra,Uttar Pradesh,Referral,62,F
CUST00237,2023-02-21,Jodhpur,Rajasthan,Paid Search,42,F
CUST00238,2024-03-21,Bangalore,Karnataka,Referral,54,F
CUST00239,2024-11-13,Agra,Uttar Pradesh,Social Media,19,Other
CUST00240,2023-07-18,Siliguri,West Bengal,Organic,54,Other
CUST00241,2024-11-18,Nagpur,Maharashtra,Direct,49,F
CUST00242,2024-08-21,Madurai,Tamil Nadu,Social Media,32,Other
CUST00243,2023-07-18,Madurai,Tamil Nadu,Social Media,61,Other
CUST00244,2024-03-28,New Delhi,Delhi,Direct,59,M
CUST00245,2023-04-15,Kanpur,Uttar Pradesh,Organic,55,F
CUST00246,2024-12-23,New Delhi,Delhi,Social Media,38,Other
CUST00247,2023-08-31,Kolkata,West Bengal,Paid Search,26,Other
CUST00248,2023-03-09,Vadodara,Gujarat,Email,35,M
CUST00249,2024-12-02,Kanpur,Uttar Pradesh,Social Media,65,F
CUST00250,2023-01-02,Mysore,Karnataka,Organic,27,M
CUST00251,2024-04-25,Siliguri,West Bengal,Organic,43,M
CUST00252,2024-12-21,Agra,Uttar Pradesh,Organic,47,F
CUST00253,2024-11-03,Agra,Uttar Pradesh,Referral,58,F
CUST00254,2023-01-01,Hubli,Karnataka,Paid Search,48,M
CUST00255,2024-02-10,Vadodara,Gujarat,Paid Search,59,M
CUST00256,2024-07-11,Udaipur,Rajasthan,Social Media,59,F
CUST00257,2024-10-17,Bangalore,Karnataka,Organic,20,F
CUST00258,2024-09-11,Jaipur,Rajasthan,Organic,33,Other
CUST00259,2023-03-25,Delhi,Delhi,Referral,41,Other
CUST00260,2023-10-08,Kolkata,West Bengal,Referral,59,M
CUST00261,2024-04-24,Udaipur,Rajasthan,Referral,35,M
CUST00262,2023-02-18,Ahmedabad,Gujarat,Referral,46,M
CUST00263,2023-01-14,Ahmedabad,Gujarat,Direct,41,Other
CUST00264,2024-02-14,Ahmedabad,Gujarat,Referral,35,M
CUST00265,2023-11-21,Mysore,Karnataka,Organic,60,M
CUST00266,2024-07-11,Mumbai,Maharashtra,Social Media,33,M
CUST00267,2024-11-12,Chennai,Tamil Nadu,Email,31,Other
CUST00268,2024-12-01,Chennai,Tamil Nadu,Social Media,27,Other
CUST00269,2024-02-26,Pune,Maharashtra,Paid Search,26,Other
CUST00270,2024-10-11,Lucknow,Uttar Pradesh,Organic,60,M
CUST00271,2023-07-18,New Delhi,Delhi,Social Media,33,Other
CUST00272,2024-09-13,Ahmedabad,Gujarat,Paid Search,34,M
CUST00273,2024-04-20,Delhi,Delhi,Email,25,Other
CUST00274,2023-12-12,Mysore,Karnataka,Referral,41,Other
CUST00275,2024-06-14,Mysore,Karnataka,Email,32,Other
CUST00276,2024-10-17,Nagpur,Maharashtra,Direct,51,F
CUST00277,2023-07-29,Udaipur,Rajasthan,Organic,21,F
CUST00278,2024-11-18,Siliguri,West Bengal,Direct,24,F
CUST00279,2023-04-27,Jaipur,Rajasthan,Organic,38,Other
CUST00280,2023-11-27,New Delhi,Delhi,Paid Search,35,Other
CUST00281,2024-04-10,Surat,Gujarat,Email,51,F
CUST00282,2023-09-02,Udaipur,Rajasthan,Email,45,M
CUST00283,2024-11-02,Hubli,Karnataka,Direct,53,Other
CUST00284,2024-06-03,Coimbatore,Tamil Nadu,Referral,32,F
CUST00285,2024-08-06,Surat,Gujarat,Referral,44,Other
CUST00286,2023-09-28,Mysore,Karnataka,Referral,38,Other
CUST00287,2024-06-05,Kanpur,Uttar Pradesh,Paid Search,61,F
CUST00288,2024-12-09,Bangalore,Karnataka,Organic,23,F
CUST00289,2023-09-15,Hubli,Karnataka,Direct,41,M
CUST00290,2023-07-30,Nagpur,Maharashtra,Email,53,F
CUST00291,2023-06-25,Mysore,Karnataka,Social Media,60,F
CUST00292,2023-06-11,Pune,Maharashtra,Email,37,F
CUST00293,2023-05-18,Hubli,Karnataka,Email,31,M
CUST00294,2023-11-18,Jaipur,Rajasthan,Organic,40,Other
CUST00295,2024-08-21,Ahmedabad,Gujarat,Social Media,54,M
CUST00296,2024-09-16,Kolkata,West Bengal,Email,60,Other
CUST00297,2024-01-30,Lucknow,Uttar Pradesh,Paid Search,35,Other
CUST00298,2024-04-13,Kanpur,Uttar Pradesh,Social Media,18,M
CUST00299,2024-08-30,Delhi,Delhi,Organic,27,Other
CUST00300,2023-09-20,Mumbai,Maharashtra,Direct,51,M
CUST00301,2023-08-08,Siliguri,West Bengal,Referral,39,M
CUST00302,2023-04-28,Surat,Gujarat,Direct,38,Other
CUST00303,2023-02-20,Bangalore,Karnataka,Paid Search,28,Other
CUST00304,2023-09-23,Nagpur,Maharashtra,Organic,35,F
CUST00305,2023-09-30,Siliguri,West Bengal,Email,46,F
CUST00306,2023-10-01,Lucknow,Uttar Pradesh,Email,25,F
CUST00307,2023-10-24,Kolkata,West Bengal,Social Media,61,Other
CUST00308,2023-08-13,Udaipur,Rajasthan,Direct,37,M
CUST00309,2023-09-30,Coimbatore,Tamil Nadu,Email,21,M
CUST00310,2023-03-02,Coimbatore,Tamil Nadu,Paid Search,26,F
CUST00311,2024-12-21,Kanpur,Uttar Pradesh,Organic,18,F
CUST00312,2023-05-05,Kolkata,West Bengal,Paid Search,42,Other
CUST00313,2024-11-10,Madurai,Tamil Nadu,Email,60,F
CUST00314,2024-01-07,Mysore,Karnataka,Direct,20,F
CUST00315,2024-04-24,Pune,Maharashtra,Organic,38,Other
CUST00316,2024-01-03,Siliguri,West Bengal,Direct,58,F
CUST00317,2023-09-24,Lucknow,Uttar Pradesh,Referral,19,F
CUST00318,2023-06-11,Delhi,Delhi,Direct,41,M
CUST00319,2023-03-08,Kolkata,West Bengal,Paid Search,45,Other
CUST00320,2023-01-05,Kolkata,West Bengal,Referral,37,Other
CUST00321,2024-01-05,Ahmedabad,Gujarat,Social Media,28,M
CUST00322,2023-11-11,Hubli,Karnataka,Email,30,F
CUST00323,2024-03-22,Vadodara,Gujarat,Direct,27,M
CUST00324,2023-12-26,Bangalore,Karnataka,Social Media,30,M
CUST00325,2024-11-16,New Delhi,Delhi,Paid Search,58,F
CUST00326,2024-09-02,Udaipur,Rajasthan,Email,46,Other
CUST00327,2023-06-15,Vadodara,Gujarat,Social Media,27,F
CUST00328,2023-08-18,Mysore,Karnataka,Referral,58,F
CUST00329,2023-04-17,Agra,Uttar Pradesh,Organic,40,Other
CUST00330,2024-08-10,Mysore,Karnataka,Referral,46,M
CUST00331,2024-05-21,Pune,Maharashtra,Social Media,22,Other
CUST00332,2023-08-01,Hubli,Karnataka,Email,50,F
CUST00333,2023-02-19,Udaipur,Rajasthan,Email,65,M
CUST00334,2024-10-03,Udaipur,Rajasthan,Direct,30,F
CUST00335,2023-03-14,Udaipur,Rajasthan,Paid Search,21,F
CUST00336,2024-08-19,Mysore,Karnataka,Direct,23,Other
CUST00337,2023-05-06,New Delhi,Delhi,Paid Search,63,F
CUST00338,2024-07-08,Udaipur,Rajasthan,Email,57,M
CUST00339,2023-08-21,Surat,Gujarat,Social Media,42,F
CUST00340,2024-03-10,Vadodara,Gujarat,Email,21,Other
CUST00341,2024-01-29,Ahmedabad,Gujarat,Social Media,24,Other
CUST00342,2023-01-01,Siliguri,West Bengal,Social Media,64,Other
CUST00343,2024-02-12,Delhi,Delhi,Organic,55,Other
CUST00344,2023-04-18,Delhi,Delhi,Social Media,59,Other
CUST00345,2023-02-06,Kolkata,West Bengal,Email,63,M
CUST00346,2023-02-05,Agra,Uttar Pradesh,Referral,59,F
CUST00347,2023-08-11,New Delhi,Delhi,Direct,60,F
CUST00348,2023-01-04,Ahmedabad,Gujarat,Social Media,37,M
CUST00349,2024-01-11,Coimbatore,Tamil Nadu,Referral,30,M
CUST00350,2024-10-04,New Delhi,Delhi,Organic,36,M
CUST00351,2023-05-23,Nagpur,Maharashtra,Social Media,57,M
CUST00352,2023-05-06,Kolkata,West Bengal,Paid Search,29,Other
CUST00353,2024-02-06,Delhi,Delhi,Organic,44,F
CUST00354,2023-05-14,Coimbatore,Tamil Nadu,Email,36,Other
CUST00355,2023-11-09,Jaipur,Rajasthan,Email,33,F
CUST00356,2023-03-14,Jaipur,Rajasthan,Social Media,61,Other
CUST00357,2024-10-15,Jodhpur,Rajasthan,Social Media,42,Other
CUST00358,2024-04-19,Kolkata,West Bengal,Paid Search,56,M
CUST00359,2024-03-25,Lucknow,Uttar Pradesh,Direct,48,F
CUST00360,2023-05-24,Hubli,Karnataka,Email,25,F
CUST00361,2024-12-18,Bangalore,Karnataka,Social Media,46,Other
CUST00362,2024-06-24,Delhi,Delhi,Organic,32,F
CUST00363,2023-08-21,Ahmedabad,Gujarat,Referral,21,F
CUST00364,2023-08-19,Ahmedabad,Gujarat,Referral,23,F
CUST00365,2023-10-27,Chennai,Tamil Nadu,Social Media,24,Other
CUST00366,2023-10-13,Ahmedabad,Gujarat,Paid Search,20,F
CUST00367,2023-09-04,Udaipur,Rajasthan,Paid Search,63,F
CUST00368,2024-05-31,Udaipur,Rajasthan,Organic,23,M
CUST00369,2023-12-22,Lucknow,Uttar Pradesh,Paid Search,53,Other
CUST00370,2023-05-23,Kolkata,West Bengal,Social Media,33,F
CUST00371,2023-11-26,Bangalore,Karnataka,Paid Search,44,Other
CUST00372,2024-09-23,Jaipur,Rajasthan,Organic,49,Other
CUST00373,2024-12-02,Nagpur,Maharashtra,Email,54,M
CUST00374,2023-09-22,Delhi,Delhi,Referral,18,Other
CUST00375,2024-10-28,Ahmedabad,Gujarat,Email,44,M
CUST00376,2023-10-29,Hubli,Karnataka,Social Media,22,Other
CUST00377,2024-12-18,Pune,Maharashtra,Referral,20,Other
CUST00378,2023-05-11,Siliguri,West Bengal,Social Media,65,M
CUST00379,2023-12-19,Ahmedabad,Gujarat,Social Media,33,Other
CUST00380,2023-02-14,Hubli,Karnataka,Direct,39,M
CUST00381,2024-03-27,Pune,Maharashtra,Email,39,Other
CUST00382,2023-10-09,Delhi,Delhi,Direct,48,Other
CUST00383,2023-09-29,New Delhi,Delhi,Organic,63,F
CUST00384,2024-04-04,Pune,Maharashtra,Paid Search,20,M
CUST00385,2024-08-28,Pune,Maharashtra,Social Media,50,F
CUST00386,2024-02-17,Jodhpur,Rajasthan,Organic,59,M
CUST00387,2024-03-23,Kanpur,Uttar Pradesh,Organic,59,F
CUST00388,2023-06-08,Lucknow,Uttar Pradesh,Social Media,45,F
CUST00389,2024-02-11,Jodhpur,Rajasthan,Social Media,29,F
CUST00390,2023-12-05,Jodhpur,Rajasthan,Email,35,M
CUST00391,2024-09-24,Kolkata,West Bengal,Referral,56,M
CUST00392,2023-12-17,Kanpur,Uttar Pradesh,Organic,23,F
CUST00393,2023-04-21,Kanpur,Uttar Pradesh,Referral,56,Other
CUST00394,2024-04-25,Kolkata,West Bengal,Direct,46,F
CUST00395,2024-05-16,Jaipur,Rajasthan,Direct,40,Other
CUST00396,2023-08-17,Siliguri,West Bengal,Direct,21,M
CUST00397,2024-08-27,Siliguri,West Bengal,Email,65,Other
CUST00398,2024-03-05,New Delhi,Delhi,Paid Search,56,Other
CUST00399,2024-02-02,Jaipur,Rajasthan,Paid Search,22,M
CUST00400,2023-10-12,Surat,Gujarat,Referral,54,M
CUST00401,2024-12-16,Delhi,Delhi,Social Media,41,F
CUST00402,2024-07-23,Hubli,Karnataka,Paid Search,51,F
CUST00403,2023-10-12,Siliguri,West Bengal,Direct,35,M
CUST00404,2023-08-23,Bangalore,Karnataka,Direct,29,F
CUST00405,2024-12-12,Kolkata,West Bengal,Social Media,34,Other
CUST00406,2023-11-01,Jaipur,Rajasthan,Email,36,Other
CUST00407,2024-06-15,Jaipur,Rajasthan,Organic,26,M
CUST00408,2024-01-13,Jaipur,Rajasthan,Direct,46,M
CUST00409,2024-11-29,Vadodara,Gujarat,Social Media,63,M
CUST00410,2024-06-26,Kanpur,Uttar Pradesh,Paid Search,63,Other
CUST00411,2024-05-22,Delhi,Delhi,Email,32,M
CUST00412,2023-06-13,Chennai,Tamil Nadu,Paid Search,49,M
CUST00413,2023-11-03,Vadodara,Gujarat,Email,41,F
CUST00414,2024-05-13,New Delhi,Delhi,Organic,37,F
CUST00415,2024-02-17,Udaipur,Rajasthan,Referral,44,Other
CUST00416,2023-06-07,Bangalore,Karnataka,Social Media,59,M
CUST00417,2023-12-06,Jodhpur,Rajasthan,Direct,51,F
CUST00418,2024-03-01,New Delhi,Delhi,Paid Search,45,Other
CUST00419,2024-08-29,Mumbai,Maharashtra,Email,27,F
CUST00420,2023-05-30,New Delhi,Delhi,Social Media,63,M
CUST00421,2024-02-29,Vadodara,Gujarat,Social Media,23,F
CUST00422,2023-05-18,Madurai,Tamil Nadu,Email,35,M
CUST00423,2023-10-19,Agra,Uttar Pradesh,Email,23,Other
CUST00424,2024-03-13,New Delhi,Delhi,Paid Search,60,Other
CUST00425,2024-06-11,Vadodara,Gujarat,Organic,19,M
CUST00426,2023-09-07,Nagpur,Maharashtra,Email,34,Other
CUST00427,2023-04-02,Madurai,Tamil Nadu,Referral,57,Other
CUST00428,2024-11-05,Pune,Maharashtra,Direct,52,F
CUST00429,2024-12-06,Kanpur,Uttar Pradesh,Paid Search,61,F
CUST00430,2024-12-21,Kanpur,Uttar Pradesh,Organic,62,M
CUST00431,2023-07-12,Delhi,Delhi,Referral,48,F
CUST00432,2023-03-28,Coimbatore,Tamil Nadu,Email,27,F
CUST00433,2024-06-25,Vadodara,Gujarat,Social Media,43,M
CUST00434,2024-04-09,Vadodara,Gujarat,Email,24,F
CUST00435,2023-08-22,Coimbatore,Tamil Nadu,Organic,35,F
CUST00436,2023-04-12,Chennai,Tamil Nadu,Organic,21,F
CUST00437,2023-06-15,Siliguri,West Bengal,Paid Search,28,F
CUST00438,2023-02-19,Ahmedabad,Gujarat,Paid Search,49,Other
CUST00439,2024-11-04,Jodhpur,Rajasthan,Social Media,49,M
CUST00440,2023-09-10,Mysore,Karnataka,Email,47,M
CUST00441,2024-03-03,Madurai,Tamil Nadu,Social Media,21,M
CUST00442,2023-08-21,Kanpur,Uttar Pradesh,Email,59,Other
CUST00443,2023-11-03,Jodhpur,Rajasthan,Email,18,M
CUST00444,2023-10-17,Kolkata,West Bengal,Social Media,64,F
CUST00445,2023-03-07,Siliguri,West Bengal,Organic,43,M
CUST00446,2023-07-02,Coimbatore,Tamil Nadu,Email,36,M
CUST00447,2023-12-10,Siliguri,West Bengal,Email,35,Other
CUST00448,2023-12-03,Bangalore,Karnataka,Organic,43,F
CUST00449,2023-05-11,Vadodara,Gujarat,Social Media,27,M
CUST00450,2024-03-31,Kolkata,West Bengal,Organic,20,M
CUST00451,2024-09-05,Surat,Gujarat,Email,47,M
CUST00452,2024-04-19,Delhi,Delhi,Email,38,M
CUST00453,2023-01-11,Siliguri,West Bengal,Email,39,Other
CUST00454,2023-09-25,Udaipur,Rajasthan,Email,37,F
CUST00455,2023-09-29,Pune,Maharashtra,Social Media,61,M
CUST00456,2023-06-13,Siliguri,West Bengal,Direct,62,Other
CUST00457,2023-07-06,Nagpur,Maharashtra,Referral,34,Other
CUST00458,2024-01-01,Madurai,Tamil Nadu,Organic,55,F
CUST00459,2023-09-22,Delhi,Delhi,Paid Search,61,M
CUST00460,2024-02-23,Nagpur,Maharashtra,Direct,25,M
CUST00461,2024-01-25,Pune,Maharashtra,Social Media,44,M
CUST00462,2024-08-27,Kolkata,West Bengal,Referral,50,Other
CUST00463,2024-05-07,Udaipur,Rajasthan,Direct,21,Other
CUST00464,2023-09-27,New Delhi,Delhi,Email,38,Other
CUST00465,2024-02-20,Udaipur,Rajasthan,Referral,38,M
CUST00466,2023-10-01,Udaipur,Rajasthan,Social Media,52,F
CUST00467,2024-06-11,Agra,Uttar Pradesh,Referral,30,M
CUST00468,2024-04-29,Agra,Uttar Pradesh,Social Media,32,F
CUST00469,2023-11-09,Agra,Uttar Pradesh,Paid Search,62,Other
CUST00470,2023-09-29,Jodhpur,Rajasthan,Referral,40,Other
CUST00471,2024-12-29,Kanpur,Uttar Pradesh,Organic,54,Other
CUST00472,2024-11-11,Siliguri,West Bengal,Social Media,27,F
CUST00473,2024-04-10,Pune,Maharashtra,Direct,23,F
CUST00474,2023-12-18,Udaipur,Rajasthan,Social Media,65,F
CUST00475,2024-11-24,Chennai,Tamil Nadu,Email,35,Other
CUST00476,2024-07-29,Lucknow,Uttar Pradesh,Organic,57,Other
CUST00477,2023-10-16,Chennai,Tamil Nadu,Organic,60,Other
CUST00478,2023-02-19,Madurai,Tamil Nadu,Paid Search,21,M
CUST00479,2024-02-24,Siliguri,West Bengal,Direct,48,M
CUST00480,2024-12-09,New Delhi,Delhi,Email,28,F
CUST00481,2024-01-13,Jodhpur,Rajasthan,Direct,30,F
CUST00482,2023-06-02,Surat,Gujarat,Direct,21,M
CUST00483,2024-02-27,Madurai,Tamil Nadu,Direct,64,M
CUST00484,2024-09-08,Delhi,Delhi,Paid Search,20,F
CUST00485,2023-04-21,Jaipur,Rajasthan,Direct,36,M
CUST00486,2023-09-02,Pune,Maharashtra,Email,56,M
CUST00487,2024-08-31,Surat,Gujarat,Referral,59,Other
CUST00488,2024-06-08,Jaipur,Rajasthan,Email,47,F
CUST00489,2023-12-28,Chennai,Tamil Nadu,Social Media,28,Other
CUST00490,2024-07-24,Udaipur,Rajasthan,Social Media,63,M
CUST00491,2024-03-09,Nagpur,Maharashtra,Social Media,36,Other
CUST00492,2023-07-14,Chennai,Tamil Nadu,Email,58,F
CUST00493,2024-10-21,Siliguri,West Bengal,Organic,43,Other
CUST00494,2024-01-23,Bangalore,Karnataka,Paid Search,48,F
CUST00495,2023-10-04,Chennai,Tamil Nadu,Social Media,42,M
CUST00496,2024-02-09,Jodhpur,Rajasthan,Social Media,37,Other
CUST00497,2023-06-24,Pune,Maharashtra,Direct,41,Other
CUST00498,2023-08-12,Chennai,Tamil Nadu,Direct,25,F
CUST00499,2023-02-07,Lucknow,Uttar Pradesh,Referral,61,Other
CUST00500,2024-05-26,Agra,Uttar Pradesh,Organic,58,F
CUST00501,2024-08-06,Vadodara,Gujarat,Paid Search,32,M
CUST00502,2023-08-20,Jaipur,Rajasthan,Referral,65,Other
CUST00503,2023-07-08,Surat,Gujarat,Direct,53,F
CUST00504,2023-10-19,Chennai,Tamil Nadu,Direct,56,M
CUST00505,2023-12-21,Udaipur,Rajasthan,Direct,41,M
CUST00506,2024-02-26,Bangalore,Karnataka,Email,50,M
CUST00507,2024-11-18,New Delhi,Delhi,Social Media,51,F
CUST00508,2023-05-22,Hubli,Karnataka,Paid Search,63,Other
CUST00509,2023-02-16,Jaipur,Rajasthan,Email,46,M
CUST00510,2023-06-26,Jaipur,Rajasthan,Email,44,F
CUST00511,2024-05-11,Nagpur,Maharashtra,Referral,61,F
CUST00512,2024-07-30,Pune,Maharashtra,Social Media,18,Other
CUST00513,2023-11-16,Madurai,Tamil Nadu,Organic,20,F
CUST00514,2023-08-04,Vadodara,Gujarat,Organic,52,M
CUST00515,2024-01-12,Mysore,Karnataka,Organic,36,F
CUST00516,2023-06-30,New Delhi,Delhi,Direct,64,Other
CUST00517,2023-02-16,Siliguri,West Bengal,Referral,46,F
CUST00518,2023-08-18,Kolkata,West Bengal,Direct,60,Other
CUST00519,2024-12-25,Delhi,Delhi,Organic,29,Other
CUST00520,2023-10-29,Kolkata,West Bengal,Direct,32,M
CUST00521,2023-01-03,Pune,Maharashtra,Referral,61,Other
CUST00522,2024-12-29,Siliguri,West Bengal,Paid Search,33,F
CUST00523,2023-12-23,Ahmedabad,Gujarat,Social Media,30,Other
CUST00524,2024-11-05,Bangalore,Karnataka,Direct,44,Other
CUST00525,2023-05-03,Mumbai,Maharashtra,Paid Search,22,M
CUST00526,2023-06-28,Pune,Maharashtra,Email,61,Other
CUST00527,2023-07-25,Mumbai,Maharashtra,Direct,20,F
CUST00528,2024-12-29,Jaipur,Rajasthan,Email,31,M
CUST00529,2023-11-04,Delhi,Delhi,Paid Search,64,Other
CUST00530,2024-05-16,Vadodara,Gujarat,Email,61,F
CUST00531,2023-06-11,Coimbatore,Tamil Nadu,Paid Search,60,Other
CUST00532,2024-08-11,Coimbatore,Tamil Nadu,Social Media,35,M
CUST00533,2023-12-13,Delhi,Delhi,Email,49,M
CUST00534,2023-04-30,Vadodara,Gujarat,Direct,42,Other
CUST00535,2023-01-06,Vadodara,Gujarat,Referral,44,M
CUST00536,2023-04-03,Kanpur,Uttar Pradesh,Paid Search,52,F
CUST00537,2023-02-20,Chennai,Tamil Nadu,Social Media,63,M
CUST00538,2023-06-09,Jaipur,Rajasthan,Email,44,F
CUST00539,2023-04-02,Delhi,Delhi,Paid Search,34,M
CUST00540,2024-11-24,Vadodara,Gujarat,Organic,46,F
CUST00541,2023-09-07,Hubli,Karnataka,Direct,30,M
CUST00542,2024-12-30,Kanpur,Uttar Pradesh,Direct,56,Other
CUST00543,2024-10-22,Mumbai,Maharashtra,Paid Search,55,Other
CUST00544,2023-07-08,Coimbatore,Tamil Nadu,Paid Search,39,F
CUST00545,2023-05-31,Mumbai,Maharashtra,Paid Search,65,M
CUST00546,2023-12-21,Jaipur,Rajasthan,Direct,56,Other
CUST00547,2023-05-28,Coimbatore,Tamil Nadu,Paid Search,53,F
CUST00548,2023-10-10,Kanpur,Uttar Pradesh,Referral,52,Other
CUST00549,2023-03-25,Surat,Gujarat,Social Media,41,Other
CUST00550,2024-07-13,Jodhpur,Rajasthan,Organic,64,F
CUST00551,2024-06-21,Ahmedabad,Gujarat,Social Media,38,F
CUST00552,2023-03-06,Nagpur,Maharashtra,Paid Search,65,M
CUST00553,2023-02-05,Pune,Maharashtra,Email,55,Other
CUST00554,2024-08-26,Siliguri,West Bengal,Paid Search,30,F
CUST00555,2024-10-13,Coimbatore,Tamil Nadu,Email,33,F
CUST00556,2024-08-20,Surat,Gujarat,Referral,64,Other
CUST00557,2023-02-22,Jodhpur,Rajasthan,Paid Search,64,F
CUST00558,2024-11-29,New Delhi,Delhi,Direct,52,F
CUST00559,2023-11-11,New Delhi,Delhi,Email,20,M
CUST00560,2023-03-06,Mumbai,Maharashtra,Referral,26,Other
CUST00561,2023-06-18,Chennai,Tamil Nadu,Direct,27,M
CUST00562,2024-08-04,Madurai,Tamil Nadu,Referral,41,M
CUST00563,2023-02-03,Udaipur,Rajasthan,Referral,19,M
CUST00564,2023-09-11,Kolkata,West Bengal,Organic,51,Other
CUST00565,2023-04-02,Agra,Uttar Pradesh,Social Media,19,Other
CUST00566,2024-03-14,Kolkata,West Bengal,Organic,24,Other
CUST00567,2023-03-10,New Delhi,Delhi,Paid Search,57,Other
CUST00568,2023-09-14,Kanpur,Uttar Pradesh,Social Media,43,M
CUST00569,2023-05-30,Surat,Gujarat,Referral,54,M
CUST00570,2023-11-11,Coimbatore,Tamil Nadu,Direct,23,Other
CUST00571,2023-01-25,Mumbai,Maharashtra,Referral,42,F
CUST00572,2023-11-18,Jaipur,Rajasthan,Direct,18,Other
CUST00573,2023-05-29,New Delhi,Delhi,Referral,45,Other
CUST00574,2024-05-26,Vadodara,Gujarat,Organic,51,M
CUST00575,2023-09-24,Chennai,Tamil Nadu,Direct,54,F
CUST00576,2024-03-29,Lucknow,Uttar Pradesh,Organic,61,F
CUST00577,2023-02-21,Mumbai,Maharashtra,Social Media,19,M
CUST00578,2023-08-04,Delhi,Delhi,Organic,37,M
CUST00579,2024-12-22,Madurai,Tamil Nadu,Referral,61,Other
CUST00580,2023-12-09,Surat,Gujarat,Direct,26,Other
CUST00581,2023-02-14,Hubli,Karnataka,Direct,40,M
CUST00582,2024-06-12,Mysore,Karnataka,Paid Search,22,F
CUST00583,2023-05-28,Siliguri,West Bengal,Organic,58,F
CUST00584,2024-11-30,Jodhpur,Rajasthan,Paid Search,40,Other
CUST00585,2023-09-13,Siliguri,West Bengal,Paid Search,61,Other
CUST00586,2024-02-03,Kolkata,West Bengal,Email,36,M
CUST00587,2023-08-29,Bangalore,Karnataka,Social Media,27,F
CUST00588,2024-09-16,Delhi,Delhi,Social Media,41,M
CUST00589,2024-01-24,Bangalore,Karnataka,Social Media,46,F
CUST00590,2024-03-15,Lucknow,Uttar Pradesh,Paid Search,23,M
CUST00591,2023-12-04,Siliguri,West Bengal,Email,53,Other
CUST00592,2023-12-09,Kolkata,West Bengal,Organic,23,F
CUST00593,2023-03-24,Hubli,Karnataka,Email,38,F
CUST00594,2023-07-09,Pune,Maharashtra,Referral,42,M
CUST00595,2024-03-30,Madurai,Tamil Nadu,Email,28,Other
CUST00596,2024-03-11,Kolkata,West Bengal,Paid Search,35,F
CUST00597,2024-02-03,Kanpur,Uttar Pradesh,Paid Search,22,M
CUST00598,2024-08-13,Siliguri,West Bengal,Referral,37,F
CUST00599,2023-01-04,Mysore,Karnataka,Social Media,33,Other
CUST00600,2023-01-15,Udaipur,Rajasthan,Email,30,F
CUST00601,2023-01-09,Bangalore,Karnataka,Social Media,18,F
CUST00602,2023-06-08,Vadodara,Gujarat,Referral,39,F
CUST00603,2024-06-08,Surat,Gujarat,Direct,56,M
CUST00604,2024-05-21,Kanpur,Uttar Pradesh,Email,62,M
CUST00605,2023-03-28,Jodhpur,Rajasthan,Paid Search,43,F
CUST00606,2023-08-23,Agra,Uttar Pradesh,Direct,58,F
CUST00607,2024-09-11,Coimbatore,Tamil Nadu,Referral,35,F
CUST00608,2024-03-27,Ahmedabad,Gujarat,Email,30,Other
CUST00609,2024-06-17,New Delhi,Delhi,Direct,47,Other
CUST00610,2024-02-25,Coimbatore,Tamil Nadu,Social Media,62,M
CUST00611,2024-03-27,Siliguri,West Bengal,Paid Search,58,F
CUST00612,2023-08-19,Coimbatore,Tamil Nadu,Direct,27,Other
CUST00613,2024-11-11,Siliguri,West Bengal,Organic,46,Other
CUST00614,2024-10-17,Udaipur,Rajasthan,Referral,52,Other
CUST00615,2024-07-02,Kolkata,West Bengal,Social Media,62,Other
CUST00616,2024-11-25,Bangalore,Karnataka,Paid Search,60,Other
CUST00617,2023-11-19,Ahmedabad,Gujarat,Direct,57,M
CUST00618,2023-05-12,Siliguri,West Bengal,Referral,24,M
CUST00619,2024-11-26,Mysore,Karnataka,Paid Search,50,Other
CUST00620,2023-09-30,Coimbatore,Tamil Nadu,Social Media,43,F
CUST00621,2023-09-17,Delhi,Delhi,Organic,48,M
CUST00622,2024-05-12,Kanpur,Uttar Pradesh,Organic,25,Other
CUST00623,2024-02-01,Delhi,Delhi,Social Media,39,F
CUST00624,2023-06-01,Madurai,Tamil Nadu,Referral,40,F
CUST00625,2023-03-09,Mysore,Karnataka,Direct,62,F
CUST00626,2024-05-08,Ahmedabad,Gujarat,Social Media,20,Other
CUST00627,2023-11-12,Bangalore,Karnataka,Social Media,59,M
CUST00628,2023-08-08,New Delhi,Delhi,Email,29,Other
CUST00629,2023-01-15,Delhi,Delhi,Email,45,F
CUST00630,2024-05-25,Coimbatore,Tamil Nadu,Direct,29,M
CUST00631,2024-06-15,Siliguri,West Bengal,Organic,65,Other
CUST00632,2023-07-04,Coimbatore,Tamil Nadu,Email,45,F
CUST00633,2023-06-17,Nagpur,Maharashtra,Paid Search,31,F
CUST00634,2024-07-29,Hubli,Karnataka,Organic,52,M
CUST00635,2024-10-13,Surat,Gujarat,Paid Search,47,M
CUST00636,2024-02-06,Agra,Uttar Pradesh,Referral,51,Other
CUST00637,2024-10-29,Vadodara,Gujarat,Referral,57,F
CUST00638,2024-04-13,Mysore,Karnataka,Social Media,47,Other
CUST00639,2024-05-23,Delhi,Delhi,Email,55,M
CUST00640,2024-02-27,Delhi,Delhi,Organic,33,F
CUST00641,2024-03-19,Bangalore,Karnataka,Social Media,62,M
CUST00642,2023-02-11,Siliguri,West Bengal,Email,26,Other
CUST00643,2024-08-16,Siliguri,West Bengal,Paid Search,49,Other
CUST00644,2023-08-26,New Delhi,Delhi,Referral,36,M
CUST00645,2023-07-16,Delhi,Delhi,Referral,57,M
CUST00646,2023-03-19,Ahmedabad,Gujarat,Referral,26,M
CUST00647,2024-07-03,Siliguri,West Bengal,Referral,61,F
CUST00648,2024-10-17,Siliguri,West Bengal,Referral,28,M
CUST00649,2024-04-10,Mumbai,Maharashtra,Social Media,20,F
CUST00650,2024-09-05,Madurai,Tamil Nadu,Social Media,28,F
CUST00651,2023-05-21,Udaipur,Rajasthan,Email,25,Other
CUST00652,2024-11-13,Mysore,Karnataka,Email,41,Other
CUST00653,2024-06-16,Nagpur,Maharashtra,Referral,52,M
CUST00654,2023-03-04,Kolkata,West Bengal,Direct,59,M
CUST00655,2024-10-20,Lucknow,Uttar Pradesh,Referral,34,F
CUST00656,2024-12-11,Mysore,Karnataka,Organic,33,M
CUST00657,2024-07-18,Vadodara,Gujarat,Email,58,F
CUST00658,2023-03-20,New Delhi,Delhi,Paid Search,31,M
CUST00659,2023-02-18,Vadodara,Gujarat,Social Media,56,Other
CUST00660,2024-11-08,Delhi,Delhi,Direct,36,F
CUST00661,2024-06-11,Agra,Uttar Pradesh,Direct,24,M
CUST00662,2023-07-06,Kolkata,West Bengal,Social Media,59,M
CUST00663,2023-05-19,New Delhi,Delhi,Paid Search,63,F
CUST00664,2023-04-08,Madurai,Tamil Nadu,Referral,49,M
CUST00665,2024-06-24,Agra,Uttar Pradesh,Referral,42,F
CUST00666,2023-10-19,Hubli,Karnataka,Organic,43,Other
CUST00667,2023-06-11,Agra,Uttar Pradesh,Social Media,47,F
CUST00668,2024-09-06,Vadodara,Gujarat,Organic,64,M
CUST00669,2023-02-04,Udaipur,Rajasthan,Direct,62,F
CUST00670,2024-02-11,Hubli,Karnataka,Referral,31,F
CUST00671,2023-01-25,Coimbatore,Tamil Nadu,Social Media,38,F
CUST00672,2024-03-11,Vadodara,Gujarat,Email,26,Other
CUST00673,2024-04-09,Jodhpur,Rajasthan,Direct,21,M
CUST00674,2023-05-30,Hubli,Karnataka,Referral,19,M
CUST00675,2023-06-22,Delhi,Delhi,Referral,18,F
CUST00676,2023-12-03,Madurai,Tamil Nadu,Paid Search,59,F
CUST00677,2023-11-24,Delhi,Delhi,Organic,59,F
CUST00678,2023-05-23,Lucknow,Uttar Pradesh,Social Media,60,Other
CUST00679,2023-08-18,New Delhi,Delhi,Referral,58,F
CUST00680,2023-02-27,Coimbatore,Tamil Nadu,Direct,23,Other
CUST00681,2024-12-04,Bangalore,Karnataka,Paid Search,48,M
CUST00682,2024-11-25,New Delhi,Delhi,Email,61,F
CUST00683,2024-02-28,Mumbai,Maharashtra,Direct,39,M
CUST00684,2024-05-15,Kolkata,West Bengal,Referral,22,M
CUST00685,2024-08-26,Kolkata,West Bengal,Direct,24,M
CUST00686,2023-06-21,Surat,Gujarat,Social Media,26,F
CUST00687,2023-02-08,New Delhi,Delhi,Organic,51,Other
CUST00688,2023-05-06,Nagpur,Maharashtra,Direct,28,F
CUST00689,2023-08-04,Vadodara,Gujarat,Paid Search,58,Other
CUST00690,2024-12-10,Delhi,Delhi,Email,61,F
CUST00691,2024-04-09,Chennai,Tamil Nadu,Organic,26,M
CUST00692,2023-02-05,Siliguri,West Bengal,Referral,38,M
CUST00693,2023-11-11,Coimbatore,Tamil Nadu,Direct,23,M
CUST00694,2023-09-05,Agra,Uttar Pradesh,Organic,60,F
CUST00695,2023-02-06,Madurai,Tamil Nadu,Email,50,M
CUST00696,2024-01-21,Siliguri,West Bengal,Direct,21,M
CUST00697,2024-08-07,Jodhpur,Rajasthan,Organic,33,F
CUST00698,2023-03-24,Hubli,Karnataka,Organic,41,F
CUST00699,2024-12-04,Delhi,Delhi,Email,44,F
CUST00700,2024-04-28,Delhi,Delhi,Organic,19,Other
CUST00701,2023-11-22,Bangalore,Karnataka,Social Media,31,M
CUST00702,2023-12-17,Pune,Maharashtra,Email,36,Other
CUST00703,2023-09-18,Siliguri,West Bengal,Direct,43,M
CUST00704,2023-07-05,Delhi,Delhi,Organic,37,M
CUST00705,2023-12-04,Chennai,Tamil Nadu,Email,38,F
CUST00706,2024-11-17,Mysore,Karnataka,Direct,45,Other
CUST00707,2024-03-20,Chennai,Tamil Nadu,Paid Search,23,F
CUST00708,2024-07-18,Mysore,Karnataka,Email,56,M
CUST00709,2024-01-26,Agra,Uttar Pradesh,Direct,60,Other
CUST00710,2024-12-17,New Delhi,Delhi,Organic,63,M
CUST00711,2023-07-23,Mumbai,Maharashtra,Referral,40,Other
CUST00712,2023-01-27,Lucknow,Uttar Pradesh,Social Media,26,Other
CUST00713,2024-05-06,Agra,Uttar Pradesh,Organic,19,F
CUST00714,2023-11-24,Siliguri,West Bengal,Email,22,F
CUST00715,2024-07-26,Mysore,Karnataka,Referral,50,F
CUST00716,2023-03-08,Pune,Maharashtra,Email,28,F
CUST00717,2024-01-16,Delhi,Delhi,Organic,54,Other
CUST00718,2023-06-22,Bangalore,Karnataka,Direct,50,M
CUST00719,2024-01-04,Mumbai,Maharashtra,Paid Search,20,F
CUST00720,2023-06-24,Surat,Gujarat,Paid Search,29,M
CUST00721,2023-01-16,Kolkata,West Bengal,Social Media,33,F
CUST00722,2023-03-18,Surat,Gujarat,Organic,54,F
CUST00723,2024-02-04,Hubli,Karnataka,Direct,21,M
CUST00724,2023-08-17,Madurai,Tamil Nadu,Organic,43,M
CUST00725,2024-05-23,Jodhpur,Rajasthan,Social Media,38,M
CUST00726,2023-03-22,Jaipur,Rajasthan,Social Media,30,F
CUST00727,2023-11-18,Agra,Uttar Pradesh,Email,33,F
CUST00728,2023-12-17,Vadodara,Gujarat,Referral,30,Other
CUST00729,2023-10-25,Chennai,Tamil Nadu,Organic,44,M
CUST00730,2024-01-14,Madurai,Tamil Nadu,Social Media,58,Other
CUST00731,2023-08-17,Pune,Maharashtra,Organic,60,F
CUST00732,2023-01-31,Lucknow,Uttar Pradesh,Paid Search,51,M
CUST00733,2024-10-07,Siliguri,West Bengal,Organic,27,Other
CUST00734,2024-09-28,Lucknow,Uttar Pradesh,Organic,32,Other
CUST00735,2023-09-14,Siliguri,West Bengal,Referral,65,M
CUST00736,2023-08-23,Hubli,Karnataka,Paid Search,58,F
CUST00737,2023-06-16,Hubli,Karnataka,Email,21,F
CUST00738,2023-08-31,New Delhi,Delhi,Social Media,34,F
CUST00739,2024-08-06,Siliguri,West Bengal,Social Media,46,F
CUST00740,2024-06-22,Chennai,Tamil Nadu,Paid Search,26,Other
CUST00741,2023-03-09,Bangalore,Karnataka,Organic,28,F
CUST00742,2023-07-21,Jodhpur,Rajasthan,Referral,25,Other
CUST00743,2024-04-28,Ahmedabad,Gujarat,Referral,37,F
CUST00744,2023-10-05,Lucknow,Uttar Pradesh,Organic,28,Other
CUST00745,2024-10-18,Agra,Uttar Pradesh,Direct,56,M
CUST00746,2024-01-15,Coimbatore,Tamil Nadu,Paid Search,23,Other
CUST00747,2024-08-23,Coimbatore,Tamil Nadu,Referral,50,M
CUST00748,2023-11-14,Kanpur,Uttar Pradesh,Paid Search,19,F
CUST00749,2023-04-27,Udaipur,Rajasthan,Direct,53,M
CUST00750,2023-03-01,Mysore,Karnataka,Organic,26,M
CUST00751,2024-02-11,Mumbai,Maharashtra,Paid Search,26,M
CUST00752,2023-07-10,Siliguri,West Bengal,Direct,58,Other
CUST00753,2024-04-25,Hubli,Karnataka,Email,34,M
CUST00754,2024-02-03,Mumbai,Maharashtra,Paid Search,59,F
CUST00755,2024-02-23,New Delhi,Delhi,Social Media,25,M
CUST00756,2023-01-11,Jaipur,Rajasthan,Paid Search,54,F
CUST00757,2024-06-03,Siliguri,West Bengal,Organic,42,Other
CUST00758,2023-06-21,Kolkata,West Bengal,Social Media,31,M
CUST00759,2024-08-07,Kanpur,Uttar Pradesh,Referral,27,M
CUST00760,2024-11-27,Madurai,Tamil Nadu,Social Media,49,F
CUST00761,2024-04-21,Jaipur,Rajasthan,Organic,35,F
CUST00762,2024-10-22,Delhi,Delhi,Paid Search,59,Other
CUST00763,2024-02-14,Madurai,Tamil Nadu,Email,19,F
CUST00764,2024-08-13,Surat,Gujarat,Email,49,F
CUST00765,2024-08-21,Surat,Gujarat,Social Media,29,M
CUST00766,2023-08-09,Vadodara,Gujarat,Paid Search,19,F
CUST00767,2023-05-19,Pune,Maharashtra,Email,40,Other
CUST00768,2023-05-11,Chennai,Tamil Nadu,Organic,33,Other
CUST00769,2024-09-02,Coimbatore,Tamil Nadu,Email,65,M
CUST00770,2024-11-23,Madurai,Tamil Nadu,Referral,40,M
CUST00771,2024-06-03,New Delhi,Delhi,Email,38,Other
CUST00772,2024-04-10,Vadodara,Gujarat,Organic,63,Other
CUST00773,2024-07-24,Vadodara,Gujarat,Email,27,Other
CUST00774,2024-09-20,Coimbatore,Tamil Nadu,Email,37,M
CUST00775,2024-04-11,Jaipur,Rajasthan,Organic,21,M
CUST00776,2023-05-29,Chennai,Tamil Nadu,Email,48,M
CUST00777,2024-12-19,Vadodara,Gujarat,Paid Search,26,F
CUST00778,2024-02-18,Delhi,Delhi,Organic,19,M
CUST00779,2023-10-28,New Delhi,Delhi,Email,41,M
CUST00780,2024-03-24,Vadodara,Gujarat,Direct,43,Other
CUST00781,2024-10-23,Mysore,Karnataka,Social Media,38,M
CUST00782,2024-02-10,Delhi,Delhi,Direct,49,Other
CUST00783,2023-06-16,Ahmedabad,Gujarat,Direct,53,Other
CUST00784,2023-06-23,Ahmedabad,Gujarat,Direct,55,M
CUST00785,2023-07-23,Siliguri,West Bengal,Direct,62,F
CUST00786,2023-03-05,New Delhi,Delhi,Direct,18,Other
CUST00787,2023-03-22,Kolkata,West Bengal,Paid Search,56,F
CUST00788,2024-09-17,Madurai,Tamil Nadu,Email,24,F
CUST00789,2023-12-21,Delhi,Delhi,Direct,22,M
CUST00790,2024-11-04,Surat,Gujarat,Paid Search,58,M
CUST00791,2024-07-09,Surat,Gujarat,Organic,34,M
CUST00792,2024-11-25,Madurai,Tamil Nadu,Organic,40,F
CUST00793,2023-12-01,Hubli,Karnataka,Organic,21,F
CUST00794,2024-01-07,Udaipur,Rajasthan,Referral,28,F
CUST00795,2024-05-23,Jodhpur,Rajasthan,Social Media,52,F
CUST00796,2024-01-23,Mysore,Karnataka,Email,59,Other
CUST00797,2024-10-04,Chennai,Tamil Nadu,Referral,22,M
CUST00798,2023-07-10,Lucknow,Uttar Pradesh,Social Media,34,M
CUST00799,2024-04-22,Mysore,Karnataka,Paid Search,42,M
CUST00800,2023-07-08,Hubli,Karnataka,Organic,39,Other
CUST00801,2023-07-27,Udaipur,Rajasthan,Organic,45,Other
CUST00802,2024-10-28,Delhi,Delhi,Paid Search,21,M
CUST00803,2023-04-08,Ahmedabad,Gujarat,Paid Search,44,Other
CUST00804,2024-05-26,Agra,Uttar Pradesh,Social Media,37,M
CUST00805,2024-08-26,Bangalore,Karnataka,Referral,54,Other
CUST00806,2024-06-28,Jaipur,Rajasthan,Organic,41,M
CUST00807,2024-01-22,Kolkata,West Bengal,Social Media,60,Other
CUST00808,2023-05-21,Jaipur,Rajasthan,Organic,19,M
CUST00809,2023-06-30,Delhi,Delhi,Organic,48,M
CUST00810,2023-06-05,Kanpur,Uttar Pradesh,Referral,49,Other
CUST00811,2023-07-07,Lucknow,Uttar Pradesh,Direct,52,F
CUST00812,2023-06-28,Delhi,Delhi,Referral,41,M
CUST00813,2024-10-29,Jaipur,Rajasthan,Social Media,46,F
CUST00814,2024-02-08,Lucknow,Uttar Pradesh,Social Media,54,M
CUST00815,2024-12-17,New Delhi,Delhi,Organic,60,F
CUST00816,2023-05-09,Kolkata,West Bengal,Email,21,F
CUST00817,2024-06-27,Siliguri,West Bengal,Email,33,F
CUST00818,2023-09-06,Lucknow,Uttar Pradesh,Referral,63,M
CUST00819,2023-02-15,New Delhi,Delhi,Referral,29,M
CUST00820,2023-06-03,Chennai,Tamil Nadu,Paid Search,20,F
CUST00821,2023-10-11,Hubli,Karnataka,Referral,30,Other
CUST00822,2024-10-21,Delhi,Delhi,Social Media,64,M
CUST00823,2024-01-07,Mysore,Karnataka,Email,43,Other
CUST00824,2024-08-02,Surat,Gujarat,Email,47,M
CUST00825,2024-03-17,Kolkata,West Bengal,Referral,27,M
CUST00826,2023-08-26,Bangalore,Karnataka,Email,24,F
CUST00827,2023-09-21,Surat,Gujarat,Social Media,42,Other
CUST00828,2023-03-21,Udaipur,Rajasthan,Email,48,M
CUST00829,2024-08-30,Delhi,Delhi,Referral,27,Other
CUST00830,2024-12-08,Kolkata,West Bengal,Referral,39,Other
CUST00831,2024-11-09,Chennai,Tamil Nadu,Direct,48,F
CUST00832,2024-12-11,Ahmedabad,Gujarat,Social Media,37,F
CUST00833,2023-07-04,Kanpur,Uttar Pradesh,Direct,61,M
CUST00834,2024-10-04,Chennai,Tamil Nadu,Social Media,65,F
CUST00835,2024-09-03,Surat,Gujarat,Direct,44,Other
CUST00836,2024-10-01,Bangalore,Karnataka,Referral,31,F
CUST00837,2024-05-11,Udaipur,Rajasthan,Social Media,21,Other
CUST00838,2023-06-28,New Delhi,Delhi,Social Media,63,Other
CUST00839,2024-08-11,Kolkata,West Bengal,Email,54,M
CUST00840,2024-05-04,New Delhi,Delhi,Paid Search,21,M
CUST00841,2024-04-14,Pune,Maharashtra,Organic,41,Other
CUST00842,2024-01-29,Coimbatore,Tamil Nadu,Social Media,47,Other
CUST00843,2024-08-18,Kolkata,West Bengal,Direct,19,M
CUST00844,2023-01-09,Surat,Gujarat,Email,46,M
CUST00845,2024-01-19,Udaipur,Rajasthan,Email,40,F
CUST00846,2023-02-13,Delhi,Delhi,Direct,62,M
CUST00847,2023-07-20,Lucknow,Uttar Pradesh,Referral,21,M
CUST00848,2023-05-12,Chennai,Tamil Nadu,Direct,32,Other
CUST00849,2024-03-30,Coimbatore,Tamil Nadu,Direct,44,Other
CUST00850,2024-04-03,Nagpur,Maharashtra,Organic,48,M
CUST00851,2024-07-20,New Delhi,Delhi,Paid Search,34,Other
CUST00852,2023-05-24,Agra,Uttar Pradesh,Direct,59,F
CUST00853,2023-06-26,Siliguri,West Bengal,Social Media,47,F
CUST00854,2024-05-31,Coimbatore,Tamil Nadu,Social Media,61,Other
CUST00855,2023-09-15,Kolkata,West Bengal,Organic,50,Other
CUST00856,2024-10-30,Vadodara,Gujarat,Direct,56,Other
CUST00857,2023-04-04,Kanpur,Uttar Pradesh,Direct,24,F
CUST00858,2024-12-05,Mysore,Karnataka,Social Media,58,F
CUST00859,2024-10-26,Kanpur,Uttar Pradesh,Direct,63,Other
CUST00860,2024-08-07,Lucknow,Uttar Pradesh,Paid Search,51,M
CUST00861,2023-06-14,Nagpur,Maharashtra,Referral,60,F
CUST00862,2024-10-21,New Delhi,Delhi,Direct,49,F
CUST00863,2024-02-07,Kanpur,Uttar Pradesh,Referral,42,Other
CUST00864,2024-07-11,Nagpur,Maharashtra,Direct,54,M
CUST00865,2023-01-30,Vadodara,Gujarat,Direct,32,Other
CUST00866,2023-04-29,Udaipur,Rajasthan,Social Media,50,F
CUST00867,2023-08-07,New Delhi,Delhi,Social Media,24,F
CUST00868,2023-01-30,Delhi,Delhi,Direct,53,M
CUST00869,2024-02-15,Vadodara,Gujarat,Organic,32,F
CUST00870,2024-11-14,Madurai,Tamil Nadu,Social Media,44,F
CUST00871,2024-06-05,Surat,Gujarat,Email,36,F
CUST00872,2023-07-15,Mysore,Karnataka,Organic,58,Other
CUST00873,2024-05-13,Mysore,Karnataka,Paid Search,50,M
CUST00874,2023-04-07,Siliguri,West Bengal,Referral,21,M
CUST00875,2023-03-11,New Delhi,Delhi,Social Media,44,Other
CUST00876,2024-11-25,Jaipur,Rajasthan,Social Media,63,M
CUST00877,2024-01-12,Mysore,Karnataka,Social Media,58,M
CUST00878,2024-11-03,Vadodara,Gujarat,Organic,18,F
CUST00879,2024-02-07,Lucknow,Uttar Pradesh,Paid Search,54,M
CUST00880,2024-07-04,Jaipur,Rajasthan,Paid Search,57,F
CUST00881,2024-08-02,Siliguri,West Bengal,Referral,48,F
CUST00882,2023-02-04,Mumbai,Maharashtra,Email,30,Other
CUST00883,2024-11-19,Ahmedabad,Gujarat,Social Media,51,M
CUST00884,2024-09-07,Nagpur,Maharashtra,Organic,58,Other
CUST00885,2024-09-01,Chennai,Tamil Nadu,Direct,40,F
CUST00886,2023-11-08,New Delhi,Delhi,Referral,50,Other
CUST00887,2024-10-09,Lucknow,Uttar Pradesh,Organic,20,F
CUST00888,2024-07-19,Kanpur,Uttar Pradesh,Direct,51,Other
CUST00889,2023-10-14,Surat,Gujarat,Direct,26,F
CUST00890,2023-02-15,Jodhpur,Rajasthan,Paid Search,28,F
CUST00891,2023-08-01,Mumbai,Maharashtra,Paid Search,64,M
CUST00892,2024-05-29,Madurai,Tamil Nadu,Organic,55,Other
CUST00893,2024-12-27,New Delhi,Delhi,Social Media,63,Other
CUST00894,2024-10-06,Pune,Maharashtra,Direct,34,Other
CUST00895,2023-09-28,Nagpur,Maharashtra,Organic,60,M
CUST00896,2023-07-08,Mumbai,Maharashtra,Direct,25,F
CUST00897,2024-05-02,Jodhpur,Rajasthan,Organic,53,F
CUST00898,2024-11-19,Udaipur,Rajasthan,Paid Search,31,Other
CUST00899,2023-08-21,Pune,Maharashtra,Referral,60,M
CUST00900,2023-07-07,Agra,Uttar Pradesh,Email,62,M
CUST00901,2024-06-28,Kolkata,West Bengal,Email,64,Other
CUST00902,2023-01-03,Mysore,Karnataka,Organic,24,F
CUST00903,2023-08-02,Madurai,Tamil Nadu,Paid Search,34,Other
CUST00904,2023-02-06,Coimbatore,Tamil Nadu,Direct,44,F
CUST00905,2024-02-06,New Delhi,Delhi,Email,49,M
CUST00906,2023-11-04,Jodhpur,Rajasthan,Paid Search,18,M
CUST00907,2024-04-25,Bangalore,Karnataka,Email,60,F
CUST00908,2023-11-26,New Delhi,Delhi,Email,22,Other
CUST00909,2023-03-20,Mysore,Karnataka,Direct,32,F
CUST00910,2023-09-14,Kanpur,Uttar Pradesh,Referral,21,M
CUST00911,2024-02-09,New Delhi,Delhi,Social Media,41,Other
CUST00912,2024-05-28,Surat,Gujarat,Direct,25,M
CUST00913,2024-07-16,Mumbai,Maharashtra,Paid Search,60,Other
CUST00914,2024-01-28,Delhi,Delhi,Social Media,46,Other
CUST00915,2023-10-02,Agra,Uttar Pradesh,Organic,41,F
CUST00916,2024-07-17,New Delhi,Delhi,Referral,43,F
CUST00917,2023-05-03,Kanpur,Uttar Pradesh,Direct,48,F
CUST00918,2024-06-28,New Delhi,Delhi,Paid Search,62,Other
CUST00919,2024-01-18,Mumbai,Maharashtra,Organic,44,Other
CUST00920,2024-02-22,Udaipur,Rajasthan,Direct,46,M
CUST00921,2024-10-14,Siliguri,West Bengal,Email,19,Other
CUST00922,2023-04-19,Delhi,Delhi,Referral,25,F
CUST00923,2023-09-07,Jaipur,Rajasthan,Organic,34,Other
CUST00924,2023-04-04,Ahmedabad,Gujarat,Direct,61,Other
CUST00925,2023-04-08,Madurai,Tamil Nadu,Social Media,51,Other
CUST00926,2023-04-28,Mysore,Karnataka,Direct,64,M
CUST00927,2023-10-17,Jodhpur,Rajasthan,Direct,61,Other
CUST00928,2023-06-02,Kolkata,West Bengal,Email,57,M
CUST00929,2024-05-17,Nagpur,Maharashtra,Paid Search,50,F
CUST00930,2023-07-06,Jaipur,Rajasthan,Organic,49,F
CUST00931,2024-05-08,Coimbatore,Tamil Nadu,Social Media,21,Other
CUST00932,2024-09-29,Madurai,Tamil Nadu,Direct,42,F
CUST00933,2023-06-18,Chennai,Tamil Nadu,Referral,46,Other
CUST00934,2023-07-27,Jaipur,Rajasthan,Referral,46,F
CUST00935,2024-03-29,Mysore,Karnataka,Direct,59,M
CUST00936,2024-09-27,Mysore,Karnataka,Referral,20,Other
CUST00937,2023-12-23,Mumbai,Maharashtra,Email,57,Other
CUST00938,2023-01-10,Agra,Uttar Pradesh,Email,31,Other
CUST00939,2024-06-06,Jodhpur,Rajasthan,Social Media,21,M
CUST00940,2024-11-13,Jodhpur,Rajasthan,Email,57,Other
CUST00941,2024-09-11,Udaipur,Rajasthan,Direct,41,Other
CUST00942,2024-11-16,Jaipur,Rajasthan,Organic,60,M
CUST00943,2023-12-09,Pune,Maharashtra,Social Media,58,F
CUST00944,2023-06-09,Vadodara,Gujarat,Organic,20,M
CUST00945,2024-12-24,Jaipur,Rajasthan,Direct,65,Other
CUST00946,2023-03-12,Kolkata,West Bengal,Social Media,57,M
CUST00947,2024-04-01,Chennai,Tamil Nadu,Referral,31,F
CUST00948,2024-01-11,Madurai,Tamil Nadu,Social Media,24,F
CUST00949,2023-01-20,Nagpur,Maharashtra,Direct,55,M
CUST00950,2023-12-08,Jodhpur,Rajasthan,Direct,55,Other
CUST00951,2024-02-24,Delhi,Delhi,Organic,51,Other
CUST00952,2024-05-23,Nagpur,Maharashtra,Referral,55,F
CUST00953,2024-08-15,New Delhi,Delhi,Direct,26,M
CUST00954,2023-04-25,Siliguri,West Bengal,Email,42,F
CUST00955,2023-09-06,Coimbatore,Tamil Nadu,Referral,39,F
CUST00956,2023-05-03,Jaipur,Rajasthan,Paid Search,44,Other
CUST00957,2023-10-14,Agra,Uttar Pradesh,Email,38,Other
CUST00958,2024-08-29,Chennai,Tamil Nadu,Paid Search,57,Other
CUST00959,2023-08-21,Agra,Uttar Pradesh,Social Media,61,M
CUST00960,2023-07-26,Delhi,Delhi,Direct,25,F
CUST00961,2023-05-07,Udaipur,Rajasthan,Email,60,Other
CUST00962,2024-09-22,Siliguri,West Bengal,Referral,18,Other
CUST00963,2023-05-30,Bangalore,Karnataka,Referral,27,M
CUST00964,2024-09-24,Mumbai,Maharashtra,Social Media,28,F
CUST00965,2024-05-14,Lucknow,Uttar Pradesh,Organic,62,F
CUST00966,2023-12-14,Madurai,Tamil Nadu,Organic,40,F
CUST00967,2023-05-26,Hubli,Karnataka,Direct,65,Other
CUST00968,2023-01-15,Madurai,Tamil Nadu,Direct,53,F
CUST00969,2024-01-07,Madurai,Tamil Nadu,Direct,36,Other
CUST00970,2024-06-17,Pune,Maharashtra,Referral,44,Other
CUST00971,2023-03-29,Vadodara,Gujarat,Organic,18,Other
CUST00972,2024-08-16,Lucknow,Uttar Pradesh,Email,46,M
CUST00973,2023-05-15,Vadodara,Gujarat,Email,65,Other
CUST00974,2023-06-25,Madurai,Tamil Nadu,Paid Search,36,F
CUST00975,2024-01-22,New Delhi,Delhi,Paid Search,29,Other
CUST00976,2024-03-31,Mysore,Karnataka,Organic,45,F
CUST00977,2023-03-11,Lucknow,Uttar Pradesh,Paid Search,55,F
CUST00978,2024-06-24,Pune,Maharashtra,Referral,63,M
CUST00979,2024-10-04,Mumbai,Maharashtra,Social Media,56,M
CUST00980,2023-05-06,Kanpur,Uttar Pradesh,Email,53,F
CUST00981,2023-05-31,Hubli,Karnataka,Social Media,51,M
CUST00982,2024-11-01,New Delhi,Delhi,Email,28,F
CUST00983,2024-06-27,Kolkata,West Bengal,Social Media,32,M
CUST00984,2023-08-05,Surat,Gujarat,Social Media,36,M
CUST00985,2023-01-04,Udaipur,Rajasthan,Direct,18,M
CUST00986,2024-10-03,Surat,Gujarat,Paid Search,59,Other
CUST00987,2024-06-11,Chennai,Tamil Nadu,Direct,38,F
CUST00988,2023-01-24,Mysore,Karnataka,Social Media,52,Other
CUST00989,2023-08-07,Lucknow,Uttar Pradesh,Email,41,Other
CUST00990,2024-01-12,Jodhpur,Rajasthan,Organic,36,Other
CUST00991,2024-01-03,Coimbatore,Tamil Nadu,Email,23,M
CUST00992,2024-02-17,New Delhi,Delhi,Direct,22,M
CUST00993,2024-09-13,Madurai,Tamil Nadu,Referral,24,M
CUST00994,2024-09-24,Kolkata,West Bengal,Direct,61,M
CUST00995,2023-09-15,Pune,Maharashtra,Direct,39,M
CUST00996,2024-05-26,Bangalore,Karnataka,Organic,29,F
CUST00997,2023-04-28,Hubli,Karnataka,Paid Search,34,F
CUST00998,2024-12-10,Siliguri,West Bengal,Direct,43,F
CUST00999,2023-10-20,Ahmedabad,Gujarat,Referral,61,M
CUST01000,2023-10-27,Nagpur,Maharashtra,Direct,57,M
CUST01001,2023-04-28,Nagpur,Maharashtra,Organic,40,Other
CUST01002,2024-01-28,Mysore,Karnataka,Direct,37,Other
CUST01003,2023-11-12,Mysore,Karnataka,Referral,42,F
CUST01004,2023-08-16,Pune,Maharashtra,Paid Search,52,M
CUST01005,2023-02-22,Delhi,Delhi,Email,36,Other
CUST01006,2024-08-19,Delhi,Delhi,Direct,64,Other
CUST01007,2023-03-27,Ahmedabad,Gujarat,Email,53,M
CUST01008,2023-10-01,Bangalore,Karnataka,Organic,54,Other
CUST01009,2023-03-15,Kolkata,West Bengal,Social Media,31,Other
CUST01010,2024-05-14,Ahmedabad,Gujarat,Referral,59,Other
CUST01011,2024-04-06,New Delhi,Delhi,Paid Search,32,Other
CUST01012,2023-12-04,Lucknow,Uttar Pradesh,Organic,29,Other
CUST01013,2024-11-15,Nagpur,Maharashtra,Referral,59,Other
CUST01014,2024-09-21,Mysore,Karnataka,Direct,22,F
CUST01015,2024-11-01,Bangalore,Karnataka,Direct,55,F
CUST01016,2023-11-22,Surat,Gujarat,Paid Search,60,Other
CUST01017,2024-09-05,Chennai,Tamil Nadu,Social Media,57,M
CUST01018,2023-09-22,Coimbatore,Tamil Nadu,Referral,46,F
CUST01019,2023-02-09,Agra,Uttar Pradesh,Email,27,Other
CUST01020,2023-02-08,Surat,Gujarat,Referral,28,M
CUST01021,2024-01-01,Ahmedabad,Gujarat,Paid Search,63,Other
CUST01022,2024-11-29,Siliguri,West Bengal,Social Media,26,Other
CUST01023,2024-06-27,Surat,Gujarat,Referral,46,F
CUST01024,2023-02-10,Kanpur,Uttar Pradesh,Email,24,M
CUST01025,2024-03-03,Mysore,Karnataka,Paid Search,52,M
CUST01026,2024-08-07,Agra,Uttar Pradesh,Direct,22,Other
CUST01027,2023-09-01,Bangalore,Karnataka,Email,58,M
CUST01028,2023-05-10,Kolkata,West Bengal,Organic,53,F
CUST01029,2023-04-14,Udaipur,Rajasthan,Paid Search,41,F
CUST01030,2023-06-05,Madurai,Tamil Nadu,Direct,36,M
CUST01031,2024-11-12,Udaipur,Rajasthan,Email,23,F
CUST01032,2023-01-26,Vadodara,Gujarat,Organic,60,M
CUST01033,2024-10-06,New Delhi,Delhi,Referral,28,M
CUST01034,2023-11-22,Delhi,Delhi,Social Media,20,M
CUST01035,2024-07-16,Jaipur,Rajasthan,Organic,34,F
CUST01036,2023-07-30,Chennai,Tamil Nadu,Direct,31,Other
CUST01037,2024-08-19,Surat,Gujarat,Referral,47,M
CUST01038,2023-04-05,Nagpur,Maharashtra,Social Media,24,Other
CUST01039,2023-08-04,Agra,Uttar Pradesh,Social Media,55,Other
CUST01040,2024-02-19,Delhi,Delhi,Direct,42,F
CUST01041,2024-02-05,Hubli,Karnataka,Social Media,42,M
CUST01042,2024-12-17,Siliguri,West Bengal,Social Media,49,F
CUST01043,2023-01-10,Nagpur,Maharashtra,Paid Search,46,M
CUST01044,2023-12-16,Chennai,Tamil Nadu,Email,59,F
CUST01045,2024-08-04,Chennai,Tamil Nadu,Paid Search,28,F
CUST01046,2024-08-11,Hubli,Karnataka,Paid Search,44,F
CUST01047,2024-10-03,Mysore,Karnataka,Direct,48,F
CUST01048,2023-07-16,Madurai,Tamil Nadu,Paid Search,59,F
CUST01049,2024-06-25,Mumbai,Maharashtra,Organic,26,Other
CUST01050,2023-09-29,New Delhi,Delhi,Direct,50,M
CUST01051,2024-11-19,New Delhi,Delhi,Paid Search,34,M
CUST01052,2023-03-23,Kolkata,West Bengal,Direct,64,Other
CUST01053,2024-01-27,Lucknow,Uttar Pradesh,Paid Search,46,Other
CUST01054,2024-10-21,Jodhpur,Rajasthan,Paid Search,32,F
CUST01055,2023-05-08,New Delhi,Delhi,Email,60,Other
CUST01056,2024-04-30,Lucknow,Uttar Pradesh,Direct,61,F
CUST01057,2023-10-02,Udaipur,Rajasthan,Email,22,M
CUST01058,2024-11-15,Siliguri,West Bengal,Paid Search,24,M
CUST01059,2024-10-28,Madurai,Tamil Nadu,Email,61,F
CUST01060,2023-01-08,New Delhi,Delhi,Paid Search,48,Other
CUST01061,2023-07-29,Nagpur,Maharashtra,Email,25,M
CUST01062,2023-05-13,Udaipur,Rajasthan,Paid Search,56,Other
CUST01063,2024-11-30,Nagpur,Maharashtra,Direct,45,Other
CUST01064,2024-07-19,Siliguri,West Bengal,Organic,62,Other
CUST01065,2023-02-22,Kolkata,West Bengal,Referral,42,F
CUST01066,2023-04-01,Mysore,Karnataka,Paid Search,34,F
CUST01067,2024-03-11,Chennai,Tamil Nadu,Social Media,56,Other
CUST01068,2023-12-09,Siliguri,West Bengal,Paid Search,18,Other
CUST01069,2023-09-29,Nagpur,Maharashtra,Email,25,Other
CUST01070,2024-05-13,Pune,Maharashtra,Direct,31,Other
CUST01071,2023-11-22,Surat,Gujarat,Social Media,24,M
CUST01072,2023-02-14,Siliguri,West Bengal,Social Media,52,F
CUST01073,2023-08-09,Vadodara,Gujarat,Social Media,61,F
CUST01074,2023-07-20,Coimbatore,Tamil Nadu,Email,53,F
CUST01075,2024-04-22,Delhi,Delhi,Email,53,F
CUST01076,2024-06-06,Kanpur,Uttar Pradesh,Email,40,Other
CUST01077,2024-12-17,Kolkata,West Bengal,Direct,25,Other
CUST01078,2024-04-25,Coimbatore,Tamil Nadu,Direct,28,M
CUST01079,2024-10-08,Madurai,Tamil Nadu,Referral,39,Other
CUST01080,2023-11-29,Mumbai,Maharashtra,Referral,58,M
CUST01081,2023-06-27,Bangalore,Karnataka,Referral,56,F
CUST01082,2024-05-25,Bangalore,Karnataka,Social Media,32,F
CUST01083,2024-06-13,Hubli,Karnataka,Organic,64,F
CUST01084,2024-02-09,Siliguri,West Bengal,Direct,56,M
CUST01085,2023-11-12,Delhi,Delhi,Referral,18,M
CUST01086,2024-09-23,Lucknow,Uttar Pradesh,Organic,56,Other
CUST01087,2024-05-02,Madurai,Tamil Nadu,Paid Search,61,M
CUST01088,2023-07-03,Ahmedabad,Gujarat,Direct,18,M
CUST01089,2024-06-10,Mysore,Karnataka,Referral,40,Other
CUST01090,2024-10-05,Siliguri,West Bengal,Email,30,Other
CUST01091,2023-08-19,Nagpur,Maharashtra,Direct,22,M
CUST01092,2023-11-03,Agra,Uttar Pradesh,Email,55,F
CUST01093,2023-08-01,Surat,Gujarat,Paid Search,56,M
CUST01094,2024-12-13,Jodhpur,Rajasthan,Email,18,F
CUST01095,2024-01-26,Delhi,Delhi,Email,24,Other
CUST01096,2024-09-21,Hubli,Karnataka,Social Media,39,M
CUST01097,2023-02-04,Agra,Uttar Pradesh,Email,34,Other
CUST01098,2023-07-19,Jodhpur,Rajasthan,Email,48,M
CUST01099,2023-06-13,Surat,Gujarat,Direct,47,Other
CUST01100,2024-06-04,Pune,Maharashtra,Organic,34,M
CUST01101,2024-03-15,Kolkata,West Bengal,Direct,62,M
CUST01102,2024-02-17,Surat,Gujarat,Social Media,51,Other
CUST01103,2024-08-31,Nagpur,Maharashtra,Social Media,33,F
CUST01104,2024-06-20,Mysore,Karnataka,Direct,65,F
CUST01105,2024-01-22,Hubli,Karnataka,Paid Search,48,F
CUST01106,2024-10-25,Ahmedabad,Gujarat,Email,35,M
CUST01107,2023-04-20,Coimbatore,Tamil Nadu,Direct,30,M
CUST01108,2023-06-11,Coimbatore,Tamil Nadu,Paid Search,32,M
CUST01109,2023-08-05,Madurai,Tamil Nadu,Social Media,27,M
CUST01110,2024-01-11,Bangalore,Karnataka,Direct,60,F
CUST01111,2024-12-13,Nagpur,Maharashtra,Organic,48,F
CUST01112,2024-12-23,Surat,Gujarat,Email,35,F
CUST01113,2024-11-16,Delhi,Delhi,Referral,32,Other
CUST01114,2023-12-21,New Delhi,Delhi,Email,45,F
CUST01115,2023-12-24,Nagpur,Maharashtra,Social Media,43,Other
CUST01116,2023-05-17,Delhi,Delhi,Organic,62,Other
CUST01117,2023-02-15,Jodhpur,Rajasthan,Direct,18,M
CUST01118,2024-09-02,Coimbatore,Tamil Nadu,Email,24,F
CUST01119,2024-06-04,Vadodara,Gujarat,Social Media,29,Other
CUST01120,2023-02-17,Lucknow,Uttar Pradesh,Social Media,48,Other
CUST01121,2024-04-06,Surat,Gujarat,Paid Search,49,F
CUST01122,2024-10-10,Coimbatore,Tamil Nadu,Direct,41,F
CUST01123,2024-04-12,Siliguri,West Bengal,Referral,29,Other
CUST01124,2024-06-07,New Delhi,Delhi,Organic,64,F
CUST01125,2024-05-12,Madurai,Tamil Nadu,Referral,42,M
CUST01126,2024-08-12,New Delhi,Delhi,Referral,18,M
CUST01127,2023-02-11,Siliguri,West Bengal,Paid Search,58,Other
CUST01128,2023-04-22,Surat,Gujarat,Social Media,34,Other
CUST01129,2024-05-10,Pune,Maharashtra,Organic,62,M
CUST01130,2023-12-05,Mumbai,Maharashtra,Social Media,48,Other
CUST01131,2023-03-17,Mysore,Karnataka,Direct,39,F
CUST01132,2024-07-23,Surat,Gujarat,Email,53,F
CUST01133,2024-03-15,Ahmedabad,Gujarat,Referral,25,F
CUST01134,2024-09-19,Madurai,Tamil Nadu,Email,59,Other
CUST01135,2024-07-13,Delhi,Delhi,Social Media,38,Other
CUST01136,2023-10-16,Udaipur,Rajasthan,Referral,23,F
CUST01137,2023-04-09,Kanpur,Uttar Pradesh,Direct,27,M
CUST01138,2023-08-08,Surat,Gujarat,Direct,57,Other
CUST01139,2023-05-06,Kolkata,West Bengal,Organic,28,F
CUST01140,2023-12-21,Coimbatore,Tamil Nadu,Social Media,59,F
CUST01141,2023-09-12,Agra,Uttar Pradesh,Direct,43,F
CUST01142,2023-09-14,Jodhpur,Rajasthan,Direct,55,Other
CUST01143,2023-12-02,Jodhpur,Rajasthan,Paid Search,29,M
CUST01144,2024-10-21,New Delhi,Delhi,Direct,34,Other
CUST01145,2023-05-22,Bangalore,Karnataka,Paid Search,43,M
CUST01146,2023-03-29,Bangalore,Karnataka,Referral,53,M
CUST01147,2024-12-02,Pune,Maharashtra,Email,23,M
CUST01148,2023-08-05,Agra,Uttar Pradesh,Paid Search,23,Other
CUST01149,2023-04-19,Siliguri,West Bengal,Paid Search,33,Other
CUST01150,2023-04-01,Kanpur,Uttar Pradesh,Direct,26,M
CUST01151,2023-12-18,New Delhi,Delhi,Organic,60,F
CUST01152,2023-10-21,Surat,Gujarat,Referral,52,F
CUST01153,2023-06-24,Jaipur,Rajasthan,Direct,52,M
CUST01154,2023-12-01,Udaipur,Rajasthan,Direct,58,Other
CUST01155,2024-07-04,Siliguri,West Bengal,Social Media,48,Other
CUST01156,2023-05-08,Chennai,Tamil Nadu,Referral,37,F
CUST01157,2024-03-11,Siliguri,West Bengal,Paid Search,37,M
CUST01158,2023-12-01,Nagpur,Maharashtra,Paid Search,40,F
CUST01159,2024-10-11,Udaipur,Rajasthan,Organic,62,F
CUST01160,2023-12-14,Jodhpur,Rajasthan,Organic,45,F
CUST01161,2023-06-04,Chennai,Tamil Nadu,Email,41,M
CUST01162,2024-07-27,Siliguri,West Bengal,Referral,33,M
CUST01163,2024-09-11,Siliguri,West Bengal,Paid Search,34,M
CUST01164,2023-09-07,Kolkata,West Bengal,Email,57,Other
CUST01165,2024-01-12,Kanpur,Uttar Pradesh,Direct,65,Other
CUST01166,2024-12-29,Kanpur,Uttar Pradesh,Paid Search,22,M
CUST01167,2023-10-07,Delhi,Delhi,Organic,58,F
CUST01168,2024-06-04,Jodhpur,Rajasthan,Direct,57,F
CUST01169,2024-02-15,Coimbatore,Tamil Nadu,Organic,27,M
CUST01170,2023-07-31,Mumbai,Maharashtra,Organic,36,F
CUST01171,2023-02-25,Delhi,Delhi,Direct,18,M
CUST01172,2023-07-09,Bangalore,Karnataka,Organic,49,M
CUST01173,2024-08-27,Surat,Gujarat,Social Media,49,F
CUST01174,2023-04-11,Udaipur,Rajasthan,Organic,39,M
CUST01175,2024-01-02,New Delhi,Delhi,Social Media,43,M
CUST01176,2024-01-12,Jaipur,Rajasthan,Paid Search,34,F
CUST01177,2024-10-18,Mumbai,Maharashtra,Direct,33,F
CUST01178,2024-12-25,Jaipur,Rajasthan,Direct,20,M
CUST01179,2024-07-16,Udaipur,Rajasthan,Organic,51,Other
CUST01180,2024-03-08,Coimbatore,Tamil Nadu,Referral,61,F
CUST01181,2024-12-07,Ahmedabad,Gujarat,Direct,64,M
CUST01182,2023-12-06,Mysore,Karnataka,Referral,58,F
CUST01183,2023-12-01,Coimbatore,Tamil Nadu,Organic,60,M
CUST01184,2023-01-18,Bangalore,Karnataka,Direct,45,F
CUST01185,2024-09-18,Mumbai,Maharashtra,Social Media,55,M
CUST01186,2023-03-28,Kolkata,West Bengal,Organic,20,Other
CUST01187,2023-07-14,Udaipur,Rajasthan,Email,27,F
CUST01188,2023-12-14,Bangalore,Karnataka,Paid Search,49,M
CUST01189,2024-06-07,Vadodara,Gujarat,Organic,21,F
CUST01190,2024-06-13,New Delhi,Delhi,Paid Search,49,M
CUST01191,2023-09-24,Vadodara,Gujarat,Direct,40,F
CUST01192,2024-04-01,Chennai,Tamil Nadu,Direct,42,F
CUST01193,2024-08-27,Delhi,Delhi,Organic,49,Other
CUST01194,2024-11-13,Udaipur,Rajasthan,Social Media,52,Other
CUST01195,2023-09-27,Jaipur,Rajasthan,Email,29,Other
CUST01196,2024-04-21,Surat,Gujarat,Direct,47,F
CUST01197,2023-10-28,New Delhi,Delhi,Email,27,F
CUST01198,2024-05-01,Kanpur,Uttar Pradesh,Email,41,F
CUST01199,2024-08-27,Nagpur,Maharashtra,Email,42,Other
CUST01200,2024-12-24,New Delhi,Delhi,Email,41,Other
CUST01201,2023-04-15,Coimbatore,Tamil Nadu,Direct,22,Other
CUST01202,2023-02-21,Kolkata,West Bengal,Email,61,F
CUST01203,2023-09-29,Delhi,Delhi,Social Media,44,Other
CUST01204,2023-07-08,Ahmedabad,Gujarat,Organic,51,Other
CUST01205,2023-07-15,Bangalore,Karnataka,Paid Search,29,M
CUST01206,2024-07-14,Chennai,Tamil Nadu,Referral,30,M
CUST01207,2024-04-20,Nagpur,Maharashtra,Direct,42,Other
CUST01208,2024-08-15,Udaipur,Rajasthan,Email,62,Other
CUST01209,2024-10-08,Lucknow,Uttar Pradesh,Social Media,32,Other
CUST01210,2024-09-30,Bangalore,Karnataka,Paid Search,59,F
CUST01211,2024-02-05,Mysore,Karnataka,Direct,21,F
CUST01212,2024-08-14,Siliguri,West Bengal,Direct,21,Other
CUST01213,2024-05-27,Agra,Uttar Pradesh,Organic,64,M
CUST01214,2023-01-26,Lucknow,Uttar Pradesh,Paid Search,51,M
CUST01215,2023-07-09,Hubli,Karnataka,Paid Search,52,F
CUST01216,2024-11-09,Chennai,Tamil Nadu,Email,60,M
CUST01217,2023-09-20,Delhi,Delhi,Direct,24,Other
CUST01218,2023-10-22,Vadodara,Gujarat,Referral,62,Other
CUST01219,2024-04-08,Kolkata,West Bengal,Paid Search,29,Other
CUST01220,2023-02-25,Siliguri,West Bengal,Direct,28,Other
CUST01221,2024-05-23,Jodhpur,Rajasthan,Social Media,53,F
CUST01222,2024-04-02,Surat,Gujarat,Direct,45,Other
CUST01223,2024-10-22,Vadodara,Gujarat,Paid Search,54,Other
CUST01224,2024-07-02,Coimbatore,Tamil Nadu,Email,65,F
CUST01225,2024-06-09,Surat,Gujarat,Referral,43,M
CUST01226,2024-10-17,Pune,Maharashtra,Email,19,Other
CUST01227,2023-02-17,Delhi,Delhi,Organic,37,M
CUST01228,2024-07-25,Coimbatore,Tamil Nadu,Organic,62,F
CUST01229,2024-05-04,New Delhi,Delhi,Organic,47,F
CUST01230,2023-02-24,New Delhi,Delhi,Social Media,41,Other
CUST01231,2023-09-20,Chennai,Tamil Nadu,Social Media,37,M
CUST01232,2023-04-01,Kolkata,West Bengal,Direct,22,Other
CUST01233,2023-08-25,Surat,Gujarat,Paid Search,49,Other
CUST01234,2023-01-03,Hubli,Karnataka,Direct,37,M
CUST01235,2023-11-19,Kolkata,West Bengal,Organic,39,F
CUST01236,2024-12-12,Siliguri,West Bengal,Organic,32,Other
CUST01237,2024-04-17,Nagpur,Maharashtra,Direct,42,M
CUST01238,2023-10-06,Agra,Uttar Pradesh,Organic,38,Other
CUST01239,2023-05-19,Delhi,Delhi,Email,62,M
CUST01240,2024-05-11,New Delhi,Delhi,Direct,64,F
CUST01241,2024-02-07,Udaipur,Rajasthan,Email,50,M
CUST01242,2024-05-09,Coimbatore,Tamil Nadu,Social Media,43,M
CUST01243,2024-07-30,Delhi,Delhi,Organic,48,Other
CUST01244,2023-01-24,Nagpur,Maharashtra,Referral,34,M
CUST01245,2023-09-14,Siliguri,West Bengal,Direct,26,M
CUST01246,2024-05-21,Udaipur,Rajasthan,Paid Search,49,F
CUST01247,2023-06-12,Madurai,Tamil Nadu,Email,65,Other
CUST01248,2023-01-16,Chennai,Tamil Nadu,Organic,35,F
CUST01249,2024-08-13,Vadodara,Gujarat,Email,23,M
CUST01250,2023-12-14,Siliguri,West Bengal,Social Media,40,M
CUST01251,2024-07-14,Surat,Gujarat,Email,59,M
CUST01252,2024-09-22,Lucknow,Uttar Pradesh,Social Media,57,F
CUST01253,2024-05-13,Delhi,Delhi,Organic,32,M
CUST01254,2024-03-16,Ahmedabad,Gujarat,Direct,23,M
CUST01255,2024-10-08,Mumbai,Maharashtra,Email,27,F
CUST01256,2023-02-21,Pune,Maharashtra,Direct,25,F
CUST01257,2023-05-22,Jodhpur,Rajasthan,Organic,39,M
CUST01258,2023-08-03,Chennai,Tamil Nadu,Email,51,F
CUST01259,2023-08-30,Udaipur,Rajasthan,Direct,27,Other
CUST01260,2023-10-11,Pune,Maharashtra,Email,60,Other
CUST01261,2023-09-11,Pune,Maharashtra,Paid Search,21,F
CUST01262,2024-12-20,Madurai,Tamil Nadu,Email,35,M
CUST01263,2023-11-10,Udaipur,Rajasthan,Organic,22,F
CUST01264,2023-04-15,Agra,Uttar Pradesh,Direct,41,M
CUST01265,2024-05-06,Pune,Maharashtra,Direct,42,M
CUST01266,2024-11-03,Kolkata,West Bengal,Social Media,49,Other
CUST01267,2024-08-19,Bangalore,Karnataka,Paid Search,50,F
CUST01268,2023-03-22,Mumbai,Maharashtra,Paid Search,51,F
CUST01269,2023-11-29,Surat,Gujarat,Referral,65,M
CUST01270,2024-12-21,Pune,Maharashtra,Direct,40,F
CUST01271,2023-03-08,Lucknow,Uttar Pradesh,Email,35,M
CUST01272,2024-11-04,Kanpur,Uttar Pradesh,Organic,53,F
CUST01273,2023-09-17,Chennai,Tamil Nadu,Social Media,43,Other
CUST01274,2024-10-14,New Delhi,Delhi,Direct,42,Other
CUST01275,2024-10-05,Coimbatore,Tamil Nadu,Paid Search,54,M
CUST01276,2023-04-05,Siliguri,West Bengal,Email,39,F
CUST01277,2023-10-09,New Delhi,Delhi,Direct,26,Other
CUST01278,2024-11-18,Chennai,Tamil Nadu,Social Media,62,Other
CUST01279,2024-08-21,Delhi,Delhi,Paid Search,59,Other
CUST01280,2024-04-20,Delhi,Delhi,Organic,53,Other
CUST01281,2023-10-11,Bangalore,Karnataka,Social Media,27,Other
CUST01282,2024-12-02,Pune,Maharashtra,Referral,44,F
CUST01283,2023-04-20,Udaipur,Rajasthan,Direct,65,F
CUST01284,2023-03-15,New Delhi,Delhi,Organic,26,M
CUST01285,2024-10-12,Nagpur,Maharashtra,Email,35,Other
CUST01286,2024-10-30,Madurai,Tamil Nadu,Paid Search,32,Other
CUST01287,2023-12-22,Pune,Maharashtra,Organic,62,F
CUST01288,2023-03-17,Delhi,Delhi,Direct,59,F
CUST01289,2023-08-27,Delhi,Delhi,Referral,48,M
CUST01290,2023-12-09,New Delhi,Delhi,Paid Search,20,F
CUST01291,2024-11-20,Pune,Maharashtra,Referral,32,Other
CUST01292,2023-01-14,Chennai,Tamil Nadu,Organic,29,F
CUST01293,2024-06-02,Udaipur,Rajasthan,Social Media,47,M
CUST01294,2023-12-01,Siliguri,West Bengal,Organic,56,Other
CUST01295,2023-11-19,Siliguri,West Bengal,Referral,57,Other
CUST01296,2023-09-21,Nagpur,Maharashtra,Organic,46,F
CUST01297,2024-01-08,Mumbai,Maharashtra,Email,52,F
CUST01298,2023-02-26,Nagpur,Maharashtra,Referral,51,Other
CUST01299,2023-05-05,Mumbai,Maharashtra,Social Media,46,F
CUST01300,2023-02-18,Kanpur,Uttar Pradesh,Referral,28,F
CUST01301,2024-04-29,Agra,Uttar Pradesh,Organic,62,Other
CUST01302,2023-05-14,Delhi,Delhi,Direct,46,M
CUST01303,2024-10-03,Bangalore,Karnataka,Email,62,Other
CUST01304,2024-12-21,Delhi,Delhi,Referral,38,F
CUST01305,2024-08-27,Mumbai,Maharashtra,Referral,55,Other
CUST01306,2024-03-12,Coimbatore,Tamil Nadu,Organic,34,F
CUST01307,2024-08-23,New Delhi,Delhi,Organic,25,Other
CUST01308,2023-02-18,Udaipur,Rajasthan,Social Media,23,Other
CUST01309,2023-10-25,Kolkata,West Bengal,Referral,53,F
CUST01310,2023-06-25,Mumbai,Maharashtra,Social Media,54,Other
CUST01311,2024-09-25,New Delhi,Delhi,Paid Search,29,Other
CUST01312,2024-04-02,Pune,Maharashtra,Social Media,37,Other
CUST01313,2024-11-03,Jodhpur,Rajasthan,Direct,29,M
CUST01314,2024-10-28,New Delhi,Delhi,Organic,57,F
CUST01315,2024-10-22,Pune,Maharashtra,Referral,49,Other
CUST01316,2024-03-27,Nagpur,Maharashtra,Referral,33,M
CUST01317,2023-03-28,Jodhpur,Rajasthan,Referral,46,M
CUST01318,2023-02-03,Mumbai,Maharashtra,Email,35,Other
CUST01319,2023-02-06,Chennai,Tamil Nadu,Paid Search,27,M
CUST01320,2024-02-05,Ahmedabad,Gujarat,Paid Search,20,Other
CUST01321,2023-08-15,Kanpur,Uttar Pradesh,Organic,21,M
CUST01322,2024-06-16,Kolkata,West Bengal,Paid Search,61,F
CUST01323,2023-12-20,Delhi,Delhi,Direct,55,F
CUST01324,2023-03-04,Mumbai,Maharashtra,Social Media,38,F
CUST01325,2023-12-17,Kolkata,West Bengal,Referral,53,M
CUST01326,2024-09-26,Kanpur,Uttar Pradesh,Paid Search,25,Other
CUST01327,2024-06-29,Kanpur,Uttar Pradesh,Email,44,Other
CUST01328,2024-11-13,Madurai,Tamil Nadu,Paid Search,57,M
CUST01329,2024-01-07,Hubli,Karnataka,Direct,58,Other
CUST01330,2023-06-30,Mysore,Karnataka,Direct,62,Other
CUST01331,2024-05-01,Kanpur,Uttar Pradesh,Email,38,F
CUST01332,2024-08-01,Ahmedabad,Gujarat,Email,54,F
CUST01333,2023-03-07,Jodhpur,Rajasthan,Paid Search,57,M
CUST01334,2024-06-08,Lucknow,Uttar Pradesh,Organic,25,M
CUST01335,2024-07-02,Udaipur,Rajasthan,Organic,65,M
CUST01336,2023-05-23,Siliguri,West Bengal,Organic,39,F
CUST01337,2024-04-05,Chennai,Tamil Nadu,Direct,30,Other
CUST01338,2024-10-24,Kanpur,Uttar Pradesh,Organic,37,F
CUST01339,2023-10-27,Ahmedabad,Gujarat,Organic,61,F
CUST01340,2024-05-01,Surat,Gujarat,Direct,54,Other
CUST01341,2024-11-27,Mumbai,Maharashtra,Paid Search,39,F
CUST01342,2023-04-19,Jodhpur,Rajasthan,Organic,59,M
CUST01343,2023-01-20,Jaipur,Rajasthan,Direct,47,Other
CUST01344,2024-06-13,Surat,Gujarat,Referral,65,M
CUST01345,2023-11-13,Agra,Uttar Pradesh,Direct,61,F
CUST01346,2023-04-12,Mumbai,Maharashtra,Email,61,F
CUST01347,2023-12-17,Ahmedabad,Gujarat,Paid Search,35,M
CUST01348,2023-12-08,Surat,Gujarat,Direct,52,M
CUST01349,2024-10-12,Kolkata,West Bengal,Email,25,F
CUST01350,2023-10-08,Vadodara,Gujarat,Organic,35,F
CUST01351,2023-08-10,Mysore,Karnataka,Paid Search,41,F
CUST01352,2024-07-19,Lucknow,Uttar Pradesh,Email,37,M
CUST01353,2023-03-06,Mysore,Karnataka,Organic,30,M
CUST01354,2023-06-21,Udaipur,Rajasthan,Organic,48,Other
CUST01355,2024-10-09,New Delhi,Delhi,Social Media,48,Other
CUST01356,2023-11-10,Kanpur,Uttar Pradesh,Paid Search,24,Other
CUST01357,2023-06-04,New Delhi,Delhi,Direct,20,F
CUST01358,2023-10-19,Kolkata,West Bengal,Organic,37,M
CUST01359,2024-08-28,Mysore,Karnataka,Referral,20,M
CUST01360,2023-08-19,Lucknow,Uttar Pradesh,Email,37,Other
CUST01361,2024-07-22,Coimbatore,Tamil Nadu,Paid Search,30,F
CUST01362,2024-10-20,Agra,Uttar Pradesh,Social Media,46,Other
CUST01363,2023-03-26,Mysore,Karnataka,Paid Search,28,F
CUST01364,2024-07-03,Bangalore,Karnataka,Email,53,Other
CUST01365,2024-05-02,Bangalore,Karnataka,Email,40,Other
CUST01366,2023-01-27,Surat,Gujarat,Paid Search,63,F
CUST01367,2024-05-08,Chennai,Tamil Nadu,Organic,37,Other
CUST01368,2023-02-19,Vadodara,Gujarat,Referral,21,M
CUST01369,2023-11-07,Pune,Maharashtra,Direct,21,M
CUST01370,2023-08-24,Kolkata,West Bengal,Organic,45,F
CUST01371,2023-08-07,Delhi,Delhi,Email,40,F
CUST01372,2024-02-13,Ahmedabad,Gujarat,Direct,60,Other
CUST01373,2023-10-01,Mysore,Karnataka,Email,26,M
CUST01374,2023-07-29,Jaipur,Rajasthan,Referral,37,Other
CUST01375,2023-04-08,Jodhpur,Rajasthan,Paid Search,32,M
CUST01376,2024-08-26,Kanpur,Uttar Pradesh,Referral,29,Other
CUST01377,2024-10-14,Surat,Gujarat,Referral,49,M
CUST01378,2024-10-23,Mysore,Karnataka,Organic,40,F
CUST01379,2023-12-28,Jaipur,Rajasthan,Social Media,40,Other
CUST01380,2023-12-03,New Delhi,Delhi,Referral,63,M
CUST01381,2023-08-22,Vadodara,Gujarat,Direct,22,F
CUST01382,2024-04-01,Jodhpur,Rajasthan,Email,44,M
CUST01383,2024-12-04,Madurai,Tamil Nadu,Paid Search,48,F
CUST01384,2023-07-30,Mysore,Karnataka,Paid Search,62,Other
CUST01385,2023-08-22,Siliguri,West Bengal,Email,39,Other
CUST01386,2024-06-02,Chennai,Tamil Nadu,Direct,60,M
CUST01387,2024-08-09,Jaipur,Rajasthan,Email,56,F
CUST01388,2023-03-10,Vadodara,Gujarat,Organic,46,M
CUST01389,2024-04-11,Kanpur,Uttar Pradesh,Organic,56,M
CUST01390,2024-11-25,Siliguri,West Bengal,Referral,59,Other
CUST01391,2023-03-10,Mumbai,Maharashtra,Paid Search,26,Other
CUST01392,2023-10-20,Mumbai,Maharashtra,Direct,27,F
CUST01393,2023-04-26,Kanpur,Uttar Pradesh,Email,54,F
CUST01394,2023-06-30,Chennai,Tamil Nadu,Direct,38,F
CUST01395,2023-06-12,Kanpur,Uttar Pradesh,Direct,40,M
CUST01396,2024-11-18,Nagpur,Maharashtra,Email,43,M
CUST01397,2024-07-20,Lucknow,Uttar Pradesh,Social Media,53,M
CUST01398,2023-10-28,Nagpur,Maharashtra,Email,40,M
CUST01399,2023-11-10,Lucknow,Uttar Pradesh,Paid Search,45,Other
CUST01400,2024-10-20,Siliguri,West Bengal,Direct,42,F
CUST01401,2024-01-05,Siliguri,West Bengal,Email,31,Other
CUST01402,2023-07-06,Delhi,Delhi,Paid Search,30,Other
CUST01403,2024-11-18,Siliguri,West Bengal,Referral,27,F
CUST01404,2024-04-07,New Delhi,Delhi,Organic,22,Other
CUST01405,2023-01-17,Mumbai,Maharashtra,Direct,49,Other
CUST01406,2024-04-02,Kolkata,West Bengal,Organic,26,Other
CUST01407,2024-03-08,Siliguri,West Bengal,Direct,56,F
CUST01408,2024-06-05,Delhi,Delhi,Email,45,Other
CUST01409,2024-08-29,Jodhpur,Rajasthan,Social Media,32,M
CUST01410,2024-12-24,Kolkata,West Bengal,Email,49,Other
CUST01411,2024-01-28,Madurai,Tamil Nadu,Email,35,F
CUST01412,2024-05-29,Ahmedabad,Gujarat,Organic,54,F
CUST01413,2023-09-09,Ahmedabad,Gujarat,Email,48,Other
CUST01414,2024-05-12,Bangalore,Karnataka,Direct,64,Other
CUST01415,2024-03-08,Kanpur,Uttar Pradesh,Email,23,Other
CUST01416,2024-10-13,Bangalore,Karnataka,Referral,58,Other
CUST01417,2023-09-24,Hubli,Karnataka,Direct,52,Other
CUST01418,2023-10-11,Agra,Uttar Pradesh,Organic,39,Other
CUST01419,2024-07-29,Pune,Maharashtra,Referral,50,F
CUST01420,2024-03-10,Surat,Gujarat,Social Media,36,F
CUST01421,2024-09-20,New Delhi,Delhi,Direct,56,Other
CUST01422,2023-09-06,Agra,Uttar Pradesh,Email,34,M
CUST01423,2024-05-22,Udaipur,Rajasthan,Paid Search,54,M
CUST01424,2023-10-30,Agra,Uttar Pradesh,Email,19,F
CUST01425,2024-08-25,Jaipur,Rajasthan,Paid Search,50,M
CUST01426,2024-05-05,Kanpur,Uttar Pradesh,Paid Search,57,F
CUST01427,2023-11-01,Kanpur,Uttar Pradesh,Organic,65,M
CUST01428,2023-06-27,New Delhi,Delhi,Direct,46,F
CUST01429,2024-09-20,Delhi,Delhi,Direct,33,F
CUST01430,2024-03-14,New Delhi,Delhi,Social Media,23,M
CUST01431,2024-07-29,Delhi,Delhi,Referral,42,M
CUST01432,2024-02-29,Udaipur,Rajasthan,Direct,28,M
CUST01433,2023-01-14,Ahmedabad,Gujarat,Direct,34,M
CUST01434,2023-02-07,Mumbai,Maharashtra,Referral,43,F
CUST01435,2024-11-07,Kanpur,Uttar Pradesh,Direct,52,M
CUST01436,2024-10-14,Siliguri,West Bengal,Referral,34,M
CUST01437,2023-02-11,Kolkata,West Bengal,Social Media,46,F
CUST01438,2023-08-19,Vadodara,Gujarat,Direct,20,M
CUST01439,2024-06-01,Surat,Gujarat,Email,59,F
CUST01440,2023-02-09,Surat,Gujarat,Social Media,24,F
CUST01441,2023-08-04,Siliguri,West Bengal,Direct,65,M
CUST01442,2023-08-03,Madurai,Tamil Nadu,Social Media,61,Other
CUST01443,2023-11-12,Delhi,Delhi,Email,18,Other
CUST01444,2023-01-21,Mumbai,Maharashtra,Organic,44,M
CUST01445,2024-01-28,Hubli,Karnataka,Referral,40,M
CUST01446,2023-01-28,Kanpur,Uttar Pradesh,Paid Search,20,M
CUST01447,2024-02-09,Bangalore,Karnataka,Email,60,M
CUST01448,2024-01-03,Hubli,Karnataka,Organic,23,Other
CUST01449,2023-04-21,Delhi,Delhi,Direct,59,Other
CUST01450,2024-02-26,New Delhi,Delhi,Direct,29,F
CUST01451,2023-04-14,Kanpur,Uttar Pradesh,Direct,22,Other
CUST01452,2024-01-15,Jodhpur,Rajasthan,Referral,62,Other
CUST01453,2023-11-01,Surat,Gujarat,Paid Search,22,F
CUST01454,2024-05-10,Pune,Maharashtra,Referral,39,M
CUST01455,2024-05-26,Kanpur,Uttar Pradesh,Paid Search,46,M
CUST01456,2024-04-15,Jaipur,Rajasthan,Email,43,M
CUST01457,2023-01-13,Jaipur,Rajasthan,Paid Search,52,F
CUST01458,2024-11-08,Madurai,Tamil Nadu,Direct,24,F
CUST01459,2024-06-18,Lucknow,Uttar Pradesh,Organic,22,M
CUST01460,2023-08-11,Kanpur,Uttar Pradesh,Organic,49,M
CUST01461,2024-05-29,Mumbai,Maharashtra,Direct,42,F
CUST01462,2024-05-07,Delhi,Delhi,Referral,54,M
CUST01463,2024-12-03,Jodhpur,Rajasthan,Referral,43,Other
CUST01464,2023-03-18,Hubli,Karnataka,Paid Search,18,F
CUST01465,2024-10-17,Jaipur,Rajasthan,Email,52,F
CUST01466,2024-03-02,Vadodara,Gujarat,Social Media,43,M
CUST01467,2024-01-15,Mysore,Karnataka,Email,39,M
CUST01468,2024-08-06,Jodhpur,Rajasthan,Direct,30,M
CUST01469,2024-05-21,Pune,Maharashtra,Direct,30,F
CUST01470,2024-05-05,Kolkata,West Bengal,Direct,62,F
CUST01471,2023-10-13,Jaipur,Rajasthan,Direct,46,Other
CUST01472,2023-07-13,Chennai,Tamil Nadu,Organic,30,M
CUST01473,2024-12-23,Coimbatore,Tamil Nadu,Referral,22,Other
CUST01474,2024-04-17,Kanpur,Uttar Pradesh,Email,46,M
CUST01475,2023-09-12,Pune,Maharashtra,Organic,39,Other
CUST01476,2023-08-19,Pune,Maharashtra,Organic,31,Other
CUST01477,2023-03-14,Udaipur,Rajasthan,Email,27,Other
CUST01478,2024-11-26,Chennai,Tamil Nadu,Organic,65,M
CUST01479,2024-10-03,Udaipur,Rajasthan,Organic,48,Other
CUST01480,2024-05-15,Mumbai,Maharashtra,Direct,59,M
CUST01481,2023-11-10,Mumbai,Maharashtra,Direct,21,F
CUST01482,2024-02-23,Mysore,Karnataka,Email,28,Other
CUST01483,2024-06-22,Bangalore,Karnataka,Organic,49,Other
CUST01484,2024-11-18,Chennai,Tamil Nadu,Paid Search,45,F
CUST01485,2024-08-14,Siliguri,West Bengal,Organic,61,Other
CUST01486,2023-12-09,Delhi,Delhi,Paid Search,20,Other
CUST01487,2023-02-01,Delhi,Delhi,Organic,25,F
CUST01488,2024-01-18,Delhi,Delhi,Paid Search,62,F
CUST01489,2024-10-12,Delhi,Delhi,Paid Search,55,M
CUST01490,2024-10-17,New Delhi,Delhi,Direct,57,F
CUST01491,2024-05-09,New Delhi,Delhi,Referral,23,M
CUST01492,2023-11-02,Mumbai,Maharashtra,Organic,63,Other
CUST01493,2023-02-17,Kanpur,Uttar Pradesh,Direct,48,Other
CUST01494,2024-02-28,New Delhi,Delhi,Paid Search,58,F
CUST01495,2023-04-27,Jodhpur,Rajasthan,Paid Search,29,Other
CUST01496,2023-05-28,Nagpur,Maharashtra,Paid Search,63,F
CUST01497,2024-09-19,Hubli,Karnataka,Social Media,40,F
CUST01498,2023-06-12,Nagpur,Maharashtra,Paid Search,30,M
CUST01499,2024-09-08,Hubli,Karnataka,Social Media,52,Other
CUST01500,2024-08-10,Coimbatore,Tamil Nadu,Direct,60,M
CUST01501,2023-10-14,Lucknow,Uttar Pradesh,Paid Search,25,M
CUST01502,2024-02-12,Jodhpur,Rajasthan,Paid Search,28,Other
CUST01503,2024-07-29,Mumbai,Maharashtra,Direct,41,F
CUST01504,2023-07-25,Coimbatore,Tamil Nadu,Social Media,39,Other
CUST01505,2023-11-25,Jaipur,Rajasthan,Organic,65,M
CUST01506,2023-04-04,New Delhi,Delhi,Organic,49,Other
CUST01507,2023-10-23,Bangalore,Karnataka,Paid Search,64,F
CUST01508,2023-11-25,Surat,Gujarat,Paid Search,65,Other
CUST01509,2023-07-25,Ahmedabad,Gujarat,Organic,38,M
CUST01510,2023-01-30,Bangalore,Karnataka,Direct,44,M
CUST01511,2024-10-15,Kolkata,West Bengal,Organic,48,Other
CUST01512,2024-01-10,Jaipur,Rajasthan,Referral,27,M
CUST01513,2023-06-04,Jaipur,Rajasthan,Referral,41,M
CUST01514,2024-09-06,Udaipur,Rajasthan,Paid Search,58,F
CUST01515,2024-08-08,Lucknow,Uttar Pradesh,Social Media,26,M
CUST01516,2024-04-17,Pune,Maharashtra,Paid Search,25,F
CUST01517,2023-01-13,Jodhpur,Rajasthan,Paid Search,39,M
CUST01518,2024-10-24,Agra,Uttar Pradesh,Paid Search,58,Other
CUST01519,2024-09-14,New Delhi,Delhi,Organic,44,Other
CUST01520,2024-01-19,Jaipur,Rajasthan,Email,48,F
CUST01521,2023-09-08,Lucknow,Uttar Pradesh,Direct,45,Other
CUST01522,2023-04-25,Chennai,Tamil Nadu,Social Media,45,Other
CUST01523,2024-10-04,Madurai,Tamil Nadu,Paid Search,54,M
CUST01524,2023-01-29,Kolkata,West Bengal,Organic,48,Other
CUST01525,2023-10-08,Pune,Maharashtra,Email,43,F
CUST01526,2023-06-23,Mysore,Karnataka,Referral,33,M
CUST01527,2023-09-08,Nagpur,Maharashtra,Direct,44,M
CUST01528,2024-07-11,Delhi,Delhi,Social Media,33,Other
CUST01529,2024-12-06,Bangalore,Karnataka,Referral,60,F
CUST01530,2023-02-24,Delhi,Delhi,Email,65,Other
CUST01531,2023-07-05,Pune,Maharashtra,Referral,26,Other
CUST01532,2023-11-28,Kolkata,West Bengal,Social Media,58,F
CUST01533,2024-04-09,Nagpur,Maharashtra,Organic,42,Other
CUST01534,2024-08-07,Vadodara,Gujarat,Organic,36,F
CUST01535,2024-06-06,Agra,Uttar Pradesh,Email,52,Other
CUST01536,2024-12-29,Madurai,Tamil Nadu,Organic,57,F
CUST01537,2023-05-30,Nagpur,Maharashtra,Direct,41,M
CUST01538,2024-03-10,Mysore,Karnataka,Social Media,47,Other
CUST01539,2024-04-01,Pune,Maharashtra,Social Media,29,Other
CUST01540,2023-04-04,Hubli,Karnataka,Direct,31,M
CUST01541,2023-02-19,Ahmedabad,Gujarat,Email,25,Other
CUST01542,2023-11-18,Udaipur,Rajasthan,Email,62,M
CUST01543,2024-02-02,Coimbatore,Tamil Nadu,Social Media,35,Other
CUST01544,2023-12-28,Siliguri,West Bengal,Organic,22,F
CUST01545,2024-05-10,Surat,Gujarat,Referral,50,Other
CUST01546,2024-08-08,Mysore,Karnataka,Direct,52,Other
CUST01547,2024-06-25,Kanpur,Uttar Pradesh,Email,41,Other
CUST01548,2023-10-21,Bangalore,Karnataka,Referral,23,M
CUST01549,2024-04-10,Kolkata,West Bengal,Social Media,22,M
CUST01550,2024-12-07,Delhi,Delhi,Organic,62,M
CUST01551,2024-05-17,Jaipur,Rajasthan,Paid Search,51,Other
CUST01552,2024-03-21,Pune,Maharashtra,Referral,61,Other
CUST01553,2024-04-04,Delhi,Delhi,Social Media,44,F
CUST01554,2024-04-17,Pune,Maharashtra,Paid Search,22,M
CUST01555,2023-09-29,Madurai,Tamil Nadu,Direct,39,F
CUST01556,2024-08-03,Vadodara,Gujarat,Direct,38,F
CUST01557,2023-04-23,Jodhpur,Rajasthan,Social Media,54,M
CUST01558,2024-06-18,Lucknow,Uttar Pradesh,Social Media,32,F
CUST01559,2024-11-01,Surat,Gujarat,Organic,27,F
CUST01560,2024-05-11,Kanpur,Uttar Pradesh,Paid Search,57,M
CUST01561,2024-11-05,Lucknow,Uttar Pradesh,Paid Search,63,Other
CUST01562,2024-02-14,New Delhi,Delhi,Paid Search,25,M
CUST01563,2023-09-13,Vadodara,Gujarat,Paid Search,46,F
CUST01564,2024-01-07,Ahmedabad,Gujarat,Paid Search,53,Other
CUST01565,2024-08-19,Nagpur,Maharashtra,Social Media,40,M
CUST01566,2023-10-20,Surat,Gujarat,Email,28,Other
CUST01567,2023-09-30,Lucknow,Uttar Pradesh,Organic,43,F
CUST01568,2024-09-16,Delhi,Delhi,Social Media,27,M
CUST01569,2024-02-02,Vadodara,Gujarat,Direct,36,F
CUST01570,2024-05-11,Agra,Uttar Pradesh,Direct,27,Other
CUST01571,2023-03-20,Jodhpur,Rajasthan,Direct,25,Other
CUST01572,2024-11-20,Jaipur,Rajasthan,Paid Search,61,Other
CUST01573,2023-12-30,Mysore,Karnataka,Organic,43,Other
CUST01574,2023-05-09,Coimbatore,Tamil Nadu,Social Media,23,F
CUST01575,2024-09-08,Nagpur,Maharashtra,Direct,30,Other
CUST01576,2024-11-29,Coimbatore,Tamil Nadu,Paid Search,19,M
CUST01577,2023-09-11,Udaipur,Rajasthan,Direct,23,Other
CUST01578,2024-01-12,Kolkata,West Bengal,Referral,38,Other
CUST01579,2024-10-05,Nagpur,Maharashtra,Social Media,43,M
CUST01580,2024-12-28,Siliguri,West Bengal,Referral,41,M
CUST01581,2023-02-07,Kanpur,Uttar Pradesh,Social Media,37,F
CUST01582,2023-04-22,Bangalore,Karnataka,Direct,46,Other
CUST01583,2023-03-02,Siliguri,West Bengal,Social Media,28,Other
CUST01584,2024-12-25,Siliguri,West Bengal,Paid Search,55,Other
CUST01585,2023-05-05,Bangalore,Karnataka,Paid Search,37,F
CUST01586,2023-12-20,Ahmedabad,Gujarat,Email,42,M
CUST01587,2023-06-28,Pune,Maharashtra,Direct,35,F
CUST01588,2023-12-23,Delhi,Delhi,Direct,54,M
CUST01589,2023-04-18,Chennai,Tamil Nadu,Referral,36,Other
CUST01590,2024-03-06,Jaipur,Rajasthan,Social Media,55,F
CUST01591,2024-07-24,Udaipur,Rajasthan,Direct,47,M
CUST01592,2023-01-14,Mumbai,Maharashtra,Paid Search,34,F
CUST01593,2024-06-22,Jaipur,Rajasthan,Direct,60,F
CUST01594,2024-06-23,Kolkata,West Bengal,Referral,62,Other
CUST01595,2024-08-13,Chennai,Tamil Nadu,Organic,35,F
CUST01596,2024-11-10,Hubli,Karnataka,Direct,41,Other
CUST01597,2023-12-10,Udaipur,Rajasthan,Referral,34,Other
CUST01598,2024-10-08,Udaipur,Rajasthan,Organic,41,Other
CUST01599,2023-04-25,Pune,Maharashtra,Paid Search,55,M
CUST01600,2023-09-03,Delhi,Delhi,Referral,62,M
CUST01601,2023-05-09,Ahmedabad,Gujarat,Organic,35,F
CUST01602,2024-11-22,Siliguri,West Bengal,Organic,36,F
CUST01603,2024-11-17,Hubli,Karnataka,Paid Search,58,M
CUST01604,2023-07-16,Hubli,Karnataka,Paid Search,52,F
CUST01605,2024-03-16,Vadodara,Gujarat,Social Media,35,Other
CUST01606,2023-08-21,Ahmedabad,Gujarat,Email,55,F
CUST01607,2024-08-12,New Delhi,Delhi,Paid Search,51,F
CUST01608,2024-04-30,Surat,Gujarat,Referral,39,M
CUST01609,2024-11-11,Bangalore,Karnataka,Paid Search,50,M
CUST01610,2023-07-04,Madurai,Tamil Nadu,Email,62,Other
CUST01611,2024-10-12,Mysore,Karnataka,Referral,22,M
CUST01612,2023-09-05,New Delhi,Delhi,Referral,40,F
CUST01613,2023-05-24,Ahmedabad,Gujarat,Referral,56,Other
CUST01614,2024-01-24,Ahmedabad,Gujarat,Direct,37,M
CUST01615,2023-10-10,Bangalore,Karnataka,Paid Search,62,M
CUST01616,2024-04-06,Coimbatore,Tamil Nadu,Paid Search,31,M
CUST01617,2023-03-09,Mysore,Karnataka,Direct,25,M
CUST01618,2023-09-04,Pune,Maharashtra,Referral,20,M
CUST01619,2023-02-01,Bangalore,Karnataka,Direct,50,Other
CUST01620,2024-05-31,Pune,Maharashtra,Organic,34,M
CUST01621,2024-08-30,Mysore,Karnataka,Direct,18,M
CUST01622,2023-03-03,Hubli,Karnataka,Paid Search,55,M
CUST01623,2023-10-05,Delhi,Delhi,Organic,23,M
CUST01624,2023-10-27,Agra,Uttar Pradesh,Social Media,40,M
CUST01625,2023-08-16,Madurai,Tamil Nadu,Email,22,M
CUST01626,2023-09-23,Nagpur,Maharashtra,Paid Search,63,M
CUST01627,2023-08-10,Lucknow,Uttar Pradesh,Email,18,Other
CUST01628,2023-07-13,Bangalore,Karnataka,Email,63,F
CUST01629,2023-01-08,Vadodara,Gujarat,Email,29,F
CUST01630,2024-06-19,Bangalore,Karnataka,Social Media,42,F
CUST01631,2023-09-02,Madurai,Tamil Nadu,Paid Search,44,M
CUST01632,2024-12-16,Ahmedabad,Gujarat,Referral,25,Other
CUST01633,2023-09-28,Delhi,Delhi,Social Media,63,F
CUST01634,2024-05-29,Mumbai,Maharashtra,Social Media,49,M
CUST01635,2023-12-21,Siliguri,West Bengal,Referral,56,Other
CUST01636,2024-11-16,Agra,Uttar Pradesh,Referral,32,Other
CUST01637,2023-12-13,Siliguri,West Bengal,Referral,30,M
CUST01638,2023-03-27,Udaipur,Rajasthan,Social Media,29,M
CUST01639,2023-02-03,Udaipur,Rajasthan,Organic,43,F
CUST01640,2024-07-04,Bangalore,Karnataka,Paid Search,43,F
CUST01641,2024-10-18,Hubli,Karnataka,Paid Search,22,F
CUST01642,2024-05-09,Coimbatore,Tamil Nadu,Paid Search,56,F
CUST01643,2023-01-16,Bangalore,Karnataka,Referral,64,F
CUST01644,2024-03-25,Agra,Uttar Pradesh,Email,55,F
CUST01645,2024-04-10,Siliguri,West Bengal,Referral,60,Other
CUST01646,2024-10-22,Siliguri,West Bengal,Email,35,M
CUST01647,2024-03-19,Jaipur,Rajasthan,Organic,34,F
CUST01648,2024-06-30,Jaipur,Rajasthan,Direct,26,M
CUST01649,2024-05-11,Hubli,Karnataka,Organic,22,F
CUST01650,2023-06-19,Mumbai,Maharashtra,Referral,56,Other
CUST01651,2023-04-04,Ahmedabad,Gujarat,Social Media,57,Other
CUST01652,2023-06-04,Bangalore,Karnataka,Direct,51,F
CUST01653,2023-04-18,Jaipur,Rajasthan,Social Media,60,F
CUST01654,2023-06-01,Udaipur,Rajasthan,Social Media,52,F
CUST01655,2024-02-19,Mumbai,Maharashtra,Referral,25,F
CUST01656,2023-04-21,Jodhpur,Rajasthan,Referral,46,F
CUST01657,2023-04-16,Mumbai,Maharashtra,Paid Search,53,Other
CUST01658,2023-01-22,Agra,Uttar Pradesh,Paid Search,49,F
CUST01659,2024-05-26,Delhi,Delhi,Direct,42,F
CUST01660,2024-07-29,Hubli,Karnataka,Direct,49,Other
CUST01661,2024-07-13,Jodhpur,Rajasthan,Email,28,Other
CUST01662,2024-06-28,Pune,Maharashtra,Social Media,49,Other
CUST01663,2024-08-09,Siliguri,West Bengal,Social Media,38,M
CUST01664,2024-09-15,Nagpur,Maharashtra,Organic,26,F
CUST01665,2024-07-09,Vadodara,Gujarat,Email,19,Other
CUST01666,2024-04-12,Surat,Gujarat,Organic,45,F
CUST01667,2024-12-10,Surat,Gujarat,Social Media,21,Other
CUST01668,2023-12-27,Chennai,Tamil Nadu,Paid Search,59,F
CUST01669,2023-10-29,Hubli,Karnataka,Organic,37,M
CUST01670,2024-07-09,Ahmedabad,Gujarat,Organic,52,F
CUST01671,2023-09-14,Pune,Maharashtra,Direct,45,Other
CUST01672,2023-07-09,Siliguri,West Bengal,Organic,62,F
CUST01673,2023-03-17,Pune,Maharashtra,Referral,54,F
CUST01674,2023-01-28,Vadodara,Gujarat,Organic,49,M
CUST01675,2023-01-17,Coimbatore,Tamil Nadu,Referral,50,Other
CUST01676,2023-08-09,Ahmedabad,Gujarat,Email,37,F
CUST01677,2023-10-16,Kolkata,West Bengal,Referral,58,M
CUST01678,2023-02-21,Coimbatore,Tamil Nadu,Social Media,21,F
CUST01679,2023-06-21,Kolkata,West Bengal,Email,65,M
CUST01680,2024-12-10,Hubli,Karnataka,Social Media,35,M
CUST01681,2023-08-09,Jodhpur,Rajasthan,Paid Search,40,M
CUST01682,2023-07-20,Agra,Uttar Pradesh,Social Media,45,Other
CUST01683,2024-10-27,Ahmedabad,Gujarat,Referral,43,F
CUST01684,2023-07-06,Udaipur,Rajasthan,Email,29,M
CUST01685,2024-09-25,Delhi,Delhi,Paid Search,60,Other
CUST01686,2024-12-14,Jodhpur,Rajasthan,Direct,52,Other
CUST01687,2024-04-20,Kolkata,West Bengal,Email,30,F
CUST01688,2023-10-14,Jaipur,Rajasthan,Paid Search,27,Other
CUST01689,2024-10-30,Kanpur,Uttar Pradesh,Referral,38,M
CUST01690,2023-05-17,Coimbatore,Tamil Nadu,Social Media,36,Other
CUST01691,2023-03-22,Delhi,Delhi,Direct,56,M
CUST01692,2024-11-28,Kolkata,West Bengal,Organic,27,M
CUST01693,2023-05-27,Mumbai,Maharashtra,Social Media,47,F
CUST01694,2023-12-13,Siliguri,West Bengal,Direct,20,M
CUST01695,2023-01-01,Delhi,Delhi,Paid Search,19,F
CUST01696,2023-05-31,Agra,Uttar Pradesh,Email,29,Other
CUST01697,2024-02-15,Nagpur,Maharashtra,Referral,19,M
CUST01698,2024-09-04,Mysore,Karnataka,Email,37,M
CUST01699,2024-07-23,Siliguri,West Bengal,Direct,60,M
CUST01700,2023-04-16,Kolkata,West Bengal,Paid Search,25,Other
CUST01701,2023-09-20,Hubli,Karnataka,Direct,55,Other
CUST01702,2024-08-31,Kanpur,Uttar Pradesh,Organic,33,Other
CUST01703,2023-04-03,Mysore,Karnataka,Social Media,55,Other
CUST01704,2023-09-17,Kolkata,West Bengal,Referral,31,M
CUST01705,2024-03-03,Bangalore,Karnataka,Paid Search,35,F
CUST01706,2023-03-17,Siliguri,West Bengal,Email,21,F
CUST01707,2023-06-28,Vadodara,Gujarat,Organic,38,Other
CUST01708,2023-05-15,Siliguri,West Bengal,Direct,33,F
CUST01709,2024-10-12,Delhi,Delhi,Referral,63,F
CUST01710,2023-06-15,Lucknow,Uttar Pradesh,Direct,56,M
CUST01711,2023-08-07,Nagpur,Maharashtra,Direct,33,F
CUST01712,2023-01-22,Siliguri,West Bengal,Direct,62,F
CUST01713,2023-07-23,Hubli,Karnataka,Paid Search,46,F
CUST01714,2024-03-07,Pune,Maharashtra,Social Media,37,M
CUST01715,2023-04-29,Coimbatore,Tamil Nadu,Paid Search,28,F
CUST01716,2023-04-24,Vadodara,Gujarat,Referral,20,F
CUST01717,2024-06-26,Mysore,Karnataka,Referral,65,F
CUST01718,2024-02-18,Vadodara,Gujarat,Referral,24,M
CUST01719,2024-12-13,Agra,Uttar Pradesh,Organic,40,F
CUST01720,2024-08-10,Surat,Gujarat,Direct,19,M
CUST01721,2024-10-20,Delhi,Delhi,Direct,26,M
CUST01722,2024-09-05,Kolkata,West Bengal,Direct,37,F
CUST01723,2023-06-29,Bangalore,Karnataka,Paid Search,33,Other
CUST01724,2024-09-09,Delhi,Delhi,Social Media,46,F
CUST01725,2024-09-05,Delhi,Delhi,Paid Search,61,Other
CUST01726,2023-05-18,Surat,Gujarat,Paid Search,23,F
CUST01727,2024-06-06,Ahmedabad,Gujarat,Referral,42,Other
CUST01728,2023-11-25,Chennai,Tamil Nadu,Organic,53,Other
CUST01729,2023-04-06,Chennai,Tamil Nadu,Referral,30,F
CUST01730,2024-02-15,New Delhi,Delhi,Referral,57,F
CUST01731,2023-07-07,Lucknow,Uttar Pradesh,Organic,41,M
CUST01732,2024-12-09,Bangalore,Karnataka,Direct,51,F
CUST01733,2024-03-24,Udaipur,Rajasthan,Referral,25,M
CUST01734,2023-12-13,Chennai,Tamil Nadu,Social Media,36,Other
CUST01735,2024-11-19,Jodhpur,Rajasthan,Paid Search,45,M
CUST01736,2023-09-14,Coimbatore,Tamil Nadu,Direct,61,M
CUST01737,2023-06-09,Kolkata,West Bengal,Referral,27,M
CUST01738,2023-05-01,Kanpur,Uttar Pradesh,Paid Search,57,F
CUST01739,2024-06-13,Coimbatore,Tamil Nadu,Email,61,Other
CUST01740,2024-12-12,Jaipur,Rajasthan,Organic,48,M
CUST01741,2023-01-11,Vadodara,Gujarat,Referral,61,M
CUST01742,2023-12-10,Siliguri,West Bengal,Direct,56,F
CUST01743,2024-07-06,Bangalore,Karnataka,Email,21,M
CUST01744,2024-06-09,Ahmedabad,Gujarat,Referral,40,Other
CUST01745,2024-04-02,Mumbai,Maharashtra,Social Media,50,Other
CUST01746,2023-09-29,Siliguri,West Bengal,Referral,60,F
CUST01747,2023-11-20,New Delhi,Delhi,Email,29,F
CUST01748,2024-09-12,Delhi,Delhi,Social Media,47,M
CUST01749,2023-01-20,Mysore,Karnataka,Direct,51,F
CUST01750,2024-10-14,Delhi,Delhi,Organic,38,M
CUST01751,2023-05-28,Delhi,Delhi,Social Media,65,F
CUST01752,2024-06-26,Siliguri,West Bengal,Social Media,57,F
CUST01753,2024-06-05,Surat,Gujarat,Paid Search,38,Other
CUST01754,2024-04-30,Jaipur,Rajasthan,Email,60,Other
CUST01755,2024-12-29,Jaipur,Rajasthan,Paid Search,27,M
CUST01756,2024-11-16,Chennai,Tamil Nadu,Organic,48,F
CUST01757,2023-09-08,Delhi,Delhi,Referral,25,F
CUST01758,2024-05-15,Pune,Maharashtra,Social Media,63,Other
CUST01759,2023-12-26,Jodhpur,Rajasthan,Referral,25,Other
CUST01760,2023-06-02,New Delhi,Delhi,Social Media,23,M
CUST01761,2024-06-08,Lucknow,Uttar Pradesh,Paid Search,65,Other
CUST01762,2023-07-11,Agra,Uttar Pradesh,Direct,55,M
CUST01763,2024-06-19,Nagpur,Maharashtra,Email,29,F
CUST01764,2024-11-13,Bangalore,Karnataka,Referral,61,M
CUST01765,2024-07-27,Ahmedabad,Gujarat,Social Media,61,Other
CUST01766,2024-11-18,Mysore,Karnataka,Social Media,55,M
CUST01767,2023-08-09,Ahmedabad,Gujarat,Organic,23,F
CUST01768,2024-12-19,Jodhpur,Rajasthan,Direct,35,Other
CUST01769,2024-09-19,Pune,Maharashtra,Organic,59,Other
CUST01770,2024-07-10,Jodhpur,Rajasthan,Direct,64,Other
CUST01771,2024-10-19,New Delhi,Delhi,Organic,59,F
CUST01772,2023-06-27,Ahmedabad,Gujarat,Direct,22,Other
CUST01773,2024-07-07,Kolkata,West Bengal,Referral,34,M
CUST01774,2024-11-02,Coimbatore,Tamil Nadu,Organic,19,M
CUST01775,2024-05-14,Delhi,Delhi,Referral,36,Other
CUST01776,2024-03-17,New Delhi,Delhi,Social Media,49,F
CUST01777,2024-11-23,Agra,Uttar Pradesh,Email,26,F
CUST01778,2023-03-22,Mysore,Karnataka,Email,30,F
CUST01779,2024-11-14,Jodhpur,Rajasthan,Referral,35,Other
CUST01780,2024-11-01,Kolkata,West Bengal,Referral,41,Other
CUST01781,2024-04-07,Delhi,Delhi,Direct,45,M
CUST01782,2023-09-04,Nagpur,Maharashtra,Social Media,47,Other
CUST01783,2023-04-19,Madurai,Tamil Nadu,Direct,63,M
CUST01784,2023-11-11,Udaipur,Rajasthan,Direct,59,Other
CUST01785,2023-06-19,Mysore,Karnataka,Referral,45,M
CUST01786,2024-10-04,Jodhpur,Rajasthan,Paid Search,26,Other
CUST01787,2023-11-13,Lucknow,Uttar Pradesh,Email,45,F
CUST01788,2023-08-28,Nagpur,Maharashtra,Organic,20,Other
CUST01789,2024-07-29,Hubli,Karnataka,Referral,44,M
CUST01790,2023-11-17,Udaipur,Rajasthan,Direct,54,F
CUST01791,2024-06-19,Surat,Gujarat,Email,23,Other
CUST01792,2023-07-23,Mumbai,Maharashtra,Direct,60,F
CUST01793,2023-07-24,New Delhi,Delhi,Referral,20,M
CUST01794,2023-11-15,Siliguri,West Bengal,Social Media,55,Other
CUST01795,2024-11-24,Udaipur,Rajasthan,Referral,57,F
CUST01796,2024-09-07,Ahmedabad,Gujarat,Paid Search,29,M
CUST01797,2024-05-01,Agra,Uttar Pradesh,Organic,45,Other
CUST01798,2023-03-26,Mumbai,Maharashtra,Referral,25,M
CUST01799,2024-10-11,Delhi,Delhi,Referral,62,F
CUST01800,2023-07-16,Jodhpur,Rajasthan,Email,57,F
CUST01801,2024-01-06,Siliguri,West Bengal,Organic,26,M
CUST01802,2023-04-28,Mumbai,Maharashtra,Organic,19,Other
CUST01803,2023-06-25,Chennai,Tamil Nadu,Paid Search,48,Other
CUST01804,2023-08-08,New Delhi,Delhi,Referral,58,Other
CUST01805,2024-01-20,Chennai,Tamil Nadu,Social Media,47,M
CUST01806,2023-10-19,Jodhpur,Rajasthan,Organic,25,M
CUST01807,2024-07-09,Delhi,Delhi,Referral,48,M
CUST01808,2024-04-05,Udaipur,Rajasthan,Paid Search,30,F
CUST01809,2024-10-01,Kolkata,West Bengal,Social Media,18,M
CUST01810,2024-10-04,Siliguri,West Bengal,Referral,65,Other
CUST01811,2023-02-12,Lucknow,Uttar Pradesh,Referral,43,F
CUST01812,2023-05-04,Jaipur,Rajasthan,Direct,21,Other
CUST01813,2023-12-11,Pune,Maharashtra,Email,38,Other
CUST01814,2023-04-01,Mysore,Karnataka,Direct,44,F
CUST01815,2023-10-06,Mysore,Karnataka,Email,59,F
CUST01816,2023-01-15,Udaipur,Rajasthan,Referral,19,M
CUST01817,2024-10-22,Agra,Uttar Pradesh,Paid Search,48,F
CUST01818,2023-03-25,Jaipur,Rajasthan,Email,32,Other
CUST01819,2024-04-30,Vadodara,Gujarat,Direct,60,F
CUST01820,2024-11-15,Delhi,Delhi,Direct,63,F
CUST01821,2024-04-17,Siliguri,West Bengal,Referral,28,Other
CUST01822,2023-07-18,Coimbatore,Tamil Nadu,Direct,65,M
CUST01823,2023-02-05,Jaipur,Rajasthan,Paid Search,30,M
CUST01824,2024-06-26,Jaipur,Rajasthan,Referral,49,F
CUST01825,2023-11-10,Chennai,Tamil Nadu,Email,21,M
CUST01826,2023-11-23,Surat,Gujarat,Social Media,61,M
CUST01827,2024-05-20,New Delhi,Delhi,Organic,39,F
CUST01828,2023-09-12,Hubli,Karnataka,Paid Search,25,Other
CUST01829,2024-09-29,Coimbatore,Tamil Nadu,Social Media,39,F
CUST01830,2024-08-23,Nagpur,Maharashtra,Social Media,27,Other
CUST01831,2023-12-06,Hubli,Karnataka,Organic,46,F
CUST01832,2023-01-29,Bangalore,Karnataka,Email,57,M
CUST01833,2024-03-04,Nagpur,Maharashtra,Organic,28,Other
CUST01834,2023-05-30,Bangalore,Karnataka,Social Media,28,Other
CUST01835,2024-11-04,Agra,Uttar Pradesh,Referral,50,F
CUST01836,2024-12-05,Bangalore,Karnataka,Direct,41,F
CUST01837,2024-04-19,New Delhi,Delhi,Paid Search,46,F
CUST01838,2024-10-23,Mumbai,Maharashtra,Referral,39,F
CUST01839,2024-08-31,New Delhi,Delhi,Social Media,41,Other
CUST01840,2024-07-07,Siliguri,West Bengal,Direct,60,M
CUST01841,2024-06-24,Delhi,Delhi,Paid Search,26,F
CUST01842,2023-03-27,Siliguri,West Bengal,Referral,51,Other
CUST01843,2024-02-14,Ahmedabad,Gujarat,Referral,27,M
CUST01844,2024-01-12,Bangalore,Karnataka,Social Media,38,F
CUST01845,2024-12-21,Delhi,Delhi,Organic,43,M
CUST01846,2023-06-06,New Delhi,Delhi,Direct,63,Other
CUST01847,2023-09-24,Kanpur,Uttar Pradesh,Referral,61,Other
CUST01848,2023-09-19,Agra,Uttar Pradesh,Direct,38,F
CUST01849,2023-10-09,Pune,Maharashtra,Email,57,M
CUST01850,2023-07-25,Siliguri,West Bengal,Direct,31,Other
CUST01851,2024-07-02,Udaipur,Rajasthan,Social Media,59,F
CUST01852,2024-06-26,Coimbatore,Tamil Nadu,Organic,20,Other
CUST01853,2023-03-18,Surat,Gujarat,Direct,64,Other
CUST01854,2023-10-25,Delhi,Delhi,Paid Search,23,Other
CUST01855,2024-02-16,Agra,Uttar Pradesh,Social Media,58,M
CUST01856,2023-03-21,Mumbai,Maharashtra,Email,55,F
CUST01857,2023-01-28,Coimbatore,Tamil Nadu,Direct,45,Other
CUST01858,2024-08-28,Hubli,Karnataka,Organic,41,F
CUST01859,2024-01-15,Ahmedabad,Gujarat,Organic,59,M
CUST01860,2023-06-15,Jodhpur,Rajasthan,Email,65,M
CUST01861,2024-06-04,Jodhpur,Rajasthan,Paid Search,65,Other
CUST01862,2023-04-10,Coimbatore,Tamil Nadu,Social Media,36,Other
CUST01863,2024-09-02,Delhi,Delhi,Email,65,M
CUST01864,2023-09-16,Mysore,Karnataka,Email,55,M
CUST01865,2024-01-04,Surat,Gujarat,Organic,27,Other
CUST01866,2023-05-04,Siliguri,West Bengal,Organic,23,M
CUST01867,2024-09-18,Kolkata,West Bengal,Referral,31,F
CUST01868,2023-05-12,Mysore,Karnataka,Direct,51,F
CUST01869,2023-09-26,Siliguri,West Bengal,Email,49,Other
CUST01870,2024-01-03,Siliguri,West Bengal,Direct,49,Other
CUST01871,2023-01-03,Kolkata,West Bengal,Paid Search,50,M
CUST01872,2023-10-13,Udaipur,Rajasthan,Referral,26,Other
CUST01873,2023-07-26,Hubli,Karnataka,Paid Search,47,F
CUST01874,2024-04-03,Nagpur,Maharashtra,Paid Search,53,F
CUST01875,2023-10-11,Hubli,Karnataka,Referral,25,M
CUST01876,2023-08-17,Vadodara,Gujarat,Social Media,20,Other
CUST01877,2024-01-29,New Delhi,Delhi,Social Media,37,F
CUST01878,2024-06-15,Kanpur,Uttar Pradesh,Referral,19,M
CUST01879,2024-04-30,Delhi,Delhi,Organic,37,F
CUST01880,2024-12-20,Chennai,Tamil Nadu,Direct,49,M
CUST01881,2023-04-29,Hubli,Karnataka,Social Media,22,M
CUST01882,2023-07-11,Siliguri,West Bengal,Email,37,Other
CUST01883,2024-04-29,Jodhpur,Rajasthan,Referral,48,Other
CUST01884,2024-07-30,New Delhi,Delhi,Email,58,F
CUST01885,2023-05-01,Udaipur,Rajasthan,Referral,27,Other
CUST01886,2023-02-05,Ahmedabad,Gujarat,Email,60,Other
CUST01887,2024-09-30,Siliguri,West Bengal,Paid Search,43,F
CUST01888,2023-07-24,Nagpur,Maharashtra,Referral,65,F
CUST01889,2023-09-08,Bangalore,Karnataka,Direct,19,Other
CUST01890,2024-04-20,Agra,Uttar Pradesh,Direct,25,Other
CUST01891,2023-02-20,Bangalore,Karnataka,Email,52,Other
CUST01892,2023-06-09,Nagpur,Maharashtra,Email,30,F
CUST01893,2023-06-10,Mumbai,Maharashtra,Direct,52,M
CUST01894,2024-01-15,Pune,Maharashtra,Paid Search,33,Other
CUST01895,2023-08-14,Jaipur,Rajasthan,Email,56,F
CUST01896,2024-03-09,Kolkata,West Bengal,Referral,19,F
CUST01897,2024-02-16,Kolkata,West Bengal,Referral,19,Other
CUST01898,2023-12-21,Surat,Gujarat,Social Media,23,M
CUST01899,2024-05-13,Hubli,Karnataka,Paid Search,36,M
CUST01900,2024-06-28,Delhi,Delhi,Organic,27,F
CUST01901,2023-03-08,Kolkata,West Bengal,Organic,57,F
CUST01902,2024-08-10,New Delhi,Delhi,Direct,21,F
CUST01903,2023-07-13,Kolkata,West Bengal,Social Media,27,F
CUST01904,2023-05-17,Surat,Gujarat,Referral,25,M
CUST01905,2024-10-14,Chennai,Tamil Nadu,Email,55,M
CUST01906,2024-11-09,Udaipur,Rajasthan,Email,42,M
CUST01907,2024-11-11,Lucknow,Uttar Pradesh,Social Media,47,Other
CUST01908,2023-09-26,Kolkata,West Bengal,Referral,19,F
CUST01909,2023-07-15,Chennai,Tamil Nadu,Social Media,53,Other
CUST01910,2023-03-25,Bangalore,Karnataka,Email,59,M
CUST01911,2024-10-26,Agra,Uttar Pradesh,Referral,46,M
CUST01912,2024-04-29,Chennai,Tamil Nadu,Social Media,52,M
CUST01913,2024-07-31,Madurai,Tamil Nadu,Referral,53,F
CUST01914,2023-05-03,Mumbai,Maharashtra,Referral,57,F
CUST01915,2024-10-30,New Delhi,Delhi,Organic,48,F
CUST01916,2023-04-27,Agra,Uttar Pradesh,Referral,40,Other
CUST01917,2024-05-19,Madurai,Tamil Nadu,Email,36,M
CUST01918,2024-03-29,New Delhi,Delhi,Social Media,23,F
CUST01919,2024-07-07,Bangalore,Karnataka,Direct,53,F
CUST01920,2024-11-02,Kolkata,West Bengal,Email,50,F
CUST01921,2024-02-23,Vadodara,Gujarat,Social Media,63,F
CUST01922,2024-07-27,Lucknow,Uttar Pradesh,Direct,38,F
CUST01923,2024-05-16,Coimbatore,Tamil Nadu,Email,39,M
CUST01924,2023-04-18,New Delhi,Delhi,Email,48,M
CUST01925,2023-05-15,Nagpur,Maharashtra,Paid Search,44,Other
CUST01926,2024-04-02,Jodhpur,Rajasthan,Email,23,Other
CUST01927,2023-08-24,Hubli,Karnataka,Organic,60,F
CUST01928,2024-01-23,Mysore,Karnataka,Referral,56,F
CUST01929,2024-10-30,Kolkata,West Bengal,Direct,18,M
CUST01930,2023-05-27,Jodhpur,Rajasthan,Paid Search,46,M
CUST01931,2024-03-03,Madurai,Tamil Nadu,Organic,35,Other
CUST01932,2023-08-16,Ahmedabad,Gujarat,Organic,57,Other
CUST01933,2024-05-09,Agra,Uttar Pradesh,Paid Search,32,F
CUST01934,2024-06-20,Ahmedabad,Gujarat,Social Media,49,Other
CUST01935,2024-08-22,Chennai,Tamil Nadu,Paid Search,58,F
CUST01936,2023-05-30,Mysore,Karnataka,Email,50,F
CUST01937,2024-02-20,New Delhi,Delhi,Direct,65,Other
CUST01938,2024-02-29,New Delhi,Delhi,Email,26,Other
CUST01939,2023-06-27,Bangalore,Karnataka,Social Media,54,M
CUST01940,2024-08-16,Lucknow,Uttar Pradesh,Direct,19,Other
CUST01941,2023-10-15,Agra,Uttar Pradesh,Email,47,M
CUST01942,2024-03-14,Kolkata,West Bengal,Social Media,45,F
CUST01943,2024-11-04,Lucknow,Uttar Pradesh,Direct,51,F
CUST01944,2023-07-17,Jodhpur,Rajasthan,Email,20,Other
CUST01945,2023-07-14,Chennai,Tamil Nadu,Social Media,44,Other
CUST01946,2023-01-21,Jodhpur,Rajasthan,Organic,43,M
CUST01947,2024-04-20,Ahmedabad,Gujarat,Email,19,Other
CUST01948,2024-10-27,Madurai,Tamil Nadu,Referral,22,M
CUST01949,2023-12-05,Chennai,Tamil Nadu,Social Media,37,M
CUST01950,2023-07-18,Bangalore,Karnataka,Referral,45,M
CUST01951,2023-06-28,Surat,Gujarat,Paid Search,24,F
CUST01952,2023-01-10,Coimbatore,Tamil Nadu,Organic,39,Other
CUST01953,2023-01-01,Chennai,Tamil Nadu,Email,57,F
CUST01954,2023-02-26,Hubli,Karnataka,Referral,55,M
CUST01955,2024-12-20,Bangalore,Karnataka,Organic,42,F
CUST01956,2024-10-09,Bangalore,Karnataka,Organic,46,M
CUST01957,2023-08-01,Agra,Uttar Pradesh,Direct,45,M
CUST01958,2023-11-09,Hubli,Karnataka,Organic,53,M
CUST01959,2024-02-15,Kanpur,Uttar Pradesh,Referral,24,Other
CUST01960,2024-11-29,Kolkata,West Bengal,Email,60,Other
CUST01961,2024-02-12,Pune,Maharashtra,Referral,47,F
CUST01962,2024-09-24,Mysore,Karnataka,Direct,61,M
CUST01963,2023-06-07,Udaipur,Rajasthan,Social Media,55,M
CUST01964,2023-02-19,Bangalore,Karnataka,Organic,56,Other
CUST01965,2024-06-26,Hubli,Karnataka,Paid Search,54,M
CUST01966,2023-09-25,Kanpur,Uttar Pradesh,Referral,48,Other
CUST01967,2023-09-07,Jaipur,Rajasthan,Paid Search,26,M
CUST01968,2023-07-09,Mumbai,Maharashtra,Social Media,55,F
CUST01969,2023-04-08,Surat,Gujarat,Email,52,M
CUST01970,2024-03-31,Delhi,Delhi,Social Media,56,F
CUST01971,2023-05-16,Kanpur,Uttar Pradesh,Organic,51,Other
CUST01972,2024-01-22,New Delhi,Delhi,Paid Search,50,Other
CUST01973,2024-06-08,Pune,Maharashtra,Social Media,30,M
CUST01974,2023-08-24,Chennai,Tamil Nadu,Social Media,30,Other
CUST01975,2024-05-11,Udaipur,Rajasthan,Direct,47,Other
CUST01976,2024-11-26,Vadodara,Gujarat,Email,39,Other
CUST01977,2024-01-11,Kanpur,Uttar Pradesh,Social Media,28,M
CUST01978,2023-12-25,Jaipur,Rajasthan,Referral,32,M
CUST01979,2023-09-11,Madurai,Tamil Nadu,Paid Search,47,Other
CUST01980,2024-07-24,Chennai,Tamil Nadu,Referral,65,F
CUST01981,2023-12-06,Kolkata,West Bengal,Referral,29,M
CUST01982,2024-03-19,Ahmedabad,Gujarat,Organic,40,M
CUST01983,2024-12-28,Bangalore,Karnataka,Social Media,46,M
CUST01984,2023-03-04,Ahmedabad,Gujarat,Organic,30,M
CUST01985,2023-12-11,Lucknow,Uttar Pradesh,Paid Search,34,Other
CUST01986,2024-02-05,Delhi,Delhi,Email,33,M
CUST01987,2024-03-14,Chennai,Tamil Nadu,Paid Search,34,M
CUST01988,2023-06-14,Nagpur,Maharashtra,Paid Search,42,Other
CUST01989,2023-05-12,Mysore,Karnataka,Paid Search,37,F
CUST01990,2023-02-20,Coimbatore,Tamil Nadu,Social Media,60,M
CUST01991,2024-10-25,Kolkata,West Bengal,Organic,27,M
CUST01992,2023-01-18,Chennai,Tamil Nadu,Email,42,Other
CUST01993,2023-11-19,Surat,Gujarat,Email,45,Other
CUST01994,2023-06-26,Chennai,Tamil Nadu,Email,55,M
CUST01995,2023-09-12,Lucknow,Uttar Pradesh,Social Media,33,M
CUST01996,2023-03-11,Lucknow,Uttar Pradesh,Email,55,F
CUST01997,2023-02-09,Madurai,Tamil Nadu,Organic,48,Other
CUST01998,2024-08-27,Bangalore,Karnataka,Email,42,Other
CUST01999,2024-01-27,Surat,Gujarat,Email,47,M
CUST02000,2024-04-01,Vadodara,Gujarat,Social Media,51,Other
CUST02001,2023-04-23,Udaipur,Rajasthan,Referral,48,F
CUST02002,2024-05-09,Kolkata,West Bengal,Paid Search,32,M
CUST02003,2024-01-14,Jaipur,Rajasthan,Referral,31,F
CUST02004,2024-09-08,Siliguri,West Bengal,Email,28,F
CUST02005,2024-07-07,Agra,Uttar Pradesh,Organic,26,M
CUST02006,2023-05-14,Kanpur,Uttar Pradesh,Email,40,M
CUST02007,2024-10-16,Pune,Maharashtra,Email,57,F
CUST02008,2023-11-03,Siliguri,West Bengal,Referral,45,F
CUST02009,2023-01-04,Surat,Gujarat,Social Media,35,F
CUST02010,2023-06-16,Mumbai,Maharashtra,Referral,32,F
CUST02011,2024-06-02,Mysore,Karnataka,Organic,36,Other
CUST02012,2023-04-15,Mysore,Karnataka,Paid Search,24,M
CUST02013,2023-06-30,Mysore,Karnataka,Organic,52,M
CUST02014,2024-01-21,Ahmedabad,Gujarat,Direct,39,F
CUST02015,2023-10-31,Agra,Uttar Pradesh,Direct,35,M
CUST02016,2023-08-28,Delhi,Delhi,Organic,37,F
CUST02017,2024-03-15,Surat,Gujarat,Referral,55,Other
CUST02018,2023-03-21,Pune,Maharashtra,Direct,50,M
CUST02019,2023-04-20,Kolkata,West Bengal,Paid Search,64,Other
CUST02020,2023-10-21,Coimbatore,Tamil Nadu,Paid Search,51,Other
CUST02021,2024-03-09,Udaipur,Rajasthan,Referral,39,M
CUST02022,2023-12-27,Ahmedabad,Gujarat,Referral,62,F
CUST02023,2023-04-19,Coimbatore,Tamil Nadu,Referral,53,M
CUST02024,2024-08-14,Ahmedabad,Gujarat,Email,26,F
CUST02025,2024-08-21,Pune,Maharashtra,Direct,40,F
CUST02026,2024-06-17,Coimbatore,Tamil Nadu,Referral,61,F
CUST02027,2024-01-07,Kanpur,Uttar Pradesh,Email,19,Other
CUST02028,2024-01-25,Mumbai,Maharashtra,Paid Search,39,Other
CUST02029,2024-03-26,Siliguri,West Bengal,Paid Search,43,M
CUST02030,2023-04-15,Kolkata,West Bengal,Referral,24,F
CUST02031,2024-03-11,Udaipur,Rajasthan,Social Media,23,M
CUST02032,2023-03-26,Hubli,Karnataka,Email,29,M
CUST02033,2023-08-03,Jaipur,Rajasthan,Paid Search,30,M
CUST02034,2024-11-24,Siliguri,West Bengal,Paid Search,32,F
CUST02035,2023-07-27,Mysore,Karnataka,Organic,41,Other
CUST02036,2024-06-03,Mumbai,Maharashtra,Social Media,44,F
CUST02037,2023-09-30,New Delhi,Delhi,Paid Search,52,F
CUST02038,2024-04-25,Udaipur,Rajasthan,Organic,42,M
CUST02039,2023-05-15,New Delhi,Delhi,Social Media,45,Other
CUST02040,2023-11-13,Jaipur,Rajasthan,Email,54,F
CUST02041,2023-05-30,Madurai,Tamil Nadu,Direct,61,F
CUST02042,2024-02-20,Lucknow,Uttar Pradesh,Organic,27,F
CUST02043,2023-08-01,Mysore,Karnataka,Email,33,Other
CUST02044,2024-03-13,Vadodara,Gujarat,Referral,47,F
CUST02045,2023-11-04,Nagpur,Maharashtra,Organic,36,Other
CUST02046,2023-07-28,Jodhpur,Rajasthan,Direct,63,F
CUST02047,2024-08-08,Kolkata,West Bengal,Referral,33,M
CUST02048,2023-11-18,Siliguri,West Bengal,Referral,60,M
CUST02049,2023-06-01,Mysore,Karnataka,Direct,20,M
CUST02050,2024-05-10,Delhi,Delhi,Direct,52,F
CUST02051,2024-03-15,Hubli,Karnataka,Direct,64,M
CUST02052,2024-01-11,Jodhpur,Rajasthan,Email,25,F
CUST02053,2023-03-25,Bangalore,Karnataka,Email,38,F
CUST02054,2023-11-02,Jaipur,Rajasthan,Social Media,31,Other
CUST02055,2023-06-30,Pune,Maharashtra,Organic,22,Other
CUST02056,2023-10-17,Jodhpur,Rajasthan,Social Media,65,F
CUST02057,2024-08-04,Coimbatore,Tamil Nadu,Organic,18,F
CUST02058,2024-11-22,Hubli,Karnataka,Paid Search,38,Other
CUST02059,2024-08-06,Jodhpur,Rajasthan,Referral,22,M
CUST02060,2024-12-16,Madurai,Tamil Nadu,Referral,26,F
CUST02061,2024-07-14,Lucknow,Uttar Pradesh,Paid Search,19,Other
CUST02062,2024-10-06,Bangalore,Karnataka,Social Media,25,Other
CUST02063,2024-12-27,Kolkata,West Bengal,Organic,60,M
CUST02064,2023-05-09,Lucknow,Uttar Pradesh,Referral,40,M
CUST02065,2023-04-29,Madurai,Tamil Nadu,Organic,61,Other
CUST02066,2024-05-24,Coimbatore,Tamil Nadu,Direct,21,Other
CUST02067,2023-09-30,Mysore,Karnataka,Direct,37,F
CUST02068,2023-07-07,Nagpur,Maharashtra,Organic,21,F
CUST02069,2024-01-11,Chennai,Tamil Nadu,Social Media,33,M
CUST02070,2023-12-12,Bangalore,Karnataka,Referral,19,M
CUST02071,2024-05-01,Ahmedabad,Gujarat,Direct,60,M
CUST02072,2023-02-12,Chennai,Tamil Nadu,Direct,28,Other
CUST02073,2023-09-16,New Delhi,Delhi,Referral,50,M
CUST02074,2023-03-13,Surat,Gujarat,Email,58,M
CUST02075,2023-02-14,Madurai,Tamil Nadu,Referral,45,M
CUST02076,2023-02-26,Chennai,Tamil Nadu,Organic,40,F
CUST02077,2024-08-10,New Delhi,Delhi,Referral,59,F
CUST02078,2024-02-10,Pune,Maharashtra,Paid Search,47,M
CUST02079,2024-09-02,Hubli,Karnataka,Social Media,59,Other
CUST02080,2023-08-10,Ahmedabad,Gujarat,Organic,31,F
CUST02081,2024-04-11,Agra,Uttar Pradesh,Referral,24,Other
CUST02082,2024-02-15,Delhi,Delhi,Organic,56,F
CUST02083,2024-07-15,Kolkata,West Bengal,Social Media,29,Other
CUST02084,2023-03-26,Vadodara,Gujarat,Referral,22,F
CUST02085,2023-07-29,Nagpur,Maharashtra,Email,46,F
CUST02086,2023-03-31,Madurai,Tamil Nadu,Email,63,M
CUST02087,2023-12-29,Chennai,Tamil Nadu,Email,25,F
CUST02088,2024-04-12,Madurai,Tamil Nadu,Referral,33,Other
CUST02089,2024-11-21,Bangalore,Karnataka,Paid Search,41,F
CUST02090,2023-02-01,Lucknow,Uttar Pradesh,Paid Search,42,M
CUST02091,2024-02-20,Mumbai,Maharashtra,Direct,56,F
CUST02092,2024-08-30,Ahmedabad,Gujarat,Social Media,38,Other
CUST02093,2023-08-28,Nagpur,Maharashtra,Referral,59,F
CUST02094,2024-11-18,Mumbai,Maharashtra,Direct,39,F
CUST02095,2023-07-27,Chennai,Tamil Nadu,Email,21,Other
CUST02096,2024-01-28,Madurai,Tamil Nadu,Direct,64,M
CUST02097,2024-03-07,Siliguri,West Bengal,Paid Search,46,Other
CUST02098,2024-04-15,Mumbai,Maharashtra,Referral,22,M
CUST02099,2023-09-01,Nagpur,Maharashtra,Paid Search,31,M
CUST02100,2023-03-18,Bangalore,Karnataka,Email,53,M
CUST02101,2024-04-21,Madurai,Tamil Nadu,Organic,45,Other
CUST02102,2023-06-06,Jodhpur,Rajasthan,Paid Search,64,M
CUST02103,2024-01-06,Coimbatore,Tamil Nadu,Paid Search,56,M
CUST02104,2024-02-04,Kanpur,Uttar Pradesh,Email,46,Other
CUST02105,2024-12-17,Coimbatore,Tamil Nadu,Referral,23,F
CUST02106,2024-05-10,Siliguri,West Bengal,Paid Search,48,F
CUST02107,2024-02-15,Siliguri,West Bengal,Paid Search,48,M
CUST02108,2024-01-07,Siliguri,West Bengal,Organic,37,Other
CUST02109,2024-10-16,New Delhi,Delhi,Social Media,42,F
CUST02110,2024-02-22,Kanpur,Uttar Pradesh,Social Media,42,Other
CUST02111,2024-02-14,Jaipur,Rajasthan,Social Media,26,Other
CUST02112,2024-11-07,Jaipur,Rajasthan,Paid Search,30,M
CUST02113,2024-10-23,Nagpur,Maharashtra,Direct,64,F
CUST02114,2023-09-27,Jodhpur,Rajasthan,Referral,43,Other
CUST02115,2023-05-29,Surat,Gujarat,Referral,37,Other
CUST02116,2024-08-15,Mysore,Karnataka,Organic,25,F
CUST02117,2024-04-14,New Delhi,Delhi,Referral,34,Other
CUST02118,2023-05-13,Vadodara,Gujarat,Direct,49,Other
CUST02119,2024-05-15,Vadodara,Gujarat,Organic,59,F
CUST02120,2024-02-28,Kolkata,West Bengal,Paid Search,48,M
CUST02121,2024-04-19,Vadodara,Gujarat,Direct,61,M
CUST02122,2024-07-13,Delhi,Delhi,Email,47,Other
CUST02123,2023-10-11,Delhi,Delhi,Paid Search,56,Other
CUST02124,2023-04-26,New Delhi,Delhi,Organic,23,Other
CUST02125,2024-03-10,Siliguri,West Bengal,Direct,55,M
CUST02126,2023-07-30,Coimbatore,Tamil Nadu,Paid Search,45,F
CUST02127,2024-11-22,Agra,Uttar Pradesh,Email,60,F
CUST02128,2023-03-19,Agra,Uttar Pradesh,Referral,64,M
CUST02129,2024-12-05,Hubli,Karnataka,Email,40,M
CUST02130,2024-09-08,Agra,Uttar Pradesh,Paid Search,65,F
CUST02131,2024-04-07,Lucknow,Uttar Pradesh,Paid Search,49,M
CUST02132,2023-01-02,Bangalore,Karnataka,Direct,44,Other
CUST02133,2023-10-02,Siliguri,West Bengal,Direct,45,M
CUST02134,2024-02-12,Delhi,Delhi,Paid Search,63,M
CUST02135,2024-11-28,Coimbatore,Tamil Nadu,Paid Search,50,M
CUST02136,2023-06-19,Udaipur,Rajasthan,Paid Search,29,M
CUST02137,2024-03-17,Nagpur,Maharashtra,Paid Search,30,F
CUST02138,2023-01-19,Siliguri,West Bengal,Direct,57,M
CUST02139,2024-05-26,New Delhi,Delhi,Social Media,23,F
CUST02140,2023-08-13,Mysore,Karnataka,Organic,39,M
CUST02141,2023-01-23,Coimbatore,Tamil Nadu,Referral,61,M
CUST02142,2024-06-22,Mumbai,Maharashtra,Social Media,18,Other
CUST02143,2023-03-08,Mumbai,Maharashtra,Paid Search,51,M
CUST02144,2023-06-30,Siliguri,West Bengal,Referral,48,F
CUST02145,2023-06-25,Siliguri,West Bengal,Social Media,61,F
CUST02146,2024-09-20,Ahmedabad,Gujarat,Social Media,60,F
CUST02147,2023-07-02,Kolkata,West Bengal,Social Media,39,M
CUST02148,2023-06-27,Pune,Maharashtra,Direct,43,Other
CUST02149,2023-12-27,New Delhi,Delhi,Email,25,Other
CUST02150,2024-11-20,Agra,Uttar Pradesh,Paid Search,41,F
CUST02151,2023-06-29,Udaipur,Rajasthan,Referral,60,M
CUST02152,2023-10-10,Nagpur,Maharashtra,Social Media,19,Other
CUST02153,2023-01-15,Ahmedabad,Gujarat,Direct,38,Other
CUST02154,2023-06-02,Jaipur,Rajasthan,Email,49,F
CUST02155,2023-07-25,Mysore,Karnataka,Referral,48,Other
CUST02156,2023-11-13,Hubli,Karnataka,Referral,36,Other
CUST02157,2023-07-14,Madurai,Tamil Nadu,Paid Search,51,Other
CUST02158,2023-10-11,Mumbai,Maharashtra,Referral,23,F
CUST02159,2023-07-10,Jaipur,Rajasthan,Referral,25,F
CUST02160,2023-12-28,Chennai,Tamil Nadu,Paid Search,28,Other
CUST02161,2023-12-23,Bangalore,Karnataka,Referral,63,M
CUST02162,2023-09-16,Delhi,Delhi,Referral,35,M
CUST02163,2024-04-18,Agra,Uttar Pradesh,Referral,60,M
CUST02164,2024-01-19,Delhi,Delhi,Organic,62,F
CUST02165,2024-05-12,Madurai,Tamil Nadu,Email,22,Other
CUST02166,2024-12-12,Surat,Gujarat,Direct,65,Other
CUST02167,2024-06-07,Siliguri,West Bengal,Paid Search,32,F
CUST02168,2024-10-27,Mysore,Karnataka,Organic,25,M
CUST02169,2023-04-09,Vadodara,Gujarat,Email,30,Other
CUST02170,2024-03-23,Hubli,Karnataka,Social Media,26,F
CUST02171,2023-11-14,Kolkata,West Bengal,Social Media,21,Other
CUST02172,2024-06-18,Coimbatore,Tamil Nadu,Referral,38,F
CUST02173,2023-03-30,New Delhi,Delhi,Organic,43,M
CUST02174,2023-06-10,Jodhpur,Rajasthan,Paid Search,36,M
CUST02175,2023-03-06,Udaipur,Rajasthan,Referral,27,Other
CUST02176,2024-02-07,Lucknow,Uttar Pradesh,Direct,60,Other
CUST02177,2024-03-08,Nagpur,Maharashtra,Social Media,37,Other
CUST02178,2023-03-23,Mysore,Karnataka,Direct,54,F
CUST02179,2024-10-08,Coimbatore,Tamil Nadu,Social Media,63,F
CUST02180,2024-01-19,Pune,Maharashtra,Paid Search,63,M
CUST02181,2023-03-28,Madurai,Tamil Nadu,Direct,21,M
CUST02182,2024-06-30,Udaipur,Rajasthan,Referral,37,Other
CUST02183,2024-10-06,New Delhi,Delhi,Email,43,F
CUST02184,2023-06-12,Siliguri,West Bengal,Social Media,43,F
CUST02185,2023-07-16,Hubli,Karnataka,Direct,36,F
CUST02186,2024-01-03,Madurai,Tamil Nadu,Email,43,M
CUST02187,2023-08-01,Delhi,Delhi,Email,21,Other
CUST02188,2024-01-02,Kanpur,Uttar Pradesh,Direct,28,Other
CUST02189,2023-12-08,Delhi,Delhi,Direct,48,F
CUST02190,2024-09-01,New Delhi,Delhi,Paid Search,65,M
CUST02191,2024-12-20,Pune,Maharashtra,Direct,54,M
CUST02192,2024-07-29,Delhi,Delhi,Referral,61,M
CUST02193,2023-05-24,Mumbai,Maharashtra,Social Media,48,M
CUST02194,2024-04-24,Mumbai,Maharashtra,Email,59,F
CUST02195,2024-10-08,Kolkata,West Bengal,Direct,64,F
CUST02196,2023-01-21,Chennai,Tamil Nadu,Organic,33,F
CUST02197,2024-11-20,Jodhpur,Rajasthan,Direct,56,M
CUST02198,2023-04-15,Kolkata,West Bengal,Referral,59,F
CUST02199,2024-04-08,Agra,Uttar Pradesh,Direct,46,F
CUST02200,2024-01-17,Mumbai,Maharashtra,Organic,23,M
CUST02201,2024-07-03,Udaipur,Rajasthan,Direct,50,M
CUST02202,2023-11-20,Nagpur,Maharashtra,Email,54,F
CUST02203,2024-07-03,Agra,Uttar Pradesh,Direct,24,Other
CUST02204,2023-01-14,Delhi,Delhi,Referral,59,Other
CUST02205,2024-07-19,Siliguri,West Bengal,Email,26,M
CUST02206,2024-05-28,Ahmedabad,Gujarat,Direct,52,M
CUST02207,2023-01-25,Kolkata,West Bengal,Referral,53,Other
CUST02208,2024-07-17,Jaipur,Rajasthan,Email,55,Other
CUST02209,2023-09-02,Bangalore,Karnataka,Direct,25,M
CUST02210,2024-12-06,New Delhi,Delhi,Email,46,F
CUST02211,2023-09-03,Bangalore,Karnataka,Paid Search,54,M
CUST02212,2024-04-10,New Delhi,Delhi,Email,34,M
CUST02213,2024-11-20,Bangalore,Karnataka,Email,37,F
CUST02214,2023-05-02,Delhi,Delhi,Direct,18,M
CUST02215,2024-03-16,Lucknow,Uttar Pradesh,Email,36,Other
CUST02216,2023-06-06,Jaipur,Rajasthan,Email,49,Other
CUST02217,2023-06-21,Vadodara,Gujarat,Social Media,56,Other
CUST02218,2024-06-06,Madurai,Tamil Nadu,Organic,60,M
CUST02219,2024-12-02,Chennai,Tamil Nadu,Paid Search,27,F
CUST02220,2024-04-28,Chennai,Tamil Nadu,Email,53,M
CUST02221,2023-01-31,Surat,Gujarat,Paid Search,64,Other
CUST02222,2023-06-10,Kolkata,West Bengal,Email,34,F
CUST02223,2023-11-02,Kolkata,West Bengal,Referral,47,M
CUST02224,2024-05-14,Agra,Uttar Pradesh,Referral,62,M
CUST02225,2024-12-13,Chennai,Tamil Nadu,Direct,64,F
CUST02226,2023-05-27,Madurai,Tamil Nadu,Social Media,54,Other
CUST02227,2023-08-17,Delhi,Delhi,Paid Search,38,F
CUST02228,2024-03-04,Kolkata,West Bengal,Email,33,M
CUST02229,2023-10-17,Lucknow,Uttar Pradesh,Email,25,Other
CUST02230,2024-11-08,Kolkata,West Bengal,Social Media,58,M
CUST02231,2023-02-24,Surat,Gujarat,Social Media,27,M
CUST02232,2023-05-13,Lucknow,Uttar Pradesh,Organic,42,M
CUST02233,2024-06-19,Kolkata,West Bengal,Organic,29,Other
CUST02234,2023-11-09,Agra,Uttar Pradesh,Referral,24,Other
CUST02235,2023-01-09,Vadodara,Gujarat,Email,36,Other
CUST02236,2023-03-07,Agra,Uttar Pradesh,Organic,21,M
CUST02237,2023-11-25,Surat,Gujarat,Paid Search,40,Other
CUST02238,2024-12-22,Siliguri,West Bengal,Email,26,F
CUST02239,2024-09-11,Nagpur,Maharashtra,Email,63,M
CUST02240,2024-11-01,New Delhi,Delhi,Referral,54,Other
CUST02241,2023-10-25,Lucknow,Uttar Pradesh,Direct,58,F
CUST02242,2023-08-05,Madurai,Tamil Nadu,Email,44,Other
CUST02243,2023-12-18,Jaipur,Rajasthan,Referral,40,F
CUST02244,2024-09-22,Kanpur,Uttar Pradesh,Referral,51,Other
CUST02245,2024-05-09,Coimbatore,Tamil Nadu,Direct,23,F
CUST02246,2023-10-25,Siliguri,West Bengal,Organic,58,M
CUST02247,2023-12-20,Hubli,Karnataka,Paid Search,23,M
CUST02248,2024-08-29,Mumbai,Maharashtra,Direct,36,Other
CUST02249,2023-12-27,Jaipur,Rajasthan,Referral,61,Other
CUST02250,2024-01-09,Delhi,Delhi,Referral,50,Other
CUST02251,2024-06-24,Mysore,Karnataka,Organic,57,M
CUST02252,2023-09-17,Nagpur,Maharashtra,Referral,62,Other
CUST02253,2023-09-21,Ahmedabad,Gujarat,Direct,60,Other
CUST02254,2024-11-01,Nagpur,Maharashtra,Referral,28,Other
CUST02255,2024-02-14,Chennai,Tamil Nadu,Organic,41,M
CUST02256,2023-12-04,Ahmedabad,Gujarat,Referral,49,F
CUST02257,2024-01-12,Delhi,Delhi,Organic,39,Other
CUST02258,2023-10-12,Madurai,Tamil Nadu,Organic,36,F
CUST02259,2023-08-20,Jodhpur,Rajasthan,Social Media,31,M
CUST02260,2024-01-11,Kolkata,West Bengal,Social Media,59,Other
CUST02261,2024-07-21,Pune,Maharashtra,Email,49,M
CUST02262,2023-04-17,Ahmedabad,Gujarat,Email,47,F
CUST02263,2023-04-15,Kanpur,Uttar Pradesh,Organic,18,F
CUST02264,2024-07-15,Delhi,Delhi,Social Media,18,M
CUST02265,2023-08-12,Siliguri,West Bengal,Paid Search,23,Other
CUST02266,2024-10-01,Delhi,Delhi,Organic,49,M
CUST02267,2023-05-11,Delhi,Delhi,Paid Search,48,F
CUST02268,2024-10-17,Surat,Gujarat,Social Media,45,M
CUST02269,2023-05-11,Lucknow,Uttar Pradesh,Referral,60,F
CUST02270,2023-05-26,New Delhi,Delhi,Social Media,65,F
CUST02271,2024-01-31,Pune,Maharashtra,Direct,30,M
CUST02272,2024-09-25,Coimbatore,Tamil Nadu,Organic,26,F
CUST02273,2024-07-14,Siliguri,West Bengal,Organic,28,Other
CUST02274,2023-12-22,Coimbatore,Tamil Nadu,Direct,35,M
CUST02275,2023-03-01,Siliguri,West Bengal,Email,49,Other
CUST02276,2024-11-20,Delhi,Delhi,Referral,50,Other
CUST02277,2023-06-22,Kolkata,West Bengal,Organic,24,M
CUST02278,2024-09-30,New Delhi,Delhi,Social Media,50,M
CUST02279,2023-03-17,Chennai,Tamil Nadu,Direct,39,F
CUST02280,2023-07-04,Pune,Maharashtra,Referral,36,F
CUST02281,2024-12-28,Jaipur,Rajasthan,Referral,33,Other
CUST02282,2023-11-14,New Delhi,Delhi,Paid Search,35,M
CUST02283,2023-02-04,Agra,Uttar Pradesh,Paid Search,60,F
CUST02284,2023-05-08,Coimbatore,Tamil Nadu,Direct,24,Other
CUST02285,2023-10-24,New Delhi,Delhi,Email,58,Other
CUST02286,2024-11-11,New Delhi,Delhi,Organic,26,F
CUST02287,2024-11-30,Pune,Maharashtra,Paid Search,27,F
CUST02288,2023-05-29,Nagpur,Maharashtra,Paid Search,23,M
CUST02289,2023-05-31,Siliguri,West Bengal,Email,37,Other
CUST02290,2024-01-08,Chennai,Tamil Nadu,Social Media,45,F
CUST02291,2024-06-12,Nagpur,Maharashtra,Referral,59,M
CUST02292,2024-05-26,Lucknow,Uttar Pradesh,Social Media,41,F
CUST02293,2024-04-03,Vadodara,Gujarat,Referral,33,F
CUST02294,2024-06-01,Mumbai,Maharashtra,Organic,18,M
CUST02295,2024-05-27,Ahmedabad,Gujarat,Social Media,48,F
CUST02296,2024-01-22,Mysore,Karnataka,Paid Search,34,F
CUST02297,2024-05-06,Surat,Gujarat,Social Media,25,M
CUST02298,2024-02-25,Nagpur,Maharashtra,Email,26,F
CUST02299,2024-02-24,Vadodara,Gujarat,Social Media,65,Other
CUST02300,2024-06-26,Ahmedabad,Gujarat,Direct,35,M
CUST02301,2024-05-26,Kolkata,West Bengal,Organic,26,Other
CUST02302,2024-02-29,Bangalore,Karnataka,Email,59,M
CUST02303,2023-11-16,Madurai,Tamil Nadu,Referral,24,M
CUST02304,2024-07-07,Surat,Gujarat,Direct,48,M
CUST02305,2024-06-25,New Delhi,Delhi,Paid Search,30,F
CUST02306,2024-05-12,Agra,Uttar Pradesh,Social Media,41,F
CUST02307,2024-11-28,Mysore,Karnataka,Organic,48,F
CUST02308,2023-12-29,Mumbai,Maharashtra,Email,35,Other
CUST02309,2023-01-27,Delhi,Delhi,Organic,54,M
CUST02310,2024-03-17,Madurai,Tamil Nadu,Referral,49,Other
CUST02311,2023-07-22,Bangalore,Karnataka,Referral,50,F
CUST02312,2024-10-06,Siliguri,West Bengal,Email,35,M
CUST02313,2024-03-17,New Delhi,Delhi,Paid Search,54,M
CUST02314,2024-10-03,Nagpur,Maharashtra,Referral,50,Other
CUST02315,2023-05-28,Kanpur,Uttar Pradesh,Paid Search,36,Other
CUST02316,2024-04-18,Agra,Uttar Pradesh,Organic,28,M
CUST02317,2023-02-23,Nagpur,Maharashtra,Paid Search,36,M
CUST02318,2024-10-26,Delhi,Delhi,Paid Search,35,M
CUST02319,2024-10-11,Chennai,Tamil Nadu,Email,25,M
CUST02320,2023-10-06,Vadodara,Gujarat,Email,41,F
CUST02321,2023-05-07,Hubli,Karnataka,Email,34,Other
CUST02322,2024-11-27,Delhi,Delhi,Email,36,F
CUST02323,2024-10-22,Nagpur,Maharashtra,Organic,40,M
CUST02324,2024-06-03,Lucknow,Uttar Pradesh,Social Media,19,Other
CUST02325,2024-03-08,Hubli,Karnataka,Direct,62,F
CUST02326,2024-04-30,Agra,Uttar Pradesh,Direct,56,Other
CUST02327,2023-12-29,Coimbatore,Tamil Nadu,Paid Search,38,F
CUST02328,2024-10-26,Madurai,Tamil Nadu,Direct,43,M
CUST02329,2024-09-13,Jaipur,Rajasthan,Direct,64,F
CUST02330,2023-08-27,Ahmedabad,Gujarat,Referral,23,F
CUST02331,2024-08-22,Delhi,Delhi,Paid Search,29,M
CUST02332,2024-03-03,Udaipur,Rajasthan,Paid Search,59,F
CUST02333,2023-10-02,Pune,Maharashtra,Paid Search,29,F
CUST02334,2023-12-25,Chennai,Tamil Nadu,Paid Search,22,F
CUST02335,2024-08-25,Coimbatore,Tamil Nadu,Direct,43,M
CUST02336,2024-12-25,New Delhi,Delhi,Email,24,F
CUST02337,2023-11-25,Kolkata,West Bengal,Organic,18,Other
CUST02338,2024-11-20,Mumbai,Maharashtra,Paid Search,23,F
CUST02339,2023-02-21,New Delhi,Delhi,Organic,24,Other
CUST02340,2024-11-04,Vadodara,Gujarat,Organic,30,M
CUST02341,2024-01-20,Udaipur,Rajasthan,Referral,28,F
CUST02342,2024-03-26,Surat,Gujarat,Paid Search,33,M
CUST02343,2023-01-24,Agra,Uttar Pradesh,Email,25,M
CUST02344,2024-04-26,Mumbai,Maharashtra,Email,36,M
CUST02345,2023-09-11,Kolkata,West Bengal,Organic,32,M
CUST02346,2023-01-02,Coimbatore,Tamil Nadu,Referral,27,F
CUST02347,2023-01-26,Lucknow,Uttar Pradesh,Direct,42,Other
CUST02348,2023-06-25,Mysore,Karnataka,Paid Search,25,M
CUST02349,2023-06-28,Mysore,Karnataka,Social Media,22,Other
CUST02350,2023-02-11,Ahmedabad,Gujarat,Social Media,23,M
CUST02351,2024-03-27,New Delhi,Delhi,Referral,51,F
CUST02352,2023-06-17,Delhi,Delhi,Paid Search,60,Other
CUST02353,2023-06-08,Agra,Uttar Pradesh,Social Media,40,M
CUST02354,2024-10-20,Kanpur,Uttar Pradesh,Direct,41,F
CUST02355,2024-01-30,Bangalore,Karnataka,Paid Search,59,M
CUST02356,2023-09-04,Ahmedabad,Gujarat,Referral,46,Other
CUST02357,2023-02-21,Jaipur,Rajasthan,Organic,54,F
CUST02358,2023-06-04,Lucknow,Uttar Pradesh,Organic,38,M
CUST02359,2023-08-07,Delhi,Delhi,Social Media,38,F
CUST02360,2023-07-03,Siliguri,West Bengal,Direct,44,Other
CUST02361,2023-03-26,Ahmedabad,Gujarat,Direct,33,F
CUST02362,2024-05-28,Siliguri,West Bengal,Email,52,F
CUST02363,2023-04-27,Coimbatore,Tamil Nadu,Organic,55,Other
CUST02364,2023-10-12,Kolkata,West Bengal,Direct,23,M
CUST02365,2023-09-15,Ahmedabad,Gujarat,Paid Search,19,F
CUST02366,2024-05-31,Jaipur,Rajasthan,Organic,21,F
CUST02367,2023-05-15,Ahmedabad,Gujarat,Social Media,47,M
CUST02368,2023-08-27,Kolkata,West Bengal,Paid Search,32,M
CUST02369,2024-06-18,New Delhi,Delhi,Direct,63,M
CUST02370,2023-11-04,Kolkata,West Bengal,Direct,45,F
CUST02371,2023-03-12,Nagpur,Maharashtra,Organic,60,Other
CUST02372,2023-05-02,Mysore,Karnataka,Email,28,M
CUST02373,2024-11-19,Delhi,Delhi,Paid Search,23,M
CUST02374,2023-03-23,Bangalore,Karnataka,Email,44,M
CUST02375,2023-07-21,Delhi,Delhi,Direct,26,Other
CUST02376,2023-10-07,Kanpur,Uttar Pradesh,Referral,64,F
CUST02377,2023-11-09,Udaipur,Rajasthan,Direct,18,F
CUST02378,2023-07-16,Bangalore,Karnataka,Organic,59,M
CUST02379,2023-07-19,New Delhi,Delhi,Organic,43,F
CUST02380,2024-08-01,Udaipur,Rajasthan,Direct,34,Other
CUST02381,2024-03-07,Agra,Uttar Pradesh,Paid Search,45,M
CUST02382,2023-07-11,Lucknow,Uttar Pradesh,Email,42,M
CUST02383,2023-10-10,Coimbatore,Tamil Nadu,Email,21,M
CUST02384,2023-03-01,Kolkata,West Bengal,Direct,53,Other
CUST02385,2024-11-19,Hubli,Karnataka,Referral,48,F
CUST02386,2023-01-13,Siliguri,West Bengal,Paid Search,21,F
CUST02387,2023-05-02,Kolkata,West Bengal,Social Media,24,M
CUST02388,2024-09-20,Mysore,Karnataka,Email,39,M
CUST02389,2024-12-07,Coimbatore,Tamil Nadu,Paid Search,52,M
CUST02390,2023-02-19,Bangalore,Karnataka,Email,18,F
CUST02391,2024-09-07,Madurai,Tamil Nadu,Paid Search,58,M
CUST02392,2023-07-18,Coimbatore,Tamil Nadu,Organic,54,Other
CUST02393,2023-05-12,Nagpur,Maharashtra,Referral,20,M
CUST02394,2023-04-01,Ahmedabad,Gujarat,Social Media,18,F
CUST02395,2023-06-08,Kanpur,Uttar Pradesh,Email,30,F
CUST02396,2024-02-05,Siliguri,West Bengal,Paid Search,62,Other
CUST02397,2024-02-09,Mysore,Karnataka,Referral,65,Other
CUST02398,2023-06-14,Hubli,Karnataka,Paid Search,19,Other
CUST02399,2023-04-06,Siliguri,West Bengal,Email,20,F
CUST02400,2024-06-30,New Delhi,Delhi,Direct,47,M
CUST02401,2023-03-31,Hubli,Karnataka,Paid Search,31,Other
CUST02402,2024-01-30,New Delhi,Delhi,Email,51,Other
CUST02403,2024-10-19,Surat,Gujarat,Paid Search,39,F
CUST02404,2024-03-21,Vadodara,Gujarat,Referral,20,Other
CUST02405,2024-01-09,Kolkata,West Bengal,Paid Search,57,Other
CUST02406,2024-12-06,Bangalore,Karnataka,Email,58,F
CUST02407,2024-02-20,Bangalore,Karnataka,Paid Search,37,Other
CUST02408,2023-11-25,Mysore,Karnataka,Organic,47,F
CUST02409,2023-07-23,Delhi,Delhi,Paid Search,22,F
CUST02410,2024-12-02,Surat,Gujarat,Organic,22,M
CUST02411,2023-09-30,Jodhpur,Rajasthan,Referral,34,F
CUST02412,2024-07-08,New Delhi,Delhi,Email,49,M
CUST02413,2023-12-20,Surat,Gujarat,Referral,44,Other
CUST02414,2024-10-22,Delhi,Delhi,Social Media,50,Other
CUST02415,2024-02-01,Surat,Gujarat,Organic,61,F
CUST02416,2023-06-01,Jodhpur,Rajasthan,Direct,20,Other
CUST02417,2024-09-08,Nagpur,Maharashtra,Paid Search,62,Other
CUST02418,2023-08-15,Mumbai,Maharashtra,Organic,36,F
CUST02419,2023-08-18,Delhi,Delhi,Organic,32,F
CUST02420,2023-05-13,Udaipur,Rajasthan,Organic,40,F
CUST02421,2024-08-20,Udaipur,Rajasthan,Email,47,M
CUST02422,2023-04-26,Bangalore,Karnataka,Direct,24,F
CUST02423,2024-06-28,Kolkata,West Bengal,Referral,39,M
CUST02424,2024-02-25,Surat,Gujarat,Email,49,M
CUST02425,2024-02-13,Jaipur,Rajasthan,Social Media,47,M
CUST02426,2023-05-20,Delhi,Delhi,Paid Search,58,M
CUST02427,2024-06-29,Vadodara,Gujarat,Organic,56,F
CUST02428,2024-07-28,Pune,Maharashtra,Referral,48,M
CUST02429,2024-05-25,Mumbai,Maharashtra,Organic,61,F
CUST02430,2024-07-12,Kanpur,Uttar Pradesh,Direct,29,M
CUST02431,2023-01-20,New Delhi,Delhi,Social Media,43,M
CUST02432,2024-04-29,Agra,Uttar Pradesh,Referral,44,Other
CUST02433,2024-07-07,Madurai,Tamil Nadu,Social Media,29,M
CUST02434,2023-05-20,Mysore,Karnataka,Social Media,37,M
CUST02435,2023-11-22,Coimbatore,Tamil Nadu,Referral,48,F
CUST02436,2023-12-02,Delhi,Delhi,Social Media,62,Other
CUST02437,2024-01-06,Kolkata,West Bengal,Email,56,M
CUST02438,2024-08-17,Hubli,Karnataka,Direct,55,Other
CUST02439,2023-05-15,Delhi,Delhi,Direct,64,Other
CUST02440,2023-10-24,Ahmedabad,Gujarat,Paid Search,47,M
CUST02441,2024-11-11,Jodhpur,Rajasthan,Organic,61,F
CUST02442,2024-03-03,Agra,Uttar Pradesh,Direct,18,F
CUST02443,2023-04-09,Delhi,Delhi,Direct,55,M
CUST02444,2024-04-11,Mumbai,Maharashtra,Direct,30,F
CUST02445,2024-10-06,Delhi,Delhi,Paid Search,40,M
CUST02446,2024-12-24,Madurai,Tamil Nadu,Email,18,F
CUST02447,2023-07-11,Ahmedabad,Gujarat,Social Media,37,Other
CUST02448,2023-09-09,Hubli,Karnataka,Referral,59,F
CUST02449,2023-02-19,Siliguri,West Bengal,Social Media,40,Other
CUST02450,2023-01-21,Siliguri,West Bengal,Organic,29,F
CUST02451,2023-10-03,Siliguri,West Bengal,Paid Search,53,Other
CUST02452,2024-06-19,Delhi,Delhi,Referral,36,Other
CUST02453,2024-04-06,Siliguri,West Bengal,Direct,57,M
CUST02454,2023-10-12,Bangalore,Karnataka,Organic,59,M
CUST02455,2023-09-03,Kolkata,West Bengal,Referral,65,Other
CUST02456,2024-09-09,Hubli,Karnataka,Referral,50,Other
CUST02457,2023-10-18,Nagpur,Maharashtra,Social Media,44,M
CUST02458,2023-06-14,Coimbatore,Tamil Nadu,Email,42,M
CUST02459,2024-12-08,Coimbatore,Tamil Nadu,Organic,40,F
CUST02460,2024-02-09,Siliguri,West Bengal,Organic,41,M
CUST02461,2024-08-31,Kanpur,Uttar Pradesh,Direct,34,F
CUST02462,2024-03-14,Kolkata,West Bengal,Organic,44,M
CUST02463,2024-10-07,Mumbai,Maharashtra,Paid Search,41,Other
CUST02464,2023-09-11,Surat,Gujarat,Paid Search,54,F
CUST02465,2023-12-28,Madurai,Tamil Nadu,Referral,30,Other
CUST02466,2023-09-04,Kolkata,West Bengal,Email,45,M
CUST02467,2023-04-09,Kolkata,West Bengal,Referral,38,Other
CUST02468,2024-12-18,Delhi,Delhi,Paid Search,24,Other
CUST02469,2024-06-02,New Delhi,Delhi,Direct,54,F
CUST02470,2023-02-17,Agra,Uttar Pradesh,Paid Search,38,M
CUST02471,2024-08-26,Bangalore,Karnataka,Organic,45,M
CUST02472,2023-01-25,New Delhi,Delhi,Email,63,Other
CUST02473,2024-01-26,Hubli,Karnataka,Referral,19,Other
CUST02474,2024-09-14,Delhi,Delhi,Direct,58,F
CUST02475,2023-12-23,New Delhi,Delhi,Direct,32,F
CUST02476,2024-07-02,Madurai,Tamil Nadu,Paid Search,64,F
CUST02477,2024-05-29,Agra,Uttar Pradesh,Organic,35,M
CUST02478,2024-10-21,New Delhi,Delhi,Direct,55,M
CUST02479,2023-10-30,Mysore,Karnataka,Email,25,M
CUST02480,2023-08-01,Delhi,Delhi,Social Media,29,M
CUST02481,2023-02-19,Mysore,Karnataka,Social Media,31,F
CUST02482,2024-01-26,Mysore,Karnataka,Organic,44,M
CUST02483,2023-01-07,Udaipur,Rajasthan,Organic,31,Other
CUST02484,2023-05-06,Siliguri,West Bengal,Social Media,58,F
CUST02485,2023-07-11,New Delhi,Delhi,Social Media,18,M
CUST02486,2024-09-28,Mumbai,Maharashtra,Social Media,40,F
CUST02487,2024-08-30,Mumbai,Maharashtra,Email,65,F
CUST02488,2023-10-10,Bangalore,Karnataka,Email,19,Other
CUST02489,2023-01-09,Nagpur,Maharashtra,Email,27,M
CUST02490,2023-11-10,Ahmedabad,Gujarat,Paid Search,19,F
CUST02491,2024-06-15,New Delhi,Delhi,Organic,64,Other
CUST02492,2023-09-08,Delhi,Delhi,Social Media,48,M
CUST02493,2024-03-18,Mysore,Karnataka,Direct,53,Other
CUST02494,2023-01-14,Kanpur,Uttar Pradesh,Direct,49,F
CUST02495,2023-12-30,Kolkata,West Bengal,Social Media,29,M
CUST02496,2023-11-07,Kanpur,Uttar Pradesh,Organic,55,Other
CUST02497,2023-09-08,Lucknow,Uttar Pradesh,Paid Search,64,F
CUST02498,2023-11-30,Siliguri,West Bengal,Referral,56,Other
CUST02499,2024-07-15,Kanpur,Uttar Pradesh,Email,24,Other
CUST02500,2024-07-13,Siliguri,West Bengal,Paid Search,54,F
CUST02501,2023-11-30,Vadodara,Gujarat,Organic,46,M
CUST02502,2024-04-05,Nagpur,Maharashtra,Social Media,55,F
CUST02503,2023-08-02,Agra,Uttar Pradesh,Direct,51,F
CUST02504,2023-05-14,Kolkata,West Bengal,Organic,29,F
CUST02505,2023-09-19,Kolkata,West Bengal,Social Media,33,M
CUST02506,2024-12-29,Madurai,Tamil Nadu,Social Media,41,M
CUST02507,2024-10-09,Ahmedabad,Gujarat,Organic,38,Other
CUST02508,2023-04-11,Nagpur,Maharashtra,Social Media,31,F
CUST02509,2024-03-24,Ahmedabad,Gujarat,Email,22,F
CUST02510,2024-12-06,Agra,Uttar Pradesh,Paid Search,51,M
CUST02511,2023-02-15,Hubli,Karnataka,Social Media,63,Other
CUST02512,2023-07-05,Hubli,Karnataka,Direct,44,Other
CUST02513,2023-07-02,Siliguri,West Bengal,Social Media,30,M
CUST02514,2023-09-17,Pune,Maharashtra,Referral,20,F
CUST02515,2023-04-24,Kolkata,West Bengal,Organic,46,M
CUST02516,2024-12-03,Vadodara,Gujarat,Referral,33,Other
CUST02517,2024-04-18,Pune,Maharashtra,Organic,59,Other
CUST02518,2024-07-19,Pune,Maharashtra,Social Media,26,F
CUST02519,2023-02-18,Nagpur,Maharashtra,Email,20,F
CUST02520,2024-11-22,Mumbai,Maharashtra,Referral,24,F
CUST02521,2023-03-06,Kanpur,Uttar Pradesh,Social Media,40,F
CUST02522,2023-04-21,Hubli,Karnataka,Social Media,49,Other
CUST02523,2024-11-11,Pune,Maharashtra,Social Media,62,F
CUST02524,2024-09-08,Udaipur,Rajasthan,Organic,41,Other
CUST02525,2024-01-24,Bangalore,Karnataka,Paid Search,21,M
CUST02526,2023-09-27,New Delhi,Delhi,Social Media,62,Other
CUST02527,2023-06-10,Kolkata,West Bengal,Paid Search,23,M
CUST02528,2023-05-07,Vadodara,Gujarat,Organic,62,M
CUST02529,2023-02-10,Lucknow,Uttar Pradesh,Organic,21,F
CUST02530,2023-03-15,Mysore,Karnataka,Social Media,62,Other
CUST02531,2024-02-10,Siliguri,West Bengal,Direct,28,M
CUST02532,2024-05-18,Jaipur,Rajasthan,Paid Search,38,M
CUST02533,2023-09-27,Siliguri,West Bengal,Direct,25,Other
CUST02534,2023-12-07,Madurai,Tamil Nadu,Referral,60,F
CUST02535,2024-11-20,Kanpur,Uttar Pradesh,Direct,48,M
CUST02536,2023-06-13,Mysore,Karnataka,Social Media,63,M
CUST02537,2024-10-05,Vadodara,Gujarat,Paid Search,60,Other
CUST02538,2023-12-07,Madurai,Tamil Nadu,Organic,22,F
CUST02539,2023-08-20,Mumbai,Maharashtra,Organic,60,M
CUST02540,2023-01-17,Jodhpur,Rajasthan,Paid Search,49,M
CUST02541,2023-12-19,Ahmedabad,Gujarat,Email,51,Other
CUST02542,2023-01-18,Surat,Gujarat,Direct,47,Other
CUST02543,2023-05-27,New Delhi,Delhi,Paid Search,32,F
CUST02544,2024-09-26,Siliguri,West Bengal,Email,50,M
CUST02545,2023-09-17,Kolkata,West Bengal,Organic,35,F
CUST02546,2024-01-08,Delhi,Delhi,Email,59,M
CUST02547,2023-05-31,Delhi,Delhi,Organic,65,M
CUST02548,2024-02-02,Chennai,Tamil Nadu,Referral,29,F
CUST02549,2024-02-09,Pune,Maharashtra,Direct,51,F
CUST02550,2023-10-05,Surat,Gujarat,Organic,53,M
CUST02551,2023-12-22,Surat,Gujarat,Paid Search,27,F
CUST02552,2024-07-24,Siliguri,West Bengal,Organic,46,F
CUST02553,2023-01-01,Ahmedabad,Gujarat,Organic,59,F
CUST02554,2023-11-16,Kolkata,West Bengal,Social Media,30,F
CUST02555,2024-02-14,Delhi,Delhi,Email,56,F
CUST02556,2023-01-09,Kolkata,West Bengal,Direct,21,Other
CUST02557,2023-01-04,Chennai,Tamil Nadu,Paid Search,25,M
CUST02558,2024-08-05,Nagpur,Maharashtra,Social Media,33,M
CUST02559,2023-02-08,Mysore,Karnataka,Paid Search,57,Other
CUST02560,2023-11-30,Siliguri,West Bengal,Referral,24,M
CUST02561,2024-11-13,Kanpur,Uttar Pradesh,Paid Search,28,M
CUST02562,2024-09-15,Vadodara,Gujarat,Social Media,63,Other
CUST02563,2023-11-14,Agra,Uttar Pradesh,Organic,24,M
CUST02564,2024-05-26,Udaipur,Rajasthan,Social Media,62,M
CUST02565,2023-08-03,Delhi,Delhi,Direct,22,M
CUST02566,2024-11-07,Delhi,Delhi,Referral,27,M
CUST02567,2024-06-17,Jodhpur,Rajasthan,Social Media,19,M
CUST02568,2023-07-08,Lucknow,Uttar Pradesh,Paid Search,61,M
CUST02569,2023-01-11,Surat,Gujarat,Email,18,F
CUST02570,2023-12-15,Coimbatore,Tamil Nadu,Organic,20,M
CUST02571,2024-09-18,Lucknow,Uttar Pradesh,Email,50,M
CUST02572,2023-04-30,New Delhi,Delhi,Organic,37,Other
CUST02573,2024-10-14,Surat,Gujarat,Referral,65,F
CUST02574,2023-12-18,Agra,Uttar Pradesh,Referral,34,F
CUST02575,2024-09-20,Jaipur,Rajasthan,Social Media,37,Other
CUST02576,2024-01-16,Vadodara,Gujarat,Direct,56,F
CUST02577,2023-09-25,Mysore,Karnataka,Direct,51,Other
CUST02578,2023-07-05,Mumbai,Maharashtra,Referral,32,Other
CUST02579,2024-04-07,Delhi,Delhi,Referral,19,M
CUST02580,2024-11-10,Siliguri,West Bengal,Paid Search,65,M
CUST02581,2024-11-26,Coimbatore,Tamil Nadu,Direct,24,F
CUST02582,2024-09-10,Udaipur,Rajasthan,Paid Search,34,Other
CUST02583,2023-05-14,Surat,Gujarat,Referral,55,F
CUST02584,2023-03-21,Kanpur,Uttar Pradesh,Paid Search,20,Other
CUST02585,2023-03-26,Vadodara,Gujarat,Organic,45,F
CUST02586,2023-04-12,Surat,Gujarat,Organic,18,F
CUST02587,2024-08-13,Delhi,Delhi,Direct,27,Other
CUST02588,2023-12-04,Agra,Uttar Pradesh,Email,60,M
CUST02589,2024-10-11,Kanpur,Uttar Pradesh,Social Media,22,F
CUST02590,2023-01-05,Pune,Maharashtra,Organic,31,F
CUST02591,2024-02-23,Bangalore,Karnataka,Referral,37,M
CUST02592,2023-07-18,Siliguri,West Bengal,Direct,18,M
CUST02593,2024-10-10,Lucknow,Uttar Pradesh,Social Media,36,Other
CUST02594,2024-09-07,New Delhi,Delhi,Direct,35,M
CUST02595,2024-11-28,Coimbatore,Tamil Nadu,Email,23,F
CUST02596,2024-04-27,Chennai,Tamil Nadu,Referral,40,M
CUST02597,2024-05-29,Siliguri,West Bengal,Referral,24,F
CUST02598,2023-07-02,Agra,Uttar Pradesh,Social Media,29,Other
CUST02599,2024-03-19,Siliguri,West Bengal,Email,26,Other
CUST02600,2023-12-12,Coimbatore,Tamil Nadu,Paid Search,44,Other
CUST02601,2023-03-27,Coimbatore,Tamil Nadu,Social Media,23,F
CUST02602,2024-08-17,Udaipur,Rajasthan,Paid Search,42,F
CUST02603,2024-11-29,Bangalore,Karnataka,Email,46,Other
CUST02604,2023-12-11,Vadodara,Gujarat,Direct,63,F
CUST02605,2024-03-09,Jodhpur,Rajasthan,Referral,47,F
CUST02606,2024-11-08,Siliguri,West Bengal,Organic,53,M
CUST02607,2024-08-18,Kolkata,West Bengal,Paid Search,57,F
CUST02608,2023-06-08,Madurai,Tamil Nadu,Email,41,M
CUST02609,2024-03-07,Lucknow,Uttar Pradesh,Referral,26,F
CUST02610,2023-08-09,Pune,Maharashtra,Email,47,M
CUST02611,2024-06-06,Bangalore,Karnataka,Social Media,59,M
CUST02612,2024-11-23,Vadodara,Gujarat,Organic,36,Other
CUST02613,2023-02-01,Udaipur,Rajasthan,Social Media,21,M
CUST02614,2023-11-28,Nagpur,Maharashtra,Paid Search,51,M
CUST02615,2023-03-29,Jaipur,Rajasthan,Paid Search,61,Other
CUST02616,2023-02-01,Delhi,Delhi,Direct,37,Other
CUST02617,2023-07-26,Pune,Maharashtra,Email,62,M
CUST02618,2024-06-05,Bangalore,Karnataka,Organic,27,Other
CUST02619,2023-11-24,Hubli,Karnataka,Organic,33,M
CUST02620,2023-12-26,Mysore,Karnataka,Organic,50,F
CUST02621,2023-12-03,Kolkata,West Bengal,Organic,37,F
CUST02622,2024-12-27,Jaipur,Rajasthan,Paid Search,52,F
CUST02623,2023-02-28,Udaipur,Rajasthan,Email,25,F
CUST02624,2024-07-05,New Delhi,Delhi,Paid Search,27,Other
CUST02625,2023-10-16,Chennai,Tamil Nadu,Email,65,Other
CUST02626,2024-07-29,Coimbatore,Tamil Nadu,Referral,36,F
CUST02627,2023-06-03,Hubli,Karnataka,Referral,41,Other
CUST02628,2024-11-18,Kanpur,Uttar Pradesh,Referral,62,M
CUST02629,2024-12-23,Jodhpur,Rajasthan,Referral,27,M
CUST02630,2024-11-22,Kanpur,Uttar Pradesh,Organic,54,F
CUST02631,2024-03-24,Nagpur,Maharashtra,Social Media,20,Other
CUST02632,2023-07-26,Jaipur,Rajasthan,Social Media,26,F
CUST02633,2023-11-08,Jodhpur,Rajasthan,Organic,28,F
CUST02634,2024-12-15,Coimbatore,Tamil Nadu,Direct,51,F
CUST02635,2023-01-11,Bangalore,Karnataka,Direct,27,F
CUST02636,2024-01-12,Surat,Gujarat,Direct,26,F
CUST02637,2023-10-21,Kanpur,Uttar Pradesh,Organic,59,F
CUST02638,2023-05-27,Siliguri,West Bengal,Email,60,M
CUST02639,2024-10-05,Lucknow,Uttar Pradesh,Direct,38,Other
CUST02640,2024-07-24,Vadodara,Gujarat,Email,43,M
CUST02641,2024-09-01,Mumbai,Maharashtra,Direct,28,M
CUST02642,2024-07-16,Hubli,Karnataka,Organic,49,Other
CUST02643,2024-04-16,Jodhpur,Rajasthan,Paid Search,64,M
CUST02644,2023-04-25,Bangalore,Karnataka,Direct,42,F
CUST02645,2023-08-14,Bangalore,Karnataka,Email,34,M
CUST02646,2024-04-08,Nagpur,Maharashtra,Organic,46,F
CUST02647,2023-10-11,Mumbai,Maharashtra,Social Media,24,Other
CUST02648,2023-06-09,Jodhpur,Rajasthan,Paid Search,58,Other
CUST02649,2024-10-23,Chennai,Tamil Nadu,Social Media,49,F
CUST02650,2024-08-21,Lucknow,Uttar Pradesh,Paid Search,65,M
CUST02651,2024-05-02,Kolkata,West Bengal,Organic,55,M
CUST02652,2023-05-12,Bangalore,Karnataka,Organic,26,M
CUST02653,2024-11-04,Surat,Gujarat,Email,52,M
CUST02654,2024-03-22,Ahmedabad,Gujarat,Direct,64,Other
CUST02655,2024-02-02,Jaipur,Rajasthan,Paid Search,54,F
CUST02656,2024-05-12,Surat,Gujarat,Email,53,M
CUST02657,2024-01-04,Mysore,Karnataka,Referral,58,F
CUST02658,2023-09-17,Hubli,Karnataka,Organic,26,Other
CUST02659,2023-10-20,Lucknow,Uttar Pradesh,Organic,49,M
CUST02660,2024-07-14,Nagpur,Maharashtra,Email,39,M
CUST02661,2024-03-31,Coimbatore,Tamil Nadu,Social Media,42,Other
CUST02662,2024-08-09,Ahmedabad,Gujarat,Paid Search,36,M
CUST02663,2024-04-14,Madurai,Tamil Nadu,Email,50,F
CUST02664,2023-05-04,Kolkata,West Bengal,Email,62,M
CUST02665,2023-08-27,Jodhpur,Rajasthan,Direct,19,M
CUST02666,2024-09-01,Surat,Gujarat,Social Media,30,F
CUST02667,2024-05-01,Mumbai,Maharashtra,Paid Search,53,Other
CUST02668,2024-09-02,Vadodara,Gujarat,Organic,33,F
CUST02669,2024-11-05,Hubli,Karnataka,Email,62,M
CUST02670,2023-07-19,Ahmedabad,Gujarat,Referral,56,Other
CUST02671,2023-04-08,Hubli,Karnataka,Referral,26,F
CUST02672,2023-10-18,Mumbai,Maharashtra,Organic,49,Other
CUST02673,2023-02-15,Madurai,Tamil Nadu,Social Media,45,F
CUST02674,2023-08-23,Lucknow,Uttar Pradesh,Organic,21,M
CUST02675,2024-08-26,Madurai,Tamil Nadu,Email,42,Other
CUST02676,2023-10-05,Nagpur,Maharashtra,Referral,21,F
CUST02677,2023-06-12,Kolkata,West Bengal,Referral,62,F
CUST02678,2024-07-17,New Delhi,Delhi,Referral,25,Other
CUST02679,2023-10-26,Surat,Gujarat,Paid Search,39,F
CUST02680,2023-06-03,Mumbai,Maharashtra,Paid Search,23,Other
CUST02681,2023-11-20,Mumbai,Maharashtra,Referral,65,Other
CUST02682,2023-12-13,Mumbai,Maharashtra,Direct,33,M
CUST02683,2023-02-13,Bangalore,Karnataka,Paid Search,46,M
CUST02684,2023-01-24,Lucknow,Uttar Pradesh,Social Media,40,Other
CUST02685,2024-08-01,Coimbatore,Tamil Nadu,Paid Search,56,F
CUST02686,2023-03-19,Udaipur,Rajasthan,Organic,60,M
CUST02687,2024-08-23,Mysore,Karnataka,Email,31,F
CUST02688,2023-04-30,Ahmedabad,Gujarat,Referral,63,F
CUST02689,2023-04-12,Vadodara,Gujarat,Social Media,59,M
CUST02690,2024-10-17,Kanpur,Uttar Pradesh,Direct,52,Other
CUST02691,2023-05-24,Bangalore,Karnataka,Social Media,44,Other
CUST02692,2023-01-05,Jodhpur,Rajasthan,Organic,31,M
CUST02693,2023-02-21,Coimbatore,Tamil Nadu,Direct,53,M
CUST02694,2024-06-14,Mysore,Karnataka,Direct,27,M
CUST02695,2023-06-08,Madurai,Tamil Nadu,Referral,59,F
CUST02696,2024-12-22,Bangalore,Karnataka,Referral,20,F
CUST02697,2024-09-23,Agra,Uttar Pradesh,Referral,37,M
CUST02698,2024-05-03,Pune,Maharashtra,Email,42,F
CUST02699,2023-09-15,Pune,Maharashtra,Referral,46,M
CUST02700,2023-05-05,Chennai,Tamil Nadu,Referral,29,Other
CUST02701,2023-08-22,Kolkata,West Bengal,Direct,37,M
CUST02702,2023-07-01,Ahmedabad,Gujarat,Email,39,F
CUST02703,2023-11-11,Chennai,Tamil Nadu,Social Media,64,Other
CUST02704,2024-11-16,Siliguri,West Bengal,Direct,65,M
CUST02705,2023-06-25,Hubli,Karnataka,Referral,64,Other
CUST02706,2024-11-05,Agra,Uttar Pradesh,Referral,45,Other
CUST02707,2023-01-20,Lucknow,Uttar Pradesh,Referral,47,Other
CUST02708,2024-08-28,Chennai,Tamil Nadu,Organic,35,Other
CUST02709,2024-08-11,Lucknow,Uttar Pradesh,Paid Search,52,F
CUST02710,2024-04-27,Vadodara,Gujarat,Referral,20,Other
CUST02711,2023-05-21,Kanpur,Uttar Pradesh,Social Media,60,F
CUST02712,2023-11-22,Mumbai,Maharashtra,Social Media,54,Other
CUST02713,2024-07-01,Surat,Gujarat,Paid Search,46,F
CUST02714,2024-04-19,Pune,Maharashtra,Organic,47,M
CUST02715,2023-06-16,Surat,Gujarat,Direct,53,M
CUST02716,2024-11-26,Kolkata,West Bengal,Email,23,F
CUST02717,2023-09-26,Ahmedabad,Gujarat,Referral,29,F
CUST02718,2024-09-19,Kanpur,Uttar Pradesh,Referral,26,M
CUST02719,2024-07-13,New Delhi,Delhi,Email,59,M
CUST02720,2023-12-27,Chennai,Tamil Nadu,Direct,20,M
CUST02721,2024-02-17,Udaipur,Rajasthan,Social Media,20,Other
CUST02722,2024-04-16,Chennai,Tamil Nadu,Direct,34,F
CUST02723,2023-01-30,Nagpur,Maharashtra,Social Media,52,Other
CUST02724,2024-06-13,Nagpur,Maharashtra,Paid Search,40,M
CUST02725,2024-06-27,Hubli,Karnataka,Referral,25,Other
CUST02726,2023-08-23,Bangalore,Karnataka,Paid Search,38,Other
CUST02727,2024-03-04,Vadodara,Gujarat,Referral,22,Other
CUST02728,2023-09-13,Siliguri,West Bengal,Paid Search,19,F
CUST02729,2024-06-20,Surat,Gujarat,Referral,59,F
CUST02730,2024-09-18,Jodhpur,Rajasthan,Email,19,M
CUST02731,2024-10-03,Ahmedabad,Gujarat,Social Media,27,Other
CUST02732,2024-10-11,Mumbai,Maharashtra,Email,31,F
CUST02733,2024-02-20,Ahmedabad,Gujarat,Referral,55,M
CUST02734,2023-01-30,Delhi,Delhi,Direct,23,M
CUST02735,2024-08-17,Madurai,Tamil Nadu,Email,54,Other
CUST02736,2024-04-06,Kolkata,West Bengal,Email,21,Other
CUST02737,2023-04-15,Udaipur,Rajasthan,Email,51,F
CUST02738,2023-01-20,Surat,Gujarat,Paid Search,54,F
CUST02739,2024-08-10,Coimbatore,Tamil Nadu,Paid Search,41,M
CUST02740,2023-08-17,Jodhpur,Rajasthan,Direct,25,Other
CUST02741,2023-07-21,Coimbatore,Tamil Nadu,Direct,44,F
CUST02742,2024-10-06,Mysore,Karnataka,Email,50,M
CUST02743,2023-08-20,Vadodara,Gujarat,Referral,56,M
CUST02744,2024-08-12,Jodhpur,Rajasthan,Paid Search,54,M
CUST02745,2024-09-11,Coimbatore,Tamil Nadu,Direct,55,Other
CUST02746,2024-12-15,Delhi,Delhi,Social Media,39,F
CUST02747,2023-04-13,Bangalore,Karnataka,Referral,44,Other
CUST02748,2024-07-30,Delhi,Delhi,Direct,30,M
CUST02749,2023-09-14,Jaipur,Rajasthan,Paid Search,25,F
CUST02750,2024-12-30,Agra,Uttar Pradesh,Direct,48,Other
CUST02751,2023-06-19,Bangalore,Karnataka,Organic,45,M
CUST02752,2024-11-28,New Delhi,Delhi,Paid Search,50,Other
CUST02753,2023-11-25,Siliguri,West Bengal,Social Media,26,F
CUST02754,2023-11-14,Madurai,Tamil Nadu,Social Media,25,F
CUST02755,2023-05-17,Vadodara,Gujarat,Email,57,M
CUST02756,2023-09-26,Mumbai,Maharashtra,Direct,40,F
CUST02757,2023-04-12,Siliguri,West Bengal,Direct,45,F
CUST02758,2024-10-27,Udaipur,Rajasthan,Paid Search,64,M
CUST02759,2023-12-28,Bangalore,Karnataka,Organic,55,Other
CUST02760,2024-07-14,Vadodara,Gujarat,Direct,47,F
CUST02761,2023-07-30,Surat,Gujarat,Paid Search,50,Other
CUST02762,2024-07-06,Lucknow,Uttar Pradesh,Paid Search,37,F
CUST02763,2023-04-27,Ahmedabad,Gujarat,Email,51,Other
CUST02764,2024-03-11,Siliguri,West Bengal,Social Media,42,F
CUST02765,2023-12-04,New Delhi,Delhi,Organic,65,Other
CUST02766,2023-09-28,Coimbatore,Tamil Nadu,Email,35,Other
CUST02767,2023-07-22,Ahmedabad,Gujarat,Social Media,36,M
CUST02768,2023-02-27,Mysore,Karnataka,Social Media,49,F
CUST02769,2023-05-18,Chennai,Tamil Nadu,Social Media,34,Other
CUST02770,2024-05-15,Bangalore,Karnataka,Direct,35,M
CUST02771,2023-06-06,Bangalore,Karnataka,Email,50,M
CUST02772,2024-10-23,Nagpur,Maharashtra,Organic,52,Other
CUST02773,2024-02-17,Chennai,Tamil Nadu,Referral,19,F
CUST02774,2023-08-09,Coimbatore,Tamil Nadu,Email,45,Other
CUST02775,2024-06-23,Udaipur,Rajasthan,Paid Search,47,F
CUST02776,2024-02-18,Hubli,Karnataka,Direct,25,F
CUST02777,2024-01-27,Siliguri,West Bengal,Social Media,23,M
CUST02778,2023-01-02,Agra,Uttar Pradesh,Direct,25,F
CUST02779,2023-10-09,Hubli,Karnataka,Paid Search,64,M
CUST02780,2023-07-25,Ahmedabad,Gujarat,Email,39,F
CUST02781,2023-12-31,Udaipur,Rajasthan,Direct,50,Other
CUST02782,2023-02-25,Hubli,Karnataka,Direct,38,M
CUST02783,2023-01-28,Kolkata,West Bengal,Direct,51,F
CUST02784,2023-07-19,Madurai,Tamil Nadu,Direct,58,M
CUST02785,2024-03-31,Mumbai,Maharashtra,Paid Search,55,F
CUST02786,2023-03-16,Madurai,Tamil Nadu,Paid Search,34,F
CUST02787,2023-04-17,Delhi,Delhi,Paid Search,64,F
CUST02788,2024-06-15,Lucknow,Uttar Pradesh,Paid Search,58,M
CUST02789,2024-12-22,Chennai,Tamil Nadu,Referral,22,F
CUST02790,2024-05-16,Madurai,Tamil Nadu,Paid Search,20,F
CUST02791,2023-09-03,Agra,Uttar Pradesh,Referral,58,Other
CUST02792,2023-11-06,Madurai,Tamil Nadu,Social Media,48,Other
CUST02793,2023-08-30,Delhi,Delhi,Paid Search,36,Other
CUST02794,2023-06-20,Jodhpur,Rajasthan,Direct,43,Other
CUST02795,2024-12-15,Vadodara,Gujarat,Referral,36,M
CUST02796,2024-09-12,Chennai,Tamil Nadu,Social Media,44,F
CUST02797,2024-02-08,Ahmedabad,Gujarat,Direct,45,M
CUST02798,2023-03-18,Delhi,Delhi,Social Media,60,M
CUST02799,2024-06-03,Vadodara,Gujarat,Referral,63,M
CUST02800,2024-11-09,Jodhpur,Rajasthan,Email,44,Other
CUST02801,2023-04-25,Chennai,Tamil Nadu,Social Media,35,Other
CUST02802,2024-09-21,Coimbatore,Tamil Nadu,Organic,53,F
CUST02803,2024-08-09,Agra,Uttar Pradesh,Social Media,44,F
CUST02804,2024-07-29,Jodhpur,Rajasthan,Referral,34,M
CUST02805,2023-11-29,Kanpur,Uttar Pradesh,Direct,32,F
CUST02806,2023-07-20,Pune,Maharashtra,Referral,44,M
CUST02807,2024-07-18,New Delhi,Delhi,Direct,25,Other
CUST02808,2024-10-12,Ahmedabad,Gujarat,Email,52,M
CUST02809,2023-04-17,Pune,Maharashtra,Organic,63,F
CUST02810,2023-10-23,Vadodara,Gujarat,Organic,59,M
CUST02811,2023-10-24,Coimbatore,Tamil Nadu,Email,30,M
CUST02812,2023-07-09,Kolkata,West Bengal,Social Media,28,F
CUST02813,2023-02-04,Surat,Gujarat,Paid Search,53,Other
CUST02814,2024-06-07,Chennai,Tamil Nadu,Organic,19,Other
CUST02815,2023-06-04,Hubli,Karnataka,Referral,49,M
CUST02816,2023-10-13,Delhi,Delhi,Social Media,19,M
CUST02817,2024-12-13,Chennai,Tamil Nadu,Social Media,65,M
CUST02818,2023-08-16,Siliguri,West Bengal,Paid Search,65,F
CUST02819,2023-07-13,Bangalore,Karnataka,Organic,50,Other
CUST02820,2024-01-12,Kolkata,West Bengal,Organic,65,Other
CUST02821,2023-04-20,New Delhi,Delhi,Direct,55,F
CUST02822,2024-07-11,Madurai,Tamil Nadu,Social Media,38,F
CUST02823,2023-12-08,Pune,Maharashtra,Social Media,47,M
CUST02824,2024-12-02,Mysore,Karnataka,Direct,54,F
CUST02825,2024-06-19,Siliguri,West Bengal,Referral,23,M
CUST02826,2023-06-17,Siliguri,West Bengal,Referral,36,Other
CUST02827,2024-03-12,Coimbatore,Tamil Nadu,Organic,49,Other
CUST02828,2024-10-05,Siliguri,West Bengal,Email,63,M
CUST02829,2023-06-11,Jaipur,Rajasthan,Email,19,F
CUST02830,2023-01-16,Coimbatore,Tamil Nadu,Social Media,48,Other
CUST02831,2023-02-28,Hubli,Karnataka,Social Media,39,M
CUST02832,2023-10-29,Bangalore,Karnataka,Email,28,M
CUST02833,2024-04-29,Udaipur,Rajasthan,Paid Search,23,M
CUST02834,2024-01-27,Siliguri,West Bengal,Email,64,Other
CUST02835,2024-04-03,Chennai,Tamil Nadu,Referral,34,F
CUST02836,2024-02-06,Agra,Uttar Pradesh,Social Media,27,M
CUST02837,2024-02-24,Vadodara,Gujarat,Email,56,F
CUST02838,2023-04-30,Pune,Maharashtra,Direct,31,Other
CUST02839,2023-09-29,Udaipur,Rajasthan,Referral,38,Other
CUST02840,2023-03-16,Coimbatore,Tamil Nadu,Referral,63,F
CUST02841,2023-01-08,Bangalore,Karnataka,Referral,62,M
CUST02842,2024-10-27,Kolkata,West Bengal,Organic,28,Other
CUST02843,2023-01-06,Bangalore,Karnataka,Paid Search,46,M
CUST02844,2023-05-12,Pune,Maharashtra,Referral,28,Other
CUST02845,2024-04-29,Jaipur,Rajasthan,Direct,53,F
CUST02846,2024-12-22,Kolkata,West Bengal,Social Media,25,F
CUST02847,2024-03-10,Agra,Uttar Pradesh,Direct,35,Other
CUST02848,2023-11-02,Vadodara,Gujarat,Social Media,54,Other
CUST02849,2024-11-19,New Delhi,Delhi,Social Media,51,Other
CUST02850,2024-08-01,Madurai,Tamil Nadu,Direct,41,Other
CUST02851,2023-04-09,Kanpur,Uttar Pradesh,Referral,31,F
CUST02852,2023-06-01,New Delhi,Delhi,Email,63,F
CUST02853,2024-06-07,Pune,Maharashtra,Referral,29,M
CUST02854,2023-10-09,Jaipur,Rajasthan,Organic,37,Other
CUST02855,2024-10-06,Chennai,Tamil Nadu,Direct,24,Other
CUST02856,2024-05-18,Jodhpur,Rajasthan,Organic,21,Other
CUST02857,2023-03-03,Udaipur,Rajasthan,Paid Search,22,F
CUST02858,2023-08-26,Coimbatore,Tamil Nadu,Direct,18,M
CUST02859,2024-03-29,Kanpur,Uttar Pradesh,Referral,55,Other
CUST02860,2023-03-29,Kanpur,Uttar Pradesh,Email,43,F
CUST02861,2023-07-02,Chennai,Tamil Nadu,Email,27,M
CUST02862,2023-05-09,Coimbatore,Tamil Nadu,Paid Search,34,Other
CUST02863,2024-05-25,Bangalore,Karnataka,Email,55,Other
CUST02864,2024-01-13,Siliguri,West Bengal,Email,55,Other
CUST02865,2024-11-07,Agra,Uttar Pradesh,Email,60,F
CUST02866,2023-11-10,Chennai,Tamil Nadu,Organic,32,M
CUST02867,2023-01-17,Hubli,Karnataka,Paid Search,27,M
CUST02868,2024-03-02,Jaipur,Rajasthan,Social Media,22,M
CUST02869,2023-02-14,Delhi,Delhi,Referral,60,F
CUST02870,2024-08-17,Surat,Gujarat,Email,25,M
CUST02871,2024-11-19,Siliguri,West Bengal,Referral,63,F
CUST02872,2023-06-24,Surat,Gujarat,Email,38,Other
CUST02873,2024-07-14,Hubli,Karnataka,Paid Search,28,Other
CUST02874,2023-08-04,Agra,Uttar Pradesh,Paid Search,45,Other
CUST02875,2023-06-21,Jodhpur,Rajasthan,Direct,34,Other
CUST02876,2023-07-30,Hubli,Karnataka,Referral,59,F
CUST02877,2023-07-25,New Delhi,Delhi,Social Media,47,Other
CUST02878,2024-02-16,Vadodara,Gujarat,Referral,31,Other
CUST02879,2023-01-08,Coimbatore,Tamil Nadu,Social Media,29,Other
CUST02880,2023-08-15,Mumbai,Maharashtra,Referral,41,Other
CUST02881,2024-03-27,Chennai,Tamil Nadu,Email,37,F
CUST02882,2023-12-21,Mysore,Karnataka,Social Media,50,M
CUST02883,2024-05-31,Lucknow,Uttar Pradesh,Direct,35,Other
CUST02884,2023-07-07,Jodhpur,Rajasthan,Organic,62,Other
CUST02885,2023-04-09,Kanpur,Uttar Pradesh,Direct,21,Other
CUST02886,2024-03-09,Nagpur,Maharashtra,Referral,56,Other
CUST02887,2024-11-26,Jodhpur,Rajasthan,Paid Search,48,Other
CUST02888,2024-10-12,Bangalore,Karnataka,Social Media,19,Other
CUST02889,2023-04-04,New Delhi,Delhi,Paid Search,23,F
CUST02890,2024-08-17,Bangalore,Karnataka,Referral,58,Other
CUST02891,2023-08-20,Pune,Maharashtra,Organic,52,F
CUST02892,2023-04-11,Madurai,Tamil Nadu,Email,65,M
CUST02893,2023-01-28,Vadodara,Gujarat,Social Media,63,M
CUST02894,2023-09-08,Vadodara,Gujarat,Organic,60,F
CUST02895,2023-02-06,Kolkata,West Bengal,Organic,30,Other
CUST02896,2023-07-09,Delhi,Delhi,Organic,29,F
CUST02897,2023-09-02,Pune,Maharashtra,Email,30,Other
CUST02898,2023-05-24,Kolkata,West Bengal,Direct,65,M
CUST02899,2023-08-06,Kanpur,Uttar Pradesh,Email,40,M
CUST02900,2023-03-17,Surat,Gujarat,Email,62,M
CUST02901,2023-08-28,Jaipur,Rajasthan,Organic,23,M
CUST02902,2024-05-03,Bangalore,Karnataka,Social Media,55,Other
CUST02903,2024-07-02,Mumbai,Maharashtra,Organic,31,Other
CUST02904,2024-02-05,Surat,Gujarat,Organic,64,M
CUST02905,2023-09-17,Agra,Uttar Pradesh,Direct,30,Other
CUST02906,2024-04-06,Delhi,Delhi,Organic,42,Other
CUST02907,2023-08-17,Lucknow,Uttar Pradesh,Social Media,26,Other
CUST02908,2024-05-23,Surat,Gujarat,Paid Search,30,F
CUST02909,2024-07-29,Chennai,Tamil Nadu,Social Media,34,Other
CUST02910,2023-11-30,Jodhpur,Rajasthan,Organic,49,F
CUST02911,2024-03-18,Surat,Gujarat,Direct,51,F
CUST02912,2024-02-29,New Delhi,Delhi,Email,42,M
CUST02913,2023-08-29,Madurai,Tamil Nadu,Referral,40,Other
CUST02914,2023-12-10,Lucknow,Uttar Pradesh,Social Media,62,Other
CUST02915,2023-05-15,Lucknow,Uttar Pradesh,Email,31,F
CUST02916,2024-08-17,Coimbatore,Tamil Nadu,Social Media,20,M
CUST02917,2024-12-02,Delhi,Delhi,Paid Search,47,Other
CUST02918,2023-08-31,Surat,Gujarat,Email,42,Other
CUST02919,2024-07-26,Pune,Maharashtra,Direct,24,Other
CUST02920,2024-09-18,Ahmedabad,Gujarat,Paid Search,44,F
CUST02921,2023-07-15,Surat,Gujarat,Direct,24,M
CUST02922,2023-03-19,Surat,Gujarat,Paid Search,47,Other
CUST02923,2024-02-03,New Delhi,Delhi,Referral,57,F
CUST02924,2024-07-29,Siliguri,West Bengal,Referral,33,F
CUST02925,2024-12-17,Vadodara,Gujarat,Social Media,48,Other
CUST02926,2024-09-07,Siliguri,West Bengal,Organic,32,Other
CUST02927,2023-12-15,Mysore,Karnataka,Referral,35,Other
CUST02928,2024-10-31,Kolkata,West Bengal,Paid Search,50,M
CUST02929,2023-05-25,Agra,Uttar Pradesh,Direct,51,M
CUST02930,2024-01-13,New Delhi,Delhi,Direct,39,M
CUST02931,2024-10-08,Mysore,Karnataka,Paid Search,40,F
CUST02932,2023-10-20,Kolkata,West Bengal,Referral,18,Other
CUST02933,2024-07-01,New Delhi,Delhi,Paid Search,37,F
CUST02934,2024-03-21,Bangalore,Karnataka,Paid Search,31,F
CUST02935,2024-09-11,Hubli,Karnataka,Paid Search,27,Other
CUST02936,2024-05-13,Ahmedabad,Gujarat,Referral,28,F
CUST02937,2023-11-06,Mysore,Karnataka,Email,61,F
CUST02938,2023-12-04,Coimbatore,Tamil Nadu,Direct,42,F
CUST02939,2024-11-12,Chennai,Tamil Nadu,Referral,26,F
CUST02940,2023-01-09,Delhi,Delhi,Social Media,36,Other
CUST02941,2024-02-03,Siliguri,West Bengal,Email,22,F
CUST02942,2023-09-27,Udaipur,Rajasthan,Direct,55,M
CUST02943,2023-09-04,Madurai,Tamil Nadu,Paid Search,33,F
CUST02944,2024-12-09,Surat,Gujarat,Email,18,Other
CUST02945,2023-08-02,Kolkata,West Bengal,Direct,32,M
CUST02946,2023-05-07,Jaipur,Rajasthan,Organic,31,F
CUST02947,2023-05-16,Kolkata,West Bengal,Social Media,42,Other
CUST02948,2023-03-31,Delhi,Delhi,Paid Search,36,F
CUST02949,2023-05-03,Siliguri,West Bengal,Organic,34,F
CUST02950,2024-05-28,New Delhi,Delhi,Referral,61,Other
CUST02951,2024-09-26,Mysore,Karnataka,Organic,40,Other
CUST02952,2024-08-23,Hubli,Karnataka,Referral,18,M
CUST02953,2024-04-07,Ahmedabad,Gujarat,Email,50,F
CUST02954,2023-07-11,Jaipur,Rajasthan,Referral,59,Other
CUST02955,2023-12-13,Siliguri,West Bengal,Organic,37,F
CUST02956,2023-04-24,Agra,Uttar Pradesh,Direct,25,Other
CUST02957,2023-10-29,Udaipur,Rajasthan,Social Media,48,Other
CUST02958,2024-09-11,Vadodara,Gujarat,Social Media,25,M
CUST02959,2024-04-26,Siliguri,West Bengal,Direct,23,M
CUST02960,2024-08-13,Pune,Maharashtra,Direct,55,F
CUST02961,2023-05-28,Madurai,Tamil Nadu,Email,64,F
CUST02962,2024-05-17,Kolkata,West Bengal,Referral,36,M
CUST02963,2023-04-10,Mysore,Karnataka,Referral,41,M
CUST02964,2023-10-09,Surat,Gujarat,Referral,39,Other
CUST02965,2024-11-10,Lucknow,Uttar Pradesh,Email,35,M
CUST02966,2023-03-22,Kanpur,Uttar Pradesh,Referral,19,F
CUST02967,2023-11-29,Surat,Gujarat,Direct,20,Other
CUST02968,2024-07-07,Mysore,Karnataka,Direct,20,Other
CUST02969,2023-01-21,Kolkata,West Bengal,Paid Search,23,Other
CUST02970,2023-05-27,Bangalore,Karnataka,Direct,27,Other
CUST02971,2023-09-19,Jodhpur,Rajasthan,Social Media,40,F
CUST02972,2024-03-23,Madurai,Tamil Nadu,Email,54,F
CUST02973,2024-10-31,Mumbai,Maharashtra,Social Media,41,M
CUST02974,2023-05-20,New Delhi,Delhi,Referral,50,Other
CUST02975,2023-06-11,Mysore,Karnataka,Direct,65,F
CUST02976,2024-03-05,Siliguri,West Bengal,Organic,29,Other
CUST02977,2024-10-06,Agra,Uttar Pradesh,Direct,65,M
CUST02978,2023-11-14,Kolkata,West Bengal,Paid Search,54,F
CUST02979,2024-09-26,Agra,Uttar Pradesh,Email,52,M
CUST02980,2023-07-10,Pune,Maharashtra,Email,48,M
CUST02981,2024-03-06,Siliguri,West Bengal,Direct,62,M
CUST02982,2023-03-17,Agra,Uttar Pradesh,Direct,20,Other
CUST02983,2024-07-03,Kolkata,West Bengal,Direct,36,F
CUST02984,2023-07-22,Pune,Maharashtra,Paid Search,19,F
CUST02985,2023-05-15,Delhi,Delhi,Social Media,47,Other
CUST02986,2024-07-02,Ahmedabad,Gujarat,Paid Search,32,M
CUST02987,2024-04-12,Ahmedabad,Gujarat,Organic,57,F
CUST02988,2024-08-02,Udaipur,Rajasthan,Referral,58,Other
CUST02989,2023-06-29,Vadodara,Gujarat,Referral,48,Other
CUST02990,2024-05-03,Pune,Maharashtra,Social Media,38,F
CUST02991,2024-01-10,Jaipur,Rajasthan,Referral,65,F
CUST02992,2023-07-02,Madurai,Tamil Nadu,Direct,28,Other
CUST02993,2023-03-21,Siliguri,West Bengal,Referral,20,Other
CUST02994,2023-06-22,Hubli,Karnataka,Referral,53,F
CUST02995,2023-11-21,Bangalore,Karnataka,Direct,51,F
CUST02996,2023-07-03,Kanpur,Uttar Pradesh,Social Media,46,Other
CUST02997,2024-12-03,Jaipur,Rajasthan,Paid Search,57,Other
CUST02998,2023-04-15,Delhi,Delhi,Email,45,F
CUST02999,2024-02-08,Pune,Maharashtra,Email,65,F
CUST03000,2023-02-07,Coimbatore,Tamil Nadu,Email,26,F
CUST03001,2024-01-13,Bangalore,Karnataka,Referral,31,M
CUST03002,2024-06-27,Hubli,Karnataka,Social Media,29,M
CUST03003,2024-08-23,Siliguri,West Bengal,Social Media,31,F
CUST03004,2024-05-02,Kanpur,Uttar Pradesh,Social Media,58,M
CUST03005,2024-03-30,Vadodara,Gujarat,Email,52,F
CUST03006,2024-02-13,Coimbatore,Tamil Nadu,Referral,47,F
CUST03007,2024-12-02,Jaipur,Rajasthan,Paid Search,43,F
CUST03008,2023-05-14,Nagpur,Maharashtra,Social Media,47,Other
CUST03009,2024-05-12,New Delhi,Delhi,Referral,55,Other
CUST03010,2023-12-10,Siliguri,West Bengal,Referral,30,Other
CUST03011,2024-05-15,Nagpur,Maharashtra,Paid Search,26,Other
CUST03012,2024-12-01,Hubli,Karnataka,Email,64,F
CUST03013,2024-02-26,Pune,Maharashtra,Email,33,M
CUST03014,2024-12-19,Udaipur,Rajasthan,Organic,41,M
CUST03015,2023-02-01,Kolkata,West Bengal,Paid Search,47,F
CUST03016,2024-05-22,Chennai,Tamil Nadu,Referral,63,M
CUST03017,2023-03-27,Ahmedabad,Gujarat,Social Media,22,M
CUST03018,2024-07-08,Madurai,Tamil Nadu,Referral,47,M
CUST03019,2024-07-27,Jaipur,Rajasthan,Paid Search,47,Other
CUST03020,2024-02-09,Hubli,Karnataka,Social Media,28,M
CUST03021,2023-02-13,Udaipur,Rajasthan,Organic,18,Other
CUST03022,2023-07-09,Nagpur,Maharashtra,Direct,44,Other
CUST03023,2024-01-31,Jodhpur,Rajasthan,Organic,44,F
CUST03024,2023-12-29,Hubli,Karnataka,Email,59,Other
CUST03025,2023-09-30,Pune,Maharashtra,Referral,64,M
CUST03026,2023-09-22,Kanpur,Uttar Pradesh,Direct,20,F
CUST03027,2024-07-24,Siliguri,West Bengal,Referral,25,M
CUST03028,2024-04-17,Delhi,Delhi,Email,25,Other
CUST03029,2024-09-05,Delhi,Delhi,Referral,60,F
CUST03030,2024-03-10,New Delhi,Delhi,Referral,31,F
CUST03031,2024-04-16,Mysore,Karnataka,Direct,62,M
CUST03032,2023-03-05,Udaipur,Rajasthan,Referral,33,F
CUST03033,2024-11-25,Surat,Gujarat,Direct,46,F
CUST03034,2023-01-31,Udaipur,Rajasthan,Social Media,54,F
CUST03035,2023-08-07,Mumbai,Maharashtra,Paid Search,51,F
CUST03036,2023-09-14,Mumbai,Maharashtra,Social Media,54,F
CUST03037,2024-07-13,Kanpur,Uttar Pradesh,Direct,28,Other
CUST03038,2024-06-30,Kanpur,Uttar Pradesh,Direct,46,Other
CUST03039,2023-09-09,Lucknow,Uttar Pradesh,Direct,62,M
CUST03040,2024-07-23,Delhi,Delhi,Referral,34,Other
CUST03041,2023-07-02,Chennai,Tamil Nadu,Paid Search,55,F
CUST03042,2024-03-20,New Delhi,Delhi,Social Media,41,Other
CUST03043,2023-08-05,Siliguri,West Bengal,Email,28,F
CUST03044,2024-11-25,Delhi,Delhi,Email,41,F
CUST03045,2024-05-23,Udaipur,Rajasthan,Paid Search,51,F
CUST03046,2024-05-18,Delhi,Delhi,Referral,18,Other
CUST03047,2023-03-07,Mysore,Karnataka,Paid Search,37,M
CUST03048,2023-07-18,Chennai,Tamil Nadu,Social Media,56,Other
CUST03049,2024-07-15,Hubli,Karnataka,Paid Search,40,F
CUST03050,2023-11-29,Udaipur,Rajasthan,Direct,18,Other
CUST03051,2024-09-24,Madurai,Tamil Nadu,Paid Search,41,Other
CUST03052,2024-03-13,Pune,Maharashtra,Direct,24,F
CUST03053,2023-01-05,Mysore,Karnataka,Email,52,Other
CUST03054,2024-11-11,Bangalore,Karnataka,Referral,54,Other
CUST03055,2024-02-12,Chennai,Tamil Nadu,Social Media,65,M
CUST03056,2023-12-02,Chennai,Tamil Nadu,Direct,63,F
CUST03057,2024-07-27,New Delhi,Delhi,Email,35,Other
CUST03058,2023-08-02,Lucknow,Uttar Pradesh,Direct,30,Other
CUST03059,2024-09-05,Bangalore,Karnataka,Email,37,M
CUST03060,2024-10-18,Chennai,Tamil Nadu,Paid Search,55,Other
CUST03061,2023-04-23,Jodhpur,Rajasthan,Organic,52,M
CUST03062,2023-08-10,Vadodara,Gujarat,Organic,30,F
CUST03063,2023-06-13,Mysore,Karnataka,Organic,48,M
CUST03064,2024-07-28,Hubli,Karnataka,Email,31,Other
CUST03065,2024-09-24,Jodhpur,Rajasthan,Email,18,Other
CUST03066,2023-04-12,Kolkata,West Bengal,Direct,46,Other
CUST03067,2024-09-08,Madurai,Tamil Nadu,Direct,57,F
CUST03068,2024-08-01,Pune,Maharashtra,Referral,56,F
CUST03069,2023-10-07,Udaipur,Rajasthan,Paid Search,39,Other
CUST03070,2023-06-15,Udaipur,Rajasthan,Social Media,59,F
CUST03071,2023-05-08,Agra,Uttar Pradesh,Paid Search,39,F
CUST03072,2023-08-30,Agra,Uttar Pradesh,Referral,25,M
CUST03073,2024-05-02,Jaipur,Rajasthan,Social Media,50,F
CUST03074,2023-12-22,Jaipur,Rajasthan,Paid Search,22,F
CUST03075,2024-05-30,Lucknow,Uttar Pradesh,Referral,39,Other
CUST03076,2024-12-11,New Delhi,Delhi,Organic,32,M
CUST03077,2024-03-03,Agra,Uttar Pradesh,Social Media,38,Other
CUST03078,2024-06-23,Jaipur,Rajasthan,Direct,37,Other
CUST03079,2023-11-12,Madurai,Tamil Nadu,Direct,27,F
CUST03080,2024-01-31,New Delhi,Delhi,Referral,28,M
CUST03081,2024-06-20,Delhi,Delhi,Email,48,Other
CUST03082,2024-08-19,Siliguri,West Bengal,Paid Search,34,F
CUST03083,2024-10-01,Kanpur,Uttar Pradesh,Paid Search,37,F
CUST03084,2023-10-16,Vadodara,Gujarat,Social Media,46,F
CUST03085,2024-11-15,Siliguri,West Bengal,Referral,18,F
CUST03086,2024-11-22,Pune,Maharashtra,Social Media,59,M
CUST03087,2024-12-05,Jodhpur,Rajasthan,Organic,63,M
CUST03088,2024-05-08,Madurai,Tamil Nadu,Direct,34,F
CUST03089,2024-10-31,Ahmedabad,Gujarat,Social Media,45,F
CUST03090,2024-02-15,Vadodara,Gujarat,Email,65,M
CUST03091,2023-11-14,Madurai,Tamil Nadu,Email,46,F
CUST03092,2023-11-07,Bangalore,Karnataka,Paid Search,28,F
CUST03093,2023-12-17,Udaipur,Rajasthan,Email,48,M
CUST03094,2024-08-31,Siliguri,West Bengal,Paid Search,35,Other
CUST03095,2024-05-22,Kolkata,West Bengal,Organic,21,Other
CUST03096,2024-10-30,Surat,Gujarat,Email,41,F
CUST03097,2023-05-04,Lucknow,Uttar Pradesh,Referral,26,Other
CUST03098,2023-03-06,Mysore,Karnataka,Direct,44,M
CUST03099,2023-04-07,Delhi,Delhi,Email,30,Other
CUST03100,2024-03-13,Mysore,Karnataka,Paid Search,38,Other
CUST03101,2024-12-09,Agra,Uttar Pradesh,Email,36,Other
CUST03102,2024-05-20,Mumbai,Maharashtra,Organic,62,Other
CUST03103,2024-01-04,Surat,Gujarat,Referral,65,M
CUST03104,2024-11-30,Delhi,Delhi,Referral,32,F
CUST03105,2023-09-16,Surat,Gujarat,Paid Search,61,Other
CUST03106,2024-03-06,Kanpur,Uttar Pradesh,Email,65,M
CUST03107,2024-04-26,New Delhi,Delhi,Direct,44,F
CUST03108,2023-01-21,Siliguri,West Bengal,Organic,51,M
CUST03109,2024-04-05,Ahmedabad,Gujarat,Email,45,M
CUST03110,2023-10-30,Vadodara,Gujarat,Referral,36,Other
CUST03111,2023-06-30,Vadodara,Gujarat,Organic,65,M
CUST03112,2023-11-05,Hubli,Karnataka,Organic,52,M
CUST03113,2024-10-22,Hubli,Karnataka,Referral,57,Other
CUST03114,2023-07-14,Chennai,Tamil Nadu,Direct,45,F
CUST03115,2024-09-17,Jodhpur,Rajasthan,Direct,27,Other
CUST03116,2024-04-02,Ahmedabad,Gujarat,Paid Search,59,Other
CUST03117,2024-09-15,Surat,Gujarat,Email,62,Other
CUST03118,2024-10-24,Kolkata,West Bengal,Referral,54,F
CUST03119,2023-02-06,Nagpur,Maharashtra,Referral,19,M
CUST03120,2024-08-22,Coimbatore,Tamil Nadu,Referral,27,F
CUST03121,2023-05-28,Madurai,Tamil Nadu,Direct,38,Other
CUST03122,2024-09-01,Udaipur,Rajasthan,Direct,30,Other
CUST03123,2024-06-28,Vadodara,Gujarat,Email,27,M
CUST03124,2023-01-22,New Delhi,Delhi,Social Media,29,M
CUST03125,2023-06-04,Nagpur,Maharashtra,Email,20,M
CUST03126,2024-05-25,Ahmedabad,Gujarat,Social Media,38,M
CUST03127,2023-08-23,Chennai,Tamil Nadu,Social Media,28,F
CUST03128,2024-01-27,Lucknow,Uttar Pradesh,Paid Search,40,M
CUST03129,2024-08-18,Delhi,Delhi,Organic,42,M
CUST03130,2023-06-17,Udaipur,Rajasthan,Direct,31,F
CUST03131,2023-01-27,Pune,Maharashtra,Referral,43,M
CUST03132,2024-09-15,Coimbatore,Tamil Nadu,Email,25,M
CUST03133,2023-08-05,New Delhi,Delhi,Paid Search,31,M
CUST03134,2024-03-09,Udaipur,Rajasthan,Email,40,Other
CUST03135,2024-09-12,Surat,Gujarat,Paid Search,31,M
CUST03136,2023-08-21,Surat,Gujarat,Social Media,50,M
CUST03137,2024-06-21,Jaipur,Rajasthan,Organic,42,F
CUST03138,2023-09-22,Kolkata,West Bengal,Social Media,41,F
CUST03139,2024-10-31,Mysore,Karnataka,Direct,37,M
CUST03140,2024-07-24,Hubli,Karnataka,Direct,42,F
CUST03141,2023-06-16,Pune,Maharashtra,Direct,59,F
CUST03142,2024-01-31,Mumbai,Maharashtra,Paid Search,29,Other
CUST03143,2023-05-12,Mumbai,Maharashtra,Email,27,M
CUST03144,2024-02-26,Jaipur,Rajasthan,Organic,56,M
CUST03145,2023-01-12,Kanpur,Uttar Pradesh,Email,44,M
CUST03146,2023-02-28,Kolkata,West Bengal,Paid Search,51,M
CUST03147,2024-04-27,Delhi,Delhi,Organic,28,M
CUST03148,2023-01-13,Jaipur,Rajasthan,Social Media,43,Other
CUST03149,2023-09-15,Surat,Gujarat,Email,38,M
CUST03150,2023-01-27,Pune,Maharashtra,Organic,48,M
CUST03151,2024-11-30,Delhi,Delhi,Organic,52,F
CUST03152,2024-03-31,New Delhi,Delhi,Organic,18,F
CUST03153,2024-01-05,Chennai,Tamil Nadu,Referral,22,M
CUST03154,2023-09-26,Jodhpur,Rajasthan,Referral,52,F
CUST03155,2023-08-15,New Delhi,Delhi,Social Media,48,F
CUST03156,2024-09-15,Lucknow,Uttar Pradesh,Social Media,60,Other
CUST03157,2023-07-20,Vadodara,Gujarat,Direct,63,M
CUST03158,2023-07-03,Jodhpur,Rajasthan,Direct,54,M
CUST03159,2024-01-26,New Delhi,Delhi,Email,26,M
CUST03160,2024-12-13,Madurai,Tamil Nadu,Organic,65,M
CUST03161,2024-10-08,Siliguri,West Bengal,Email,24,M
CUST03162,2023-07-31,Coimbatore,Tamil Nadu,Paid Search,64,Other
CUST03163,2023-12-07,Kanpur,Uttar Pradesh,Direct,47,Other
CUST03164,2023-01-02,Lucknow,Uttar Pradesh,Social Media,45,F
CUST03165,2023-05-12,New Delhi,Delhi,Direct,42,Other
CUST03166,2023-02-27,Mumbai,Maharashtra,Paid Search,18,M
CUST03167,2024-05-27,Mumbai,Maharashtra,Paid Search,43,F
CUST03168,2024-05-06,Nagpur,Maharashtra,Referral,48,F
CUST03169,2023-09-02,Madurai,Tamil Nadu,Email,43,F
CUST03170,2023-11-08,Coimbatore,Tamil Nadu,Email,34,Other
CUST03171,2023-07-24,Jaipur,Rajasthan,Direct,35,Other
CUST03172,2023-10-20,Surat,Gujarat,Paid Search,34,F
CUST03173,2023-09-21,Udaipur,Rajasthan,Referral,60,M
CUST03174,2024-04-30,Vadodara,Gujarat,Social Media,22,F
CUST03175,2024-06-01,Kolkata,West Bengal,Email,26,M
CUST03176,2024-04-17,Coimbatore,Tamil Nadu,Organic,25,Other
CUST03177,2024-07-09,Lucknow,Uttar Pradesh,Social Media,37,F
CUST03178,2024-03-13,Kolkata,West Bengal,Email,29,F
CUST03179,2024-09-30,Chennai,Tamil Nadu,Direct,32,M
CUST03180,2023-12-21,Madurai,Tamil Nadu,Direct,40,Other
CUST03181,2024-07-21,New Delhi,Delhi,Email,41,Other
CUST03182,2023-02-12,Madurai,Tamil Nadu,Email,28,F
CUST03183,2024-07-01,New Delhi,Delhi,Direct,28,Other
CUST03184,2023-04-08,Madurai,Tamil Nadu,Paid Search,52,Other
CUST03185,2023-10-20,Kolkata,West Bengal,Social Media,21,F
CUST03186,2024-09-21,Kanpur,Uttar Pradesh,Email,44,F
CUST03187,2023-02-05,Jodhpur,Rajasthan,Paid Search,64,F
CUST03188,2023-09-12,Mumbai,Maharashtra,Social Media,63,Other
CUST03189,2024-01-18,Lucknow,Uttar Pradesh,Direct,57,Other
CUST03190,2024-05-22,Bangalore,Karnataka,Referral,26,M
CUST03191,2023-06-01,Jaipur,Rajasthan,Paid Search,43,M
CUST03192,2024-06-14,Siliguri,West Bengal,Email,30,M
CUST03193,2023-10-20,Ahmedabad,Gujarat,Paid Search,35,M
CUST03194,2024-08-05,Kolkata,West Bengal,Direct,65,Other
CUST03195,2024-09-15,New Delhi,Delhi,Referral,27,Other
CUST03196,2024-07-25,Kanpur,Uttar Pradesh,Organic,58,M
CUST03197,2024-07-01,Agra,Uttar Pradesh,Organic,58,Other
CUST03198,2024-02-13,Jaipur,Rajasthan,Direct,46,F
CUST03199,2023-03-22,Hubli,Karnataka,Direct,57,F
CUST03200,2024-03-04,New Delhi,Delhi,Direct,39,F
CUST03201,2024-11-23,Pune,Maharashtra,Social Media,25,Other
CUST03202,2024-09-22,Jodhpur,Rajasthan,Email,28,Other
CUST03203,2024-05-14,Jodhpur,Rajasthan,Paid Search,51,M
CUST03204,2024-10-08,Hubli,Karnataka,Email,56,F
CUST03205,2023-04-26,Madurai,Tamil Nadu,Referral,62,F
CUST03206,2024-06-27,Kolkata,West Bengal,Direct,24,F
CUST03207,2023-09-17,Kanpur,Uttar Pradesh,Direct,50,F
CUST03208,2023-06-28,Siliguri,West Bengal,Social Media,23,M
CUST03209,2024-06-19,Hubli,Karnataka,Referral,33,Other
CUST03210,2023-11-27,Jaipur,Rajasthan,Email,45,Other
CUST03211,2023-11-17,Lucknow,Uttar Pradesh,Direct,49,Other
CUST03212,2024-12-12,Siliguri,West Bengal,Organic,56,M
CUST03213,2023-01-24,Hubli,Karnataka,Organic,25,M
CUST03214,2023-04-02,Vadodara,Gujarat,Direct,63,Other
CUST03215,2023-02-20,Siliguri,West Bengal,Direct,65,M
CUST03216,2024-10-04,Vadodara,Gujarat,Referral,47,Other
CUST03217,2023-03-16,Pune,Maharashtra,Direct,65,F
CUST03218,2024-01-11,Mumbai,Maharashtra,Email,29,M
CUST03219,2023-08-28,Ahmedabad,Gujarat,Social Media,44,M
CUST03220,2023-08-19,Jodhpur,Rajasthan,Social Media,61,F
CUST03221,2024-02-11,Ahmedabad,Gujarat,Social Media,46,M
CUST03222,2023-05-18,Surat,Gujarat,Direct,58,F
CUST03223,2024-06-12,New Delhi,Delhi,Email,53,Other
CUST03224,2023-03-20,Vadodara,Gujarat,Referral,40,M
CUST03225,2023-04-18,Jaipur,Rajasthan,Social Media,40,Other
CUST03226,2023-02-24,Coimbatore,Tamil Nadu,Social Media,24,Other
CUST03227,2024-02-16,Hubli,Karnataka,Referral,38,Other
CUST03228,2024-04-18,Udaipur,Rajasthan,Paid Search,42,M
CUST03229,2023-06-09,Agra,Uttar Pradesh,Referral,40,F
CUST03230,2024-03-13,Jodhpur,Rajasthan,Paid Search,28,F
CUST03231,2023-03-28,Mumbai,Maharashtra,Paid Search,55,F
CUST03232,2024-03-14,Agra,Uttar Pradesh,Email,29,F
CUST03233,2024-08-28,Bangalore,Karnataka,Organic,23,Other
CUST03234,2023-12-23,Siliguri,West Bengal,Paid Search,63,F
CUST03235,2023-02-09,Surat,Gujarat,Paid Search,42,M
CUST03236,2023-04-11,Agra,Uttar Pradesh,Email,23,F
CUST03237,2024-06-18,Coimbatore,Tamil Nadu,Organic,33,Other
CUST03238,2023-08-14,Delhi,Delhi,Organic,49,M
CUST03239,2023-03-02,Chennai,Tamil Nadu,Paid Search,46,Other
CUST03240,2024-09-22,Chennai,Tamil Nadu,Organic,36,M
CUST03241,2023-06-29,Nagpur,Maharashtra,Referral,46,F
CUST03242,2023-07-17,Coimbatore,Tamil Nadu,Paid Search,51,Other
CUST03243,2024-10-24,Siliguri,West Bengal,Direct,34,Other
CUST03244,2023-09-26,Surat,Gujarat,Referral,41,F
CUST03245,2024-06-14,Coimbatore,Tamil Nadu,Email,40,M
CUST03246,2024-10-08,Delhi,Delhi,Direct,33,Other
CUST03247,2024-02-27,New Delhi,Delhi,Email,63,F
CUST03248,2024-04-03,Ahmedabad,Gujarat,Email,32,Other
CUST03249,2024-12-11,Vadodara,Gujarat,Direct,59,Other
CUST03250,2023-02-14,Coimbatore,Tamil Nadu,Social Media,54,M
CUST03251,2024-09-14,Udaipur,Rajasthan,Referral,49,Other
CUST03252,2024-09-28,Kolkata,West Bengal,Paid Search,19,Other
CUST03253,2024-04-14,Udaipur,Rajasthan,Direct,21,F
CUST03254,2024-01-27,Udaipur,Rajasthan,Paid Search,22,Other
CUST03255,2023-06-05,Ahmedabad,Gujarat,Direct,35,Other
CUST03256,2024-05-08,Agra,Uttar Pradesh,Organic,63,Other
CUST03257,2024-05-21,Jodhpur,Rajasthan,Direct,26,F
CUST03258,2024-02-14,Madurai,Tamil Nadu,Referral,37,Other
CUST03259,2023-12-19,Kanpur,Uttar Pradesh,Paid Search,54,Other
CUST03260,2024-11-06,Kolkata,West Bengal,Email,61,Other
CUST03261,2023-09-07,Ahmedabad,Gujarat,Email,21,Other
CUST03262,2024-01-18,Vadodara,Gujarat,Organic,22,Other
CUST03263,2024-03-05,Hubli,Karnataka,Referral,64,M
CUST03264,2024-08-04,Chennai,Tamil Nadu,Email,29,M
CUST03265,2023-02-05,Nagpur,Maharashtra,Referral,64,M
CUST03266,2023-10-01,Ahmedabad,Gujarat,Organic,43,Other
CUST03267,2024-10-08,Siliguri,West Bengal,Referral,62,F
CUST03268,2023-11-23,Delhi,Delhi,Paid Search,24,F
CUST03269,2024-01-13,Ahmedabad,Gujarat,Direct,45,F
CUST03270,2023-05-10,Jaipur,Rajasthan,Paid Search,34,F
CUST03271,2023-10-15,Chennai,Tamil Nadu,Social Media,59,Other
CUST03272,2023-06-14,Mysore,Karnataka,Referral,24,Other
CUST03273,2024-01-17,Lucknow,Uttar Pradesh,Email,21,Other
CUST03274,2024-06-29,Nagpur,Maharashtra,Social Media,24,M
CUST03275,2023-11-17,Nagpur,Maharashtra,Organic,18,F
CUST03276,2024-01-18,Siliguri,West Bengal,Organic,54,Other
CUST03277,2024-12-24,Ahmedabad,Gujarat,Paid Search,30,Other
CUST03278,2024-06-20,Jaipur,Rajasthan,Email,31,F
CUST03279,2024-02-23,Hubli,Karnataka,Paid Search,56,F
CUST03280,2023-10-26,Delhi,Delhi,Direct,29,Other
CUST03281,2024-09-03,Delhi,Delhi,Organic,57,M
CUST03282,2024-10-07,Mysore,Karnataka,Social Media,24,F
CUST03283,2024-06-29,New Delhi,Delhi,Organic,49,M
CUST03284,2023-08-08,Delhi,Delhi,Referral,60,Other
CUST03285,2023-06-29,Siliguri,West Bengal,Organic,60,Other
CUST03286,2023-05-01,Mysore,Karnataka,Paid Search,41,M
CUST03287,2023-06-28,Coimbatore,Tamil Nadu,Paid Search,43,M
CUST03288,2024-01-17,Ahmedabad,Gujarat,Referral,60,Other
CUST03289,2023-10-05,Hubli,Karnataka,Organic,60,Other
CUST03290,2023-03-10,Vadodara,Gujarat,Email,54,Other
CUST03291,2024-07-29,Kolkata,West Bengal,Social Media,38,M
CUST03292,2024-07-10,Jaipur,Rajasthan,Social Media,58,F
CUST03293,2023-12-27,Siliguri,West Bengal,Referral,23,F
CUST03294,2023-10-16,Pune,Maharashtra,Organic,38,Other
CUST03295,2023-02-03,Udaipur,Rajasthan,Referral,37,F
CUST03296,2024-11-03,Agra,Uttar Pradesh,Direct,21,Other
CUST03297,2023-12-24,Mumbai,Maharashtra,Organic,37,Other
CUST03298,2024-02-02,Delhi,Delhi,Direct,21,Other
CUST03299,2023-03-11,Mumbai,Maharashtra,Social Media,42,M
CUST03300,2023-05-20,Vadodara,Gujarat,Organic,61,F
CUST03301,2024-03-13,Delhi,Delhi,Direct,62,M
CUST03302,2024-05-06,Chennai,Tamil Nadu,Referral,29,M
CUST03303,2024-10-01,Ahmedabad,Gujarat,Direct,31,F
CUST03304,2024-06-04,Madurai,Tamil Nadu,Direct,57,M
CUST03305,2023-04-05,Pune,Maharashtra,Paid Search,62,M
CUST03306,2023-05-15,Lucknow,Uttar Pradesh,Paid Search,60,F
CUST03307,2024-11-09,Delhi,Delhi,Paid Search,41,F
CUST03308,2023-10-20,Mumbai,Maharashtra,Paid Search,56,M
CUST03309,2024-08-30,Kanpur,Uttar Pradesh,Direct,54,Other
CUST03310,2024-05-03,Lucknow,Uttar Pradesh,Direct,65,F
CUST03311,2024-07-13,Kolkata,West Bengal,Referral,44,F
CUST03312,2023-04-19,Lucknow,Uttar Pradesh,Referral,34,Other
CUST03313,2024-03-18,Nagpur,Maharashtra,Direct,43,M
CUST03314,2024-05-31,Jaipur,Rajasthan,Direct,62,M
CUST03315,2023-05-13,Hubli,Karnataka,Organic,25,M
CUST03316,2023-06-20,Jaipur,Rajasthan,Paid Search,52,F
CUST03317,2024-03-08,Delhi,Delhi,Direct,63,Other
CUST03318,2023-07-10,Siliguri,West Bengal,Email,36,F
CUST03319,2024-01-10,Lucknow,Uttar Pradesh,Organic,43,M
CUST03320,2023-06-09,Hubli,Karnataka,Referral,30,M
CUST03321,2023-11-29,Pune,Maharashtra,Referral,24,M
CUST03322,2023-04-04,Chennai,Tamil Nadu,Referral,29,M
CUST03323,2024-10-29,Bangalore,Karnataka,Referral,57,F
CUST03324,2024-05-26,Udaipur,Rajasthan,Paid Search,46,Other
CUST03325,2023-11-30,Nagpur,Maharashtra,Email,30,M
CUST03326,2024-10-27,Ahmedabad,Gujarat,Email,18,M
CUST03327,2023-11-24,Surat,Gujarat,Paid Search,40,F
CUST03328,2024-11-07,Madurai,Tamil Nadu,Organic,43,F
CUST03329,2023-06-02,Delhi,Delhi,Email,22,M
CUST03330,2024-05-17,New Delhi,Delhi,Social Media,60,Other
CUST03331,2023-12-11,Jaipur,Rajasthan,Referral,22,M
CUST03332,2023-08-10,Agra,Uttar Pradesh,Paid Search,27,Other
CUST03333,2023-12-02,Ahmedabad,Gujarat,Organic,61,M
CUST03334,2024-10-06,Kolkata,West Bengal,Email,64,M
CUST03335,2024-03-05,Surat,Gujarat,Organic,27,M
CUST03336,2024-12-26,Chennai,Tamil Nadu,Referral,18,Other
CUST03337,2024-01-12,Pune,Maharashtra,Email,25,M
CUST03338,2023-01-18,Nagpur,Maharashtra,Email,22,M
CUST03339,2023-03-05,Udaipur,Rajasthan,Direct,42,F
CUST03340,2023-11-28,Siliguri,West Bengal,Direct,33,Other
CUST03341,2024-06-28,Udaipur,Rajasthan,Social Media,40,Other
CUST03342,2024-12-25,Jodhpur,Rajasthan,Paid Search,47,Other
CUST03343,2024-03-06,Ahmedabad,Gujarat,Paid Search,36,Other
CUST03344,2023-03-19,Delhi,Delhi,Social Media,28,F
CUST03345,2023-06-22,Pune,Maharashtra,Social Media,27,M
CUST03346,2024-01-27,Jodhpur,Rajasthan,Direct,52,M
CUST03347,2023-06-10,Kolkata,West Bengal,Direct,40,M
CUST03348,2024-05-11,Siliguri,West Bengal,Referral,47,Other
CUST03349,2024-06-18,Jodhpur,Rajasthan,Referral,47,F
CUST03350,2023-05-30,Surat,Gujarat,Direct,43,M
CUST03351,2024-12-11,Chennai,Tamil Nadu,Paid Search,63,M
CUST03352,2024-07-28,Madurai,Tamil Nadu,Direct,57,F
CUST03353,2023-10-21,Udaipur,Rajasthan,Referral,41,Other
CUST03354,2023-09-06,Lucknow,Uttar Pradesh,Referral,27,F
CUST03355,2024-03-21,Hubli,Karnataka,Direct,46,F
CUST03356,2023-01-13,Kolkata,West Bengal,Paid Search,31,F
CUST03357,2023-01-29,Delhi,Delhi,Email,45,M
CUST03358,2024-05-31,Jaipur,Rajasthan,Direct,31,F
CUST03359,2023-07-04,Delhi,Delhi,Direct,61,Other
CUST03360,2023-07-09,Delhi,Delhi,Email,30,M
CUST03361,2023-03-20,Siliguri,West Bengal,Referral,33,Other
CUST03362,2024-12-25,Delhi,Delhi,Social Media,57,Other
CUST03363,2023-12-27,Nagpur,Maharashtra,Organic,22,M
CUST03364,2023-12-19,Mumbai,Maharashtra,Organic,39,M
CUST03365,2024-03-16,Surat,Gujarat,Paid Search,65,M
CUST03366,2024-08-28,Coimbatore,Tamil Nadu,Organic,41,Other
CUST03367,2023-06-19,Vadodara,Gujarat,Referral,48,F
CUST03368,2024-09-20,Delhi,Delhi,Social Media,24,Other
CUST03369,2023-06-05,New Delhi,Delhi,Paid Search,44,M
CUST03370,2023-01-20,Kolkata,West Bengal,Email,53,Other
CUST03371,2023-05-24,Udaipur,Rajasthan,Social Media,62,M
CUST03372,2024-08-16,Hubli,Karnataka,Paid Search,46,M
CUST03373,2024-06-23,Mumbai,Maharashtra,Referral,48,F
CUST03374,2024-11-05,Jaipur,Rajasthan,Organic,55,Other
CUST03375,2024-01-02,Surat,Gujarat,Email,54,M
CUST03376,2023-05-22,Jaipur,Rajasthan,Referral,60,Other
CUST03377,2024-02-13,Surat,Gujarat,Organic,41,M
CUST03378,2023-04-07,New Delhi,Delhi,Email,37,Other
CUST03379,2024-08-08,Kolkata,West Bengal,Organic,60,M
CUST03380,2024-10-01,Surat,Gujarat,Direct,23,F
CUST03381,2023-04-07,Jaipur,Rajasthan,Email,55,F
CUST03382,2023-04-24,Delhi,Delhi,Social Media,30,Other
CUST03383,2024-09-03,Agra,Uttar Pradesh,Organic,49,F
CUST03384,2023-04-21,New Delhi,Delhi,Direct,33,Other
CUST03385,2024-01-21,Kanpur,Uttar Pradesh,Referral,45,F
CUST03386,2024-02-02,Pune,Maharashtra,Direct,60,F
CUST03387,2023-01-09,Mysore,Karnataka,Email,20,M
CUST03388,2024-08-19,Nagpur,Maharashtra,Email,19,F
CUST03389,2024-04-21,Kolkata,West Bengal,Referral,42,F
CUST03390,2023-10-15,Nagpur,Maharashtra,Direct,35,Other
CUST03391,2023-01-02,Siliguri,West Bengal,Social Media,50,F
CUST03392,2024-02-12,Siliguri,West Bengal,Paid Search,40,Other
CUST03393,2024-01-02,Agra,Uttar Pradesh,Paid Search,49,F
CUST03394,2023-01-02,Lucknow,Uttar Pradesh,Referral,60,M
CUST03395,2023-08-17,Vadodara,Gujarat,Organic,19,M
CUST03396,2024-10-15,Bangalore,Karnataka,Organic,29,F
CUST03397,2023-02-09,Bangalore,Karnataka,Email,33,M
CUST03398,2024-10-13,Bangalore,Karnataka,Direct,18,Other
CUST03399,2023-06-12,Vadodara,Gujarat,Organic,27,Other
CUST03400,2023-03-04,Udaipur,Rajasthan,Social Media,60,M
CUST03401,2023-03-21,Bangalore,Karnataka,Direct,26,M
CUST03402,2023-01-14,Bangalore,Karnataka,Organic,63,M
CUST03403,2024-05-08,Pune,Maharashtra,Direct,32,M
CUST03404,2024-02-21,Nagpur,Maharashtra,Organic,42,F
CUST03405,2024-02-22,Coimbatore,Tamil Nadu,Paid Search,63,F
CUST03406,2023-01-17,Delhi,Delhi,Social Media,64,Other
CUST03407,2023-02-12,Pune,Maharashtra,Paid Search,50,M
CUST03408,2023-08-10,Bangalore,Karnataka,Paid Search,34,M
CUST03409,2023-01-16,Madurai,Tamil Nadu,Organic,62,M
CUST03410,2023-08-31,Chennai,Tamil Nadu,Social Media,32,M
CUST03411,2023-02-15,Siliguri,West Bengal,Email,44,Other
CUST03412,2024-06-30,Lucknow,Uttar Pradesh,Referral,34,F
CUST03413,2023-04-16,Madurai,Tamil Nadu,Organic,59,Other
CUST03414,2024-06-14,Kanpur,Uttar Pradesh,Paid Search,22,M
CUST03415,2024-10-01,Mysore,Karnataka,Social Media,64,M
CUST03416,2024-01-29,Kolkata,West Bengal,Direct,63,F
CUST03417,2023-09-25,Nagpur,Maharashtra,Direct,23,F
CUST03418,2023-07-25,Vadodara,Gujarat,Direct,56,Other
CUST03419,2024-06-22,Hubli,Karnataka,Social Media,64,F
CUST03420,2024-02-11,Jodhpur,Rajasthan,Direct,48,F
CUST03421,2023-02-13,Jodhpur,Rajasthan,Referral,38,Other
CUST03422,2023-01-03,Chennai,Tamil Nadu,Email,28,M
CUST03423,2023-07-13,Surat,Gujarat,Referral,47,F
CUST03424,2023-10-08,Siliguri,West Bengal,Referral,46,M
CUST03425,2023-08-30,Delhi,Delhi,Referral,19,M
CUST03426,2023-10-09,Surat,Gujarat,Direct,27,F
CUST03427,2023-04-13,Ahmedabad,Gujarat,Referral,60,M
CUST03428,2023-07-25,New Delhi,Delhi,Paid Search,24,M
CUST03429,2023-03-13,Siliguri,West Bengal,Paid Search,35,F
CUST03430,2024-07-30,Chennai,Tamil Nadu,Referral,43,M
CUST03431,2024-04-21,Agra,Uttar Pradesh,Social Media,32,M
CUST03432,2024-03-12,Udaipur,Rajasthan,Direct,49,F
CUST03433,2024-11-10,Kolkata,West Bengal,Referral,60,M
CUST03434,2023-11-07,Ahmedabad,Gujarat,Organic,38,Other
CUST03435,2024-06-19,Udaipur,Rajasthan,Social Media,27,M
CUST03436,2024-04-16,Jaipur,Rajasthan,Referral,49,M
CUST03437,2024-05-17,Agra,Uttar Pradesh,Paid Search,39,Other
CUST03438,2024-01-05,Agra,Uttar Pradesh,Email,45,Other
CUST03439,2024-06-06,Hubli,Karnataka,Paid Search,51,F
CUST03440,2024-05-18,Vadodara,Gujarat,Social Media,62,M
CUST03441,2023-05-03,Vadodara,Gujarat,Referral,22,M
CUST03442,2023-10-22,Jodhpur,Rajasthan,Referral,33,M
CUST03443,2024-10-14,Vadodara,Gujarat,Paid Search,38,Other
CUST03444,2023-01-12,Jodhpur,Rajasthan,Email,39,Other
CUST03445,2023-11-27,Vadodara,Gujarat,Paid Search,26,F
CUST03446,2023-06-10,Madurai,Tamil Nadu,Email,57,M
CUST03447,2023-02-17,Coimbatore,Tamil Nadu,Email,48,M
CUST03448,2023-06-10,Vadodara,Gujarat,Organic,42,M
CUST03449,2023-07-01,Ahmedabad,Gujarat,Email,49,F
CUST03450,2023-05-04,Lucknow,Uttar Pradesh,Referral,42,M
CUST03451,2023-12-17,Agra,Uttar Pradesh,Paid Search,41,M
CUST03452,2023-01-29,Jaipur,Rajasthan,Paid Search,58,M
CUST03453,2024-01-10,Surat,Gujarat,Email,48,Other
CUST03454,2023-07-18,Delhi,Delhi,Social Media,49,F
CUST03455,2023-11-25,Madurai,Tamil Nadu,Paid Search,56,Other
CUST03456,2024-07-18,Mysore,Karnataka,Direct,21,Other
CUST03457,2024-09-22,Madurai,Tamil Nadu,Email,36,M
CUST03458,2023-04-28,Siliguri,West Bengal,Direct,18,F
CUST03459,2023-11-01,Lucknow,Uttar Pradesh,Paid Search,36,M
CUST03460,2024-12-25,Nagpur,Maharashtra,Direct,44,M
CUST03461,2023-09-09,Surat,Gujarat,Paid Search,46,Other
CUST03462,2024-05-20,Kolkata,West Bengal,Email,46,F
CUST03463,2024-11-07,Mysore,Karnataka,Referral,35,M
CUST03464,2023-08-15,Jodhpur,Rajasthan,Paid Search,55,M
CUST03465,2024-12-22,Ahmedabad,Gujarat,Organic,21,F
CUST03466,2023-11-04,Jodhpur,Rajasthan,Paid Search,38,Other
CUST03467,2023-07-23,Kolkata,West Bengal,Direct,45,Other
CUST03468,2023-04-17,Surat,Gujarat,Paid Search,38,Other
CUST03469,2024-01-01,Nagpur,Maharashtra,Social Media,38,Other
CUST03470,2024-01-05,Nagpur,Maharashtra,Organic,64,Other
CUST03471,2024-05-28,Delhi,Delhi,Organic,22,M
CUST03472,2024-05-10,New Delhi,Delhi,Email,28,Other
CUST03473,2024-08-20,Chennai,Tamil Nadu,Social Media,40,F
CUST03474,2024-05-08,Mysore,Karnataka,Social Media,22,F
CUST03475,2024-01-25,Kolkata,West Bengal,Email,44,Other
CUST03476,2023-08-25,Kolkata,West Bengal,Email,23,M
CUST03477,2023-03-28,Jaipur,Rajasthan,Organic,34,M
CUST03478,2023-02-18,Chennai,Tamil Nadu,Direct,61,Other
CUST03479,2024-03-20,Mumbai,Maharashtra,Direct,62,M
CUST03480,2024-09-24,Jaipur,Rajasthan,Organic,32,M
CUST03481,2023-06-29,New Delhi,Delhi,Email,38,F
CUST03482,2023-03-25,Siliguri,West Bengal,Organic,50,F
CUST03483,2024-01-10,Jaipur,Rajasthan,Direct,63,Other
CUST03484,2024-01-07,Kolkata,West Bengal,Organic,30,Other
CUST03485,2024-05-01,Mumbai,Maharashtra,Paid Search,55,F
CUST03486,2024-05-10,Pune,Maharashtra,Direct,23,Other
CUST03487,2024-06-23,Vadodara,Gujarat,Paid Search,43,M
CUST03488,2024-11-07,New Delhi,Delhi,Direct,65,Other
CUST03489,2023-09-30,Kanpur,Uttar Pradesh,Email,41,Other
CUST03490,2024-12-18,Kolkata,West Bengal,Paid Search,56,F
CUST03491,2023-12-29,Ahmedabad,Gujarat,Social Media,34,F
CUST03492,2023-03-18,Hubli,Karnataka,Social Media,46,M
CUST03493,2023-06-25,Udaipur,Rajasthan,Direct,60,Other
CUST03494,2024-02-23,Kolkata,West Bengal,Paid Search,25,M
CUST03495,2023-09-21,Kolkata,West Bengal,Direct,31,M
CUST03496,2023-12-10,Agra,Uttar Pradesh,Direct,31,Other
CUST03497,2024-07-23,Kanpur,Uttar Pradesh,Referral,21,Other
CUST03498,2024-08-03,Madurai,Tamil Nadu,Social Media,31,Other
CUST03499,2023-02-01,Pune,Maharashtra,Organic,31,M
CUST03500,2023-07-05,Ahmedabad,Gujarat,Referral,64,F
CUST03501,2023-10-28,Surat,Gujarat,Referral,56,M
CUST03502,2023-11-13,Jodhpur,Rajasthan,Email,56,F
CUST03503,2023-03-26,Chennai,Tamil Nadu,Email,24,M
CUST03504,2024-10-11,Nagpur,Maharashtra,Organic,18,F
CUST03505,2023-08-25,Pune,Maharashtra,Referral,42,Other
CUST03506,2023-01-12,New Delhi,Delhi,Organic,41,M
CUST03507,2023-04-27,Coimbatore,Tamil Nadu,Direct,41,M
CUST03508,2023-09-19,Kanpur,Uttar Pradesh,Direct,19,F
CUST03509,2024-01-03,Mumbai,Maharashtra,Social Media,27,F
CUST03510,2023-12-08,Jaipur,Rajasthan,Organic,58,Other
CUST03511,2024-05-25,Pune,Maharashtra,Paid Search,18,M
CUST03512,2023-07-01,Hubli,Karnataka,Paid Search,47,Other
CUST03513,2023-01-19,Kanpur,Uttar Pradesh,Organic,62,Other
CUST03514,2024-09-15,Jaipur,Rajasthan,Direct,62,M
CUST03515,2024-07-10,Chennai,Tamil Nadu,Referral,61,F
CUST03516,2024-01-22,Mumbai,Maharashtra,Referral,45,F
CUST03517,2023-12-04,Kolkata,West Bengal,Organic,54,M
CUST03518,2024-10-19,Mysore,Karnataka,Direct,36,Other
CUST03519,2023-03-09,Jaipur,Rajasthan,Social Media,19,Other
CUST03520,2024-04-01,Lucknow,Uttar Pradesh,Paid Search,62,F
CUST03521,2023-02-17,Nagpur,Maharashtra,Organic,54,F
CUST03522,2023-01-05,Jaipur,Rajasthan,Direct,65,M
CUST03523,2023-09-20,Kanpur,Uttar Pradesh,Organic,56,F
CUST03524,2024-01-28,Jodhpur,Rajasthan,Email,28,F
CUST03525,2023-04-02,Vadodara,Gujarat,Email,52,M
CUST03526,2024-09-06,Vadodara,Gujarat,Direct,40,F
CUST03527,2023-02-03,Delhi,Delhi,Social Media,47,F
CUST03528,2024-11-22,Lucknow,Uttar Pradesh,Direct,49,Other
CUST03529,2024-04-12,Siliguri,West Bengal,Referral,23,Other
CUST03530,2023-05-11,Lucknow,Uttar Pradesh,Social Media,40,Other
CUST03531,2024-10-25,Jodhpur,Rajasthan,Email,61,M
CUST03532,2023-09-28,Pune,Maharashtra,Email,58,M
CUST03533,2023-12-31,Vadodara,Gujarat,Direct,65,M
CUST03534,2023-12-14,New Delhi,Delhi,Direct,43,M
CUST03535,2023-03-03,Kolkata,West Bengal,Email,52,M
CUST03536,2024-02-02,Hubli,Karnataka,Organic,34,Other
CUST03537,2024-08-09,New Delhi,Delhi,Direct,63,F
CUST03538,2024-04-09,Jaipur,Rajasthan,Social Media,64,F
CUST03539,2024-12-28,Siliguri,West Bengal,Paid Search,54,F
CUST03540,2024-02-06,Kolkata,West Bengal,Paid Search,58,Other
CUST03541,2024-11-17,Jaipur,Rajasthan,Direct,30,Other
CUST03542,2024-04-29,Nagpur,Maharashtra,Organic,49,M
CUST03543,2024-08-19,Hubli,Karnataka,Social Media,33,F
CUST03544,2023-08-31,Lucknow,Uttar Pradesh,Email,58,M
CUST03545,2023-06-04,Chennai,Tamil Nadu,Organic,19,F
CUST03546,2023-05-24,Bangalore,Karnataka,Paid Search,61,M
CUST03547,2023-07-04,Mysore,Karnataka,Referral,25,F
CUST03548,2024-12-11,Vadodara,Gujarat,Referral,18,Other
CUST03549,2024-07-29,Kanpur,Uttar Pradesh,Referral,41,M
CUST03550,2024-09-20,Kanpur,Uttar Pradesh,Email,55,F
CUST03551,2024-01-22,Nagpur,Maharashtra,Referral,20,F
CUST03552,2023-10-21,Surat,Gujarat,Organic,34,Other
CUST03553,2023-06-26,Jodhpur,Rajasthan,Email,24,F
CUST03554,2023-09-07,Vadodara,Gujarat,Referral,19,F
CUST03555,2023-07-09,Pune,Maharashtra,Organic,48,F
CUST03556,2023-03-27,Bangalore,Karnataka,Paid Search,64,Other
CUST03557,2024-09-29,Mysore,Karnataka,Referral,65,F
CUST03558,2024-12-17,Madurai,Tamil Nadu,Referral,20,F
CUST03559,2024-03-22,Agra,Uttar Pradesh,Direct,46,M
CUST03560,2023-11-26,Kolkata,West Bengal,Organic,61,M
CUST03561,2023-04-25,Nagpur,Maharashtra,Referral,22,Other
CUST03562,2024-01-11,Delhi,Delhi,Social Media,62,Other
CUST03563,2024-10-12,Kolkata,West Bengal,Social Media,55,M
CUST03564,2023-08-20,Jaipur,Rajasthan,Referral,36,M
CUST03565,2024-02-06,Pune,Maharashtra,Email,39,F
CUST03566,2024-03-13,Hubli,Karnataka,Paid Search,22,M
CUST03567,2023-03-09,Jodhpur,Rajasthan,Paid Search,18,F
CUST03568,2024-08-18,Delhi,Delhi,Organic,37,M
CUST03569,2024-04-13,Coimbatore,Tamil Nadu,Direct,55,F
CUST03570,2023-10-02,Madurai,Tamil Nadu,Referral,62,M
CUST03571,2024-03-27,Bangalore,Karnataka,Paid Search,26,Other
CUST03572,2024-03-02,Pune,Maharashtra,Referral,41,Other
CUST03573,2024-07-11,Kolkata,West Bengal,Direct,51,Other
CUST03574,2023-04-23,Vadodara,Gujarat,Email,24,F
CUST03575,2024-02-08,Jaipur,Rajasthan,Social Media,45,Other
CUST03576,2024-08-04,Kolkata,West Bengal,Organic,23,F
CUST03577,2024-12-12,Surat,Gujarat,Referral,50,M
CUST03578,2024-11-13,New Delhi,Delhi,Organic,28,M
CUST03579,2024-01-12,New Delhi,Delhi,Referral,60,Other
CUST03580,2023-02-22,Vadodara,Gujarat,Social Media,48,M
CUST03581,2023-01-15,Delhi,Delhi,Organic,53,M
CUST03582,2024-12-01,Chennai,Tamil Nadu,Paid Search,37,M
CUST03583,2024-07-29,Kolkata,West Bengal,Social Media,21,Other
CUST03584,2024-12-20,Mumbai,Maharashtra,Email,60,F
CUST03585,2024-03-04,Pune,Maharashtra,Paid Search,38,M
CUST03586,2023-07-28,Jaipur,Rajasthan,Paid Search,60,F
CUST03587,2023-01-29,Jodhpur,Rajasthan,Paid Search,24,M
CUST03588,2024-05-06,Kolkata,West Bengal,Paid Search,60,M
CUST03589,2024-01-25,New Delhi,Delhi,Referral,50,M
CUST03590,2024-02-22,New Delhi,Delhi,Direct,44,Other
CUST03591,2024-01-11,Ahmedabad,Gujarat,Social Media,44,M
CUST03592,2023-10-30,Kolkata,West Bengal,Social Media,43,M
CUST03593,2024-05-22,Madurai,Tamil Nadu,Direct,41,F
CUST03594,2024-02-20,Udaipur,Rajasthan,Paid Search,65,M
CUST03595,2023-05-11,Udaipur,Rajasthan,Email,44,Other
CUST03596,2023-08-17,New Delhi,Delhi,Email,51,F
CUST03597,2024-04-22,Jaipur,Rajasthan,Referral,56,M
CUST03598,2023-03-01,Kolkata,West Bengal,Email,23,Other
CUST03599,2023-02-16,New Delhi,Delhi,Social Media,35,F
CUST03600,2023-01-25,Kanpur,Uttar Pradesh,Direct,39,F
CUST03601,2024-04-20,Surat,Gujarat,Referral,50,F
CUST03602,2023-12-05,Kolkata,West Bengal,Referral,39,M
CUST03603,2023-10-01,Jodhpur,Rajasthan,Email,51,Other
CUST03604,2024-11-22,Mysore,Karnataka,Direct,35,F
CUST03605,2023-06-04,Agra,Uttar Pradesh,Email,32,F
CUST03606,2024-03-04,Ahmedabad,Gujarat,Email,30,F
CUST03607,2023-11-24,Lucknow,Uttar Pradesh,Social Media,51,Other
CUST03608,2023-03-13,Siliguri,West Bengal,Social Media,56,F
CUST03609,2023-01-16,Madurai,Tamil Nadu,Paid Search,62,F
CUST03610,2024-12-09,Madurai,Tamil Nadu,Direct,41,Other
CUST03611,2024-07-16,Ahmedabad,Gujarat,Referral,55,Other
CUST03612,2023-12-09,New Delhi,Delhi,Direct,64,F
CUST03613,2023-12-28,Chennai,Tamil Nadu,Email,58,F
CUST03614,2024-01-21,Delhi,Delhi,Social Media,33,F
CUST03615,2024-09-24,Udaipur,Rajasthan,Social Media,54,F
CUST03616,2023-02-17,Ahmedabad,Gujarat,Social Media,56,M
CUST03617,2023-03-13,Lucknow,Uttar Pradesh,Referral,53,F
CUST03618,2023-11-28,Mumbai,Maharashtra,Paid Search,34,F
CUST03619,2023-06-15,Udaipur,Rajasthan,Email,35,Other
CUST03620,2024-04-04,Kolkata,West Bengal,Social Media,21,F
CUST03621,2024-07-18,Udaipur,Rajasthan,Organic,48,F
CUST03622,2024-11-01,Siliguri,West Bengal,Organic,26,M
CUST03623,2024-08-14,Mysore,Karnataka,Organic,20,M
CUST03624,2023-03-20,Lucknow,Uttar Pradesh,Email,52,F
CUST03625,2024-12-04,New Delhi,Delhi,Direct,61,F
CUST03626,2023-10-15,Chennai,Tamil Nadu,Direct,54,M
CUST03627,2023-08-24,Mumbai,Maharashtra,Social Media,57,Other
CUST03628,2023-12-02,Kanpur,Uttar Pradesh,Referral,33,M
CUST03629,2024-03-17,Madurai,Tamil Nadu,Email,54,F
CUST03630,2023-06-07,Ahmedabad,Gujarat,Paid Search,19,Other
CUST03631,2023-12-11,Ahmedabad,Gujarat,Paid Search,42,M
CUST03632,2024-10-10,Mumbai,Maharashtra,Organic,54,Other
CUST03633,2024-04-01,Kanpur,Uttar Pradesh,Organic,24,M
CUST03634,2024-08-29,Kolkata,West Bengal,Paid Search,47,Other
CUST03635,2024-08-24,New Delhi,Delhi,Paid Search,35,M
CUST03636,2024-03-18,Mumbai,Maharashtra,Direct,37,F
CUST03637,2023-08-30,Siliguri,West Bengal,Paid Search,32,M
CUST03638,2023-04-22,Mysore,Karnataka,Direct,46,F
CUST03639,2023-05-10,Delhi,Delhi,Email,42,M
CUST03640,2024-03-26,Lucknow,Uttar Pradesh,Direct,49,F
CUST03641,2024-06-27,Surat,Gujarat,Organic,49,Other
CUST03642,2023-10-05,Siliguri,West Bengal,Email,31,F
CUST03643,2024-10-04,New Delhi,Delhi,Email,62,Other
CUST03644,2023-11-19,Kolkata,West Bengal,Referral,31,M
CUST03645,2023-07-06,Surat,Gujarat,Referral,35,M
CUST03646,2023-02-01,Lucknow,Uttar Pradesh,Referral,56,F
CUST03647,2024-04-19,Nagpur,Maharashtra,Email,33,Other
CUST03648,2023-02-12,Mysore,Karnataka,Direct,19,F
CUST03649,2023-04-13,Surat,Gujarat,Referral,19,F
CUST03650,2024-06-09,Siliguri,West Bengal,Referral,23,F
CUST03651,2023-01-30,Kanpur,Uttar Pradesh,Paid Search,35,F
CUST03652,2024-11-19,Kanpur,Uttar Pradesh,Paid Search,28,M
CUST03653,2023-04-01,Chennai,Tamil Nadu,Referral,41,M
CUST03654,2023-01-09,Chennai,Tamil Nadu,Direct,28,M
CUST03655,2023-08-08,Pune,Maharashtra,Organic,51,F
CUST03656,2024-02-20,Jaipur,Rajasthan,Social Media,27,F
CUST03657,2024-11-18,Lucknow,Uttar Pradesh,Paid Search,44,F
CUST03658,2023-10-13,New Delhi,Delhi,Paid Search,23,Other
CUST03659,2024-06-10,Nagpur,Maharashtra,Direct,65,M
CUST03660,2023-03-26,Agra,Uttar Pradesh,Referral,45,M
CUST03661,2024-08-09,Chennai,Tamil Nadu,Paid Search,56,Other
CUST03662,2023-12-13,Bangalore,Karnataka,Organic,35,M
CUST03663,2024-03-11,Mysore,Karnataka,Email,41,Other
CUST03664,2024-05-11,New Delhi,Delhi,Email,29,M
CUST03665,2023-02-02,Pune,Maharashtra,Paid Search,35,Other
CUST03666,2023-07-14,Nagpur,Maharashtra,Email,21,F
CUST03667,2024-01-11,New Delhi,Delhi,Organic,48,M
CUST03668,2023-02-10,New Delhi,Delhi,Email,41,Other
CUST03669,2023-10-14,Kanpur,Uttar Pradesh,Paid Search,47,M
CUST03670,2024-09-20,Hubli,Karnataka,Paid Search,28,Other
CUST03671,2023-11-02,Mumbai,Maharashtra,Referral,26,M
CUST03672,2024-07-18,Kanpur,Uttar Pradesh,Email,49,Other
CUST03673,2024-05-11,Siliguri,West Bengal,Email,47,Other
CUST03674,2024-01-22,Vadodara,Gujarat,Email,63,Other
CUST03675,2023-09-09,Siliguri,West Bengal,Email,44,M
CUST03676,2024-06-28,Jaipur,Rajasthan,Organic,31,M
CUST03677,2024-10-14,Surat,Gujarat,Organic,56,F
CUST03678,2024-11-02,Siliguri,West Bengal,Social Media,41,M
CUST03679,2024-09-16,Surat,Gujarat,Paid Search,19,M
CUST03680,2023-07-17,Kolkata,West Bengal,Referral,55,Other
CUST03681,2024-12-14,Delhi,Delhi,Referral,33,M
CUST03682,2024-03-11,Mumbai,Maharashtra,Referral,34,F
CUST03683,2023-10-15,Siliguri,West Bengal,Direct,47,F
CUST03684,2024-02-13,Coimbatore,Tamil Nadu,Paid Search,44,M
CUST03685,2024-10-01,Chennai,Tamil Nadu,Direct,24,F
CUST03686,2024-07-18,Ahmedabad,Gujarat,Social Media,47,F
CUST03687,2023-03-02,Kolkata,West Bengal,Email,36,F
CUST03688,2024-09-27,Jaipur,Rajasthan,Referral,22,F
CUST03689,2023-12-08,Ahmedabad,Gujarat,Social Media,50,M
CUST03690,2024-10-26,Mumbai,Maharashtra,Paid Search,65,Other
CUST03691,2023-05-17,Lucknow,Uttar Pradesh,Organic,50,M
CUST03692,2023-04-28,Ahmedabad,Gujarat,Referral,43,F
CUST03693,2023-06-02,Jodhpur,Rajasthan,Email,38,F
CUST03694,2024-11-24,Ahmedabad,Gujarat,Email,55,M
CUST03695,2024-04-27,Jodhpur,Rajasthan,Referral,50,M
CUST03696,2024-04-30,Bangalore,Karnataka,Referral,39,Other
CUST03697,2023-04-12,Udaipur,Rajasthan,Direct,58,F
CUST03698,2023-09-30,New Delhi,Delhi,Paid Search,23,Other
CUST03699,2023-03-05,Siliguri,West Bengal,Referral,32,M
CUST03700,2024-12-07,Pune,Maharashtra,Organic,26,M
CUST03701,2023-03-11,Kolkata,West Bengal,Referral,27,F
CUST03702,2023-06-06,Lucknow,Uttar Pradesh,Organic,22,M
CUST03703,2024-02-21,Pune,Maharashtra,Direct,48,M
CUST03704,2023-09-03,Coimbatore,Tamil Nadu,Paid Search,61,F
CUST03705,2023-11-24,Bangalore,Karnataka,Direct,47,F
CUST03706,2023-02-24,Surat,Gujarat,Social Media,54,Other
CUST03707,2024-01-23,Vadodara,Gujarat,Direct,38,Other
CUST03708,2024-05-06,Delhi,Delhi,Email,33,M
CUST03709,2023-10-11,Pune,Maharashtra,Referral,35,F
CUST03710,2024-01-12,Kanpur,Uttar Pradesh,Direct,43,M
CUST03711,2024-02-02,Kanpur,Uttar Pradesh,Organic,27,Other
CUST03712,2024-11-22,Chennai,Tamil Nadu,Paid Search,47,M
CUST03713,2024-02-10,Hubli,Karnataka,Email,50,F
CUST03714,2023-01-09,Siliguri,West Bengal,Referral,54,F
CUST03715,2024-08-28,Lucknow,Uttar Pradesh,Paid Search,28,Other
CUST03716,2023-12-03,Udaipur,Rajasthan,Organic,38,M
CUST03717,2023-02-01,Siliguri,West Bengal,Referral,27,F
CUST03718,2023-01-29,Jaipur,Rajasthan,Social Media,41,M
CUST03719,2023-01-26,Lucknow,Uttar Pradesh,Referral,49,F
CUST03720,2024-03-07,Coimbatore,Tamil Nadu,Referral,33,F
CUST03721,2024-04-05,Madurai,Tamil Nadu,Paid Search,39,M
CUST03722,2024-04-10,Vadodara,Gujarat,Referral,23,M
CUST03723,2024-03-08,Bangalore,Karnataka,Direct,18,M
CUST03724,2024-11-21,Siliguri,West Bengal,Organic,62,Other
CUST03725,2023-03-09,New Delhi,Delhi,Organic,48,M
CUST03726,2024-12-28,Mumbai,Maharashtra,Social Media,41,Other
CUST03727,2023-03-10,Vadodara,Gujarat,Email,23,M
CUST03728,2024-06-21,Delhi,Delhi,Social Media,24,M
CUST03729,2023-09-30,Bangalore,Karnataka,Email,18,M
CUST03730,2024-05-01,Delhi,Delhi,Referral,24,F
CUST03731,2023-11-17,Agra,Uttar Pradesh,Email,22,Other
CUST03732,2023-02-27,Lucknow,Uttar Pradesh,Organic,47,Other
CUST03733,2024-07-14,Lucknow,Uttar Pradesh,Direct,62,Other
CUST03734,2023-07-22,Mysore,Karnataka,Email,32,Other
CUST03735,2023-09-21,Lucknow,Uttar Pradesh,Referral,39,Other
CUST03736,2023-12-10,Delhi,Delhi,Referral,40,Other
CUST03737,2024-05-24,Kanpur,Uttar Pradesh,Direct,63,F
CUST03738,2024-11-30,Kolkata,West Bengal,Social Media,60,F
CUST03739,2023-12-13,Chennai,Tamil Nadu,Referral,27,Other
CUST03740,2024-08-10,New Delhi,Delhi,Organic,21,Other
CUST03741,2024-10-16,Bangalore,Karnataka,Organic,46,M
CUST03742,2023-11-21,New Delhi,Delhi,Social Media,39,Other
CUST03743,2024-08-15,Vadodara,Gujarat,Paid Search,63,F
CUST03744,2023-11-01,Siliguri,West Bengal,Organic,59,Other
CUST03745,2024-02-08,Agra,Uttar Pradesh,Paid Search,48,Other
CUST03746,2024-08-26,Pune,Maharashtra,Paid Search,43,M
CUST03747,2024-08-17,Ahmedabad,Gujarat,Organic,20,F
CUST03748,2023-09-19,Kolkata,West Bengal,Referral,47,Other
CUST03749,2024-12-09,Siliguri,West Bengal,Referral,26,F
CUST03750,2024-07-24,Siliguri,West Bengal,Email,62,M
CUST03751,2024-01-17,Mumbai,Maharashtra,Social Media,44,M
CUST03752,2023-01-08,Jodhpur,Rajasthan,Paid Search,20,M
CUST03753,2024-05-10,Madurai,Tamil Nadu,Email,49,F
CUST03754,2023-11-25,Madurai,Tamil Nadu,Paid Search,44,M
CUST03755,2024-11-06,Nagpur,Maharashtra,Social Media,63,F
CUST03756,2023-08-21,Surat,Gujarat,Organic,24,F
CUST03757,2023-10-25,Chennai,Tamil Nadu,Paid Search,39,Other
CUST03758,2023-02-22,Agra,Uttar Pradesh,Referral,51,Other
CUST03759,2024-08-22,Coimbatore,Tamil Nadu,Direct,20,F
CUST03760,2024-04-13,Agra,Uttar Pradesh,Referral,20,F
CUST03761,2023-04-27,Ahmedabad,Gujarat,Referral,55,Other
CUST03762,2023-10-25,Mysore,Karnataka,Referral,47,Other
CUST03763,2024-10-31,Coimbatore,Tamil Nadu,Email,32,F
CUST03764,2023-05-07,Kanpur,Uttar Pradesh,Direct,20,M
CUST03765,2023-11-01,Kanpur,Uttar Pradesh,Social Media,18,Other
CUST03766,2024-09-01,Chennai,Tamil Nadu,Paid Search,46,M
CUST03767,2024-10-21,Kolkata,West Bengal,Referral,21,M
CUST03768,2024-06-08,Agra,Uttar Pradesh,Email,44,M
CUST03769,2023-12-03,Agra,Uttar Pradesh,Direct,21,F
CUST03770,2023-02-13,Madurai,Tamil Nadu,Direct,53,F
CUST03771,2023-02-16,Bangalore,Karnataka,Referral,53,Other
CUST03772,2024-01-22,Ahmedabad,Gujarat,Email,59,M
CUST03773,2024-09-18,Nagpur,Maharashtra,Referral,23,F
CUST03774,2024-07-02,Coimbatore,Tamil Nadu,Organic,24,M
CUST03775,2023-03-31,Lucknow,Uttar Pradesh,Direct,36,Other
CUST03776,2024-10-19,Kanpur,Uttar Pradesh,Paid Search,45,M
CUST03777,2024-10-03,Delhi,Delhi,Organic,36,F
CUST03778,2023-10-17,Bangalore,Karnataka,Paid Search,25,M
CUST03779,2024-11-11,Chennai,Tamil Nadu,Social Media,29,M
CUST03780,2024-06-13,Jodhpur,Rajasthan,Organic,50,Other
CUST03781,2023-11-22,Udaipur,Rajasthan,Organic,48,Other
CUST03782,2024-01-28,Lucknow,Uttar Pradesh,Social Media,23,F
CUST03783,2023-02-24,Delhi,Delhi,Paid Search,52,F
CUST03784,2023-04-24,Nagpur,Maharashtra,Organic,22,M
CUST03785,2023-04-13,Delhi,Delhi,Paid Search,51,Other
CUST03786,2024-05-13,Coimbatore,Tamil Nadu,Direct,40,M
CUST03787,2023-12-05,Surat,Gujarat,Referral,24,Other
CUST03788,2023-11-21,Kolkata,West Bengal,Paid Search,30,Other
CUST03789,2023-05-27,Udaipur,Rajasthan,Direct,62,M
CUST03790,2024-06-03,Madurai,Tamil Nadu,Referral,53,F
CUST03791,2024-10-29,Siliguri,West Bengal,Direct,41,M
CUST03792,2024-08-09,Mumbai,Maharashtra,Referral,30,M
CUST03793,2024-07-15,Ahmedabad,Gujarat,Direct,41,Other
CUST03794,2023-10-24,Surat,Gujarat,Direct,18,F
CUST03795,2023-07-02,Jaipur,Rajasthan,Paid Search,24,Other
CUST03796,2024-03-27,Hubli,Karnataka,Paid Search,48,F
CUST03797,2023-06-30,Ahmedabad,Gujarat,Email,20,Other
CUST03798,2024-06-15,Ahmedabad,Gujarat,Social Media,52,F
CUST03799,2023-12-18,Lucknow,Uttar Pradesh,Organic,21,F
CUST03800,2024-01-25,Delhi,Delhi,Referral,27,F
CUST03801,2023-11-20,Surat,Gujarat,Organic,51,F
CUST03802,2023-08-05,Mysore,Karnataka,Social Media,65,F
CUST03803,2024-06-08,Kolkata,West Bengal,Organic,36,F
CUST03804,2024-03-16,New Delhi,Delhi,Paid Search,51,Other
CUST03805,2023-05-30,Mysore,Karnataka,Organic,24,F
CUST03806,2024-03-06,Surat,Gujarat,Organic,29,Other
CUST03807,2023-12-12,Madurai,Tamil Nadu,Organic,32,M
CUST03808,2023-06-29,Kanpur,Uttar Pradesh,Email,52,M
CUST03809,2023-09-19,Agra,Uttar Pradesh,Direct,37,M
CUST03810,2023-06-16,Kolkata,West Bengal,Social Media,44,M
CUST03811,2024-11-24,Surat,Gujarat,Direct,21,M
CUST03812,2024-02-26,Bangalore,Karnataka,Email,18,M
CUST03813,2023-06-30,Jaipur,Rajasthan,Referral,41,F
CUST03814,2023-11-05,Mysore,Karnataka,Paid Search,55,Other
CUST03815,2024-01-11,Chennai,Tamil Nadu,Social Media,28,M
CUST03816,2023-05-01,Hubli,Karnataka,Organic,48,M
CUST03817,2023-04-15,New Delhi,Delhi,Direct,61,Other
CUST03818,2023-01-15,Coimbatore,Tamil Nadu,Organic,61,Other
CUST03819,2023-07-13,Agra,Uttar Pradesh,Direct,30,F
CUST03820,2023-05-21,Chennai,Tamil Nadu,Referral,31,Other
CUST03821,2024-11-23,Kolkata,West Bengal,Email,36,F
CUST03822,2023-05-04,Delhi,Delhi,Email,44,Other
CUST03823,2023-03-25,Kanpur,Uttar Pradesh,Paid Search,57,M
CUST03824,2024-02-08,Siliguri,West Bengal,Direct,56,F
CUST03825,2023-05-24,Mumbai,Maharashtra,Referral,55,M
CUST03826,2023-05-11,Agra,Uttar Pradesh,Paid Search,54,M
CUST03827,2023-08-31,Hubli,Karnataka,Paid Search,26,Other
CUST03828,2023-05-10,Mumbai,Maharashtra,Paid Search,65,M
CUST03829,2023-04-12,Hubli,Karnataka,Referral,26,M
CUST03830,2023-09-17,Lucknow,Uttar Pradesh,Email,18,Other
CUST03831,2024-08-08,Madurai,Tamil Nadu,Organic,62,M
CUST03832,2024-10-06,Kolkata,West Bengal,Social Media,31,F
CUST03833,2023-06-15,New Delhi,Delhi,Direct,59,M
CUST03834,2024-05-28,Surat,Gujarat,Referral,42,Other
CUST03835,2024-07-29,Kanpur,Uttar Pradesh,Direct,30,Other
CUST03836,2024-09-29,New Delhi,Delhi,Referral,40,M
CUST03837,2024-04-26,Coimbatore,Tamil Nadu,Referral,35,F
CUST03838,2023-05-11,Pune,Maharashtra,Organic,45,F
CUST03839,2024-03-26,New Delhi,Delhi,Organic,65,F
CUST03840,2023-01-11,Lucknow,Uttar Pradesh,Referral,25,F
CUST03841,2024-03-25,Delhi,Delhi,Social Media,29,F
CUST03842,2023-08-23,Pune,Maharashtra,Email,22,Other
CUST03843,2024-03-27,Jodhpur,Rajasthan,Social Media,59,M
CUST03844,2023-11-02,Jaipur,Rajasthan,Direct,35,F
CUST03845,2024-02-20,Siliguri,West Bengal,Paid Search,48,M
CUST03846,2024-07-05,Jaipur,Rajasthan,Organic,33,Other
CUST03847,2024-01-29,Jodhpur,Rajasthan,Paid Search,53,Other
CUST03848,2024-05-27,New Delhi,Delhi,Social Media,64,F
CUST03849,2024-01-27,Agra,Uttar Pradesh,Organic,35,Other
CUST03850,2024-04-21,Agra,Uttar Pradesh,Referral,19,M
CUST03851,2024-12-14,Bangalore,Karnataka,Social Media,34,M
CUST03852,2023-12-31,Delhi,Delhi,Email,18,M
CUST03853,2023-04-01,Pune,Maharashtra,Direct,53,F
CUST03854,2024-07-18,Ahmedabad,Gujarat,Referral,30,M
CUST03855,2024-04-28,Hubli,Karnataka,Social Media,64,F
CUST03856,2024-04-10,Agra,Uttar Pradesh,Social Media,55,M
CUST03857,2024-01-07,Siliguri,West Bengal,Organic,42,F
CUST03858,2023-07-09,Chennai,Tamil Nadu,Social Media,20,F
CUST03859,2024-05-06,Surat,Gujarat,Paid Search,52,F
CUST03860,2024-07-15,Jaipur,Rajasthan,Referral,53,M
CUST03861,2023-06-10,Bangalore,Karnataka,Email,26,M
CUST03862,2023-06-13,Kolkata,West Bengal,Paid Search,47,F
CUST03863,2024-01-01,Bangalore,Karnataka,Direct,53,F
CUST03864,2024-04-28,New Delhi,Delhi,Direct,31,M
CUST03865,2023-01-03,Ahmedabad,Gujarat,Organic,34,M
CUST03866,2023-04-01,Kolkata,West Bengal,Social Media,59,Other
CUST03867,2024-06-21,Jaipur,Rajasthan,Organic,39,M
CUST03868,2023-07-28,Bangalore,Karnataka,Social Media,56,Other
CUST03869,2023-11-13,Chennai,Tamil Nadu,Referral,62,F
CUST03870,2024-10-12,New Delhi,Delhi,Referral,31,F
CUST03871,2024-02-05,Ahmedabad,Gujarat,Organic,50,Other
CUST03872,2023-05-15,Madurai,Tamil Nadu,Social Media,18,F
CUST03873,2024-06-18,Surat,Gujarat,Referral,53,Other
CUST03874,2024-02-19,New Delhi,Delhi,Direct,24,Other
CUST03875,2024-03-16,Nagpur,Maharashtra,Social Media,30,M
CUST03876,2024-05-20,New Delhi,Delhi,Direct,20,Other
CUST03877,2023-12-02,New Delhi,Delhi,Paid Search,30,M
CUST03878,2024-11-12,Kanpur,Uttar Pradesh,Organic,60,F
CUST03879,2023-05-07,Madurai,Tamil Nadu,Paid Search,20,M
CUST03880,2024-08-01,Coimbatore,Tamil Nadu,Direct,37,Other
CUST03881,2024-01-29,Kolkata,West Bengal,Direct,22,M
CUST03882,2024-09-29,Jodhpur,Rajasthan,Organic,28,F
CUST03883,2024-08-21,Nagpur,Maharashtra,Paid Search,61,F
CUST03884,2023-07-29,Bangalore,Karnataka,Paid Search,31,M
CUST03885,2024-08-30,Delhi,Delhi,Organic,45,M
CUST03886,2024-01-29,Delhi,Delhi,Direct,51,Other
CUST03887,2023-03-07,Surat,Gujarat,Paid Search,56,Other
CUST03888,2023-03-12,Coimbatore,Tamil Nadu,Referral,29,Other
CUST03889,2023-02-21,Jodhpur,Rajasthan,Social Media,34,Other
CUST03890,2023-02-10,Madurai,Tamil Nadu,Organic,30,F
CUST03891,2024-07-11,Kanpur,Uttar Pradesh,Email,47,M
CUST03892,2023-01-02,Hubli,Karnataka,Paid Search,21,M
CUST03893,2023-03-25,Hubli,Karnataka,Referral,43,Other
CUST03894,2024-08-12,New Delhi,Delhi,Email,29,Other
CUST03895,2023-01-24,Chennai,Tamil Nadu,Paid Search,21,Other
CUST03896,2023-01-07,Bangalore,Karnataka,Email,53,M
CUST03897,2024-04-09,Vadodara,Gujarat,Email,23,F
CUST03898,2023-05-23,Kanpur,Uttar Pradesh,Email,26,M
CUST03899,2024-12-02,Pune,Maharashtra,Referral,31,M
CUST03900,2024-10-21,Madurai,Tamil Nadu,Direct,23,Other
CUST03901,2024-07-24,Delhi,Delhi,Organic,45,Other
CUST03902,2024-12-03,Hubli,Karnataka,Social Media,47,M
CUST03903,2024-11-20,Kanpur,Uttar Pradesh,Organic,20,M
CUST03904,2023-02-18,Nagpur,Maharashtra,Direct,19,Other
CUST03905,2024-09-07,Mumbai,Maharashtra,Social Media,28,Other
CUST03906,2024-01-26,Bangalore,Karnataka,Direct,30,F
CUST03907,2024-09-14,Mysore,Karnataka,Email,59,F
CUST03908,2024-09-06,Nagpur,Maharashtra,Direct,56,M
CUST03909,2023-11-15,Delhi,Delhi,Social Media,42,Other
CUST03910,2023-08-28,Hubli,Karnataka,Direct,36,F
CUST03911,2024-12-05,Lucknow,Uttar Pradesh,Organic,52,M
CUST03912,2024-07-08,Jodhpur,Rajasthan,Referral,51,M
CUST03913,2024-09-15,New Delhi,Delhi,Social Media,50,Other
CUST03914,2023-07-08,Pune,Maharashtra,Referral,48,M
CUST03915,2023-07-24,Siliguri,West Bengal,Organic,20,Other
CUST03916,2023-02-18,Mumbai,Maharashtra,Direct,34,M
CUST03917,2023-02-23,Siliguri,West Bengal,Direct,39,M
CUST03918,2024-10-11,Vadodara,Gujarat,Email,35,Other
CUST03919,2024-09-09,Delhi,Delhi,Referral,54,M
CUST03920,2023-03-15,Coimbatore,Tamil Nadu,Paid Search,35,Other
CUST03921,2023-06-03,Coimbatore,Tamil Nadu,Social Media,60,M
CUST03922,2023-02-10,Surat,Gujarat,Paid Search,54,F
CUST03923,2024-03-01,Nagpur,Maharashtra,Direct,20,Other
CUST03924,2024-09-30,Jaipur,Rajasthan,Referral,31,M
CUST03925,2024-07-01,Siliguri,West Bengal,Email,40,M
CUST03926,2024-06-14,New Delhi,Delhi,Organic,21,F
CUST03927,2023-01-26,Mumbai,Maharashtra,Referral,34,Other
CUST03928,2023-08-28,Hubli,Karnataka,Email,65,M
CUST03929,2024-02-15,Agra,Uttar Pradesh,Direct,34,Other
CUST03930,2023-06-21,Delhi,Delhi,Referral,33,Other
CUST03931,2024-06-01,Coimbatore,Tamil Nadu,Direct,30,Other
CUST03932,2023-03-08,Mysore,Karnataka,Social Media,33,M
CUST03933,2024-02-01,Bangalore,Karnataka,Direct,43,Other
CUST03934,2024-03-12,Agra,Uttar Pradesh,Paid Search,51,Other
CUST03935,2023-06-09,Kanpur,Uttar Pradesh,Social Media,28,M
CUST03936,2023-10-31,Coimbatore,Tamil Nadu,Direct,26,F
CUST03937,2024-06-06,Kolkata,West Bengal,Organic,37,F
CUST03938,2023-03-11,Mysore,Karnataka,Organic,42,F
CUST03939,2024-10-14,Kolkata,West Bengal,Social Media,41,F
CUST03940,2024-03-08,Mumbai,Maharashtra,Referral,32,Other
CUST03941,2023-10-02,Surat,Gujarat,Email,61,M
CUST03942,2024-02-25,Lucknow,Uttar Pradesh,Direct,19,Other
CUST03943,2024-01-05,Mysore,Karnataka,Referral,37,F
CUST03944,2023-02-10,Kanpur,Uttar Pradesh,Email,54,Other
CUST03945,2023-03-11,Mumbai,Maharashtra,Direct,24,F
CUST03946,2023-02-09,Madurai,Tamil Nadu,Direct,50,Other
CUST03947,2023-07-04,Delhi,Delhi,Social Media,64,M
CUST03948,2023-12-20,Udaipur,Rajasthan,Direct,21,Other
CUST03949,2024-09-09,Ahmedabad,Gujarat,Social Media,61,Other
CUST03950,2024-10-17,Pune,Maharashtra,Paid Search,31,M
CUST03951,2023-04-04,Coimbatore,Tamil Nadu,Paid Search,51,F
CUST03952,2024-03-27,Vadodara,Gujarat,Organic,43,Other
CUST03953,2024-10-18,Chennai,Tamil Nadu,Organic,23,M
CUST03954,2023-02-10,Udaipur,Rajasthan,Referral,64,M
CUST03955,2023-10-24,Nagpur,Maharashtra,Paid Search,33,Other
CUST03956,2023-02-04,Hubli,Karnataka,Direct,30,F
CUST03957,2024-11-27,Chennai,Tamil Nadu,Referral,59,F
CUST03958,2023-08-10,Chennai,Tamil Nadu,Referral,20,Other
CUST03959,2023-01-14,Bangalore,Karnataka,Email,50,F
CUST03960,2024-05-13,Surat,Gujarat,Organic,47,Other
CUST03961,2024-07-31,Kolkata,West Bengal,Organic,29,M
CUST03962,2024-06-03,Mumbai,Maharashtra,Email,24,F
CUST03963,2024-09-23,Kolkata,West Bengal,Email,26,Other
CUST03964,2023-10-15,Mumbai,Maharashtra,Direct,42,F
CUST03965,2024-02-02,Udaipur,Rajasthan,Direct,49,F
CUST03966,2023-01-31,Agra,Uttar Pradesh,Organic,64,F
CUST03967,2024-04-21,Nagpur,Maharashtra,Direct,31,F
CUST03968,2023-10-28,Vadodara,Gujarat,Social Media,26,M
CUST03969,2023-06-05,Mysore,Karnataka,Email,22,M
CUST03970,2023-06-26,Lucknow,Uttar Pradesh,Email,36,M
CUST03971,2024-06-06,Coimbatore,Tamil Nadu,Email,48,F
CUST03972,2024-03-16,Nagpur,Maharashtra,Paid Search,44,M
CUST03973,2024-01-15,New Delhi,Delhi,Paid Search,56,Other
CUST03974,2023-02-21,New Delhi,Delhi,Paid Search,46,F
CUST03975,2024-11-11,Surat,Gujarat,Referral,22,M
CUST03976,2023-12-30,Lucknow,Uttar Pradesh,Direct,65,Other
CUST03977,2023-09-20,Lucknow,Uttar Pradesh,Email,52,F
CUST03978,2024-09-17,Pune,Maharashtra,Direct,19,F
CUST03979,2024-08-06,Coimbatore,Tamil Nadu,Referral,45,F
CUST03980,2023-07-01,Nagpur,Maharashtra,Direct,24,M
CUST03981,2023-08-15,Delhi,Delhi,Organic,20,M
CUST03982,2023-01-10,Nagpur,Maharashtra,Paid Search,41,F
CUST03983,2024-10-17,Kolkata,West Bengal,Organic,42,M
CUST03984,2024-10-23,Jaipur,Rajasthan,Social Media,65,M
CUST03985,2024-02-24,Bangalore,Karnataka,Paid Search,34,F
CUST03986,2024-06-02,Ahmedabad,Gujarat,Referral,50,Other
CUST03987,2024-10-27,Delhi,Delhi,Email,24,F
CUST03988,2023-05-19,Jodhpur,Rajasthan,Email,59,M
CUST03989,2023-07-16,Madurai,Tamil Nadu,Social Media,36,Other
CUST03990,2024-05-29,Mumbai,Maharashtra,Paid Search,37,Other
CUST03991,2023-01-25,Nagpur,Maharashtra,Referral,30,F
CUST03992,2023-08-18,Lucknow,Uttar Pradesh,Referral,60,Other
CUST03993,2023-03-26,Delhi,Delhi,Organic,31,M
CUST03994,2024-10-06,Vadodara,Gujarat,Direct,25,M
CUST03995,2024-04-04,Hubli,Karnataka,Social Media,46,Other
CUST03996,2024-08-24,Nagpur,Maharashtra,Organic,50,F
CUST03997,2023-06-03,Mysore,Karnataka,Social Media,54,M
CUST03998,2024-01-22,Nagpur,Maharashtra,Referral,34,Other
CUST03999,2023-09-30,Delhi,Delhi,Email,63,Other
CUST04000,2023-08-17,Siliguri,West Bengal,Direct,36,Other
CUST04001,2024-10-01,Jaipur,Rajasthan,Email,36,M
CUST04002,2024-08-16,Vadodara,Gujarat,Referral,58,Other
CUST04003,2024-06-16,Chennai,Tamil Nadu,Social Media,54,M
CUST04004,2023-08-12,Lucknow,Uttar Pradesh,Email,37,Other
CUST04005,2023-12-08,Chennai,Tamil Nadu,Paid Search,24,M
CUST04006,2024-02-10,Coimbatore,Tamil Nadu,Paid Search,45,F
CUST04007,2023-08-21,Pune,Maharashtra,Email,62,M
CUST04008,2023-09-16,Jaipur,Rajasthan,Referral,58,M
CUST04009,2023-04-01,Jodhpur,Rajasthan,Organic,59,F
CUST04010,2023-08-14,New Delhi,Delhi,Social Media,53,Other
CUST04011,2023-08-26,Madurai,Tamil Nadu,Email,32,F
CUST04012,2024-07-25,Vadodara,Gujarat,Paid Search,51,M
CUST04013,2024-10-06,Pune,Maharashtra,Organic,40,F
CUST04014,2024-11-05,Bangalore,Karnataka,Direct,54,Other
CUST04015,2024-04-10,Siliguri,West Bengal,Organic,53,M
CUST04016,2024-05-10,Siliguri,West Bengal,Email,61,M
CUST04017,2023-01-25,Siliguri,West Bengal,Organic,53,F
CUST04018,2023-04-15,Siliguri,West Bengal,Referral,58,M
CUST04019,2024-11-16,Chennai,Tamil Nadu,Email,48,F
CUST04020,2024-11-14,Hubli,Karnataka,Direct,27,M
CUST04021,2024-04-30,Vadodara,Gujarat,Social Media,25,F
CUST04022,2024-02-08,Coimbatore,Tamil Nadu,Referral,52,M
CUST04023,2024-08-24,Madurai,Tamil Nadu,Social Media,50,F
CUST04024,2023-06-22,Mumbai,Maharashtra,Paid Search,48,M
CUST04025,2024-06-24,Mumbai,Maharashtra,Direct,50,F
CUST04026,2024-06-14,Siliguri,West Bengal,Organic,21,M
CUST04027,2023-02-20,Kolkata,West Bengal,Organic,23,Other
CUST04028,2024-03-23,Madurai,Tamil Nadu,Social Media,19,M
CUST04029,2024-10-21,Mysore,Karnataka,Email,21,Other
CUST04030,2024-06-02,Lucknow,Uttar Pradesh,Social Media,58,Other
CUST04031,2024-03-29,Hubli,Karnataka,Social Media,21,F
CUST04032,2024-11-22,Kolkata,West Bengal,Direct,51,M
CUST04033,2023-05-06,Udaipur,Rajasthan,Referral,58,M
CUST04034,2024-05-06,Nagpur,Maharashtra,Social Media,32,Other
CUST04035,2024-12-12,Kanpur,Uttar Pradesh,Organic,49,F
CUST04036,2023-11-04,Udaipur,Rajasthan,Social Media,43,M
CUST04037,2024-05-13,Nagpur,Maharashtra,Referral,26,Other
CUST04038,2024-11-07,Siliguri,West Bengal,Direct,26,Other
CUST04039,2023-09-23,Delhi,Delhi,Organic,53,M
CUST04040,2023-11-05,Udaipur,Rajasthan,Direct,48,F
CUST04041,2023-01-19,Mumbai,Maharashtra,Email,62,Other
CUST04042,2024-01-05,Mysore,Karnataka,Organic,43,Other
CUST04043,2023-12-01,Lucknow,Uttar Pradesh,Paid Search,30,M
CUST04044,2023-12-12,Jaipur,Rajasthan,Organic,26,F
CUST04045,2024-03-06,Vadodara,Gujarat,Paid Search,30,F
CUST04046,2023-02-23,Kolkata,West Bengal,Referral,52,M
CUST04047,2024-01-09,Jaipur,Rajasthan,Paid Search,28,Other
CUST04048,2024-08-24,Bangalore,Karnataka,Email,28,M
CUST04049,2024-05-11,Kolkata,West Bengal,Paid Search,45,M
CUST04050,2023-02-28,Ahmedabad,Gujarat,Referral,49,Other
CUST04051,2023-02-20,Surat,Gujarat,Organic,30,M
CUST04052,2024-08-06,Jaipur,Rajasthan,Direct,52,F
CUST04053,2023-07-03,Kanpur,Uttar Pradesh,Email,21,Other
CUST04054,2024-04-27,Delhi,Delhi,Organic,27,F
CUST04055,2023-12-31,Agra,Uttar Pradesh,Organic,24,F
CUST04056,2023-02-01,Kanpur,Uttar Pradesh,Organic,33,F
CUST04057,2024-08-30,Madurai,Tamil Nadu,Social Media,24,F
CUST04058,2024-04-18,Udaipur,Rajasthan,Organic,27,F
CUST04059,2023-04-15,Udaipur,Rajasthan,Email,28,M
CUST04060,2023-10-27,Bangalore,Karnataka,Paid Search,58,M
CUST04061,2024-01-09,Udaipur,Rajasthan,Email,29,M
CUST04062,2023-12-16,Coimbatore,Tamil Nadu,Email,44,M
CUST04063,2024-06-30,Vadodara,Gujarat,Referral,64,Other
CUST04064,2024-06-18,Jaipur,Rajasthan,Referral,32,Other
CUST04065,2024-03-17,Chennai,Tamil Nadu,Email,29,Other
CUST04066,2023-01-05,Surat,Gujarat,Organic,39,M
CUST04067,2023-06-18,Udaipur,Rajasthan,Organic,49,Other
CUST04068,2024-09-04,Siliguri,West Bengal,Direct,25,F
CUST04069,2024-08-15,Udaipur,Rajasthan,Organic,43,F
CUST04070,2024-02-24,Coimbatore,Tamil Nadu,Email,27,M
CUST04071,2024-02-05,Ahmedabad,Gujarat,Referral,52,M
CUST04072,2023-11-09,Hubli,Karnataka,Paid Search,29,M
CUST04073,2023-09-21,Surat,Gujarat,Direct,28,M
CUST04074,2023-09-25,Siliguri,West Bengal,Organic,39,Other
CUST04075,2023-03-01,Jaipur,Rajasthan,Direct,34,F
CUST04076,2024-05-16,New Delhi,Delhi,Email,59,M
CUST04077,2023-12-28,Hubli,Karnataka,Paid Search,38,Other
CUST04078,2024-10-24,Siliguri,West Bengal,Email,20,Other
CUST04079,2023-07-21,Lucknow,Uttar Pradesh,Referral,57,Other
CUST04080,2024-06-04,Agra,Uttar Pradesh,Organic,28,M
CUST04081,2024-12-09,Pune,Maharashtra,Organic,56,Other
CUST04082,2023-05-03,Madurai,Tamil Nadu,Email,45,Other
CUST04083,2023-08-25,Agra,Uttar Pradesh,Social Media,59,M
CUST04084,2023-07-25,Agra,Uttar Pradesh,Social Media,65,Other
CUST04085,2023-09-04,Hubli,Karnataka,Organic,36,F
CUST04086,2023-12-04,Udaipur,Rajasthan,Email,50,F
CUST04087,2024-09-22,Nagpur,Maharashtra,Direct,46,M
CUST04088,2023-07-23,Ahmedabad,Gujarat,Paid Search,52,F
CUST04089,2024-09-03,Jodhpur,Rajasthan,Referral,30,Other
CUST04090,2023-05-31,New Delhi,Delhi,Email,46,F
CUST04091,2024-07-27,Kolkata,West Bengal,Email,22,Other
CUST04092,2024-05-09,Jodhpur,Rajasthan,Email,52,F
CUST04093,2023-03-18,Kolkata,West Bengal,Email,54,F
CUST04094,2024-06-25,Udaipur,Rajasthan,Paid Search,26,F
CUST04095,2024-12-22,Coimbatore,Tamil Nadu,Direct,20,Other
CUST04096,2024-04-06,Vadodara,Gujarat,Email,18,F
CUST04097,2024-11-26,New Delhi,Delhi,Social Media,21,Other
CUST04098,2024-01-05,Lucknow,Uttar Pradesh,Direct,41,F
CUST04099,2024-10-23,Siliguri,West Bengal,Direct,47,Other
CUST04100,2023-02-23,Mumbai,Maharashtra,Direct,25,M
CUST04101,2023-08-26,Agra,Uttar Pradesh,Paid Search,65,F
CUST04102,2024-01-20,Surat,Gujarat,Social Media,29,Other
CUST04103,2024-11-20,Siliguri,West Bengal,Email,43,M
CUST04104,2024-07-10,Delhi,Delhi,Email,36,M
CUST04105,2023-10-03,Madurai,Tamil Nadu,Paid Search,61,Other
CUST04106,2023-02-11,Kanpur,Uttar Pradesh,Paid Search,30,Other
CUST04107,2024-03-09,Mysore,Karnataka,Referral,28,F
CUST04108,2024-03-22,Hubli,Karnataka,Direct,38,M
CUST04109,2024-03-08,Vadodara,Gujarat,Referral,29,F
CUST04110,2024-05-14,Kolkata,West Bengal,Email,28,F
CUST04111,2024-11-12,Madurai,Tamil Nadu,Paid Search,39,Other
CUST04112,2023-12-28,Ahmedabad,Gujarat,Paid Search,50,M
CUST04113,2023-03-27,Siliguri,West Bengal,Social Media,19,Other
CUST04114,2023-07-09,Udaipur,Rajasthan,Social Media,42,Other
CUST04115,2024-11-13,Ahmedabad,Gujarat,Email,38,F
CUST04116,2023-10-09,Kanpur,Uttar Pradesh,Paid Search,18,M
CUST04117,2024-12-29,Agra,Uttar Pradesh,Email,25,Other
CUST04118,2024-06-13,Bangalore,Karnataka,Referral,56,F
CUST04119,2023-07-29,New Delhi,Delhi,Paid Search,51,Other
CUST04120,2023-04-10,Vadodara,Gujarat,Paid Search,35,M
CUST04121,2023-02-27,Mysore,Karnataka,Paid Search,43,F
CUST04122,2023-06-23,Mysore,Karnataka,Social Media,47,M
CUST04123,2024-07-22,Surat,Gujarat,Paid Search,24,M
CUST04124,2024-03-26,Delhi,Delhi,Email,31,F
CUST04125,2024-10-24,Udaipur,Rajasthan,Email,24,M
CUST04126,2023-03-23,Siliguri,West Bengal,Social Media,20,M
CUST04127,2023-12-20,Lucknow,Uttar Pradesh,Direct,59,M
CUST04128,2023-01-06,Lucknow,Uttar Pradesh,Organic,40,M
CUST04129,2024-08-25,Jodhpur,Rajasthan,Email,51,M
CUST04130,2023-09-23,Udaipur,Rajasthan,Organic,56,Other
CUST04131,2024-09-17,Delhi,Delhi,Organic,35,F
CUST04132,2023-01-31,New Delhi,Delhi,Email,51,Other
CUST04133,2024-04-11,Surat,Gujarat,Paid Search,26,F
CUST04134,2024-12-16,Siliguri,West Bengal,Organic,38,Other
CUST04135,2023-10-18,Siliguri,West Bengal,Email,46,F
CUST04136,2023-09-18,Lucknow,Uttar Pradesh,Paid Search,49,Other
CUST04137,2023-05-26,Vadodara,Gujarat,Social Media,65,Other
CUST04138,2023-11-15,Agra,Uttar Pradesh,Direct,39,Other
CUST04139,2023-10-21,Siliguri,West Bengal,Social Media,63,Other
CUST04140,2024-09-13,Lucknow,Uttar Pradesh,Email,26,F
CUST04141,2023-11-06,Bangalore,Karnataka,Direct,45,F
CUST04142,2023-04-25,Mumbai,Maharashtra,Organic,20,M
CUST04143,2024-07-30,Delhi,Delhi,Social Media,58,M
CUST04144,2023-09-20,Chennai,Tamil Nadu,Paid Search,26,Other
CUST04145,2023-01-19,Mysore,Karnataka,Social Media,22,M
CUST04146,2024-09-08,Pune,Maharashtra,Social Media,48,M
CUST04147,2023-10-19,Madurai,Tamil Nadu,Direct,45,Other
CUST04148,2024-01-03,New Delhi,Delhi,Social Media,37,F
CUST04149,2024-04-02,Siliguri,West Bengal,Email,57,Other
CUST04150,2024-08-09,Jaipur,Rajasthan,Referral,62,M
CUST04151,2023-11-14,Siliguri,West Bengal,Direct,46,Other
CUST04152,2024-06-27,Agra,Uttar Pradesh,Referral,27,Other
CUST04153,2023-08-03,Mumbai,Maharashtra,Social Media,50,Other
CUST04154,2023-12-16,Delhi,Delhi,Social Media,31,M
CUST04155,2023-01-27,Chennai,Tamil Nadu,Direct,52,M
CUST04156,2023-01-17,New Delhi,Delhi,Organic,26,M
CUST04157,2024-01-23,New Delhi,Delhi,Direct,37,Other
CUST04158,2024-07-08,Bangalore,Karnataka,Referral,65,M
CUST04159,2023-08-28,Hubli,Karnataka,Paid Search,44,F
CUST04160,2023-03-31,Jaipur,Rajasthan,Paid Search,63,Other
CUST04161,2024-11-19,Jodhpur,Rajasthan,Organic,52,M
CUST04162,2023-06-30,Jodhpur,Rajasthan,Email,63,M
CUST04163,2023-10-31,Jaipur,Rajasthan,Paid Search,40,F
CUST04164,2024-10-26,Jodhpur,Rajasthan,Social Media,65,F
CUST04165,2024-07-21,Kanpur,Uttar Pradesh,Paid Search,42,M
CUST04166,2023-03-18,Pune,Maharashtra,Paid Search,57,M
CUST04167,2023-09-11,Jodhpur,Rajasthan,Direct,53,M
CUST04168,2023-09-19,Mysore,Karnataka,Organic,53,M
CUST04169,2024-03-23,Jaipur,Rajasthan,Direct,48,M
CUST04170,2024-12-01,Mysore,Karnataka,Direct,31,M
CUST04171,2023-11-03,Udaipur,Rajasthan,Direct,31,Other
CUST04172,2023-12-09,New Delhi,Delhi,Social Media,29,M
CUST04173,2024-11-13,New Delhi,Delhi,Direct,44,M
CUST04174,2024-09-16,Hubli,Karnataka,Referral,38,Other
CUST04175,2024-02-26,Hubli,Karnataka,Social Media,33,Other
CUST04176,2023-02-20,New Delhi,Delhi,Paid Search,38,Other
CUST04177,2023-04-17,Vadodara,Gujarat,Paid Search,54,Other
CUST04178,2023-02-10,Coimbatore,Tamil Nadu,Email,37,F
CUST04179,2024-09-28,Kolkata,West Bengal,Referral,64,Other
CUST04180,2023-07-07,Udaipur,Rajasthan,Direct,49,M
CUST04181,2024-12-26,Delhi,Delhi,Social Media,33,M
CUST04182,2023-03-08,Surat,Gujarat,Social Media,54,F
CUST04183,2024-06-10,Bangalore,Karnataka,Referral,56,Other
CUST04184,2024-12-03,Jaipur,Rajasthan,Paid Search,54,M
CUST04185,2024-09-01,Jaipur,Rajasthan,Paid Search,21,F
CUST04186,2024-10-27,Madurai,Tamil Nadu,Email,47,Other
CUST04187,2024-08-16,Udaipur,Rajasthan,Organic,31,F
CUST04188,2023-10-16,Ahmedabad,Gujarat,Email,53,Other
CUST04189,2024-06-26,Chennai,Tamil Nadu,Paid Search,19,Other
CUST04190,2023-04-30,Bangalore,Karnataka,Social Media,43,Other
CUST04191,2023-12-16,Nagpur,Maharashtra,Paid Search,29,M
CUST04192,2023-10-30,Pune,Maharashtra,Email,49,Other
CUST04193,2023-10-22,Udaipur,Rajasthan,Email,50,Other
CUST04194,2023-05-09,Jodhpur,Rajasthan,Direct,31,Other
CUST04195,2023-02-17,Vadodara,Gujarat,Email,40,M
CUST04196,2023-08-27,Madurai,Tamil Nadu,Email,43,M
CUST04197,2024-08-06,Mumbai,Maharashtra,Organic,35,F
CUST04198,2023-05-02,Coimbatore,Tamil Nadu,Direct,23,Other
CUST04199,2024-02-04,Ahmedabad,Gujarat,Referral,22,F
CUST04200,2024-03-23,New Delhi,Delhi,Direct,54,M
CUST04201,2024-01-07,Mumbai,Maharashtra,Direct,54,M
CUST04202,2023-07-03,Vadodara,Gujarat,Organic,23,F
CUST04203,2024-02-25,Coimbatore,Tamil Nadu,Social Media,59,Other
CUST04204,2023-05-25,Chennai,Tamil Nadu,Email,30,M
CUST04205,2024-01-24,Siliguri,West Bengal,Organic,31,Other
CUST04206,2023-03-10,Jaipur,Rajasthan,Email,25,M
CUST04207,2023-12-27,Kolkata,West Bengal,Direct,27,Other
CUST04208,2024-02-04,New Delhi,Delhi,Paid Search,28,M
CUST04209,2024-05-26,Jodhpur,Rajasthan,Referral,60,M
CUST04210,2023-11-04,Mumbai,Maharashtra,Email,65,Other
CUST04211,2023-02-20,Bangalore,Karnataka,Organic,42,F
CUST04212,2024-03-27,Bangalore,Karnataka,Paid Search,20,M
CUST04213,2024-06-08,Pune,Maharashtra,Paid Search,64,F
CUST04214,2023-04-02,Jaipur,Rajasthan,Paid Search,57,Other
CUST04215,2023-09-02,Chennai,Tamil Nadu,Social Media,54,M
CUST04216,2024-09-02,Siliguri,West Bengal,Social Media,31,Other
CUST04217,2024-06-09,Nagpur,Maharashtra,Paid Search,47,Other
CUST04218,2023-08-22,Agra,Uttar Pradesh,Organic,27,F
CUST04219,2024-03-16,New Delhi,Delhi,Organic,36,M
CUST04220,2024-10-13,Kolkata,West Bengal,Social Media,18,Other
CUST04221,2023-05-27,Ahmedabad,Gujarat,Paid Search,56,F
CUST04222,2024-05-26,Kolkata,West Bengal,Organic,55,M
CUST04223,2023-04-02,Surat,Gujarat,Direct,42,M
CUST04224,2023-07-07,Mumbai,Maharashtra,Direct,60,Other
CUST04225,2023-12-29,Ahmedabad,Gujarat,Direct,55,F
CUST04226,2023-08-18,Mumbai,Maharashtra,Paid Search,47,M
CUST04227,2023-07-11,Delhi,Delhi,Paid Search,45,F
CUST04228,2024-12-02,Vadodara,Gujarat,Social Media,42,F
CUST04229,2024-07-10,New Delhi,Delhi,Organic,34,M
CUST04230,2024-12-14,New Delhi,Delhi,Paid Search,48,M
CUST04231,2024-04-07,Kolkata,West Bengal,Social Media,57,M
CUST04232,2024-08-21,Jaipur,Rajasthan,Email,49,F
CUST04233,2024-12-21,Mumbai,Maharashtra,Email,57,M
CUST04234,2024-09-12,Udaipur,Rajasthan,Direct,23,F
CUST04235,2023-02-21,Kolkata,West Bengal,Referral,32,M
CUST04236,2024-02-13,Delhi,Delhi,Email,59,M
CUST04237,2024-03-17,Surat,Gujarat,Social Media,28,Other
CUST04238,2023-11-04,Mumbai,Maharashtra,Direct,63,F
CUST04239,2023-04-16,Mumbai,Maharashtra,Organic,25,M
CUST04240,2024-11-02,Surat,Gujarat,Referral,54,Other
CUST04241,2024-01-23,Jodhpur,Rajasthan,Referral,37,Other
CUST04242,2024-11-25,Mysore,Karnataka,Referral,55,Other
CUST04243,2024-01-13,Surat,Gujarat,Social Media,45,M
CUST04244,2024-12-24,Coimbatore,Tamil Nadu,Referral,24,M
CUST04245,2024-09-17,Kanpur,Uttar Pradesh,Referral,18,M
CUST04246,2024-11-28,Nagpur,Maharashtra,Organic,25,Other
CUST04247,2024-08-20,Bangalore,Karnataka,Paid Search,19,Other
CUST04248,2023-05-14,Kolkata,West Bengal,Organic,46,F
CUST04249,2023-02-11,Lucknow,Uttar Pradesh,Referral,28,F
CUST04250,2023-06-26,Nagpur,Maharashtra,Organic,51,M
CUST04251,2024-03-02,Surat,Gujarat,Organic,27,Other
CUST04252,2023-01-03,Nagpur,Maharashtra,Organic,39,Other
CUST04253,2023-01-26,Pune,Maharashtra,Organic,30,Other
CUST04254,2024-01-27,Pune,Maharashtra,Referral,24,M
CUST04255,2023-08-02,Pune,Maharashtra,Direct,32,F
CUST04256,2023-05-04,Bangalore,Karnataka,Social Media,41,Other
CUST04257,2023-06-05,Kanpur,Uttar Pradesh,Social Media,30,F
CUST04258,2024-04-01,New Delhi,Delhi,Direct,30,M
CUST04259,2023-12-05,Nagpur,Maharashtra,Referral,29,F
CUST04260,2024-05-12,Surat,Gujarat,Referral,63,F
CUST04261,2024-01-29,Kanpur,Uttar Pradesh,Organic,31,M
CUST04262,2024-09-29,Pune,Maharashtra,Paid Search,60,M
CUST04263,2024-06-03,Kolkata,West Bengal,Referral,34,F
CUST04264,2023-05-16,Siliguri,West Bengal,Paid Search,23,F
CUST04265,2024-02-10,Hubli,Karnataka,Paid Search,26,Other
CUST04266,2023-03-26,Jaipur,Rajasthan,Organic,21,F
CUST04267,2023-11-02,Siliguri,West Bengal,Referral,24,F
CUST04268,2024-02-25,Vadodara,Gujarat,Email,19,M
CUST04269,2024-12-12,Bangalore,Karnataka,Referral,55,F
CUST04270,2024-03-21,Jaipur,Rajasthan,Social Media,20,M
CUST04271,2023-07-28,Agra,Uttar Pradesh,Paid Search,52,Other
CUST04272,2024-01-04,Hubli,Karnataka,Email,62,Other
CUST04273,2024-05-03,Agra,Uttar Pradesh,Organic,38,M
CUST04274,2024-01-03,Mysore,Karnataka,Paid Search,20,F
CUST04275,2024-06-11,Nagpur,Maharashtra,Social Media,59,Other
CUST04276,2024-01-06,Jodhpur,Rajasthan,Email,51,F
CUST04277,2024-11-02,Madurai,Tamil Nadu,Organic,30,F
CUST04278,2023-10-20,Udaipur,Rajasthan,Organic,44,F
CUST04279,2023-01-19,Lucknow,Uttar Pradesh,Referral,42,M
CUST04280,2024-10-26,New Delhi,Delhi,Referral,36,M
CUST04281,2024-05-01,Jodhpur,Rajasthan,Email,35,M
CUST04282,2024-11-07,Chennai,Tamil Nadu,Social Media,45,M
CUST04283,2023-12-14,Madurai,Tamil Nadu,Direct,50,Other
CUST04284,2023-01-13,Agra,Uttar Pradesh,Email,25,Other
CUST04285,2024-06-08,Jaipur,Rajasthan,Organic,63,F
CUST04286,2024-04-24,Delhi,Delhi,Direct,26,M
CUST04287,2023-07-17,Coimbatore,Tamil Nadu,Organic,50,F
CUST04288,2024-06-04,New Delhi,Delhi,Organic,44,M
CUST04289,2024-08-28,New Delhi,Delhi,Direct,60,Other
CUST04290,2024-05-04,Lucknow,Uttar Pradesh,Email,23,M
CUST04291,2023-11-22,Vadodara,Gujarat,Direct,57,Other
CUST04292,2024-02-23,Jaipur,Rajasthan,Organic,23,F
CUST04293,2024-11-20,Nagpur,Maharashtra,Email,50,Other
CUST04294,2023-12-06,Agra,Uttar Pradesh,Email,19,M
CUST04295,2024-10-10,Siliguri,West Bengal,Social Media,52,M
CUST04296,2024-08-27,New Delhi,Delhi,Referral,40,Other
CUST04297,2024-01-14,Madurai,Tamil Nadu,Referral,50,F
CUST04298,2023-04-10,Jaipur,Rajasthan,Email,29,M
CUST04299,2024-01-19,Pune,Maharashtra,Email,20,F
CUST04300,2023-03-13,Jodhpur,Rajasthan,Referral,60,M
CUST04301,2024-06-08,New Delhi,Delhi,Referral,54,M
CUST04302,2024-11-22,Agra,Uttar Pradesh,Referral,23,Other
CUST04303,2024-03-03,Bangalore,Karnataka,Email,49,Other
CUST04304,2024-10-01,Lucknow,Uttar Pradesh,Email,60,F
CUST04305,2024-02-15,Delhi,Delhi,Direct,43,Other
CUST04306,2023-07-18,Udaipur,Rajasthan,Direct,21,F
CUST04307,2023-12-01,Nagpur,Maharashtra,Social Media,32,Other
CUST04308,2023-10-23,Mysore,Karnataka,Organic,55,F
CUST04309,2023-05-30,Mysore,Karnataka,Referral,20,F
CUST04310,2024-04-19,Chennai,Tamil Nadu,Referral,36,Other
CUST04311,2023-02-16,Coimbatore,Tamil Nadu,Direct,42,F
CUST04312,2023-07-04,Mysore,Karnataka,Email,60,Other
CUST04313,2024-08-25,Kolkata,West Bengal,Social Media,58,M
CUST04314,2024-03-07,Siliguri,West Bengal,Email,42,F
CUST04315,2023-06-10,Madurai,Tamil Nadu,Social Media,57,F
CUST04316,2023-05-03,Pune,Maharashtra,Referral,50,F
CUST04317,2023-05-07,New Delhi,Delhi,Referral,18,M
CUST04318,2024-07-06,Ahmedabad,Gujarat,Referral,27,M
CUST04319,2023-08-26,Vadodara,Gujarat,Paid Search,58,F
CUST04320,2023-06-10,Agra,Uttar Pradesh,Email,26,M
CUST04321,2024-06-14,Coimbatore,Tamil Nadu,Email,43,Other
CUST04322,2024-10-05,Madurai,Tamil Nadu,Organic,45,M
CUST04323,2024-02-15,Kanpur,Uttar Pradesh,Referral,27,Other
CUST04324,2024-01-24,Udaipur,Rajasthan,Email,22,F
CUST04325,2023-05-04,Nagpur,Maharashtra,Organic,23,F
CUST04326,2024-07-30,Bangalore,Karnataka,Organic,55,Other
CUST04327,2024-02-16,Coimbatore,Tamil Nadu,Direct,56,Other
CUST04328,2023-03-07,New Delhi,Delhi,Direct,44,M
CUST04329,2023-10-23,Chennai,Tamil Nadu,Referral,64,F
CUST04330,2023-04-13,Pune,Maharashtra,Paid Search,33,M
CUST04331,2023-06-25,Kanpur,Uttar Pradesh,Email,50,M
CUST04332,2023-07-14,Siliguri,West Bengal,Direct,19,M
CUST04333,2023-08-13,Surat,Gujarat,Social Media,49,M
CUST04334,2024-08-19,Lucknow,Uttar Pradesh,Email,24,F
CUST04335,2024-02-12,Vadodara,Gujarat,Organic,30,Other
CUST04336,2024-12-20,Kanpur,Uttar Pradesh,Organic,54,F
CUST04337,2024-11-06,Kolkata,West Bengal,Referral,65,F
CUST04338,2023-01-01,Hubli,Karnataka,Paid Search,62,F
CUST04339,2024-04-01,Nagpur,Maharashtra,Email,64,M
CUST04340,2024-08-31,Siliguri,West Bengal,Email,27,M
CUST04341,2023-02-09,Lucknow,Uttar Pradesh,Referral,35,F
CUST04342,2023-03-16,Bangalore,Karnataka,Social Media,57,M
CUST04343,2023-01-09,Siliguri,West Bengal,Social Media,52,F
CUST04344,2024-05-03,Madurai,Tamil Nadu,Email,43,Other
CUST04345,2024-04-24,Jodhpur,Rajasthan,Email,42,Other
CUST04346,2023-01-14,Agra,Uttar Pradesh,Organic,38,F
CUST04347,2023-05-28,Kanpur,Uttar Pradesh,Direct,21,M
CUST04348,2023-10-30,Hubli,Karnataka,Paid Search,64,Other
CUST04349,2024-11-15,New Delhi,Delhi,Direct,48,F
CUST04350,2023-05-04,Madurai,Tamil Nadu,Referral,62,M
CUST04351,2023-08-26,Ahmedabad,Gujarat,Organic,48,M
CUST04352,2024-08-26,Kolkata,West Bengal,Paid Search,56,Other
CUST04353,2024-01-16,Kolkata,West Bengal,Referral,38,M
CUST04354,2024-02-24,Kolkata,West Bengal,Organic,50,Other
CUST04355,2024-01-24,Kanpur,Uttar Pradesh,Social Media,56,M
CUST04356,2023-04-23,Siliguri,West Bengal,Organic,21,M
CUST04357,2023-10-08,Lucknow,Uttar Pradesh,Social Media,51,Other
CUST04358,2023-05-14,Lucknow,Uttar Pradesh,Organic,36,F
CUST04359,2023-08-23,Siliguri,West Bengal,Direct,53,Other
CUST04360,2023-08-21,Siliguri,West Bengal,Referral,44,M
CUST04361,2024-03-31,Surat,Gujarat,Social Media,28,M
CUST04362,2023-10-08,Kanpur,Uttar Pradesh,Referral,41,F
CUST04363,2023-05-23,Jodhpur,Rajasthan,Email,19,Other
CUST04364,2024-01-18,Jodhpur,Rajasthan,Social Media,32,M
CUST04365,2024-06-12,Pune,Maharashtra,Paid Search,33,F
CUST04366,2024-10-22,Kanpur,Uttar Pradesh,Referral,26,Other
CUST04367,2023-09-12,Delhi,Delhi,Social Media,62,F
CUST04368,2024-03-29,Mumbai,Maharashtra,Referral,58,F
CUST04369,2024-05-13,Ahmedabad,Gujarat,Organic,18,Other
CUST04370,2023-09-06,Kolkata,West Bengal,Paid Search,25,M
CUST04371,2023-07-10,Delhi,Delhi,Paid Search,46,F
CUST04372,2023-10-20,Udaipur,Rajasthan,Direct,48,F
CUST04373,2024-07-30,Kolkata,West Bengal,Social Media,57,M
CUST04374,2024-10-22,Kolkata,West Bengal,Organic,23,M
CUST04375,2023-12-22,Agra,Uttar Pradesh,Organic,23,F
CUST04376,2024-11-11,Agra,Uttar Pradesh,Email,58,F
CUST04377,2023-08-22,Mumbai,Maharashtra,Email,18,M
CUST04378,2023-07-15,Udaipur,Rajasthan,Email,43,F
CUST04379,2024-06-15,Udaipur,Rajasthan,Paid Search,30,M
CUST04380,2024-03-06,Delhi,Delhi,Referral,18,F
CUST04381,2024-04-24,Jaipur,Rajasthan,Direct,44,F
CUST04382,2023-06-10,Delhi,Delhi,Organic,27,Other
CUST04383,2024-03-04,Bangalore,Karnataka,Organic,31,Other
CUST04384,2023-08-27,Lucknow,Uttar Pradesh,Direct,48,F
CUST04385,2024-06-03,Coimbatore,Tamil Nadu,Social Media,62,Other
CUST04386,2024-06-26,Kolkata,West Bengal,Referral,53,F
CUST04387,2024-02-14,Delhi,Delhi,Social Media,50,M
CUST04388,2024-03-28,Lucknow,Uttar Pradesh,Organic,60,Other
CUST04389,2024-03-08,Madurai,Tamil Nadu,Social Media,34,F
CUST04390,2023-05-03,Lucknow,Uttar Pradesh,Organic,61,F
CUST04391,2024-07-17,Kanpur,Uttar Pradesh,Direct,41,F
CUST04392,2023-06-01,Jodhpur,Rajasthan,Direct,27,M
CUST04393,2023-02-09,Bangalore,Karnataka,Paid Search,30,M
CUST04394,2023-04-09,Jodhpur,Rajasthan,Email,57,Other
CUST04395,2023-07-08,Udaipur,Rajasthan,Email,64,M
CUST04396,2023-08-18,Jodhpur,Rajasthan,Referral,31,M
CUST04397,2024-04-15,Agra,Uttar Pradesh,Direct,61,Other
CUST04398,2023-01-03,Delhi,Delhi,Paid Search,19,M
CUST04399,2024-09-26,Kolkata,West Bengal,Organic,48,F
CUST04400,2024-08-08,Nagpur,Maharashtra,Email,21,M
CUST04401,2023-04-01,Kolkata,West Bengal,Organic,34,F
CUST04402,2024-11-13,Chennai,Tamil Nadu,Referral,56,M
CUST04403,2023-07-01,Vadodara,Gujarat,Email,50,M
CUST04404,2024-07-10,Agra,Uttar Pradesh,Paid Search,39,M
CUST04405,2023-10-31,Lucknow,Uttar Pradesh,Organic,62,Other
CUST04406,2024-03-17,Hubli,Karnataka,Organic,63,F
CUST04407,2023-02-14,Jodhpur,Rajasthan,Email,36,Other
CUST04408,2024-03-01,Mysore,Karnataka,Social Media,29,F
CUST04409,2024-04-30,Kanpur,Uttar Pradesh,Direct,41,F
CUST04410,2023-12-18,Kanpur,Uttar Pradesh,Organic,52,M
CUST04411,2024-03-01,Vadodara,Gujarat,Organic,48,Other
CUST04412,2023-04-06,Coimbatore,Tamil Nadu,Direct,53,M
CUST04413,2023-08-14,Nagpur,Maharashtra,Direct,59,Other
CUST04414,2023-04-20,Ahmedabad,Gujarat,Direct,56,M
CUST04415,2024-03-03,Delhi,Delhi,Email,50,Other
CUST04416,2023-07-13,Agra,Uttar Pradesh,Direct,42,Other
CUST04417,2024-10-24,Kolkata,West Bengal,Direct,56,M
CUST04418,2024-06-15,Kanpur,Uttar Pradesh,Referral,55,Other
CUST04419,2024-04-14,Delhi,Delhi,Organic,35,F
CUST04420,2023-09-30,Delhi,Delhi,Referral,32,M
CUST04421,2023-02-06,Hubli,Karnataka,Email,52,Other
CUST04422,2024-02-11,Siliguri,West Bengal,Paid Search,35,M
CUST04423,2023-10-22,Madurai,Tamil Nadu,Direct,32,Other
CUST04424,2024-04-01,Jaipur,Rajasthan,Email,33,M
CUST04425,2023-03-30,Bangalore,Karnataka,Organic,59,Other
CUST04426,2024-09-03,Jaipur,Rajasthan,Referral,28,Other
CUST04427,2023-10-16,Chennai,Tamil Nadu,Email,50,M
CUST04428,2023-02-14,Chennai,Tamil Nadu,Paid Search,25,M
CUST04429,2024-06-13,Bangalore,Karnataka,Paid Search,32,M
CUST04430,2023-08-05,Mumbai,Maharashtra,Organic,62,Other
CUST04431,2023-11-08,Siliguri,West Bengal,Referral,42,M
CUST04432,2023-05-30,Mumbai,Maharashtra,Email,58,Other
CUST04433,2024-07-03,Udaipur,Rajasthan,Referral,25,M
CUST04434,2023-11-16,Mysore,Karnataka,Paid Search,41,F
CUST04435,2024-08-01,Mysore,Karnataka,Organic,64,M
CUST04436,2023-03-30,Kanpur,Uttar Pradesh,Direct,33,Other
CUST04437,2023-11-25,Hubli,Karnataka,Email,21,F
CUST04438,2024-03-22,Kanpur,Uttar Pradesh,Email,59,M
CUST04439,2024-10-14,Coimbatore,Tamil Nadu,Social Media,44,Other
CUST04440,2023-01-02,Vadodara,Gujarat,Organic,20,M
CUST04441,2024-07-22,Madurai,Tamil Nadu,Organic,47,F
CUST04442,2024-11-12,New Delhi,Delhi,Social Media,35,F
CUST04443,2023-12-22,Siliguri,West Bengal,Organic,39,M
CUST04444,2024-06-14,Pune,Maharashtra,Referral,60,F
CUST04445,2024-05-13,Siliguri,West Bengal,Organic,22,M
CUST04446,2024-07-14,Siliguri,West Bengal,Social Media,23,Other
CUST04447,2023-06-22,Hubli,Karnataka,Paid Search,36,M
CUST04448,2024-03-26,Udaipur,Rajasthan,Social Media,24,F
CUST04449,2024-08-06,Agra,Uttar Pradesh,Referral,20,Other
CUST04450,2023-12-04,Pune,Maharashtra,Email,30,F
CUST04451,2023-12-23,Kolkata,West Bengal,Social Media,53,M
CUST04452,2023-09-19,Siliguri,West Bengal,Paid Search,42,Other
CUST04453,2024-12-08,Jaipur,Rajasthan,Email,32,Other
CUST04454,2023-08-25,Kolkata,West Bengal,Referral,51,Other
CUST04455,2023-07-12,Udaipur,Rajasthan,Organic,41,M
CUST04456,2023-07-13,Vadodara,Gujarat,Referral,29,F
CUST04457,2023-04-05,Jaipur,Rajasthan,Email,47,F
CUST04458,2023-01-11,Nagpur,Maharashtra,Email,33,M
CUST04459,2023-03-14,Mumbai,Maharashtra,Paid Search,45,Other
CUST04460,2024-07-23,Surat,Gujarat,Direct,51,Other
CUST04461,2024-01-14,Delhi,Delhi,Organic,37,M
CUST04462,2023-03-29,Nagpur,Maharashtra,Social Media,26,M
CUST04463,2024-04-21,Jodhpur,Rajasthan,Social Media,50,F
CUST04464,2023-07-28,Mysore,Karnataka,Referral,47,F
CUST04465,2024-01-25,Hubli,Karnataka,Direct,26,F
CUST04466,2023-07-24,Kanpur,Uttar Pradesh,Email,29,M
CUST04467,2024-04-05,Hubli,Karnataka,Direct,59,Other
CUST04468,2024-12-14,Delhi,Delhi,Organic,56,Other
CUST04469,2023-11-26,Kolkata,West Bengal,Referral,35,M
CUST04470,2023-08-17,New Delhi,Delhi,Email,48,F
CUST04471,2023-03-05,Mysore,Karnataka,Organic,63,F
CUST04472,2024-05-03,Surat,Gujarat,Paid Search,24,Other
CUST04473,2023-10-23,Vadodara,Gujarat,Social Media,41,F
CUST04474,2023-04-18,Pune,Maharashtra,Referral,50,M
CUST04475,2024-07-29,Nagpur,Maharashtra,Paid Search,26,F
CUST04476,2023-04-05,Jaipur,Rajasthan,Direct,54,M
CUST04477,2023-04-30,Mumbai,Maharashtra,Direct,43,M
CUST04478,2024-10-09,Surat,Gujarat,Social Media,21,F
CUST04479,2023-03-04,New Delhi,Delhi,Paid Search,35,F
CUST04480,2023-12-20,New Delhi,Delhi,Email,57,F
CUST04481,2024-02-06,Lucknow,Uttar Pradesh,Organic,23,F
CUST04482,2024-10-12,New Delhi,Delhi,Direct,34,Other
CUST04483,2023-10-19,Jaipur,Rajasthan,Organic,26,F
CUST04484,2024-04-08,Mysore,Karnataka,Email,41,M
CUST04485,2023-11-28,Jaipur,Rajasthan,Organic,40,Other
CUST04486,2024-04-30,Mumbai,Maharashtra,Organic,54,F
CUST04487,2023-05-21,Nagpur,Maharashtra,Paid Search,47,M
CUST04488,2024-06-29,Mysore,Karnataka,Paid Search,45,M
CUST04489,2024-10-18,Nagpur,Maharashtra,Social Media,32,F
CUST04490,2024-06-10,Nagpur,Maharashtra,Paid Search,30,M
CUST04491,2024-06-09,Pune,Maharashtra,Organic,45,Other
CUST04492,2023-03-17,Vadodara,Gujarat,Organic,18,F
CUST04493,2023-01-17,Agra,Uttar Pradesh,Direct,23,Other
CUST04494,2023-09-21,Agra,Uttar Pradesh,Direct,38,Other
CUST04495,2023-05-01,Lucknow,Uttar Pradesh,Direct,27,Other
CUST04496,2023-08-03,Jodhpur,Rajasthan,Email,53,Other
CUST04497,2023-03-19,Coimbatore,Tamil Nadu,Social Media,26,Other
CUST04498,2024-11-28,Kanpur,Uttar Pradesh,Referral,25,F
CUST04499,2024-12-03,Hubli,Karnataka,Direct,50,M
CUST04500,2023-03-11,Jaipur,Rajasthan,Social Media,52,M
CUST04501,2024-10-11,Madurai,Tamil Nadu,Organic,20,F
CUST04502,2023-12-03,Ahmedabad,Gujarat,Paid Search,40,Other
CUST04503,2023-11-18,Kolkata,West Bengal,Direct,29,M
CUST04504,2024-05-25,Jodhpur,Rajasthan,Paid Search,64,F
CUST04505,2024-08-23,Jodhpur,Rajasthan,Email,33,F
CUST04506,2024-07-13,Delhi,Delhi,Email,21,F
CUST04507,2024-11-12,Agra,Uttar Pradesh,Referral,20,Other
CUST04508,2023-02-02,Siliguri,West Bengal,Paid Search,55,Other
CUST04509,2023-03-28,Madurai,Tamil Nadu,Social Media,37,Other
CUST04510,2024-04-16,Madurai,Tamil Nadu,Social Media,29,F
CUST04511,2024-01-18,Coimbatore,Tamil Nadu,Direct,37,F
CUST04512,2023-11-28,New Delhi,Delhi,Social Media,39,M
CUST04513,2023-03-13,Jodhpur,Rajasthan,Social Media,63,M
CUST04514,2023-09-04,Siliguri,West Bengal,Referral,57,F
CUST04515,2024-08-21,Ahmedabad,Gujarat,Social Media,43,M
CUST04516,2023-07-23,Madurai,Tamil Nadu,Paid Search,64,M
CUST04517,2023-04-18,Nagpur,Maharashtra,Social Media,38,M
CUST04518,2024-09-26,Pune,Maharashtra,Direct,62,F
CUST04519,2024-03-14,Nagpur,Maharashtra,Email,24,M
CUST04520,2024-11-05,Bangalore,Karnataka,Organic,47,Other
CUST04521,2024-01-13,Kolkata,West Bengal,Email,61,M
CUST04522,2024-10-22,Delhi,Delhi,Social Media,63,F
CUST04523,2024-10-28,Kolkata,West Bengal,Direct,62,M
CUST04524,2024-08-27,New Delhi,Delhi,Referral,63,Other
CUST04525,2023-02-24,Ahmedabad,Gujarat,Social Media,35,Other
CUST04526,2023-08-16,Hubli,Karnataka,Paid Search,18,M
CUST04527,2024-07-20,New Delhi,Delhi,Referral,38,Other
CUST04528,2023-05-21,Ahmedabad,Gujarat,Organic,28,F
CUST04529,2023-08-10,Mumbai,Maharashtra,Social Media,25,F
CUST04530,2023-07-19,Madurai,Tamil Nadu,Paid Search,40,Other
CUST04531,2024-09-20,Kanpur,Uttar Pradesh,Direct,57,F
CUST04532,2023-03-20,Pune,Maharashtra,Social Media,20,F
CUST04533,2023-08-05,Mysore,Karnataka,Direct,30,M
CUST04534,2024-11-04,Udaipur,Rajasthan,Email,21,F
CUST04535,2024-09-20,Vadodara,Gujarat,Organic,32,Other
CUST04536,2024-12-17,Bangalore,Karnataka,Organic,43,F
CUST04537,2023-12-03,Coimbatore,Tamil Nadu,Direct,18,M
CUST04538,2023-03-07,Bangalore,Karnataka,Social Media,40,M
CUST04539,2024-05-09,Mumbai,Maharashtra,Referral,20,Other
CUST04540,2024-12-29,Lucknow,Uttar Pradesh,Organic,52,F
CUST04541,2024-10-18,Bangalore,Karnataka,Direct,39,Other
CUST04542,2024-05-11,Delhi,Delhi,Social Media,33,F
CUST04543,2023-06-04,Ahmedabad,Gujarat,Organic,41,F
CUST04544,2024-07-12,Bangalore,Karnataka,Organic,44,F
CUST04545,2023-04-10,Nagpur,Maharashtra,Organic,43,Other
CUST04546,2023-07-23,Kolkata,West Bengal,Organic,52,F
CUST04547,2024-07-15,Jodhpur,Rajasthan,Social Media,20,Other
CUST04548,2023-12-11,Coimbatore,Tamil Nadu,Email,35,Other
CUST04549,2024-01-28,New Delhi,Delhi,Direct,30,Other
CUST04550,2023-12-12,Kanpur,Uttar Pradesh,Email,62,F
CUST04551,2024-09-14,Chennai,Tamil Nadu,Organic,43,F
CUST04552,2023-12-16,Jodhpur,Rajasthan,Paid Search,39,F
CUST04553,2023-09-06,Mumbai,Maharashtra,Paid Search,58,F
CUST04554,2024-08-24,Mumbai,Maharashtra,Referral,31,F
CUST04555,2023-10-17,Surat,Gujarat,Paid Search,43,M
CUST04556,2023-12-24,Lucknow,Uttar Pradesh,Referral,52,F
CUST04557,2024-07-05,New Delhi,Delhi,Direct,29,Other
CUST04558,2023-07-23,New Delhi,Delhi,Paid Search,37,F
CUST04559,2023-07-05,Bangalore,Karnataka,Organic,65,M
CUST04560,2023-12-12,Nagpur,Maharashtra,Referral,61,M
CUST04561,2024-06-07,Ahmedabad,Gujarat,Organic,58,Other
CUST04562,2023-08-29,Siliguri,West Bengal,Paid Search,18,M
CUST04563,2024-06-22,Bangalore,Karnataka,Referral,43,F
CUST04564,2024-04-06,Chennai,Tamil Nadu,Email,18,F
CUST04565,2024-01-22,Surat,Gujarat,Social Media,54,Other
CUST04566,2024-07-17,Jodhpur,Rajasthan,Email,29,M
CUST04567,2024-02-14,Delhi,Delhi,Social Media,28,F
CUST04568,2023-01-19,Mumbai,Maharashtra,Paid Search,44,Other
CUST04569,2023-03-08,New Delhi,Delhi,Direct,27,F
CUST04570,2024-11-18,Surat,Gujarat,Email,29,M
CUST04571,2024-03-05,Kanpur,Uttar Pradesh,Referral,19,Other
CUST04572,2023-12-28,New Delhi,Delhi,Referral,25,M
CUST04573,2024-11-21,Ahmedabad,Gujarat,Paid Search,63,Other
CUST04574,2023-10-27,Mumbai,Maharashtra,Paid Search,45,Other
CUST04575,2023-04-17,New Delhi,Delhi,Direct,56,Other
CUST04576,2023-07-04,New Delhi,Delhi,Social Media,51,M
CUST04577,2023-10-12,Udaipur,Rajasthan,Organic,61,F
CUST04578,2023-06-16,Mysore,Karnataka,Organic,25,Other
CUST04579,2023-07-25,Kolkata,West Bengal,Email,41,F
CUST04580,2024-09-07,Hubli,Karnataka,Email,38,Other
CUST04581,2023-12-08,Udaipur,Rajasthan,Referral,28,Other
CUST04582,2023-09-28,Mysore,Karnataka,Email,51,M
CUST04583,2024-11-14,Pune,Maharashtra,Paid Search,48,Other
CUST04584,2024-03-01,Chennai,Tamil Nadu,Email,42,Other
CUST04585,2024-10-01,Delhi,Delhi,Paid Search,50,F
CUST04586,2023-10-27,Surat,Gujarat,Organic,60,M
CUST04587,2024-12-13,New Delhi,Delhi,Direct,48,M
CUST04588,2023-04-16,Mumbai,Maharashtra,Paid Search,53,M
CUST04589,2023-08-31,Agra,Uttar Pradesh,Paid Search,58,M
CUST04590,2023-01-06,New Delhi,Delhi,Organic,34,M
CUST04591,2024-11-25,Kanpur,Uttar Pradesh,Referral,35,Other
CUST04592,2024-04-26,Madurai,Tamil Nadu,Paid Search,65,Other
CUST04593,2024-04-22,Bangalore,Karnataka,Referral,41,Other
CUST04594,2023-02-08,Madurai,Tamil Nadu,Organic,61,M
CUST04595,2023-09-23,Mumbai,Maharashtra,Organic,58,M
CUST04596,2023-06-15,Pune,Maharashtra,Direct,62,M
CUST04597,2024-09-13,Chennai,Tamil Nadu,Paid Search,63,F
CUST04598,2024-06-16,Jodhpur,Rajasthan,Paid Search,62,M
CUST04599,2023-01-17,Coimbatore,Tamil Nadu,Direct,30,M
CUST04600,2023-07-26,New Delhi,Delhi,Referral,39,M
CUST04601,2023-05-25,Siliguri,West Bengal,Referral,30,M
CUST04602,2024-10-23,Pune,Maharashtra,Direct,56,M
CUST04603,2023-01-11,Jodhpur,Rajasthan,Referral,40,F
CUST04604,2024-05-19,Hubli,Karnataka,Email,32,M
CUST04605,2023-04-17,Hubli,Karnataka,Organic,59,M
CUST04606,2023-04-26,Mysore,Karnataka,Direct,61,Other
CUST04607,2024-10-18,Mysore,Karnataka,Social Media,42,Other
CUST04608,2024-09-22,Mumbai,Maharashtra,Email,65,Other
CUST04609,2023-09-22,Chennai,Tamil Nadu,Organic,34,M
CUST04610,2023-06-26,Lucknow,Uttar Pradesh,Email,42,F
CUST04611,2023-07-18,New Delhi,Delhi,Email,23,M
CUST04612,2024-11-13,Mysore,Karnataka,Referral,18,Other
CUST04613,2023-11-17,Pune,Maharashtra,Referral,53,F
CUST04614,2023-09-09,Siliguri,West Bengal,Referral,20,F
CUST04615,2024-06-12,Madurai,Tamil Nadu,Referral,27,M
CUST04616,2023-12-26,Siliguri,West Bengal,Social Media,21,F
CUST04617,2024-03-23,Kanpur,Uttar Pradesh,Social Media,59,M
CUST04618,2023-07-27,Jodhpur,Rajasthan,Referral,30,Other
CUST04619,2024-12-14,Agra,Uttar Pradesh,Paid Search,63,M
CUST04620,2023-02-07,Siliguri,West Bengal,Organic,37,Other
CUST04621,2024-06-30,Kolkata,West Bengal,Referral,30,M
CUST04622,2023-04-08,Delhi,Delhi,Paid Search,45,M
CUST04623,2023-10-22,Mysore,Karnataka,Paid Search,34,M
CUST04624,2024-11-09,Kolkata,West Bengal,Direct,39,Other
CUST04625,2024-06-10,Surat,Gujarat,Direct,27,M
CUST04626,2024-05-30,Nagpur,Maharashtra,Direct,49,Other
CUST04627,2024-07-07,Hubli,Karnataka,Email,44,M
CUST04628,2023-01-31,Madurai,Tamil Nadu,Social Media,63,M
CUST04629,2024-01-15,Siliguri,West Bengal,Paid Search,30,Other
CUST04630,2023-07-31,Ahmedabad,Gujarat,Paid Search,64,F
CUST04631,2023-07-06,Jaipur,Rajasthan,Social Media,60,M
CUST04632,2024-09-26,Vadodara,Gujarat,Paid Search,32,M
CUST04633,2024-09-19,Lucknow,Uttar Pradesh,Organic,62,M
CUST04634,2023-03-16,Bangalore,Karnataka,Direct,41,Other
CUST04635,2024-07-13,Jodhpur,Rajasthan,Organic,41,Other
CUST04636,2023-06-29,Kanpur,Uttar Pradesh,Referral,64,F
CUST04637,2023-07-21,Kanpur,Uttar Pradesh,Social Media,47,F
CUST04638,2024-12-01,Agra,Uttar Pradesh,Direct,39,M
CUST04639,2024-10-21,Ahmedabad,Gujarat,Referral,41,Other
CUST04640,2024-08-29,Jodhpur,Rajasthan,Referral,42,Other
CUST04641,2024-05-25,Kolkata,West Bengal,Referral,31,F
CUST04642,2023-08-12,New Delhi,Delhi,Paid Search,39,F
CUST04643,2024-01-06,Ahmedabad,Gujarat,Email,62,M
CUST04644,2023-08-14,Vadodara,Gujarat,Social Media,50,M
CUST04645,2024-12-21,Ahmedabad,Gujarat,Referral,56,M
CUST04646,2023-03-06,Surat,Gujarat,Email,42,F
CUST04647,2024-04-16,Kanpur,Uttar Pradesh,Paid Search,25,M
CUST04648,2023-09-20,Pune,Maharashtra,Social Media,26,M
CUST04649,2023-10-21,Vadodara,Gujarat,Email,25,F
CUST04650,2023-09-25,Delhi,Delhi,Organic,36,M
CUST04651,2023-03-12,Agra,Uttar Pradesh,Email,55,M
CUST04652,2023-11-03,Chennai,Tamil Nadu,Referral,25,F
CUST04653,2024-07-01,Surat,Gujarat,Paid Search,63,M
CUST04654,2023-01-31,Udaipur,Rajasthan,Referral,32,Other
CUST04655,2023-03-26,Jaipur,Rajasthan,Organic,61,M
CUST04656,2023-08-06,Nagpur,Maharashtra,Direct,61,Other
CUST04657,2024-12-02,Mysore,Karnataka,Email,40,M
CUST04658,2024-10-31,New Delhi,Delhi,Organic,41,Other
CUST04659,2024-11-28,Jaipur,Rajasthan,Email,35,F
CUST04660,2024-03-23,New Delhi,Delhi,Social Media,60,F
CUST04661,2023-06-25,Delhi,Delhi,Email,47,F
CUST04662,2023-03-11,Agra,Uttar Pradesh,Direct,61,F
CUST04663,2023-01-24,Mumbai,Maharashtra,Referral,30,Other
CUST04664,2023-05-12,New Delhi,Delhi,Direct,51,F
CUST04665,2024-09-21,Vadodara,Gujarat,Paid Search,32,F
CUST04666,2023-12-19,Jodhpur,Rajasthan,Paid Search,54,F
CUST04667,2024-09-21,Siliguri,West Bengal,Referral,30,M
CUST04668,2024-01-08,Jaipur,Rajasthan,Organic,35,M
CUST04669,2023-06-18,Nagpur,Maharashtra,Direct,40,M
CUST04670,2024-06-14,Udaipur,Rajasthan,Organic,19,F
CUST04671,2023-04-26,Vadodara,Gujarat,Email,60,M
CUST04672,2024-06-26,Mumbai,Maharashtra,Paid Search,48,Other
CUST04673,2024-02-05,New Delhi,Delhi,Organic,37,M
CUST04674,2024-10-27,Surat,Gujarat,Direct,30,M
CUST04675,2024-11-21,Kolkata,West Bengal,Email,37,M
CUST04676,2024-01-08,Bangalore,Karnataka,Referral,51,Other
CUST04677,2024-05-26,Mysore,Karnataka,Paid Search,20,M
CUST04678,2024-08-24,Bangalore,Karnataka,Referral,57,F
CUST04679,2024-04-11,Vadodara,Gujarat,Paid Search,51,F
CUST04680,2023-09-07,New Delhi,Delhi,Email,59,M
CUST04681,2024-02-18,Jaipur,Rajasthan,Social Media,26,Other
CUST04682,2023-06-02,Vadodara,Gujarat,Social Media,60,Other
CUST04683,2023-07-11,Chennai,Tamil Nadu,Paid Search,28,M
CUST04684,2024-10-27,Jaipur,Rajasthan,Direct,57,M
CUST04685,2024-05-15,New Delhi,Delhi,Social Media,41,F
CUST04686,2024-02-13,Coimbatore,Tamil Nadu,Paid Search,26,M
CUST04687,2024-05-11,Siliguri,West Bengal,Organic,50,F
CUST04688,2023-12-15,Pune,Maharashtra,Referral,23,M
CUST04689,2023-03-20,Jaipur,Rajasthan,Email,29,F
CUST04690,2023-12-26,Jaipur,Rajasthan,Email,28,M
CUST04691,2024-04-07,Kolkata,West Bengal,Organic,18,F
CUST04692,2023-10-08,Bangalore,Karnataka,Referral,24,F
CUST04693,2023-05-26,Madurai,Tamil Nadu,Direct,53,Other
CUST04694,2023-03-14,New Delhi,Delhi,Referral,60,Other
CUST04695,2024-01-22,Siliguri,West Bengal,Email,34,F
CUST04696,2024-05-01,Jaipur,Rajasthan,Social Media,46,F
CUST04697,2023-12-16,New Delhi,Delhi,Paid Search,31,Other
CUST04698,2024-10-25,New Delhi,Delhi,Paid Search,63,Other
CUST04699,2023-04-21,Nagpur,Maharashtra,Organic,56,F
CUST04700,2023-07-28,Lucknow,Uttar Pradesh,Social Media,53,Other
CUST04701,2024-12-21,New Delhi,Delhi,Paid Search,64,F
CUST04702,2023-08-12,Kolkata,West Bengal,Referral,29,Other
CUST04703,2023-09-10,Ahmedabad,Gujarat,Social Media,59,M
CUST04704,2023-03-27,Kolkata,West Bengal,Direct,64,F
CUST04705,2024-02-24,Chennai,Tamil Nadu,Direct,25,Other
CUST04706,2024-04-08,Pune,Maharashtra,Referral,61,F
CUST04707,2023-05-24,Lucknow,Uttar Pradesh,Paid Search,18,F
CUST04708,2024-01-22,Ahmedabad,Gujarat,Email,37,M
CUST04709,2024-01-01,Ahmedabad,Gujarat,Organic,60,M
CUST04710,2024-07-26,Coimbatore,Tamil Nadu,Paid Search,43,Other
CUST04711,2023-05-28,Nagpur,Maharashtra,Social Media,60,F
CUST04712,2024-04-04,Madurai,Tamil Nadu,Direct,48,Other
CUST04713,2024-02-06,Surat,Gujarat,Organic,38,Other
CUST04714,2023-09-15,Kanpur,Uttar Pradesh,Organic,41,F
CUST04715,2023-05-09,Agra,Uttar Pradesh,Organic,29,Other
CUST04716,2023-09-07,Mysore,Karnataka,Organic,45,Other
CUST04717,2024-08-23,Lucknow,Uttar Pradesh,Organic,54,Other
CUST04718,2023-05-24,Surat,Gujarat,Referral,35,M
CUST04719,2023-07-08,Hubli,Karnataka,Direct,42,Other
CUST04720,2024-12-13,Madurai,Tamil Nadu,Social Media,46,Other
CUST04721,2024-09-13,Jodhpur,Rajasthan,Paid Search,21,F
CUST04722,2024-10-19,Mumbai,Maharashtra,Organic,34,M
CUST04723,2023-07-27,Kolkata,West Bengal,Direct,18,M
CUST04724,2023-11-27,Jaipur,Rajasthan,Paid Search,64,Other
CUST04725,2023-01-26,Bangalore,Karnataka,Social Media,22,M
CUST04726,2023-07-08,Madurai,Tamil Nadu,Referral,57,F
CUST04727,2023-03-22,Udaipur,Rajasthan,Email,59,F
CUST04728,2024-01-17,Kolkata,West Bengal,Email,51,F
CUST04729,2023-04-03,Chennai,Tamil Nadu,Paid Search,45,F
CUST04730,2023-01-07,Jaipur,Rajasthan,Organic,56,M
CUST04731,2024-12-23,Delhi,Delhi,Direct,42,Other
CUST04732,2024-12-15,Pune,Maharashtra,Social Media,62,Other
CUST04733,2024-10-08,Udaipur,Rajasthan,Email,44,F
CUST04734,2024-04-02,Madurai,Tamil Nadu,Paid Search,58,Other
CUST04735,2024-12-20,Lucknow,Uttar Pradesh,Organic,56,M
CUST04736,2023-10-15,Siliguri,West Bengal,Social Media,30,M
CUST04737,2024-08-27,Ahmedabad,Gujarat,Paid Search,25,M
CUST04738,2023-01-19,Mumbai,Maharashtra,Organic,55,M
CUST04739,2023-08-20,Ahmedabad,Gujarat,Social Media,49,F
CUST04740,2024-08-10,Kanpur,Uttar Pradesh,Email,58,F
CUST04741,2023-02-08,Kanpur,Uttar Pradesh,Organic,63,M
CUST04742,2024-05-15,Mumbai,Maharashtra,Referral,53,F
CUST04743,2023-11-27,Siliguri,West Bengal,Social Media,52,Other
CUST04744,2024-04-04,Siliguri,West Bengal,Referral,37,Other
CUST04745,2024-08-01,Udaipur,Rajasthan,Referral,37,M
CUST04746,2024-03-10,Kolkata,West Bengal,Referral,40,F
CUST04747,2024-09-17,Pune,Maharashtra,Social Media,20,M
CUST04748,2024-06-23,Kolkata,West Bengal,Social Media,38,Other
CUST04749,2024-07-16,Coimbatore,Tamil Nadu,Paid Search,20,Other
CUST04750,2024-12-24,Siliguri,West Bengal,Email,45,Other
CUST04751,2023-11-21,Delhi,Delhi,Referral,23,M
CUST04752,2023-04-20,Ahmedabad,Gujarat,Email,62,F
CUST04753,2024-02-14,Coimbatore,Tamil Nadu,Paid Search,21,Other
CUST04754,2023-10-04,Vadodara,Gujarat,Referral,64,M
CUST04755,2024-04-14,Delhi,Delhi,Social Media,25,M
CUST04756,2023-12-09,Delhi,Delhi,Referral,61,M
CUST04757,2023-04-08,Siliguri,West Bengal,Paid Search,23,F
CUST04758,2024-08-18,Agra,Uttar Pradesh,Email,53,Other
CUST04759,2023-02-10,Vadodara,Gujarat,Referral,40,F
CUST04760,2023-04-20,Siliguri,West Bengal,Paid Search,37,F
CUST04761,2024-10-05,Kanpur,Uttar Pradesh,Direct,32,F
CUST04762,2023-12-25,Lucknow,Uttar Pradesh,Social Media,57,M
CUST04763,2024-04-28,Kolkata,West Bengal,Email,33,Other
CUST04764,2024-07-03,Kanpur,Uttar Pradesh,Email,46,F
CUST04765,2024-11-21,Madurai,Tamil Nadu,Social Media,44,F
CUST04766,2024-02-06,Nagpur,Maharashtra,Direct,60,Other
CUST04767,2023-03-03,New Delhi,Delhi,Paid Search,21,Other
CUST04768,2023-12-20,Vadodara,Gujarat,Referral,26,Other
CUST04769,2023-09-04,Udaipur,Rajasthan,Paid Search,54,Other
CUST04770,2023-01-04,Lucknow,Uttar Pradesh,Paid Search,28,M
CUST04771,2024-06-24,Nagpur,Maharashtra,Referral,26,M
CUST04772,2023-09-25,New Delhi,Delhi,Referral,20,F
CUST04773,2023-03-30,Surat,Gujarat,Email,40,M
CUST04774,2024-08-25,Agra,Uttar Pradesh,Direct,44,F
CUST04775,2024-06-19,Surat,Gujarat,Email,26,M
CUST04776,2024-06-09,Mumbai,Maharashtra,Organic,20,F
CUST04777,2023-06-19,Agra,Uttar Pradesh,Referral,37,F
CUST04778,2023-04-29,Bangalore,Karnataka,Direct,57,M
CUST04779,2024-10-23,Mumbai,Maharashtra,Paid Search,65,F
CUST04780,2024-05-31,Bangalore,Karnataka,Organic,31,Other
CUST04781,2024-03-29,Jodhpur,Rajasthan,Referral,40,Other
CUST04782,2024-07-24,Kolkata,West Bengal,Social Media,55,F
CUST04783,2024-01-25,Jaipur,Rajasthan,Email,45,M
CUST04784,2023-11-22,Chennai,Tamil Nadu,Social Media,63,F
CUST04785,2023-03-31,Lucknow,Uttar Pradesh,Social Media,62,F
CUST04786,2023-01-06,Siliguri,West Bengal,Paid Search,23,M
CUST04787,2024-12-20,Madurai,Tamil Nadu,Email,41,M
CUST04788,2023-11-06,Coimbatore,Tamil Nadu,Paid Search,30,F
CUST04789,2024-05-21,New Delhi,Delhi,Organic,33,M
CUST04790,2024-12-24,Kanpur,Uttar Pradesh,Social Media,29,F
CUST04791,2024-07-08,Kolkata,West Bengal,Direct,24,M
CUST04792,2023-01-14,Lucknow,Uttar Pradesh,Direct,46,Other
CUST04793,2024-03-29,Siliguri,West Bengal,Email,19,M
CUST04794,2023-05-03,Vadodara,Gujarat,Direct,27,Other
CUST04795,2023-11-07,Kanpur,Uttar Pradesh,Email,21,M
CUST04796,2023-01-09,Hubli,Karnataka,Direct,49,F
CUST04797,2023-07-03,Lucknow,Uttar Pradesh,Referral,34,M
CUST04798,2023-08-09,Pune,Maharashtra,Paid Search,38,M
CUST04799,2024-12-27,New Delhi,Delhi,Email,41,M
CUST04800,2023-06-04,New Delhi,Delhi,Email,57,F
CUST04801,2024-07-16,Siliguri,West Bengal,Social Media,29,F
CUST04802,2023-03-24,Vadodara,Gujarat,Paid Search,30,M
CUST04803,2024-01-22,New Delhi,Delhi,Email,32,M
CUST04804,2023-06-06,New Delhi,Delhi,Paid Search,39,F
CUST04805,2023-09-20,Bangalore,Karnataka,Paid Search,18,M
CUST04806,2024-03-20,Mumbai,Maharashtra,Paid Search,34,F
CUST04807,2024-10-31,Jodhpur,Rajasthan,Organic,64,Other
CUST04808,2023-08-09,Hubli,Karnataka,Referral,47,F
CUST04809,2024-10-30,Pune,Maharashtra,Referral,27,F
CUST04810,2024-01-16,Surat,Gujarat,Paid Search,65,M
CUST04811,2024-08-07,Delhi,Delhi,Direct,41,M
CUST04812,2024-06-29,Mumbai,Maharashtra,Paid Search,32,Other
CUST04813,2023-06-04,Kanpur,Uttar Pradesh,Paid Search,33,M
CUST04814,2024-08-04,Coimbatore,Tamil Nadu,Direct,26,M
CUST04815,2023-01-22,Delhi,Delhi,Referral,22,Other
CUST04816,2024-03-12,Mumbai,Maharashtra,Referral,63,M
CUST04817,2024-11-21,New Delhi,Delhi,Social Media,21,F
CUST04818,2023-12-17,Pune,Maharashtra,Direct,44,F
CUST04819,2024-03-06,Udaipur,Rajasthan,Organic,48,Other
CUST04820,2023-07-13,Jodhpur,Rajasthan,Social Media,44,M
CUST04821,2023-01-17,Delhi,Delhi,Organic,42,F
CUST04822,2024-06-10,Madurai,Tamil Nadu,Referral,27,Other
CUST04823,2024-06-24,Udaipur,Rajasthan,Paid Search,39,Other
CUST04824,2023-08-25,Bangalore,Karnataka,Paid Search,38,Other
CUST04825,2024-07-14,Nagpur,Maharashtra,Direct,39,F
CUST04826,2024-03-18,Siliguri,West Bengal,Direct,34,Other
CUST04827,2024-11-02,New Delhi,Delhi,Referral,33,Other
CUST04828,2023-08-09,Coimbatore,Tamil Nadu,Email,22,M
CUST04829,2024-11-29,Bangalore,Karnataka,Organic,23,M
CUST04830,2024-09-12,Hubli,Karnataka,Referral,50,M
CUST04831,2024-03-28,Madurai,Tamil Nadu,Social Media,62,Other
CUST04832,2024-06-28,Kolkata,West Bengal,Direct,22,F
CUST04833,2023-07-10,Pune,Maharashtra,Social Media,62,M
CUST04834,2024-06-03,Madurai,Tamil Nadu,Paid Search,40,M
CUST04835,2023-04-16,Agra,Uttar Pradesh,Social Media,29,Other
CUST04836,2023-01-13,Vadodara,Gujarat,Organic,49,M
CUST04837,2024-07-04,New Delhi,Delhi,Paid Search,49,F
CUST04838,2023-08-13,Lucknow,Uttar Pradesh,Paid Search,53,F
CUST04839,2024-02-01,New Delhi,Delhi,Organic,41,F
CUST04840,2024-09-09,New Delhi,Delhi,Organic,42,M
CUST04841,2024-12-24,Siliguri,West Bengal,Direct,34,Other
CUST04842,2024-07-16,Kolkata,West Bengal,Paid Search,65,Other
CUST04843,2024-08-06,Nagpur,Maharashtra,Email,30,M
CUST04844,2024-09-21,Kanpur,Uttar Pradesh,Social Media,46,M
CUST04845,2023-06-01,Agra,Uttar Pradesh,Email,49,Other
CUST04846,2024-08-05,Ahmedabad,Gujarat,Social Media,47,M
CUST04847,2024-07-31,New Delhi,Delhi,Social Media,57,Other
CUST04848,2023-02-13,Siliguri,West Bengal,Organic,57,F
CUST04849,2023-05-19,Madurai,Tamil Nadu,Referral,49,F
CUST04850,2023-10-11,Delhi,Delhi,Referral,58,Other
CUST04851,2023-02-08,Chennai,Tamil Nadu,Email,65,F
CUST04852,2024-02-09,Kolkata,West Bengal,Social Media,29,F
CUST04853,2024-07-10,Jodhpur,Rajasthan,Social Media,28,M
CUST04854,2024-02-11,Vadodara,Gujarat,Paid Search,19,F
CUST04855,2023-01-02,Mysore,Karnataka,Social Media,52,M
CUST04856,2024-08-26,New Delhi,Delhi,Organic,59,F
CUST04857,2024-12-25,New Delhi,Delhi,Email,36,M
CUST04858,2024-08-18,Mysore,Karnataka,Referral,31,M
CUST04859,2023-04-30,Delhi,Delhi,Social Media,60,Other
CUST04860,2024-09-07,Kolkata,West Bengal,Referral,33,F
CUST04861,2024-03-25,Delhi,Delhi,Paid Search,57,Other
CUST04862,2023-04-11,Agra,Uttar Pradesh,Paid Search,20,F
CUST04863,2023-06-20,Kolkata,West Bengal,Social Media,60,F
CUST04864,2024-01-24,Nagpur,Maharashtra,Direct,53,F
CUST04865,2023-07-03,Bangalore,Karnataka,Paid Search,64,M
CUST04866,2023-12-30,Madurai,Tamil Nadu,Email,20,M
CUST04867,2023-11-01,Agra,Uttar Pradesh,Email,32,Other
CUST04868,2024-05-18,New Delhi,Delhi,Direct,23,M
CUST04869,2024-09-14,New Delhi,Delhi,Paid Search,22,F
CUST04870,2023-10-22,Agra,Uttar Pradesh,Direct,25,Other
CUST04871,2024-12-10,Vadodara,Gujarat,Paid Search,45,Other
CUST04872,2023-11-17,Siliguri,West Bengal,Referral,37,M
CUST04873,2024-10-05,Hubli,Karnataka,Organic,51,F
CUST04874,2023-10-25,Agra,Uttar Pradesh,Email,21,F
CUST04875,2023-01-15,Kanpur,Uttar Pradesh,Paid Search,61,M
CUST04876,2023-07-31,Pune,Maharashtra,Paid Search,54,Other
CUST04877,2024-01-13,Jodhpur,Rajasthan,Direct,51,F
CUST04878,2024-01-15,Coimbatore,Tamil Nadu,Email,38,Other
CUST04879,2024-03-07,Siliguri,West Bengal,Social Media,43,Other
CUST04880,2023-04-06,Agra,Uttar Pradesh,Organic,56,F
CUST04881,2023-12-22,New Delhi,Delhi,Social Media,60,M
CUST04882,2023-08-08,Hubli,Karnataka,Paid Search,63,F
CUST04883,2023-06-16,New Delhi,Delhi,Organic,30,M
CUST04884,2023-06-02,Pune,Maharashtra,Direct,22,M
CUST04885,2023-08-29,Lucknow,Uttar Pradesh,Email,34,Other
CUST04886,2024-07-04,Chennai,Tamil Nadu,Social Media,64,F
CUST04887,2023-10-29,Bangalore,Karnataka,Referral,57,F
CUST04888,2023-04-25,Delhi,Delhi,Email,57,Other
CUST04889,2023-02-06,Agra,Uttar Pradesh,Direct,51,M
CUST04890,2024-08-29,New Delhi,Delhi,Organic,65,Other
CUST04891,2024-07-26,Mumbai,Maharashtra,Paid Search,45,F
CUST04892,2024-11-24,Kolkata,West Bengal,Direct,62,Other
CUST04893,2023-07-07,New Delhi,Delhi,Organic,18,F
CUST04894,2024-07-27,Madurai,Tamil Nadu,Paid Search,52,F
CUST04895,2024-07-10,Madurai,Tamil Nadu,Referral,30,M
CUST04896,2024-12-22,Pune,Maharashtra,Direct,20,F
CUST04897,2023-12-25,Delhi,Delhi,Paid Search,51,M
CUST04898,2023-05-05,Pune,Maharashtra,Email,62,M
CUST04899,2023-07-04,Kolkata,West Bengal,Direct,54,Other
CUST04900,2023-02-01,Mumbai,Maharashtra,Referral,43,Other
CUST04901,2024-01-10,Kolkata,West Bengal,Referral,45,M
CUST04902,2024-06-15,Chennai,Tamil Nadu,Email,31,Other
CUST04903,2023-10-12,Kolkata,West Bengal,Paid Search,48,F
CUST04904,2024-01-25,Hubli,Karnataka,Social Media,58,M
CUST04905,2023-06-07,Kolkata,West Bengal,Referral,47,M
CUST04906,2024-12-07,Coimbatore,Tamil Nadu,Email,37,M
CUST04907,2023-10-20,Mumbai,Maharashtra,Paid Search,27,Other
CUST04908,2023-04-16,New Delhi,Delhi,Paid Search,63,Other
CUST04909,2023-03-26,New Delhi,Delhi,Direct,52,Other
CUST04910,2024-11-09,Coimbatore,Tamil Nadu,Paid Search,47,Other
CUST04911,2023-05-05,Hubli,Karnataka,Referral,38,Other
CUST04912,2023-03-25,Pune,Maharashtra,Referral,49,F
CUST04913,2024-07-27,Hubli,Karnataka,Organic,45,Other
CUST04914,2024-02-22,Vadodara,Gujarat,Paid Search,18,Other
CUST04915,2024-09-22,Hubli,Karnataka,Social Media,33,M
CUST04916,2023-10-03,Delhi,Delhi,Email,46,F
CUST04917,2024-03-25,Mysore,Karnataka,Email,62,M
CUST04918,2023-05-10,Vadodara,Gujarat,Referral,55,Other
CUST04919,2023-09-07,Madurai,Tamil Nadu,Direct,37,F
CUST04920,2024-06-01,Jaipur,Rajasthan,Direct,61,M
CUST04921,2024-01-23,Delhi,Delhi,Referral,41,Other
CUST04922,2023-02-15,Siliguri,West Bengal,Paid Search,57,F
CUST04923,2024-09-23,Bangalore,Karnataka,Social Media,46,M
CUST04924,2024-08-15,Agra,Uttar Pradesh,Email,55,Other
CUST04925,2024-07-14,Delhi,Delhi,Social Media,32,Other
CUST04926,2024-11-18,Agra,Uttar Pradesh,Referral,58,Other
CUST04927,2023-07-01,Pune,Maharashtra,Direct,37,M
CUST04928,2023-06-11,Pune,Maharashtra,Social Media,58,F
CUST04929,2023-03-09,Delhi,Delhi,Referral,55,F
CUST04930,2024-01-28,Mysore,Karnataka,Email,57,F
CUST04931,2024-06-02,Jaipur,Rajasthan,Email,18,Other
CUST04932,2023-09-29,Jodhpur,Rajasthan,Direct,61,F
CUST04933,2023-03-22,Agra,Uttar Pradesh,Social Media,61,Other
CUST04934,2024-12-06,Kanpur,Uttar Pradesh,Social Media,22,Other
CUST04935,2024-01-20,Madurai,Tamil Nadu,Email,37,M
CUST04936,2023-06-23,Siliguri,West Bengal,Paid Search,36,F
CUST04937,2024-06-02,Ahmedabad,Gujarat,Referral,64,Other
CUST04938,2023-05-13,Mysore,Karnataka,Social Media,55,Other
CUST04939,2024-04-30,Pune,Maharashtra,Social Media,38,M
CUST04940,2023-04-26,Delhi,Delhi,Organic,38,M
CUST04941,2023-08-01,Bangalore,Karnataka,Paid Search,43,M
CUST04942,2024-02-27,Jaipur,Rajasthan,Referral,43,F
CUST04943,2024-05-11,Mumbai,Maharashtra,Email,29,F
CUST04944,2023-01-30,Kanpur,Uttar Pradesh,Email,24,M
CUST04945,2024-08-03,Nagpur,Maharashtra,Email,54,Other
CUST04946,2023-07-13,Madurai,Tamil Nadu,Organic,39,F
CUST04947,2024-08-03,Agra,Uttar Pradesh,Email,53,M
CUST04948,2024-02-08,Jodhpur,Rajasthan,Direct,24,Other
CUST04949,2024-06-20,Surat,Gujarat,Paid Search,18,M
CUST04950,2023-04-09,Jodhpur,Rajasthan,Organic,21,M
CUST04951,2023-08-08,Chennai,Tamil Nadu,Direct,40,Other
CUST04952,2023-06-15,Siliguri,West Bengal,Organic,55,Other
CUST04953,2024-04-01,Vadodara,Gujarat,Paid Search,19,F
CUST04954,2024-03-03,Siliguri,West Bengal,Organic,53,F
CUST04955,2023-05-07,Coimbatore,Tamil Nadu,Email,60,F
CUST04956,2024-07-23,Siliguri,West Bengal,Email,21,Other
CUST04957,2023-12-02,Udaipur,Rajasthan,Organic,59,M
CUST04958,2023-04-01,Jaipur,Rajasthan,Referral,59,M
CUST04959,2024-11-11,Mumbai,Maharashtra,Direct,31,F
CUST04960,2024-04-02,Vadodara,Gujarat,Organic,21,M
CUST04961,2024-07-12,Kanpur,Uttar Pradesh,Social Media,34,M
CUST04962,2024-01-23,Pune,Maharashtra,Referral,35,Other
CUST04963,2023-12-23,Surat,Gujarat,Email,43,F
CUST04964,2023-10-22,Delhi,Delhi,Organic,42,M
CUST04965,2023-06-25,New Delhi,Delhi,Social Media,40,Other
CUST04966,2024-12-27,Siliguri,West Bengal,Paid Search,38,F
CUST04967,2023-07-16,New Delhi,Delhi,Paid Search,25,Other
CUST04968,2024-01-16,Pune,Maharashtra,Paid Search,31,Other
CUST04969,2023-05-28,Kanpur,Uttar Pradesh,Organic,34,F
CUST04970,2024-06-29,Kanpur,Uttar Pradesh,Referral,37,Other
CUST04971,2023-01-08,Agra,Uttar Pradesh,Social Media,41,Other
CUST04972,2023-10-18,Madurai,Tamil Nadu,Referral,38,M
CUST04973,2024-09-08,Bangalore,Karnataka,Email,32,F
CUST04974,2023-07-08,Pune,Maharashtra,Organic,26,F
CUST04975,2024-01-15,Vadodara,Gujarat,Social Media,31,M
CUST04976,2023-03-21,New Delhi,Delhi,Organic,65,M
CUST04977,2024-11-29,Kolkata,West Bengal,Direct,29,M
CUST04978,2024-11-08,Hubli,Karnataka,Referral,33,Other
CUST04979,2024-09-17,Delhi,Delhi,Referral,28,F
CUST04980,2024-09-03,Agra,Uttar Pradesh,Direct,52,Other
CUST04981,2024-11-20,Madurai,Tamil Nadu,Social Media,53,F
CUST04982,2023-02-02,Vadodara,Gujarat,Social Media,28,M
CUST04983,2024-09-12,Lucknow,Uttar Pradesh,Direct,40,M
CUST04984,2024-08-01,Ahmedabad,Gujarat,Referral,25,Other
CUST04985,2023-09-05,Surat,Gujarat,Social Media,57,M
CUST04986,2023-01-08,Jaipur,Rajasthan,Organic,39,M
CUST04987,2023-12-11,Pune,Maharashtra,Social Media,56,M
CUST04988,2024-11-07,Kanpur,Uttar Pradesh,Referral,37,F
CUST04989,2023-01-11,Jaipur,Rajasthan,Social Media,58,M
CUST04990,2023-11-06,Ahmedabad,Gujarat,Social Media,46,Other
CUST04991,2023-04-05,Lucknow,Uttar Pradesh,Referral,25,F
CUST04992,2023-10-15,Agra,Uttar Pradesh,Email,47,M
CUST04993,2024-04-18,Kanpur,Uttar Pradesh,Email,31,M
CUST04994,2024-01-14,Ahmedabad,Gujarat,Referral,50,Other
CUST04995,2024-04-26,Mumbai,Maharashtra,Paid Search,25,Other
CUST04996,2023-12-15,Coimbatore,Tamil Nadu,Organic,22,Other
CUST04997,2023-06-30,Chennai,Tamil Nadu,Direct,51,Other
CUST04998,2023-02-19,Delhi,Delhi,Organic,50,F
CUST04999,2023-05-21,New Delhi,Delhi,Social Media,29,F
CUST05000,2023-01-19,Jaipur,Rajasthan,Organic,36,Other
